"","cond","undersweep_prob","fix_dur_M","fix_dur_SD"
"1",1,0,296,73.6294063108227
"2",1,1,161,52.268836164573
"3",2,0,292,74.6912000326601
"4",2,1,156,32.1765556676392
"5",3,0,260,91.7966885012646
"6",3,1,151,25.9385969321937
