"","cond","undersweep_prob_M","undersweep_prob_SD","char_line_M","char_line_SD"
"1",1,0.45,0.499280057221965,5.26,4.79517030460304
"2",2,0.829,0.378236292154759,5.11,4.57480834862357
"3",3,0.264,0.442535439961353,5.49,3.44040787432971
