"","sub","item","cond","seq","Bnd_loc","tCross","tStarted","tCompleted","tChange","tActualChange","nextFlag","tNextFlag","tChangetoFixOnset","tChangetoFixOnset_VD"
"1",1,47,2,1,618,1273933,1273937,1273938,1,5,"SFIX",1273972,-34,-26
"2",1,85,1,2,618,1284380,1284384,1284385,1,5,"SFIX",1284411,-26,-18
"3",1,25,1,3,618,1299519,1299523,1299524,1,5,"SFIX",1299537,-13,-5
"4",1,73,1,4,618,1308458,1308461,1308462,1,4,"SFIX",1308489,-27,-19
"5",1,55,1,5,618,1327053,1327056,1327058,2,5,"SFIX",1327100,-42,-34
"6",1,35,2,6,618,1346629,1346632,1346634,2,5,"SFIX",1346657,-23,-15
"7",1,23,2,7,618,1361395,1361399,1361400,1,5,"SFIX",1361441,-41,-33
"8",1,30,3,8,618,1381028,1381032,1381037,5,9,"SFIX",1381067,-30,-22
"9",1,49,1,9,618,1392096,1392099,1392106,7,10,"SFIX",1392131,-25,-17
"10",1,14,2,10,618,1402641,1402645,1402650,5,9,"SFIX",1402692,-42,-34
"11",1,80,2,11,618,1427622,1427626,1427627,1,5,"SFIX",1427654,-27,-19
"12",1,17,2,12,618,1434007,1434011,1434015,4,8,"SFIX",1434042,-27,-19
"13",1,44,2,13,618,1461714,1461718,1461719,1,5,"SFIX",1461751,-32,-24
"14",1,79,1,14,618,1494843,1494846,1494848,2,5,"SFIX",1494864,-16,-8
"15",1,40,1,15,618,1546053,1546057,1546061,4,8,"SFIX",1546094,-33,-25
"16",1,19,1,16,618,1557733,1557737,1557738,1,5,"SFIX",1557758,-20,-12
"17",1,67,1,17,618,1569470,1569474,1569478,4,8,"SFIX",1569514,-36,-28
"18",1,34,1,18,618,1586810,1586813,1586814,1,4,"SFIX",1586850,-36,-28
"19",1,88,1,19,618,1597523,1597527,1597533,6,10,"SFIX",1597562,-29,-21
"20",1,78,3,20,618,1607344,1607348,1607349,1,5,"SFIX",1607393,-44,-36
"21",1,39,3,21,618,1631709,1631712,1631714,2,5,"SFIX",1631739,-25,-17
"22",1,68,2,22,618,1667405,1667409,1667410,1,5,"SFIX",1667573,-163,-155
"23",1,89,2,23,618,1692999,1693001,1693003,2,4,"SFIX",1693046,-43,-35
"24",1,51,3,24,618,1699864,1699868,1699872,4,8,"SFIX",1699904,-32,-24
"25",1,43,1,25,618,1718386,1718390,1718394,4,8,"SFIX",1718432,-38,-30
"26",1,12,3,26,618,1729239,1729242,1729248,6,9,"SFIX",1729282,-34,-26
"27",1,37,1,27,618,1741037,1741040,1741043,3,6,"SFIX",1741064,-21,-13
"28",1,11,2,28,618,1750830,1750833,1750838,5,8,"SFIX",1750856,-18,-10
"29",1,71,2,29,618,1761957,1761959,1761960,1,3,"SFIX",1761986,-26,-18
"30",1,60,3,30,618,1786215,1786218,1786219,1,4,"SFIX",1786256,-37,-29
"31",1,69,3,31,618,1795857,1795860,1795863,3,6,"SFIX",1795887,-24,-16
"32",1,84,3,32,618,1812002,1812005,1812009,4,7,"SFIX",1812041,-32,-24
"33",1,66,3,33,618,2029791,2029794,2029795,1,4,"SFIX",2029834,-39,-31
"34",1,38,2,34,618,2062166,2062170,2062176,6,10,"SFIX",2062211,-35,-27
"35",1,3,3,35,618,2079213,2079217,2079222,5,9,"SFIX",2079252,-30,-22
"36",1,2,2,36,618,2089876,2089880,2089881,1,5,"SFIX",2089927,-46,-38
"37",1,50,2,37,618,2106209,2106213,2106215,2,6,"SFIX",2106233,-18,-10
"38",1,59,2,38,618,2124837,2124840,2124846,6,9,"SFIX",2124887,-41,-33
"39",1,87,3,39,618,2141028,2141032,2141033,1,5,"SFIX",2141063,-30,-22
"40",1,62,2,40,618,2150331,2150336,2150341,5,10,"SFIX",2150359,-18,-10
"41",1,41,2,41,618,2186644,2186648,2186649,1,5,"SFIX",2186680,-31,-23
"42",1,22,1,42,618,2234367,2234370,2234372,2,5,"SFIX",2234410,-38,-30
"43",1,57,3,43,618,2243440,2243443,2243445,2,5,"SFIX",2243469,-24,-16
"44",1,5,2,44,618,2264593,2264597,2264599,2,6,"SFIX",2264626,-27,-19
"45",1,77,2,45,618,2273817,2273820,2273827,7,10,"SFIX",2273852,-25,-17
"46",1,7,1,46,618,2281547,2281551,2281552,1,5,"SFIX",2281574,-22,-14
"47",1,26,2,47,618,2292418,2292421,2292425,4,7,"SFIX",2292453,-28,-20
"48",1,33,3,48,618,2348610,2348614,2348614,0,4,"SFIX",2348632,-18,-10
"49",1,6,3,49,618,2392611,2392615,2392620,5,9,"SFIX",2392651,-31,-23
"50",1,46,1,50,618,2405141,2405146,2405149,3,8,"SFIX",2405219,-70,-62
"51",1,31,1,51,618,2418003,2418007,2418008,1,5,"SFIX",2418051,-43,-35
"52",1,16,1,52,618,2462270,2462273,2462278,5,8,"SFIX",2462299,-21,-13
"53",1,83,2,53,618,2474533,2474536,2474538,2,5,"SFIX",2474563,-25,-17
"54",1,81,3,54,618,2519360,2519364,2519365,1,5,"SFIX",2519377,-12,-4
"55",1,8,2,55,618,2526328,2526331,2526334,3,6,"SFIX",2526338,-4,4
"56",1,56,2,56,618,2551234,2551238,2551244,6,10,"SFIX",2551262,-18,-10
"57",1,53,2,57,618,2561980,2561984,2561985,1,5,"SFIX",2562016,-31,-23
"58",1,29,2,58,618,2581106,2581109,2581111,2,5,"SFIX",2581125,-14,-6
"59",1,32,2,59,618,2615713,2615717,2615721,4,8,"SFIX",2615737,-16,-8
"60",1,58,1,60,618,2636982,2636986,2636987,1,5,"SFIX",2637016,-29,-21
"61",1,63,3,61,618,2832482,2832486,2832493,7,11,"SFIX",2832517,-24,-16
"62",1,24,3,62,618,2856321,2856324,2856325,1,4,"SFIX",2856355,-30,-22
"63",1,27,3,63,618,2866407,2866411,2866412,1,5,"SFIX",2866437,-25,-17
"64",1,90,3,64,618,2879723,2879727,2879734,7,11,"SFIX",2879772,-38,-30
"65",1,54,3,65,618,2887568,2887572,2887574,2,6,"SFIX",2887598,-24,-16
"66",1,86,2,66,618,2914193,2914197,2914198,1,5,"SFIX",2914223,-25,-17
"67",1,72,3,67,618,2921455,2921458,2921459,1,4,"SFIX",2921503,-44,-36
"68",1,82,1,68,618,2937862,2937866,2937867,1,5,"SFIX",2937911,-44,-36
"69",1,18,3,69,618,2953832,2953836,2953842,6,10,"SFIX",2953871,-29,-21
"70",1,70,1,70,618,2970646,2970650,2970651,1,5,"SFIX",2970693,-42,-34
"71",1,20,2,71,618,2995970,2995975,2995976,1,6,"SFIX",2996006,-30,-22
"72",1,21,3,72,618,3005896,3005899,3005900,1,4,"SFIX",3005953,-53,-45
"73",1,65,2,73,618,3031534,3031537,3031539,2,5,"SFIX",3031566,-27,-19
"74",1,1,1,74,618,3047920,3047924,3047925,1,5,"SFIX",3047945,-20,-12
"75",1,42,3,75,618,3119602,3119607,3119610,3,8,"SFIX",3119635,-25,-17
"76",1,9,3,76,618,3138264,3138268,3138274,6,10,"SFIX",3138290,-16,-8
"77",1,45,3,77,618,3162945,3162953,3162959,6,14,"SFIX",3163020,-61,-53
"78",1,75,3,78,618,3173091,3173095,3173096,1,5,"SFIX",3173123,-27,-19
"79",1,28,1,79,618,3236118,3236122,3236123,1,5,"SFIX",3236160,-37,-29
"80",1,4,1,80,618,3257659,3257663,3257664,1,5,"SFIX",3257686,-22,-14
"81",1,64,1,81,618,3275312,3275316,3275317,1,5,"SFIX",3275351,-34,-26
"82",1,15,3,82,618,3297676,3297679,3297681,2,5,"SFIX",3297710,-29,-21
"83",1,76,1,83,618,3308148,3308152,3308155,3,7,"SFIX",3308173,-18,-10
"84",1,61,1,84,618,3316235,3316237,3316239,2,4,"SFIX",3316273,-34,-26
"85",1,10,1,85,618,3325279,3325282,3325284,2,5,"SFIX",3325314,-30,-22
"86",1,52,1,86,618,3340361,3340364,3340365,1,4,"SFIX",3340399,-34,-26
"87",1,13,1,87,618,3360238,3360240,3360247,7,9,"SFIX",3360259,-12,-4
"88",1,36,3,88,618,3369393,3369397,3369398,1,5,"SFIX",3369446,-48,-40
"89",1,74,2,89,618,3382355,3382359,3382360,1,5,"SFIX",3382401,-41,-33
"90",1,48,3,90,618,3402034,3402038,3402039,1,5,"SFIX",3402061,-22,-14
"91",2,3,1,1,618,4701244,4701247,4701249,2,5,"SFIX",4701279,-30,-22
"92",2,19,2,2,618,4744007,4744011,4744012,1,5,"SFIX",4744028,-16,-8
"93",2,22,2,3,618,4773217,4773219,4773221,2,4,"SFIX",4773249,-28,-20
"94",2,65,3,4,618,4786917,4786921,4786926,5,9,"SFIX",4786948,-22,-14
"95",2,88,2,5,618,4797303,4797315,4797316,1,13,"SFIX",4797449,-133,-125
"96",2,27,1,6,618,4815762,4815765,4815768,3,6,"SFIX",4815801,-33,-25
"97",2,83,3,7,618,4916491,4916495,4916496,1,5,"SFIX",4916497,-1,7
"98",2,86,3,8,618,4930859,4930867,4930868,1,9,"SFIX",4930920,-52,-44
"99",2,2,3,9,618,4942716,4942730,4942735,5,19,"SFIX",4942837,-102,-94
"100",2,5,3,10,618,4958138,4958142,4958143,1,5,"SFIX",4958162,-19,-11
"101",2,74,3,11,618,4977128,4977139,4977142,3,14,"SFIX",4977278,-136,-128
"102",2,53,3,12,618,5040723,5040726,5040728,2,5,"SFIX",5040760,-32,-24
"103",2,47,3,13,618,5069657,5069661,5069662,1,5,"SFIX",5069678,-16,-8
"104",2,57,1,14,618,5079816,5079819,5079821,2,5,"SFIX",5079840,-19,-11
"105",2,9,1,15,618,5090421,5090425,5090430,5,9,"SFIX",5090451,-21,-13
"106",2,31,2,16,618,5099798,5099801,5099807,6,9,"SFIX",5099829,-22,-14
"107",2,18,1,17,618,5120788,5120795,5120796,1,8,"SFIX",5120820,-24,-16
"108",2,75,1,18,618,5133857,5133860,5133862,2,5,"SFIX",5133888,-26,-18
"109",2,71,3,19,618,5159949,5159960,5159964,4,15,"SFIX",5160087,-123,-115
"110",2,26,3,20,618,5169975,5169988,5169989,1,14,"SFIX",5170125,-136,-128
"111",2,10,2,21,618,5202518,5202522,5202527,5,9,"SFIX",5202544,-17,-9
"112",2,77,3,22,618,5212159,5212161,5212163,2,4,"SFIX",5212179,-16,-8
"113",2,50,3,23,618,5219548,5219552,5219556,4,8,"SFIX",5219588,-32,-24
"114",2,69,1,24,618,5237099,5237143,5237144,1,45,"SFIX",5237154,-10,-2
"115",2,11,3,25,618,5244156,5244172,5244173,1,17,"SFIX",5244293,-120,-112
"116",2,15,1,26,618,5266056,5266064,5266065,1,9,"SFIX",5266089,-24,-16
"117",2,44,3,27,618,5280737,5280741,5280744,3,7,"SFIX",5280772,-28,-20
"118",2,51,1,28,618,5317866,5317878,5317880,2,14,"SFIX",5317996,-116,-108
"119",2,66,1,29,618,5340425,5340429,5340431,2,6,"SFIX",5340471,-40,-32
"120",2,61,2,30,618,5518093,5518097,5518098,1,5,"SFIX",5518135,-37,-29
"121",2,81,1,31,618,5533373,5533378,5533379,1,6,"SFIX",5533513,-134,-126
"122",2,32,3,32,618,5541577,5541600,5541604,4,27,"SFIX",5541731,-127,-119
"123",2,63,1,33,618,5549746,5549758,5549759,1,13,"SFIX",5549909,-150,-142
"124",2,25,2,34,618,5572251,5572253,5572256,3,5,"SFIX",5572279,-23,-15
"125",2,12,1,35,618,5608086,5608090,5608092,2,6,"SFIX",5608139,-47,-39
"126",2,84,1,36,618,5635817,5635821,5635825,4,8,"SFIX",5635848,-23,-15
"127",2,70,2,37,618,5645801,5645806,5645807,1,6,"SFIX",5645836,-29,-21
"128",2,82,2,38,618,5659134,5659138,5659139,1,5,"SFIX",5659168,-29,-21
"129",2,42,1,39,618,5667952,5667955,5667958,3,6,"SFIX",5667982,-24,-16
"130",2,41,3,40,618,5705960,5705963,5705968,5,8,"SFIX",5705999,-31,-23
"131",2,6,1,41,618,5740059,5740079,5740085,6,26,"SFIX",5740152,-67,-59
"132",2,24,1,42,618,5757288,5757296,5757297,1,9,"SFIX",5757322,-25,-17
"133",2,79,2,43,618,5770884,5770891,5770893,2,9,"SFIX",5770927,-34,-26
"134",2,4,2,44,618,5782421,5782425,5782427,2,6,"SFIX",5782455,-28,-20
"135",2,13,2,45,618,5793187,5793190,5793196,6,9,"SFIX",5793225,-29,-21
"136",2,17,3,46,618,5866187,5866191,5866194,3,7,"SFIX",5866225,-31,-23
"137",2,30,1,47,618,5901009,5901013,5901019,6,10,"SFIX",5901047,-28,-20
"138",2,72,1,48,618,5943872,5943875,5943877,2,5,"SFIX",5943909,-32,-24
"139",2,87,1,49,618,5953499,5953502,5953502,0,3,"SFIX",5953538,-36,-28
"140",2,90,1,50,618,6016151,6016164,6016166,2,15,"SFIX",6016263,-97,-89
"141",2,33,1,51,618,6024322,6024325,6024326,1,4,"SFIX",6024368,-42,-34
"142",2,1,2,52,618,6033225,6033228,6033230,2,5,"SFIX",6033246,-16,-8
"143",2,39,1,53,618,6041921,6041924,6041927,3,6,"SFIX",6041958,-31,-23
"144",2,60,1,54,618,6063617,6063632,6063638,6,21,"SFIX",6063749,-111,-103
"145",2,67,2,55,618,6082468,6082472,6082473,1,5,"SFIX",6082502,-29,-21
"146",2,34,2,56,618,6091342,6091346,6091347,1,5,"SFIX",6091375,-28,-20
"147",2,20,3,57,618,6106226,6106229,6106231,2,5,"SFIX",6106266,-35,-27
"148",2,21,1,58,618,6135116,6135120,6135121,1,5,"SFIX",6135145,-24,-16
"149",2,56,3,59,618,6143992,6143995,6143996,1,4,"SFIX",6144014,-18,-10
"150",2,68,3,60,618,6167519,6167522,6167524,2,5,"SFIX",6167554,-30,-22
"151",2,35,3,61,618,6343955,6343958,6343960,2,5,"SFIX",6343991,-31,-23
"152",2,58,2,62,618,6354821,6354823,6354830,7,9,"SFIX",6354851,-21,-13
"153",2,80,3,63,618,6364419,6364431,6364433,2,14,"SFIX",6364549,-116,-108
"154",2,49,2,64,618,6379544,6379547,6379549,2,5,"SFIX",6379570,-21,-13
"155",2,43,2,65,618,6401546,6401548,6401550,2,4,"SFIX",6401595,-45,-37
"156",2,23,3,66,618,6413068,6413080,6413082,2,14,"SFIX",6413200,-118,-110
"157",2,64,2,67,618,6424500,6424504,6424505,1,5,"SFIX",6424550,-45,-37
"158",2,37,2,68,618,6442478,6442490,6442491,1,13,"SFIX",6442608,-117,-109
"159",2,36,1,69,618,6450789,6450805,6450809,4,20,"SFIX",6450904,-95,-87
"160",2,89,3,70,618,6491942,6491945,6491947,2,5,"SFIX",6491963,-16,-8
"161",2,52,2,71,618,6497169,6497185,6497187,2,18,"SFIX",6497193,-6,2
"162",2,40,2,72,618,6549233,6549238,6549239,1,6,"SFIX",6549265,-26,-18
"163",2,29,3,73,618,6563291,6563293,6563295,2,4,"SFIX",6563322,-27,-19
"164",2,46,2,74,618,6586578,6586581,6586582,1,4,"SFIX",6586608,-26,-18
"165",2,54,1,75,618,6594424,6594443,6594445,2,21,"SFIX",6594537,-92,-84
"166",2,62,3,76,618,6640088,6640092,6640093,1,5,"SFIX",6640137,-44,-36
"167",2,16,2,77,618,6648189,6648205,6648206,1,17,"SFIX",6648306,-100,-92
"168",2,14,3,78,618,6726264,6726271,6726272,1,8,"SFIX",6726312,-40,-32
"169",2,45,1,79,618,6738544,6738546,6738548,2,4,"SFIX",6738590,-42,-34
"170",2,55,2,80,618,6760183,6760197,6760198,1,15,"SFIX",6760312,-114,-106
"171",2,59,3,81,618,6769859,6769872,6769874,2,15,"SFIX",6769908,-34,-26
"172",2,73,2,82,618,6785526,6785540,6785541,1,15,"SFIX",6785577,-36,-28
"173",2,78,1,83,618,6808791,6808795,6808796,1,5,"SFIX",6808819,-23,-15
"174",2,85,2,84,618,6824926,6824930,6824935,5,9,"SFIX",6824972,-37,-29
"175",2,7,2,85,618,6855910,6855913,6855914,1,4,"SFIX",6855952,-38,-30
"176",2,38,3,86,618,6863392,6863398,6863401,3,9,"SFIX",6863444,-43,-35
"177",2,48,1,87,618,6911608,6911612,6911616,4,8,"SFIX",6911640,-24,-16
"178",2,76,2,88,618,6930786,6930790,6930791,1,5,"SFIX",6930822,-31,-23
"179",2,8,3,89,618,6938182,6938186,6938187,1,5,"SFIX",6938204,-17,-9
"180",2,28,2,90,618,6962005,6962009,6962015,6,10,"SFIX",6962053,-38,-30
"181",3,5,1,1,618,1530310,1530314,1530315,1,5,"SFIX",1530335,-20,-12
"182",3,4,3,2,618,1542676,1542678,1542682,4,6,"SFIX",1542710,-28,-20
"183",3,23,1,3,618,1634906,1634912,1634914,2,8,"SFIX",1635095,-181,-173
"184",3,27,2,4,618,1646016,1646024,1646032,8,16,"SFIX",1646188,-156,-148
"185",3,1,3,5,618,1663004,1663012,1663013,1,9,"SFIX",1663068,-55,-47
"186",3,12,2,6,618,1681600,1681600,1681602,2,2,"SFIX",1681669,-67,-59
"187",3,39,2,7,618,1695895,1695903,1695905,2,10,"SFIX",1696058,-153,-145
"188",3,59,1,8,618,1708114,1708122,1708123,1,9,"SFIX",1708313,-190,-182
"189",3,37,3,9,618,1721989,1721997,1722003,6,14,"SFIX",1722041,-38,-30
"190",3,60,2,10,618,1750335,1750343,1750344,1,9,"SFIX",1750430,-86,-78
"191",3,62,1,11,618,1787726,1787750,1787752,2,26,"SFIX",1787775,-23,-15
"192",3,24,2,12,618,1839168,1839168,1839169,1,1,"SFIX",1839224,-55,-47
"193",3,13,3,13,618,1848617,1848624,1848625,1,8,"SFIX",1848676,-51,-43
"194",3,43,3,14,618,1875232,1875236,1875236,0,4,"SFIX",1875398,-162,-154
"195",3,28,3,15,618,1960496,1960496,1960498,2,2,"SFIX",1960690,-192,-184
"196",3,36,2,16,618,2005724,2005724,2005726,2,2,"SFIX",2005820,-94,-86
"197",3,76,3,17,618,2021549,2021560,2021561,1,12,"SFIX",2021781,-220,-212
"198",3,8,1,18,618,2044518,2044522,2044526,4,8,"SFIX",2044554,-28,-20
"199",3,72,2,19,618,2057750,2057755,2057761,6,11,"SFIX",2057776,-15,-7
"200",3,89,1,20,618,2065176,2065197,2065198,1,22,"SFIX",2065351,-153,-145
"201",3,10,3,21,618,2085340,2085346,2085347,1,7,"SFIX",2085523,-176,-168
"202",3,87,2,22,618,2123920,2123928,2123929,1,9,"SFIX",2123978,-49,-41
"203",3,70,3,23,618,2135355,2135358,2135359,1,4,"SFIX",2135394,-35,-27
"204",3,80,1,24,618,2146109,2146113,2146114,1,5,"SFIX",2146134,-20,-12
"205",3,14,1,25,618,2185220,2185229,2185230,1,10,"SFIX",2185290,-60,-52
"206",3,65,1,26,618,2201506,2201506,2201510,4,4,"SFIX",2201593,-83,-75
"207",3,67,3,27,618,2210889,2210893,2210894,1,5,"SFIX",2211094,-200,-192
"208",3,66,2,28,618,2224780,2224780,2224781,1,1,"SFIX",2224860,-79,-71
"209",3,48,2,29,618,2387733,2387744,2387751,7,18,"SFIX",2387790,-39,-31
"210",3,75,2,30,618,2463672,2463686,2463687,1,15,"SFIX",2463861,-174,-166
"211",3,79,3,31,618,2487298,2487315,2487316,1,18,"SFIX",2487482,-166,-158
"212",3,86,1,32,618,2504097,2504101,2504107,6,10,"SFIX",2504125,-18,-10
"213",3,74,1,33,618,2512253,2512260,2512261,1,8,"SFIX",2512317,-56,-48
"214",3,81,2,34,618,2541841,2541864,2541866,2,25,"SFIX",2542034,-168,-160
"215",3,88,3,35,618,2553141,2553155,2553156,1,15,"SFIX",2553313,-157,-149
"216",3,84,2,36,618,2579021,2579073,2579074,1,53,"SFIX",2579125,-51,-43
"217",3,47,1,37,618,2591309,2591312,2591316,4,7,"SFIX",2591344,-28,-20
"218",3,38,1,38,618,2603681,2603696,2603697,1,16,"SFIX",2603740,-43,-35
"219",3,56,1,39,618,2633852,2633856,2633857,1,5,"SFIX",2633884,-27,-19
"220",3,54,2,40,618,2659869,2659873,2659874,1,5,"SFIX",2659891,-17,-9
"221",3,35,1,41,618,2673617,2673622,2673628,6,11,"SFIX",2673650,-22,-14
"222",3,71,1,42,618,2689208,2689225,2689226,1,18,"SFIX",2689383,-157,-149
"223",3,6,2,43,618,2805109,2805120,2805122,2,13,"SFIX",2805305,-183,-175
"224",3,83,1,44,618,2824547,2824584,2824591,7,44,"SFIX",2824619,-28,-20
"225",3,52,3,45,618,2841543,2841556,2841558,2,15,"SFIX",2841720,-162,-154
"226",3,58,3,46,618,2857758,2857761,2857762,1,4,"SFIX",2857787,-25,-17
"227",3,7,3,47,618,2871922,2871925,2871928,3,6,"SFIX",2871957,-29,-21
"228",3,78,2,48,618,2883764,2883768,2883769,1,5,"SFIX",2883816,-47,-39
"229",3,25,3,49,618,2899397,2899403,2899405,2,8,"SFIX",2899455,-50,-42
"230",3,3,2,50,618,2914060,2914106,2914107,1,47,"SFIX",2914318,-211,-203
"231",3,90,2,51,618,2933940,2933943,2933945,2,5,"SFIX",2933989,-44,-36
"232",3,68,1,52,618,2943535,2943539,2943540,1,5,"SFIX",2943568,-28,-20
"233",3,63,2,53,618,2953777,2953782,2953784,2,7,"SFIX",2953794,-10,-2
"234",3,2,1,54,618,2974774,2974777,2974779,2,5,"SFIX",2974796,-17,-9
"235",3,50,1,55,618,3000151,3000154,3000156,2,5,"SFIX",3000298,-142,-134
"236",3,85,3,56,618,3023799,3023821,3023822,1,23,"SFIX",3023848,-26,-18
"237",3,9,2,57,618,3035277,3035325,3035330,5,53,"SFIX",3035369,-39,-31
"238",3,34,3,58,618,3055080,3055083,3055088,5,8,"SFIX",3055095,-7,1
"239",3,45,2,59,618,3093469,3093480,3093481,1,12,"SFIX",3093634,-153,-145
"240",3,29,1,60,618,3109962,3109966,3109968,2,6,"SFIX",3110016,-48,-40
"241",3,15,2,61,618,3130770,3130821,3130827,6,57,"SFIX",3130850,-23,-15
"242",3,77,1,62,618,3145068,3145073,3145076,3,8,"SFIX",3145244,-168,-160
"243",3,69,2,63,618,3165443,3165446,3165451,5,8,"SFIX",3165471,-20,-12
"244",3,61,3,64,618,3188478,3188492,3188498,6,20,"SFIX",3188662,-164,-156
"245",3,19,3,65,618,3493742,3493747,3493748,1,6,"SFIX",3493925,-177,-169
"246",3,30,2,66,618,3574862,3574869,3574872,3,10,"SFIX",3575033,-161,-153
"247",3,53,1,67,618,3596706,3596713,3596714,1,8,"EFIX",3595646,1843,1851
"248",3,51,2,68,618,3610577,3610581,3610582,1,5,"SFIX",3610610,-28,-20
"249",3,49,3,69,618,3628276,3628285,3628287,2,11,"SFIX",3628438,-151,-143
"250",3,33,2,70,618,3658980,3658984,3658985,1,5,"SFIX",3659012,-27,-19
"251",3,40,3,71,618,3671597,3671605,3671612,7,15,"SFIX",3671686,-74,-66
"252",3,73,3,72,618,3792680,3792684,3792684,0,4,"SFIX",3792721,-37,-29
"253",3,17,1,73,618,3803063,3803069,3803073,4,10,"SFIX",3803111,-38,-30
"254",3,26,1,74,618,3855513,3855517,3855518,1,5,"SFIX",3855553,-35,-27
"255",3,82,3,75,618,3872615,3872624,3872625,1,10,"SFIX",3872767,-142,-134
"256",3,55,3,76,618,3882459,3882466,3882467,1,8,"SFIX",3882480,-13,-5
"257",3,20,1,77,618,3898552,3898565,3898569,4,17,"SFIX",3898755,-186,-178
"258",3,44,1,78,618,3997358,3997408,3997409,1,51,"SFIX",3997416,-7,1
"259",3,46,3,79,618,4012107,4012111,4012112,1,5,"EFIX",4012097,414,422
"260",3,41,1,80,618,4054424,4054430,4054435,5,11,"SFIX",4054582,-147,-139
"261",3,18,2,81,618,4071748,4071753,4071757,4,9,"SFIX",4071767,-10,-2
"262",3,11,1,82,618,4082931,4082937,4082940,3,9,"SFIX",4083067,-127,-119
"263",3,32,1,83,618,4137311,4137318,4137320,2,9,"EFIX",4137307,278,286
"264",3,42,2,84,618,4159421,4159429,4159430,1,9,"SFIX",4159571,-141,-133
"265",3,22,3,85,618,4245139,4245143,4245144,1,5,"SFIX",4245172,-28,-20
"266",3,21,2,86,618,4259571,4259575,4259576,1,5,"SFIX",4259607,-31,-23
"267",3,64,3,87,618,4279841,4279842,4279846,4,5,"SFIX",4279873,-27,-19
"268",3,16,3,88,618,4343313,4343320,4343321,1,8,"SFIX",4343378,-57,-49
"269",3,57,2,89,618,4384826,4384833,4384834,1,8,"SFIX",4384876,-42,-34
"270",3,31,3,90,618,4402205,4402209,4402210,1,5,"SFIX",4402328,-118,-110
"271",4,2,2,1,618,5603336,5603340,5603341,1,5,"SFIX",5603380,-39,-31
"272",4,48,3,2,618,5681293,5681298,5681302,4,9,"SFIX",5681323,-21,-13
"273",4,70,1,3,618,5738152,5738161,5738162,1,10,"SFIX",5738206,-44,-36
"274",4,10,1,4,618,5749277,5749281,5749282,1,5,"SFIX",5749319,-37,-29
"275",4,27,3,5,618,5766501,5766518,5766520,2,19,"SFIX",5766612,-92,-84
"276",4,69,3,6,618,5802130,5802157,5802158,1,28,"SFIX",5802253,-95,-87
"277",4,82,1,7,618,5826584,5826588,5826594,6,10,"SFIX",5826618,-24,-16
"278",4,57,3,8,618,5865103,5865103,5865105,2,2,"SFIX",5865151,-46,-38
"279",4,43,1,9,618,5887125,5887129,5887130,1,5,"SFIX",5887157,-27,-19
"280",4,1,1,10,618,5915638,5915649,5915654,5,16,"SFIX",5915815,-161,-153
"281",4,54,3,11,618,5927764,5927768,5927769,1,5,"SFIX",5927794,-25,-17
"282",4,79,1,12,618,5939378,5939384,5939388,4,10,"SFIX",5939415,-27,-19
"283",4,7,1,13,618,5955074,5955074,5955078,4,4,"SFIX",5955121,-43,-35
"284",4,77,2,14,618,5980064,5980076,5980078,2,14,"SFIX",5980194,-116,-108
"285",4,45,3,15,618,5993471,5993475,5993476,1,5,"SFIX",5993513,-37,-29
"286",4,61,1,16,618,6004475,6004480,6004481,1,6,"SFIX",6004503,-22,-14
"287",4,18,3,17,618,6012359,6012364,6012367,3,8,"SFIX",6012402,-35,-27
"288",4,26,2,18,618,6029428,6029433,6029434,1,6,"SFIX",6029474,-40,-32
"289",4,76,1,19,618,6045237,6045240,6045241,1,4,"SFIX",6045278,-37,-29
"290",4,64,1,20,618,6068090,6068094,6068095,1,5,"SFIX",6068125,-30,-22
"291",4,71,2,21,618,6104080,6104084,6104086,2,6,"SFIX",6104110,-24,-16
"292",4,35,2,22,618,6114697,6114723,6114724,1,27,"SFIX",6114829,-105,-97
"293",4,24,3,23,618,6147665,6147716,6147720,4,55,"SFIX",6147759,-39,-31
"294",4,23,2,24,618,6184695,6184699,6184702,3,7,"SFIX",6184723,-21,-13
"295",4,33,3,25,618,6198622,6198636,6198637,1,15,"SFIX",6198772,-135,-127
"296",4,68,2,26,618,6219569,6219572,6219574,2,5,"SFIX",6219614,-40,-32
"297",4,5,2,27,618,6250495,6250547,6250548,1,53,"SFIX",6250573,-25,-17
"298",4,90,3,28,618,6274388,6274402,6274404,2,16,"SFIX",6274540,-136,-128
"299",4,36,3,29,618,6294364,6294385,6294387,2,23,"SFIX",6294461,-74,-66
"300",4,44,2,30,618,6317761,6317774,6317775,1,14,"SFIX",6317912,-137,-129
"301",4,42,3,31,618,6528434,6528445,6528447,2,13,"SFIX",6528563,-116,-108
"302",4,67,1,32,618,6550591,6550607,6550609,2,18,"SFIX",6550639,-30,-22
"303",4,8,2,33,618,6560848,6560856,6560858,2,10,"SFIX",6560888,-30,-22
"304",4,31,1,34,618,6573571,6573583,6573589,6,18,"SFIX",6573700,-111,-103
"305",4,39,3,35,618,6699070,6699075,6699076,1,6,"SFIX",6699100,-24,-16
"306",4,66,3,36,618,6716413,6716413,6716415,2,2,"SFIX",6716454,-39,-31
"307",4,3,3,37,618,6723678,6723690,6723691,1,13,"SFIX",6723834,-143,-135
"308",4,4,1,38,618,6739128,6739132,6739139,7,11,"SFIX",6739149,-10,-2
"309",4,46,1,39,618,6780562,6780576,6780578,2,16,"SFIX",6780701,-123,-115
"310",4,59,2,40,618,6855640,6855643,6855644,1,4,"SFIX",6855662,-18,-10
"311",4,30,3,41,618,6889454,6889478,6889479,1,25,"SFIX",6889493,-14,-6
"312",4,58,1,42,618,6901118,6901120,6901127,7,9,"SFIX",6901139,-12,-4
"313",4,34,1,43,618,6937495,6937531,6937532,1,37,"EFIX",6937530,578,586
"314",4,56,2,44,618,6948956,6948959,6948964,5,8,"SFIX",6948975,-11,-3
"315",4,6,3,45,618,6959541,6959545,6959549,4,8,"SFIX",6959582,-33,-25
"316",4,52,1,46,618,6972290,6972311,6972317,6,27,"SFIX",6972335,-18,-10
"317",4,74,2,47,618,7001954,7001958,7001959,1,5,"SFIX",7002001,-42,-34
"318",4,29,2,48,618,7210174,7210206,7210207,1,33,"SFIX",7210219,-12,-4
"319",4,51,3,49,618,7231157,7231207,7231209,2,52,"SFIX",7231252,-43,-35
"320",4,62,2,50,618,7243222,7243225,7243228,3,6,"SFIX",7243268,-40,-32
"321",4,73,1,51,618,7248760,7248760,7248762,2,2,"SFIX",7248809,-47,-39
"322",4,50,2,52,618,7278762,7278777,7278778,1,16,"SFIX",7278926,-148,-140
"323",4,72,3,53,618,7290016,7290031,7290032,1,16,"SFIX",7290068,-36,-28
"324",4,55,1,54,618,7297954,7297961,7297966,5,12,"SFIX",7298013,-47,-39
"325",4,14,2,55,618,7306857,7306875,7306882,7,25,"SFIX",7306964,-82,-74
"326",4,11,2,56,618,7320926,7320930,7320931,1,5,"SFIX",7320970,-39,-31
"327",4,13,1,57,618,7364960,7364960,7364961,1,1,"SFIX",7365014,-53,-45
"328",4,53,2,58,618,7373915,7373917,7373919,2,4,"SFIX",7373949,-30,-22
"329",4,21,3,59,618,7400456,7400460,7400466,6,10,"SFIX",7400497,-31,-23
"330",4,86,2,60,618,7410616,7410619,7410622,3,6,"SFIX",7410654,-32,-24
"331",4,89,2,61,618,7766447,7766454,7766456,2,9,"SFIX",7766493,-37,-29
"332",4,38,2,62,618,7810506,7810513,7810515,2,9,"SFIX",7810559,-44,-36
"333",4,19,1,63,618,7862085,7862089,7862090,1,5,"SFIX",7862111,-21,-13
"334",4,41,2,64,618,7898125,7898134,7898140,6,15,"SFIX",7898169,-29,-21
"335",4,22,1,65,618,7910430,7910434,7910435,1,5,"SFIX",7910467,-32,-24
"336",4,20,2,66,618,7983219,7983227,7983228,1,9,"SFIX",7983258,-30,-22
"337",4,60,3,67,618,7995325,7995330,7995330,0,5,"SFIX",7995360,-30,-22
"338",4,40,1,68,618,8004642,8004653,8004655,2,13,"SFIX",8004680,-25,-17
"339",4,15,3,69,618,8234084,8234096,8234097,1,13,"SFIX",8234123,-26,-18
"340",4,84,3,70,618,8243208,8243228,8243232,4,24,"SFIX",8243313,-81,-73
"341",4,47,2,71,618,8257761,8257770,8257771,1,10,"SFIX",8257796,-25,-17
"342",4,81,3,72,618,8344580,8344588,8344592,4,12,"SFIX",8344619,-27,-19
"343",4,87,3,73,618,8351907,8351914,8351916,2,9,"SFIX",8351954,-38,-30
"344",4,17,2,74,618,8362548,8362551,8362553,2,5,"SFIX",8362589,-36,-28
"345",4,37,1,75,618,8372320,8372324,8372325,1,5,"SFIX",8372360,-35,-27
"346",4,12,3,76,618,8381001,8381049,8381051,2,50,"SFIX",8381101,-50,-42
"347",4,75,3,77,618,8390307,8390324,8390325,1,18,"SFIX",8390425,-100,-92
"348",4,9,3,78,618,8407764,8407776,8407777,1,13,"SFIX",8407882,-105,-97
"349",4,83,2,79,618,8433768,8433772,8433772,0,4,"SFIX",8433806,-34,-26
"350",4,16,1,80,618,8440434,8440444,8440449,5,15,"SFIX",8440465,-16,-8
"351",4,32,2,81,618,8451679,8451695,8451697,2,18,"SFIX",8451723,-26,-18
"352",4,28,1,82,618,8464560,8464563,8464565,2,5,"SFIX",8464603,-38,-30
"353",4,49,1,83,618,8484796,8484800,8484806,6,10,"SFIX",8484828,-22,-14
"354",4,25,1,84,618,8496098,8496103,8496104,1,6,"SFIX",8496129,-25,-17
"355",4,63,3,85,618,8538705,8538707,8538709,2,4,"SFIX",8538743,-34,-26
"356",4,80,2,86,618,NA,NA,NA,NA,NA,NA,NA,NA,NA
"357",4,85,1,87,618,8597046,8597050,8597051,1,5,"SFIX",8597063,-12,-4
"358",4,78,3,88,618,8621883,8621887,8621888,1,5,"SFIX",8621916,-28,-20
"359",4,88,1,89,618,8638475,8638478,8638480,2,5,"SFIX",8638515,-35,-27
"360",4,65,2,90,618,8672003,8672006,8672008,2,5,"SFIX",8672040,-32,-24
"361",5,39,1,1,618,9243372,9243375,9243377,2,5,"SFIX",9243404,-27,-19
"362",5,68,3,2,618,9256877,9256881,9256882,1,5,"SFIX",9256916,-34,-26
"363",5,4,2,3,618,9275309,9275316,9275319,3,10,"SFIX",9275350,-31,-23
"364",5,15,1,4,618,9297021,9297025,9297030,5,9,"SFIX",9297045,-15,-7
"365",5,50,3,5,618,9313313,9313318,9313319,1,6,"SFIX",9313347,-28,-20
"366",5,63,1,6,618,9331808,9331811,9331818,7,10,"SFIX",9331832,-14,-6
"367",5,26,3,7,618,9336782,9336786,9336787,1,5,"SFIX",9336810,-23,-15
"368",5,84,1,8,618,9344396,9344401,9344407,6,11,"SFIX",9344441,-34,-26
"369",5,34,2,9,618,9357520,9357524,9357525,1,5,"SFIX",9357555,-30,-22
"370",5,60,1,10,618,9368052,9368056,9368058,2,6,"SFIX",9368083,-25,-17
"371",5,89,3,11,618,9388343,9388351,9388352,1,9,"SFIX",9388475,-123,-115
"372",5,65,3,12,618,9396002,9396011,9396012,1,10,"SFIX",9396134,-122,-114
"373",5,32,3,13,618,9403210,9403260,9403261,1,51,"SFIX",9403306,-45,-37
"374",5,35,3,14,618,9412394,9412397,9412399,2,5,"SFIX",9412431,-32,-24
"375",5,61,2,15,618,9422897,9422900,9422902,2,5,"SFIX",9422929,-27,-19
"376",5,71,3,16,618,9431020,9431023,9431025,2,5,"SFIX",9431046,-21,-13
"377",5,18,1,17,618,9444633,9444637,9444638,1,5,"SFIX",9444657,-19,-11
"378",5,41,3,18,618,9458744,9458748,9458749,1,5,"SFIX",9458763,-14,-6
"379",5,77,3,19,618,9467262,9467266,9467270,4,8,"SFIX",9467298,-28,-20
"380",5,54,1,20,618,9473023,9473032,9473033,1,10,"SFIX",9473191,-158,-150
"381",5,33,1,21,618,9482834,9482840,9482847,7,13,"SFIX",9482875,-28,-20
"382",5,2,3,22,618,9498802,9498806,9498809,3,7,"SFIX",9498830,-21,-13
"383",5,56,3,23,618,9507052,9507056,9507057,1,5,"SFIX",9507076,-19,-11
"384",5,46,2,24,618,9515732,9515736,9515737,1,5,"SFIX",9515759,-22,-14
"385",5,43,2,25,618,9525162,9525179,9525180,1,18,"SFIX",9525287,-107,-99
"386",5,38,3,26,618,9539880,9539887,9539890,3,10,"SFIX",9539923,-33,-25
"387",5,58,2,27,618,9556328,9556331,9556333,2,5,"SFIX",9556357,-24,-16
"388",5,29,3,28,618,9583741,9583744,9583745,1,4,"SFIX",9583762,-17,-9
"389",5,88,2,29,618,9621587,9621592,9621593,1,6,"SFIX",9621622,-29,-21
"390",5,69,1,30,618,9629403,9629407,9629411,4,8,"SFIX",9629440,-29,-21
"391",5,74,3,31,618,9820105,9820108,9820110,2,5,"SFIX",9820131,-21,-13
"392",5,5,3,32,618,9834015,9834017,9834019,2,4,"SFIX",9834038,-19,-11
"393",5,86,3,33,618,9843927,9843931,9843932,1,5,"SFIX",9843967,-35,-27
"394",5,3,1,34,618,9849692,9849696,9849697,1,5,"SFIX",9849717,-20,-12
"395",5,16,2,35,618,9864731,9864735,9864737,2,6,"SFIX",9864761,-24,-16
"396",5,62,3,36,618,9874513,9874517,9874517,0,4,"SFIX",9874542,-25,-17
"397",5,6,1,37,618,9899649,9899652,9899655,3,6,"SFIX",9899674,-19,-11
"398",5,8,3,38,618,9906932,9906936,9906937,1,5,"SFIX",9906968,-31,-23
"399",5,64,2,39,618,9915834,9915837,9915839,2,5,"SFIX",9915863,-24,-16
"400",5,51,1,40,618,9947559,9947562,9947564,2,5,"SFIX",9947583,-19,-11
"401",5,90,1,41,618,9957452,9957456,9957457,1,5,"SFIX",9957481,-24,-16
"402",5,80,3,42,618,9967541,9967544,9967550,6,9,"SFIX",9967574,-24,-16
"403",5,13,2,43,618,9981142,9981145,9981147,2,5,"SFIX",9981164,-17,-9
"404",5,75,1,44,618,9990786,9990791,9990791,0,5,"SFIX",9990816,-25,-17
"405",5,53,3,45,618,10021969,10021973,10021974,1,5,"SFIX",10021991,-17,-9
"406",5,30,1,46,618,10030813,10030815,10030819,4,6,"SFIX",10030849,-30,-22
"407",5,10,2,47,618,10040556,10040559,10040561,2,5,"SFIX",10040581,-20,-12
"408",5,40,2,48,618,10068520,10068524,10068529,5,9,"SFIX",10068548,-19,-11
"409",5,7,2,49,618,10075749,10075752,10075756,4,7,"SFIX",10075767,-11,-3
"410",5,19,2,50,618,10083481,10083492,10083498,6,17,"SFIX",10083627,-129,-121
"411",5,47,3,51,618,10091006,10091013,10091017,4,11,"SFIX",10091055,-38,-30
"412",5,11,3,52,618,10102698,10102701,10102703,2,5,"SFIX",10102724,-21,-13
"413",5,85,2,53,618,10124682,10124686,10124690,4,8,"SFIX",10124704,-14,-6
"414",5,21,1,54,618,10131843,10131847,10131848,1,5,"SFIX",10131865,-17,-9
"415",5,45,1,55,618,10145927,10145930,10145932,2,5,"SFIX",10145957,-25,-17
"416",5,87,1,56,618,10154621,10154624,10154626,2,5,"SFIX",10154650,-24,-16
"417",5,78,1,57,618,10161247,10161251,10161252,1,5,"SFIX",10161279,-27,-19
"418",5,36,1,58,618,10191973,10191987,10191988,1,15,"SFIX",10192124,-136,-128
"419",5,20,3,59,618,10214903,10214906,10214907,1,4,"SFIX",10214937,-30,-22
"420",5,48,1,60,618,10236464,10236468,10236469,1,5,"SFIX",10236492,-23,-15
"421",5,67,2,61,618,10247468,10247477,10247479,2,11,"SFIX",10247607,-128,-120
"422",5,24,1,62,618,10273733,10273737,10273738,1,5,"SFIX",10273762,-24,-16
"423",5,9,1,63,618,10470351,10470355,10470357,2,6,"SFIX",10470379,-22,-14
"424",5,76,2,64,618,10489872,10489875,10489877,2,5,"SFIX",10489900,-23,-15
"425",5,83,3,65,618,10494979,10494981,10494983,2,4,"SFIX",10494999,-16,-8
"426",5,25,2,66,618,10527154,10527158,10527159,1,5,"SFIX",10527187,-28,-20
"427",5,82,2,67,618,10538455,10538462,10538467,5,12,"SFIX",10538509,-42,-34
"428",5,44,3,68,618,10554699,10554703,10554708,5,9,"SFIX",10554730,-22,-14
"429",5,37,2,69,618,10564043,10564048,10564048,0,5,"SFIX",10564072,-24,-16
"430",5,73,2,70,618,10573473,10573476,10573478,2,5,"SFIX",10573498,-20,-12
"431",5,22,2,71,618,10581951,10581953,10581955,2,4,"SFIX",10581991,-36,-28
"432",5,72,1,72,618,10598931,10598944,10598945,1,14,"SFIX",10599161,-216,-208
"433",5,57,1,73,618,10606517,10606520,10606522,2,5,"SFIX",10606545,-23,-15
"434",5,12,1,74,618,10623112,10623116,10623121,5,9,"SFIX",10623145,-24,-16
"435",5,59,3,75,618,10637859,10637862,10637864,2,5,"SFIX",10637878,-14,-6
"436",5,49,2,76,618,10650693,10650695,10650702,7,9,"SFIX",10650721,-19,-11
"437",5,17,3,77,618,10668894,10668897,10668899,2,5,"SFIX",10668915,-16,-8
"438",5,28,2,78,618,10680991,10680994,10680996,2,5,"SFIX",10681022,-26,-18
"439",5,42,1,79,618,10695468,10695472,10695473,1,5,"SFIX",10695509,-36,-28
"440",5,31,2,80,618,10708804,10708807,10708809,2,5,"SFIX",10708830,-21,-13
"441",5,70,2,81,618,10716813,10716816,10716820,4,7,"SFIX",10716843,-23,-15
"442",5,66,1,82,618,10723749,10723752,10723754,2,5,"SFIX",10723778,-24,-16
"443",5,1,2,83,618,10744481,10744484,10744486,2,5,"SFIX",10744512,-26,-18
"444",5,52,2,84,618,10753843,10753845,10753847,2,4,"SFIX",10753871,-24,-16
"445",5,79,2,85,618,10789889,10789892,10789894,2,5,"SFIX",10789914,-20,-12
"446",5,55,2,86,618,10833282,10833293,10833294,1,12,"SFIX",10833430,-136,-128
"447",5,27,1,87,618,10856434,10856437,10856440,3,6,"SFIX",10856458,-18,-10
"448",5,14,3,88,618,10872073,10872079,10872083,4,10,"SFIX",10872133,-50,-42
"449",5,23,3,89,618,10896822,10896826,10896827,1,5,"SFIX",10896841,-14,-6
"450",5,81,1,90,618,10903295,10903298,10903300,2,5,"SFIX",10903315,-15,-7
"451",6,19,3,1,618,13461393,13461396,13461401,5,8,"SFIX",13461423,-22,-14
"452",6,52,3,2,618,13482529,13482533,13482538,5,9,"SFIX",13482561,-23,-15
"453",6,5,1,3,618,13573242,13573246,13573247,1,5,"SFIX",13573279,-32,-24
"454",6,57,2,4,618,13782940,13782943,13782944,1,4,"SFIX",13782973,-29,-21
"455",6,3,2,5,618,13931293,13931297,13931299,2,6,"SFIX",13931311,-12,-4
"456",6,1,3,6,618,14033392,14033396,14033397,1,5,"SFIX",14033435,-38,-30
"457",6,14,1,7,618,14139717,14139721,14139722,1,5,"SFIX",14139735,-13,-5
"458",6,30,2,8,618,14157491,14157494,14157498,4,7,"SFIX",14157507,-9,-1
"459",6,64,3,9,618,14213301,14213306,14213309,3,8,"SFIX",14213320,-11,-3
"460",6,40,3,10,618,14262191,14262195,14262196,1,5,"SFIX",14262233,-37,-29
"461",6,8,1,11,618,14368513,14368516,14368518,2,5,"SFIX",14368555,-37,-29
"462",6,13,3,12,618,14445943,14445947,14445948,1,5,"SFIX",14445980,-32,-24
"463",6,72,2,13,618,14536904,14536908,14536915,7,11,"SFIX",14536927,-12,-4
"464",6,17,1,14,618,14605588,14605591,14605593,2,5,"SFIX",14605622,-29,-21
"465",6,84,2,15,618,14621581,14621585,14621586,1,5,"SFIX",14621634,-48,-40
"466",6,65,1,16,618,14643009,14643013,14643017,4,8,"SFIX",14643036,-19,-11
"467",6,10,3,17,618,14652344,14652348,14652349,1,5,"SFIX",14652383,-34,-26
"468",6,50,1,18,618,14718594,14718598,14718599,1,5,"SFIX",14718628,-29,-21
"469",6,6,2,19,618,14793828,14793836,14793838,2,10,"SFIX",14794062,-224,-216
"470",6,54,2,20,618,14804962,14804966,14804968,2,6,"SFIX",14804998,-30,-22
"471",6,74,1,21,618,14836633,14836638,14836641,3,8,"SFIX",14836951,-310,-302
"472",6,39,2,22,618,14845897,14845901,14845902,1,5,"SFIX",14845918,-16,-8
"473",6,32,1,23,618,14872537,14872541,14872542,1,5,"SFIX",14872571,-29,-21
"474",6,67,3,24,618,14918389,14918393,14918396,3,7,"SFIX",14918415,-19,-11
"475",6,25,3,25,618,14934542,14934547,14934549,2,7,"SFIX",14934560,-11,-3
"476",6,82,3,26,618,14946457,14946462,14946464,2,7,"SFIX",14946712,-248,-240
"477",6,22,3,27,618,NA,NA,NA,NA,NA,NA,NA,NA,NA
"478",6,60,2,28,618,14976839,14976842,14976849,7,10,"SFIX",14976856,-7,1
"479",6,55,3,29,618,15151581,15151585,15151586,1,5,"SFIX",15151609,-23,-15
"480",6,21,2,30,618,15164399,15164402,15164404,2,5,"SFIX",15164431,-27,-19
"481",6,23,1,31,618,15200257,15200261,15200262,1,5,"SFIX",15200289,-27,-19
"482",6,70,3,32,618,15210017,15210022,15210028,6,11,"SFIX",15210041,-13,-5
"483",6,37,3,33,618,15224929,15224932,15224934,2,5,"SFIX",15224964,-30,-22
"484",6,36,2,34,618,15247879,15247883,15247884,1,5,"SFIX",15247913,-29,-21
"485",6,53,1,35,618,15265610,15265615,15265617,2,7,"SFIX",15265641,-24,-16
"486",6,63,2,36,618,15288517,15288521,15288528,7,11,"SFIX",15288554,-26,-18
"487",6,81,2,37,618,15350048,15350052,15350053,1,5,"SFIX",15350077,-24,-16
"488",6,62,1,38,618,15359786,15359790,15359791,1,5,"SFIX",15359810,-19,-11
"489",6,35,1,39,618,15386630,15386633,15386635,2,5,"SFIX",15386652,-17,-9
"490",6,7,3,40,618,15507508,15507516,15507517,1,9,"SFIX",15507525,-8,0
"491",6,56,1,41,618,15520278,15520282,15520283,1,5,"SFIX",15520310,-27,-19
"492",6,16,3,42,618,15553797,15553803,15553804,1,7,"SFIX",15554072,-268,-260
"493",6,71,1,43,618,15568836,15568840,15568842,2,6,"SFIX",15568851,-9,-1
"494",6,83,1,44,618,15617445,15617449,15617450,1,5,"SFIX",15617466,-16,-8
"495",6,69,2,45,618,15642585,15642589,15642595,6,10,"SFIX",15642612,-17,-9
"496",6,89,1,46,618,15734143,15734152,15734153,1,10,"SFIX",15734367,-214,-206
"497",6,51,2,47,618,15742532,15742536,15742538,2,6,"SFIX",15742556,-18,-10
"498",6,2,1,48,618,15753949,15753953,15753954,1,5,"SFIX",15753965,-11,-3
"499",6,49,3,49,618,15783574,15783578,15783579,1,5,"SFIX",15783599,-20,-12
"500",6,80,1,50,618,15808624,15808628,15808629,1,5,"SFIX",15808655,-26,-18
"501",6,87,2,51,618,15856740,15856752,15856755,3,15,"SFIX",15856973,-218,-210
"502",6,29,1,52,618,15878398,15878402,15878403,1,5,"SFIX",15878413,-10,-2
"503",6,90,2,53,618,15890454,15890457,15890459,2,5,"SFIX",15890466,-7,1
"504",6,88,3,54,618,15916460,15916463,15916465,2,5,"SFIX",15916496,-31,-23
"505",6,76,3,55,618,15931215,15931215,15931218,3,3,"SFIX",15931295,-77,-69
"506",6,79,3,56,618,15950281,15950287,15950289,2,8,"SFIX",15950372,-83,-75
"507",6,85,3,57,618,15966211,15966216,15966219,3,8,"SFIX",15966238,-19,-11
"508",6,34,3,58,618,16373033,16373037,16373038,1,5,"SFIX",16373060,-22,-14
"509",6,31,3,59,618,16388561,16388565,16388568,3,7,"SFIX",16388601,-33,-25
"510",6,47,1,60,618,16401331,16401334,16401334,0,3,"SFIX",16401369,-35,-27
"511",6,75,2,61,618,16413657,16413660,16413663,3,6,"SFIX",16413686,-23,-15
"512",6,46,3,62,618,16422053,16422057,16422059,2,6,"SFIX",16422068,-9,-1
"513",6,86,1,63,618,16451635,16451639,16451644,5,9,"SFIX",16451675,-31,-23
"514",6,68,1,64,618,16468064,16468067,16468069,2,5,"SFIX",16468099,-30,-22
"515",6,15,2,65,618,16535380,16535384,16535387,3,7,"SFIX",16535411,-24,-16
"516",6,41,1,66,618,16548927,16548931,16548932,1,5,"SFIX",16548948,-16,-8
"517",6,33,2,67,618,16573225,16573229,16573232,3,7,"SFIX",16573249,-17,-9
"518",6,4,3,68,618,16583520,16583524,16583525,1,5,"SFIX",16583559,-34,-26
"519",6,38,1,69,618,16605274,16605278,16605283,5,9,"SFIX",16605286,-3,5
"520",6,58,3,70,618,16638389,16638392,16638394,2,5,"SFIX",16638413,-19,-11
"521",6,28,3,71,618,16658735,16658739,16658745,6,10,"SFIX",16658748,-3,5
"522",6,9,2,72,618,16669900,16669904,16669905,1,5,"SFIX",16669912,-7,1
"523",6,78,2,73,618,16702474,16702478,16702479,1,5,"SFIX",16702500,-21,-13
"524",6,44,1,74,618,16717417,16717437,16717439,2,22,"SFIX",16717988,-549,-541
"525",6,42,2,75,618,16730352,16730355,16730360,5,8,"SFIX",16730386,-26,-18
"526",6,45,2,76,618,16778487,16778490,16778497,7,10,"SFIX",16778534,-37,-29
"527",6,12,2,77,618,16790725,16790729,16790734,5,9,"SFIX",16790752,-18,-10
"528",6,24,2,78,618,16801361,16801364,16801368,4,7,"SFIX",16801411,-43,-35
"529",6,26,1,79,618,16811779,16811783,16811785,2,6,"SFIX",16811799,-14,-6
"530",6,43,3,80,618,16836793,16836797,16836798,1,5,"SFIX",16836818,-20,-12
"531",6,18,2,81,618,16855232,16855235,16855237,2,5,"SFIX",16855248,-11,-3
"532",6,77,1,82,618,16877803,16877806,16877808,2,5,"SFIX",16877844,-36,-28
"533",6,48,2,83,618,16889461,16889465,16889470,5,9,"SFIX",16889473,-3,5
"534",6,11,1,84,618,16899801,16899804,16899805,1,4,"SFIX",16899832,-27,-19
"535",6,59,1,85,618,16908315,16908320,16908321,1,6,"SFIX",16908335,-14,-6
"536",6,61,3,86,618,16925981,16925985,16925989,4,8,"SFIX",16925997,-8,0
"537",6,27,2,87,618,16932618,16932623,16932629,6,11,"SFIX",16932632,-3,5
"538",6,73,3,88,618,16946577,16946627,16946631,4,54,"SFIX",16946628,3,11
"539",6,20,1,89,618,17003325,17003329,17003330,1,5,"SFIX",17003343,-13,-5
"540",6,66,2,90,618,17012710,17012714,17012716,2,6,"SFIX",17012742,-26,-18
"541",7,41,2,1,618,17264978,17264982,17264986,4,8,"SFIX",17265026,-40,-32
"542",7,76,1,2,618,17282344,17282347,17282349,2,5,"SFIX",17282400,-51,-43
"543",7,25,1,3,618,17288585,17288589,17288590,1,5,"SFIX",17288636,-46,-38
"544",7,14,2,4,618,17299112,17299115,17299121,6,9,"SFIX",17299154,-33,-25
"545",7,21,3,5,618,17321875,17321879,17321880,1,5,"SFIX",17321922,-42,-34
"546",7,11,2,6,618,17331759,17331763,17331765,2,6,"SFIX",17331803,-38,-30
"547",7,44,2,7,618,17342248,17342253,17342254,1,6,"SFIX",17342300,-46,-38
"548",7,42,3,8,618,17423549,17423553,17423559,6,10,"SFIX",17423599,-40,-32
"549",7,82,1,9,618,17431873,17431902,17431907,5,34,"SFIX",17432301,-394,-386
"550",7,48,3,10,618,17441737,17441740,17441747,7,10,"SFIX",17441781,-34,-26
"551",7,46,1,11,618,17451506,17451510,17451513,3,7,"SFIX",17451559,-46,-38
"552",7,8,2,12,618,17474447,17474451,17474452,1,5,"SFIX",17474503,-51,-43
"553",7,88,1,13,618,17497445,17497449,17497455,6,10,"SFIX",17497501,-46,-38
"554",7,75,3,14,618,17554383,17554388,17554389,1,6,"SFIX",17554407,-18,-10
"555",7,43,1,15,618,17583834,17583836,17583844,8,10,"SFIX",17583861,-17,-9
"556",7,63,3,16,618,17606502,17606506,17606509,3,7,"SFIX",17606526,-17,-9
"557",7,51,3,17,618,17619862,17619866,17619868,2,6,"SFIX",17619903,-35,-27
"558",7,40,1,18,618,17630603,17630607,17630609,2,6,"SFIX",17630622,-13,-5
"559",7,90,3,19,618,17641994,17641998,17642003,5,9,"SFIX",17642039,-36,-28
"560",7,69,3,20,618,17674563,17674567,17674573,6,10,"SFIX",17674613,-40,-32
"561",7,57,3,21,618,17685423,17685427,17685429,2,6,"SFIX",17685455,-26,-18
"562",7,84,3,22,618,17716438,17716441,17716443,2,5,"SFIX",17716483,-40,-32
"563",7,60,3,23,618,17725218,17725222,17725224,2,6,"SFIX",17725262,-38,-30
"564",7,16,1,24,618,17748566,17748570,17748571,1,5,"SFIX",17748620,-49,-41
"565",7,62,2,25,618,17760983,17761015,17761019,4,36,"EFIX",17761009,783,791
"566",7,89,2,26,618,17771912,17771915,17771918,3,6,"SFIX",17771940,-22,-14
"567",7,50,2,27,618,17795144,17795147,17795148,1,4,"SFIX",17795191,-43,-35
"568",7,38,2,28,618,17881314,17881318,17881320,2,6,"SFIX",17881368,-48,-40
"569",7,23,2,29,618,17894891,17894896,17894900,4,9,"SFIX",17894937,-37,-29
"570",7,81,3,30,618,17915142,17915145,17915147,2,5,"SFIX",17915183,-36,-28
"571",7,59,2,31,618,17922198,17922201,17922204,3,6,"SFIX",17922225,-21,-13
"572",7,24,3,32,618,17933688,17933692,17933693,1,5,"SFIX",17933731,-38,-30
"573",7,12,3,33,618,17945259,17945263,17945264,1,5,"SFIX",17945321,-57,-49
"574",7,54,3,34,618,17983401,17983404,17983406,2,5,"SFIX",17983434,-28,-20
"575",7,6,3,35,618,17994726,17994730,17994734,4,8,"SFIX",17994783,-49,-41
"576",7,72,3,36,618,18004474,18004477,18004479,2,5,"SFIX",18004502,-23,-15
"577",7,78,3,37,618,18027752,18027754,18027756,2,4,"SFIX",18027783,-27,-19
"578",7,74,2,38,618,18043719,18043739,18043741,2,22,"SFIX",18043907,-166,-158
"579",7,55,1,39,618,18054717,18054720,18054727,7,10,"SFIX",18054754,-27,-19
"580",7,13,1,40,618,18065716,18065720,18065723,3,7,"SFIX",18065754,-31,-23
"581",7,39,3,41,618,18083984,18083988,18083990,2,6,"SFIX",18084024,-34,-26
"582",7,35,2,42,618,18102883,18102888,18102889,1,6,"SFIX",18102923,-34,-26
"583",7,70,1,43,618,18121266,18121270,18121271,1,5,"SFIX",18121310,-39,-31
"584",7,26,2,44,618,18179910,18179914,18179916,2,6,"SFIX",18179947,-31,-23
"585",7,71,2,45,618,18200229,18200233,18200238,5,9,"SFIX",18200262,-24,-16
"586",7,79,1,46,618,18214223,18214226,18214229,3,6,"SFIX",18214265,-36,-28
"587",7,53,2,47,618,18235324,18235327,18235334,7,10,"SFIX",18235344,-10,-2
"588",7,15,3,48,618,18244422,18244426,18244427,1,5,"SFIX",18244463,-36,-28
"589",7,34,1,49,618,18272852,18272855,18272857,2,5,"SFIX",18272897,-40,-32
"590",7,58,1,50,618,18282147,18282151,18282152,1,5,"SFIX",18282183,-31,-23
"591",7,61,1,51,618,18294022,18294025,18294026,1,4,"EFIX",18294013,311,319
"592",7,85,1,52,618,18302219,18302223,18302224,1,5,"SFIX",18302267,-43,-35
"593",7,36,3,53,618,18308507,18308511,18308517,6,10,"SFIX",18308561,-44,-36
"594",7,64,1,54,618,18363231,18363235,18363238,3,7,"SFIX",18363275,-37,-29
"595",7,27,3,55,618,18395464,18395468,18395471,3,7,"SFIX",18395500,-29,-21
"596",7,4,1,56,618,18410588,18410592,18410597,5,9,"EFIX",18410565,514,522
"597",7,33,3,57,618,18420735,18420738,18420741,3,6,"SFIX",18420778,-37,-29
"598",7,66,3,58,618,18463949,18463953,18463954,1,5,"SFIX",18463978,-24,-16
"599",7,22,1,59,618,18470572,18470576,18470576,0,4,"SFIX",18470628,-52,-44
"600",7,19,1,60,618,18492034,18492038,18492042,4,8,"SFIX",18492074,-32,-24
"601",7,1,1,61,618,18502624,18502628,18502629,1,5,"SFIX",18502665,-36,-28
"602",7,67,1,62,618,18587816,18587820,18587827,7,11,"SFIX",18587856,-29,-21
"603",7,20,2,63,618,18604605,18604608,18604615,7,10,"SFIX",18604666,-51,-43
"604",7,9,3,64,618,18615434,18615436,18615438,2,4,"SFIX",18615472,-34,-26
"605",7,65,2,65,618,18626371,18626375,18626376,1,5,"SFIX",18626397,-21,-13
"606",7,86,2,66,618,18635156,18635160,18635161,1,5,"SFIX",18635211,-50,-42
"607",7,45,3,67,618,18644756,18644759,18644760,1,4,"SFIX",18644804,-44,-36
"608",7,87,3,68,618,18654558,18654562,18654564,2,6,"SFIX",18654592,-28,-20
"609",7,3,3,69,618,18663344,18663347,18663352,5,8,"SFIX",18663384,-32,-24
"610",7,77,2,70,618,18672584,18672587,18672589,2,5,"SFIX",18672629,-40,-32
"611",7,68,2,71,618,18701368,18701372,18701374,2,6,"SFIX",18701413,-39,-31
"612",7,2,2,72,618,18726079,18726096,18726097,1,18,"SFIX",18726258,-161,-153
"613",7,28,1,73,618,18841258,18841261,18841265,4,7,"SFIX",18841309,-44,-36
"614",7,32,2,74,618,18854627,18854630,18854632,2,5,"SFIX",18854668,-36,-28
"615",7,73,1,75,618,18886131,18886135,18886136,1,5,"SFIX",18886156,-20,-12
"616",7,30,3,76,618,18893771,18893778,18893780,2,9,"SFIX",18893778,2,10
"617",7,47,2,77,618,18903387,18903390,18903392,2,5,"SFIX",18903433,-41,-33
"618",7,29,2,78,618,18917006,18917010,18917011,1,5,"SFIX",18917045,-34,-26
"619",7,17,2,79,618,18928397,18928401,18928402,1,5,"SFIX",18928437,-35,-27
"620",7,10,1,80,618,18940060,18940062,18940065,3,5,"SFIX",18940099,-34,-26
"621",7,83,2,81,618,18965882,18965887,18965888,1,6,"SFIX",18965920,-32,-24
"622",7,56,2,82,618,19008866,19008870,19008872,2,6,"SFIX",19008905,-33,-25
"623",7,5,2,83,618,19032943,19032946,19032947,1,4,"SFIX",19032978,-31,-23
"624",7,7,1,84,618,19084720,19084725,19084726,1,6,"SFIX",19084765,-39,-31
"625",7,80,2,85,618,19095096,19095099,19095101,2,5,"SFIX",19095144,-43,-35
"626",7,37,1,86,618,19101406,19101409,19101411,2,5,"SFIX",19101447,-36,-28
"627",7,52,1,87,618,19109818,19109821,19109823,2,5,"SFIX",19109858,-35,-27
"628",7,31,1,88,618,19130115,19130119,19130120,1,5,"SFIX",19130162,-42,-34
"629",7,18,3,89,618,19146741,19146745,19146747,2,6,"SFIX",19146795,-48,-40
"630",7,49,1,90,618,19216478,19216482,19216485,3,7,"SFIX",19216517,-32,-24
"631",8,87,1,1,618,3851394,3851394,3851399,5,5,"SFIX",3851465,-66,-58
"632",8,6,1,2,618,3865185,3865189,3865190,1,5,"SFIX",3865211,-21,-13
"633",8,59,3,3,618,3880824,3880828,3880831,3,7,"SFIX",3880857,-26,-18
"634",8,20,3,4,618,3894906,3894909,3894911,2,5,"SFIX",3894938,-27,-19
"635",8,28,2,5,618,3919214,3919218,3919223,5,9,"SFIX",3919237,-14,-6
"636",8,3,1,6,618,3929075,3929101,3929105,4,30,"SFIX",3929165,-60,-52
"637",8,42,1,7,618,3938928,3938978,3938979,1,51,"SFIX",3939060,-81,-73
"638",8,48,1,8,618,3957499,3957502,3957504,2,5,"SFIX",3957528,-24,-16
"639",8,32,3,9,618,3967144,3967194,3967196,2,52,"SFIX",3967261,-65,-57
"640",8,50,3,10,618,3980826,3980830,3980836,6,10,"SFIX",3980854,-18,-10
"641",8,27,1,11,618,4002315,4002335,4002336,1,21,"SFIX",4002462,-126,-118
"642",8,30,1,12,618,4029244,4029247,4029249,2,5,"SFIX",4029286,-37,-29
"643",8,9,1,13,618,4065180,4065180,4065182,2,2,"SFIX",4065239,-57,-49
"644",8,29,3,14,618,4075712,4075723,4075724,1,12,"SFIX",4075786,-62,-54
"645",8,71,3,15,618,4101569,4101573,4101574,1,5,"SFIX",4101596,-22,-14
"646",8,22,2,16,618,4109620,4109629,4109632,3,12,"SFIX",4109705,-73,-65
"647",8,40,2,17,618,4115934,4115943,4115944,1,10,"SFIX",4115999,-55,-47
"648",8,2,3,18,618,4128847,4128850,4128852,2,5,"SFIX",4128884,-32,-24
"649",8,82,2,19,618,4138081,4138085,4138086,1,5,"SFIX",4138115,-29,-21
"650",8,67,2,20,618,4144590,4144594,4144594,0,4,"SFIX",4144611,-17,-9
"651",8,36,1,21,618,4152215,4152218,4152220,2,5,"SFIX",4152250,-30,-22
"652",8,26,3,22,618,4161193,4161214,4161218,4,25,"SFIX",4161355,-137,-129
"653",8,51,1,23,618,4171624,4171627,4171628,1,4,"SFIX",4171654,-26,-18
"654",8,49,2,24,618,4180334,4180351,4180353,2,19,"SFIX",4180510,-157,-149
"655",8,79,2,25,618,4190844,4190869,4190871,2,27,"SFIX",4190972,-101,-93
"656",8,68,3,26,618,4208394,4208398,4208399,1,5,"SFIX",4208419,-20,-12
"657",8,66,1,27,618,4217360,4217363,4217369,6,9,"SFIX",4217411,-42,-34
"658",8,33,1,28,618,4230573,4230577,4230578,1,5,"SFIX",4230608,-30,-22
"659",8,14,3,29,618,4252487,4252495,4252499,4,12,"SFIX",4252630,-131,-123
"660",8,84,1,30,618,4264285,4264290,4264290,0,5,"SFIX",4264359,-69,-61
"661",8,74,3,31,618,4283370,4283374,4283375,1,5,"SFIX",4283402,-27,-19
"662",8,45,1,32,618,4289841,4289845,4289846,1,5,"SFIX",4289875,-29,-21
"663",8,64,2,33,618,4297872,4297887,4297894,7,22,"SFIX",4297974,-80,-72
"664",8,8,3,34,618,4306916,4306932,4306936,4,20,"SFIX",4306967,-31,-23
"665",8,47,3,35,618,4318556,4318597,4318599,2,43,"SFIX",4318690,-91,-83
"666",8,1,2,36,618,4493317,4493317,4493318,1,1,"SFIX",4493395,-77,-69
"667",8,10,2,37,618,4502982,4502985,4502987,2,5,"SFIX",4503022,-35,-27
"668",8,12,1,38,618,4520653,4520695,4520696,1,43,"SFIX",4520732,-36,-28
"669",8,86,3,39,618,4568517,4568521,4568522,1,5,"SFIX",4568543,-21,-13
"670",8,85,2,40,618,4598445,4598449,4598452,3,7,"SFIX",4598476,-24,-16
"671",8,69,1,41,618,4606634,4606637,4606639,2,5,"SFIX",4606667,-28,-20
"672",8,62,3,42,618,4622993,4623001,4623002,1,9,"SFIX",4623048,-46,-38
"673",8,77,3,43,618,4638656,4638659,4638661,2,5,"SFIX",4638686,-25,-17
"674",8,11,3,44,618,4647247,4647298,4647305,7,58,"SFIX",4647367,-62,-54
"675",8,5,3,45,618,4657774,4657778,4657780,2,6,"SFIX",4657800,-20,-12
"676",8,15,1,46,618,4667118,4667121,4667128,7,10,"SFIX",4667144,-16,-8
"677",8,19,2,47,618,4706497,4706501,4706504,3,7,"SFIX",4706531,-27,-19
"678",8,13,2,48,618,4735917,4735921,4735927,6,10,"SFIX",4735946,-19,-11
"679",8,89,3,49,618,4748060,4748063,4748069,6,9,"SFIX",4748098,-29,-21
"680",8,31,2,50,618,4762513,4762517,4762517,0,4,"SFIX",4762532,-15,-7
"681",8,21,1,51,618,4783866,4783918,4783921,3,55,"SFIX",4783947,-26,-18
"682",8,60,1,52,618,4793858,4793895,4793901,6,43,"SFIX",4793940,-39,-31
"683",8,39,1,53,618,4880562,4880578,4880583,5,21,"SFIX",4880959,-376,-368
"684",8,61,2,54,618,4903676,4903676,4903677,1,1,"SFIX",4903766,-89,-81
"685",8,53,3,55,618,4909582,4909586,4909588,2,6,"SFIX",4909607,-19,-11
"686",8,78,1,56,618,4924378,4924426,4924427,1,49,"EFIX",4924425,520,528
"687",8,70,2,57,618,4940671,4940673,4940679,6,8,"SFIX",4940701,-22,-14
"688",8,16,2,58,618,4946582,4946618,4946619,1,37,"SFIX",4946638,-19,-11
"689",8,54,1,59,618,4964986,4964990,4964992,2,6,"SFIX",4965025,-33,-25
"690",8,76,2,60,618,4975622,4975624,4975627,3,5,"SFIX",4975650,-23,-15
"691",8,23,3,61,618,4995005,4995008,4995010,2,5,"SFIX",4995046,-36,-28
"692",8,75,1,62,618,5013788,5013795,5013796,1,8,"SFIX",5013857,-61,-53
"693",8,73,2,63,618,5200921,5200924,5200924,0,3,"SFIX",5200954,-30,-22
"694",8,65,3,64,618,5222298,5222301,5222303,2,5,"SFIX",5222326,-23,-15
"695",8,44,3,65,618,5228235,5228239,5228245,6,10,"SFIX",5228267,-22,-14
"696",8,17,3,66,618,5238168,5238198,5238199,1,31,"SFIX",5238230,-31,-23
"697",8,57,1,67,618,5247721,5247725,5247726,1,5,"SFIX",5247756,-30,-22
"698",8,41,3,68,618,5260663,5260668,5260670,2,7,"SFIX",5260706,-36,-28
"699",8,88,2,69,618,5294081,5294084,5294086,2,5,"SFIX",5294148,-62,-54
"700",8,7,2,70,618,5301990,5301993,5301995,2,5,"SFIX",5302023,-28,-20
"701",8,56,3,71,618,5341716,5341719,5341721,2,5,"SFIX",5341746,-25,-17
"702",8,4,2,72,618,5408817,5408822,5408823,1,6,"SFIX",5408862,-39,-31
"703",8,38,3,73,618,5416937,5416941,5416942,1,5,"SFIX",5416960,-18,-10
"704",8,63,1,74,618,5435448,5435452,5435453,1,5,"SFIX",5435479,-26,-18
"705",8,80,3,75,618,5441927,5441930,5441932,2,5,"SFIX",5441969,-37,-29
"706",8,18,1,76,618,5447711,5447714,5447715,1,4,"SFIX",5447749,-34,-26
"707",8,35,3,77,618,5459065,5459069,5459071,2,6,"SFIX",5459099,-28,-20
"708",8,43,2,78,618,5486219,5486223,5486224,1,5,"SFIX",5486243,-19,-11
"709",8,34,2,79,618,5499357,5499361,5499365,4,8,"SFIX",5499398,-33,-25
"710",8,90,1,80,618,5534644,5534664,5534666,2,22,"SFIX",5534741,-75,-67
"711",8,81,1,81,618,5543641,5543692,5543698,6,57,"SFIX",5543778,-80,-72
"712",8,52,2,82,618,5556760,5556764,5556767,3,7,"SFIX",5556796,-29,-21
"713",8,55,2,83,618,5567251,5567254,5567260,6,9,"SFIX",5567284,-24,-16
"714",8,37,2,84,618,5576588,5576591,5576594,3,6,"SFIX",5576626,-32,-24
"715",8,25,2,85,618,5591178,5591181,5591183,2,5,"SFIX",5591204,-21,-13
"716",8,58,2,86,618,5621199,5621202,5621204,2,5,"SFIX",5621237,-33,-25
"717",8,72,1,87,618,5629247,5629254,5629260,6,13,"SFIX",5629320,-60,-52
"718",8,46,2,88,618,5643849,5643852,5643859,7,10,"SFIX",5643893,-34,-26
"719",8,83,3,89,618,5689878,5689888,5689893,5,15,"SFIX",5690001,-108,-100
"720",8,24,1,90,618,5697806,5697809,5697810,1,4,"SFIX",5697845,-35,-27
"721",9,15,2,1,618,294769,294773,294774,1,5,"SFIX",294784,-10,-2
"722",9,84,2,2,618,318365,318369,318371,2,6,"SFIX",318392,-21,-13
"723",9,7,3,3,618,351373,351385,351387,2,14,"SFIX",351411,-24,-16
"724",9,64,3,4,618,383159,383163,383164,1,5,"SFIX",383180,-16,-8
"725",9,45,2,5,618,402143,402147,402149,2,6,"SFIX",402454,-305,-297
"726",9,87,2,6,618,414948,414952,414958,6,10,"SFIX",414968,-10,-2
"727",9,37,3,7,618,434912,434916,434917,1,5,"SFIX",434920,-3,5
"728",9,24,2,8,618,477554,477557,477560,3,6,"SFIX",477574,-14,-6
"729",9,30,2,9,618,487561,487565,487567,2,6,"SFIX",487576,-9,-1
"730",9,61,3,10,618,497240,497243,497244,1,4,"SFIX",497267,-23,-15
"731",9,54,2,11,618,526143,526154,526156,2,13,"SFIX",526190,-34,-26
"732",9,16,3,12,618,545560,545563,545570,7,10,"SFIX",545595,-25,-17
"733",9,74,1,13,618,555672,555676,555677,1,5,"SFIX",555706,-29,-21
"734",9,36,2,14,618,568110,568114,568115,1,5,"SFIX",568131,-16,-8
"735",9,49,3,15,618,596409,596459,596466,7,57,"EFIX",596413,717,725
"736",9,14,1,16,618,626416,626433,626440,7,24,"EFIX",626394,591,599
"737",9,76,3,17,618,637711,637715,637716,1,5,"SFIX",637736,-20,-12
"738",9,65,1,18,618,644413,644416,644418,2,5,"SFIX",644434,-16,-8
"739",9,35,1,19,618,650481,650493,650496,3,15,"SFIX",650643,-147,-139
"740",9,58,3,20,618,725569,725572,725574,2,5,"SFIX",725590,-16,-8
"741",9,27,2,21,618,741536,741539,741541,2,5,"SFIX",741560,-19,-11
"742",9,88,3,22,618,753410,753414,753415,1,5,"SFIX",753436,-21,-13
"743",9,72,2,23,618,761906,761909,761915,6,9,"SFIX",761926,-11,-3
"744",9,80,1,24,618,795702,795705,795707,2,5,"SFIX",795724,-17,-9
"745",9,9,2,25,618,831557,831562,831564,2,7,"SFIX",831583,-19,-11
"746",9,51,2,26,618,892413,892415,892418,3,5,"SFIX",892438,-20,-12
"747",9,5,1,27,618,924286,924290,924291,1,5,"SFIX",924306,-15,-7
"748",9,46,3,28,618,938145,938149,938150,1,5,"SFIX",938165,-15,-7
"749",9,32,1,29,618,987512,987516,987517,1,5,"SFIX",987545,-28,-20
"750",9,66,2,30,618,1012777,1012781,1012782,1,5,"SFIX",1012810,-28,-20
"751",9,73,3,31,618,1029501,1029515,1029516,1,15,"SFIX",1029652,-136,-128
"752",9,90,2,32,618,1045382,1045386,1045392,6,10,"SFIX",1045404,-12,-4
"753",9,44,1,33,618,1060375,1060379,1060380,1,5,"SFIX",1060401,-21,-13
"754",9,83,1,34,618,1071033,1071037,1071038,1,5,"SFIX",1071057,-19,-11
"755",9,56,1,35,618,1079536,1079539,1079541,2,5,"SFIX",1079558,-17,-9
"756",9,29,1,36,618,1089331,1089335,1089339,4,8,"SFIX",1089364,-25,-17
"757",9,85,3,37,618,1108739,1108742,1108744,2,5,"SFIX",1108770,-26,-18
"758",9,70,3,38,618,1132950,1132953,1132956,3,6,"SFIX",1133289,-333,-325
"759",9,8,1,39,618,1158568,1158573,1158574,1,6,"SFIX",1158596,-22,-14
"760",9,12,2,40,618,1169605,1169609,1169614,5,9,"SFIX",1169635,-21,-13
"761",9,59,1,41,618,1199282,1199286,1199289,3,7,"SFIX",1199310,-21,-13
"762",9,2,1,42,618,1208003,1208005,1208007,2,4,"SFIX",1208030,-23,-15
"763",9,22,3,43,618,1220270,1220273,1220275,2,5,"SFIX",1220290,-15,-7
"764",9,77,1,44,618,1244155,1244158,1244159,1,4,"SFIX",1244181,-22,-14
"765",9,47,1,45,618,1251811,1251814,1251815,1,4,"SFIX",1251843,-28,-20
"766",9,20,1,46,618,1279370,1279374,1279377,3,7,"SFIX",1279400,-23,-15
"767",9,63,2,47,618,1310824,1310831,1310832,1,8,"SFIX",1311110,-278,-270
"768",9,79,3,48,618,1324483,1324486,1324493,7,10,"SFIX",1324497,-4,4
"769",9,19,3,49,618,1339181,1339196,1339198,2,17,"SFIX",1339351,-153,-145
"770",9,38,1,50,618,1351598,1351601,1351606,5,8,"SFIX",1351625,-19,-11
"771",9,33,2,51,618,1362930,1362933,1362935,2,5,"SFIX",1363129,-194,-186
"772",9,41,1,52,618,1373347,1373349,1373356,7,9,"SFIX",1373380,-24,-16
"773",9,50,1,53,618,1392607,1392607,1392613,6,6,"SFIX",1392777,-164,-156
"774",9,53,1,54,618,1413537,1413541,1413543,2,6,"SFIX",1413561,-18,-10
"775",9,42,2,55,618,1448776,1448780,1448787,7,11,"SFIX",1448796,-9,-1
"776",9,43,3,56,618,1602464,1602487,1602489,2,25,"EFIX",1602475,798,806
"777",9,62,1,57,618,1615207,1615211,1615212,1,5,"SFIX",1615233,-21,-13
"778",9,89,1,58,618,1620326,1620342,1620346,4,20,"SFIX",1620470,-124,-116
"779",9,6,2,59,618,1642352,1642355,1642357,2,5,"SFIX",1642381,-24,-16
"780",9,68,1,60,618,1664998,1665007,1665013,6,15,"SFIX",1665034,-21,-13
"781",9,52,3,61,618,1674032,1674036,1674043,7,11,"SFIX",1674063,-20,-12
"782",9,11,1,62,618,1690989,1690992,1690994,2,5,"SFIX",1691021,-27,-19
"783",9,71,1,63,618,1700337,1700340,1700342,2,5,"SFIX",1700365,-23,-15
"784",9,26,1,64,618,1721742,1721746,1721747,1,5,"SFIX",1721784,-37,-29
"785",9,57,2,65,618,1730911,1730920,1730926,6,15,"SFIX",1731099,-173,-165
"786",9,48,2,66,618,1759990,1759993,1759995,2,5,"SFIX",1760012,-17,-9
"787",9,34,3,67,618,1778344,1778347,1778349,2,5,"SFIX",1778377,-28,-20
"788",9,81,2,68,618,1789681,1789685,1789686,1,5,"SFIX",1789883,-197,-189
"789",9,78,2,69,618,1806632,1806648,1806650,2,18,"SFIX",1806786,-136,-128
"790",9,3,2,70,618,1830175,1830178,1830182,4,7,"SFIX",1830201,-19,-11
"791",9,31,3,71,618,1842467,1842483,1842485,2,18,"SFIX",1842653,-168,-160
"792",9,67,3,72,618,1863438,1863441,1863443,2,5,"SFIX",1863458,-15,-7
"793",9,1,3,73,618,1869365,1869369,1869370,1,5,"SFIX",1869389,-19,-11
"794",9,13,3,74,618,1879395,1879397,1879403,6,8,"SFIX",1879421,-18,-10
"795",9,21,2,75,618,1888448,1888451,1888453,2,5,"SFIX",1888482,-29,-21
"796",9,18,2,76,618,1900219,1900223,1900224,1,5,"SFIX",1900252,-28,-20
"797",9,60,2,77,618,1909043,1909046,1909048,2,5,"SFIX",1909069,-21,-13
"798",9,17,1,78,618,1919063,1919065,1919067,2,4,"SFIX",1919075,-8,0
"799",9,23,1,79,618,1979980,1979983,1979990,7,10,"SFIX",1980007,-17,-9
"800",9,39,2,80,618,1990218,1990221,1990223,2,5,"SFIX",1990240,-17,-9
"801",9,25,3,81,618,1999638,1999641,1999644,3,6,"SFIX",1999660,-16,-8
"802",9,28,3,82,618,2012365,2012369,2012375,6,10,"SFIX",2012395,-20,-12
"803",9,82,3,83,618,2023266,2023269,2023276,7,10,"SFIX",2023296,-20,-12
"804",9,69,2,84,618,2032932,2032934,2032936,2,4,"SFIX",2032972,-36,-28
"805",9,4,3,85,618,2057686,2057690,2057697,7,11,"SFIX",2057710,-13,-5
"806",9,40,3,86,618,2105279,2105282,2105284,2,5,"SFIX",2105321,-37,-29
"807",9,86,1,87,618,2126811,2126815,2126816,1,5,"SFIX",2126840,-24,-16
"808",9,55,3,88,618,2132854,2132858,2132859,1,5,"SFIX",2132878,-19,-11
"809",9,10,3,89,618,2143783,2143787,2143791,4,8,"SFIX",2143822,-31,-23
"810",9,75,2,90,618,2189390,2189393,2189397,4,7,"SFIX",2189409,-12,-4
"811",10,9,3,1,618,5665930,5665935,5665942,7,12,"SFIX",5665966,-24,-16
"812",10,72,3,2,618,5688487,5688492,5688493,1,6,"SFIX",5688515,-22,-14
"813",10,41,2,3,618,5698189,5698192,5698194,2,5,"SFIX",5698226,-32,-24
"814",10,50,2,4,618,5731020,5731023,5731027,4,7,"SFIX",5731043,-16,-8
"815",10,20,2,5,618,5748978,5748982,5748983,1,5,"SFIX",5749019,-36,-28
"816",10,13,1,6,618,5758975,5759008,5759010,2,35,"SFIX",5759031,-21,-13
"817",10,64,1,7,618,5781349,5781353,5781354,1,5,"SFIX",5781376,-22,-14
"818",10,17,2,8,618,5834928,5834932,5834939,7,11,"SFIX",5834955,-16,-8
"819",10,10,1,9,618,5928554,5928557,5928559,2,5,"SFIX",5928582,-23,-15
"820",10,16,1,10,618,5940114,5940117,5940119,2,5,"SFIX",5940150,-31,-23
"821",10,69,3,11,618,5958371,5958375,5958376,1,5,"SFIX",5958398,-22,-14
"822",10,70,1,12,618,5982340,5982343,5982346,3,6,"SFIX",5982363,-17,-9
"823",10,27,3,13,618,6003664,6003667,6003670,3,6,"SFIX",6003695,-25,-17
"824",10,81,3,14,618,6014921,6014931,6014934,3,13,"SFIX",6015044,-110,-102
"825",10,89,2,15,618,6047931,6047935,6047936,1,5,"SFIX",6047952,-16,-8
"826",10,86,2,16,618,6059645,6059649,6059651,2,6,"SFIX",6059673,-22,-14
"827",10,34,1,17,618,6076972,6076976,6076977,1,5,"SFIX",6076999,-22,-14
"828",10,78,3,18,618,6106897,6106901,6106908,7,11,"SFIX",6106929,-21,-13
"829",10,12,3,19,618,6129139,6129142,6129144,2,5,"SFIX",6129163,-19,-11
"830",10,73,1,20,618,6143739,6143743,6143745,2,6,"SFIX",6143760,-15,-7
"831",10,21,3,21,618,6156243,6156247,6156255,8,12,"SFIX",6156271,-16,-8
"832",10,2,2,22,618,6216991,6216995,6216996,1,5,"SFIX",6217002,-6,2
"833",10,51,3,23,618,6253367,6253372,6253376,4,9,"SFIX",6253390,-14,-6
"834",10,38,2,24,618,6269060,6269064,6269065,1,5,"SFIX",6269083,-18,-10
"835",10,57,3,25,618,6283895,6283898,6283903,5,8,"SFIX",6283912,-9,-1
"836",10,35,2,26,618,6300004,6300008,6300009,1,5,"SFIX",6300024,-15,-7
"837",10,39,3,27,618,6313488,6313490,6313492,2,4,"SFIX",6313516,-24,-16
"838",10,82,1,28,618,6340187,6340190,6340192,2,5,"SFIX",6340215,-23,-15
"839",10,28,1,29,618,6536590,6536593,6536595,2,5,"SFIX",6536621,-26,-18
"840",10,18,3,30,618,6583138,6583142,6583145,3,7,"SFIX",6583157,-12,-4
"841",10,61,1,31,618,6670251,6670255,6670261,6,10,"SFIX",6670271,-10,-2
"842",10,71,2,32,618,6689398,6689402,6689405,3,7,"SFIX",6689436,-31,-23
"843",10,48,3,33,618,6712758,6712763,6712766,3,8,"SFIX",6712780,-14,-6
"844",10,83,2,34,618,6731585,6731589,6731596,7,11,"SFIX",6731608,-12,-4
"845",10,58,1,35,618,6741824,6741827,6741834,7,10,"SFIX",6741841,-7,1
"846",10,87,3,36,618,6757349,6757353,6757354,1,5,"SFIX",6757371,-17,-9
"847",10,79,1,37,618,6766343,6766347,6766352,5,9,"SFIX",6766364,-12,-4
"848",10,59,2,38,618,6797121,6797125,6797126,1,5,"SFIX",6797151,-25,-17
"849",10,63,3,39,618,6816276,6816280,6816281,1,5,"SFIX",6816308,-27,-19
"850",10,24,3,40,618,6825209,6825213,6825214,1,5,"SFIX",6825252,-38,-30
"851",10,46,1,41,618,6903284,6903286,6903288,2,4,"SFIX",6903309,-21,-13
"852",10,54,3,42,618,6934926,6934930,6934933,3,7,"SFIX",6934950,-17,-9
"853",10,26,2,43,618,6951610,6951614,6951616,2,6,"SFIX",6951640,-24,-16
"854",10,25,1,44,618,6988338,6988342,6988343,1,5,"SFIX",6988360,-17,-9
"855",10,22,1,45,618,7002347,7002350,7002351,1,4,"SFIX",7002382,-31,-23
"856",10,4,1,46,618,7026779,7026783,7026784,1,5,"SFIX",7026809,-25,-17
"857",10,43,1,47,618,7037929,7037933,7037937,4,8,"SFIX",7037952,-15,-7
"858",10,85,1,48,618,7049783,7049787,7049788,1,5,"SFIX",7049815,-27,-19
"859",10,32,2,49,618,7109118,7109122,7109124,2,6,"SFIX",7109135,-11,-3
"860",10,67,1,50,618,7133315,7133319,7133320,1,5,"SFIX",7133339,-19,-11
"861",10,3,3,51,618,7148258,7148260,7148263,3,5,"SFIX",7148283,-20,-12
"862",10,53,2,52,618,7168007,7168010,7168012,2,5,"SFIX",7168026,-14,-6
"863",10,15,3,53,618,7181590,7181595,7181598,3,8,"SFIX",7181605,-7,1
"864",10,55,1,54,618,7192434,7192436,7192438,2,4,"SFIX",7192467,-29,-21
"865",10,66,3,55,618,7207749,7207753,7207755,2,6,"SFIX",7207771,-16,-8
"866",10,1,1,56,618,7368695,7368699,7368700,1,5,"SFIX",7368720,-20,-12
"867",10,37,1,57,618,7384792,7384796,7384797,1,5,"SFIX",7384813,-16,-8
"868",10,7,1,58,618,7410657,7410662,7410663,1,6,"SFIX",7410684,-21,-13
"869",10,88,1,59,618,7425623,7425626,7425627,1,4,"SFIX",7425652,-25,-17
"870",10,68,2,60,618,7472181,7472183,7472187,4,6,"SFIX",7472209,-22,-14
"871",10,56,2,61,618,7483521,7483525,7483531,6,10,"SFIX",7483540,-9,-1
"872",10,74,2,62,618,7518795,7518800,7518801,1,6,"SFIX",7518824,-23,-15
"873",10,60,3,63,618,7548630,7548633,7548634,1,4,"SFIX",7548651,-17,-9
"874",10,29,2,64,618,7592743,7592748,7592750,2,7,"SFIX",7592769,-19,-11
"875",10,33,3,65,618,7619160,7619165,7619167,2,7,"SFIX",7619191,-24,-16
"876",10,19,1,66,618,7633498,7633501,7633503,2,5,"SFIX",7633524,-21,-13
"877",10,8,2,67,618,7646692,7646696,7646698,2,6,"SFIX",7646717,-19,-11
"878",10,49,1,68,618,7674451,7674455,7674461,6,10,"SFIX",7674472,-11,-3
"879",10,42,3,69,618,7694754,7694758,7694759,1,5,"SFIX",7694776,-17,-9
"880",10,90,3,70,618,7731660,7731670,7731671,1,11,"SFIX",7731824,-153,-145
"881",10,80,2,71,618,7766154,7766157,7766158,1,4,"SFIX",7766180,-22,-14
"882",10,84,3,72,618,7774512,7774523,7774525,2,13,"SFIX",7774575,-50,-42
"883",10,77,2,73,618,7825202,7825206,7825207,1,5,"SFIX",7825220,-13,-5
"884",10,30,3,74,618,7889445,7889448,7889450,2,5,"SFIX",7889468,-18,-10
"885",10,11,2,75,618,7901054,7901058,7901066,8,12,"SFIX",7901078,-12,-4
"886",10,40,1,76,618,7922312,7922316,7922317,1,5,"SFIX",7922334,-17,-9
"887",10,14,2,77,618,7954846,7954865,7954867,2,21,"SFIX",7954902,-35,-27
"888",10,6,3,78,618,7972817,7972821,7972824,3,7,"SFIX",7972850,-26,-18
"889",10,76,1,79,618,7992759,7992763,7992764,1,5,"SFIX",7992786,-22,-14
"890",10,44,2,80,618,8006230,8006233,8006238,5,8,"SFIX",8006252,-14,-6
"891",10,52,1,81,618,8023500,8023503,8023509,6,9,"SFIX",8023527,-18,-10
"892",10,5,2,82,618,8050727,8050731,8050737,6,10,"SFIX",8050754,-17,-9
"893",10,65,2,83,618,8061794,8061798,8061805,7,11,"SFIX",8061816,-11,-3
"894",10,36,3,84,618,8071073,8071076,8071082,6,9,"SFIX",8071112,-30,-22
"895",10,31,1,85,618,8090673,8090676,8090678,2,5,"SFIX",8090701,-23,-15
"896",10,62,2,86,618,8105646,8105651,8105652,1,6,"SFIX",8105674,-22,-14
"897",10,47,2,87,618,8114451,8114456,8114459,3,8,"SFIX",8114472,-13,-5
"898",10,23,2,88,618,8129587,8129589,8129597,8,10,"SFIX",8129602,-5,3
"899",10,75,3,89,618,8167465,8167469,8167470,1,5,"SFIX",8167546,-76,-68
"900",10,45,3,90,618,8176253,8176257,8176264,7,11,"SFIX",8176272,-8,0
"901",11,30,1,1,618,7383996,7384005,7384006,1,10,"SFIX",7384028,-22,-14
"902",11,78,1,2,618,7403391,7403404,7403405,1,14,"SFIX",7403426,-21,-13
"903",11,84,1,3,618,7425137,7425144,7425145,1,8,"SFIX",7425170,-25,-17
"904",11,74,3,4,618,7466615,7466625,7466626,1,11,"SFIX",7466660,-34,-26
"905",11,90,1,5,618,7476470,7476474,7476475,1,5,"SFIX",7476500,-25,-17
"906",11,41,3,6,618,7483696,7483703,7483704,1,8,"SFIX",7483735,-31,-23
"907",11,21,1,7,618,7492789,7492798,7492805,7,16,"SFIX",7492999,-194,-186
"908",11,80,3,8,618,7500462,7500469,7500473,4,11,"SFIX",7500495,-22,-14
"909",11,48,1,9,618,7510358,7510376,7510377,1,19,"SFIX",7510406,-29,-21
"910",11,64,2,10,618,7520228,7520232,7520238,6,10,"SFIX",7520250,-12,-4
"911",11,8,3,11,618,7526823,7526827,7526828,1,5,"SFIX",7526851,-23,-15
"912",11,75,1,12,618,7535794,7535797,7535798,1,4,"SFIX",7535815,-17,-9
"913",11,52,2,13,618,7549297,7549301,7549302,1,5,"SFIX",7549332,-30,-22
"914",11,47,3,14,618,7566895,7566897,7566899,2,4,"SFIX",7566925,-26,-18
"915",11,55,2,15,618,7574931,7574938,7574939,1,8,"SFIX",7574964,-25,-17
"916",11,46,2,16,618,7583707,7583715,7583716,1,9,"SFIX",7583756,-40,-32
"917",11,6,1,17,618,7598801,7598807,7598810,3,9,"SFIX",7598864,-54,-46
"918",11,2,3,18,618,7606641,7606667,7606674,7,33,"SFIX",7606689,-15,-7
"919",11,59,3,19,618,7627666,7627670,7627670,0,4,"SFIX",7627694,-24,-16
"920",11,17,3,20,618,7648305,7648313,7648315,2,10,"SFIX",7648341,-26,-18
"921",11,42,1,21,618,7662824,7662837,7662838,1,14,"SFIX",7662869,-31,-23
"922",11,40,2,22,618,7670598,7670604,7670606,2,8,"SFIX",7670635,-29,-21
"923",11,37,2,23,618,7682375,7682379,7682379,0,4,"SFIX",7682401,-22,-14
"924",11,5,3,24,618,7691089,7691093,7691100,7,11,"SFIX",7691131,-31,-23
"925",11,10,2,25,618,7700034,7700038,7700042,4,8,"SFIX",7700074,-32,-24
"926",11,15,1,26,618,7710205,7710211,7710218,7,13,"SFIX",7710240,-22,-14
"927",11,25,2,27,618,7770589,7770597,7770599,2,10,"SFIX",7770629,-30,-22
"928",11,38,3,28,618,7778651,7778659,7778660,1,9,"SFIX",7778685,-25,-17
"929",11,28,2,29,618,7801530,7801536,7801537,1,7,"SFIX",7801567,-30,-22
"930",11,11,3,30,618,7869681,7869687,7869695,8,14,"SFIX",7869720,-25,-17
"931",11,88,2,31,618,8066036,8066086,8066087,1,51,"SFIX",8066095,-8,0
"932",11,83,3,32,618,8074159,8074165,8074169,4,10,"SFIX",8074206,-37,-29
"933",11,71,3,33,618,8093844,8093848,8093849,1,5,"SFIX",8093864,-15,-7
"934",11,77,3,34,618,8108575,8108578,8108580,2,5,"SFIX",8108616,-36,-28
"935",11,56,3,35,618,8121219,8121231,8121232,1,13,"SFIX",8121256,-24,-16
"936",11,31,2,36,618,8130426,8130438,8130441,3,15,"SFIX",8130458,-17,-9
"937",11,24,1,37,618,8144419,8144427,8144433,6,14,"SFIX",8144458,-25,-17
"938",11,63,1,38,618,8168681,8168683,8168685,2,4,"SFIX",8168710,-25,-17
"939",11,32,3,39,618,8172814,8172820,8172826,6,12,"SFIX",8172845,-19,-11
"940",11,39,1,40,618,8204661,8204665,8204666,1,5,"SFIX",8204689,-23,-15
"941",11,53,3,41,618,8240768,8240772,8240773,1,5,"SFIX",8240794,-21,-13
"942",11,34,2,42,618,8248543,8248546,8248552,6,9,"SFIX",8248562,-10,-2
"943",11,36,1,43,618,8256576,8256579,8256580,1,4,"SFIX",8256596,-16,-8
"944",11,19,2,44,618,8265210,8265217,8265223,6,13,"SFIX",8265249,-26,-18
"945",11,58,2,45,618,8280213,8280220,8280221,1,8,"SFIX",8280411,-190,-182
"946",11,45,1,46,618,8296786,8296789,8296793,4,7,"SFIX",8296811,-18,-10
"947",11,9,1,47,618,8321536,8321543,8321544,1,8,"SFIX",8321570,-26,-18
"948",11,85,2,48,618,8406835,8406838,8406840,2,5,"SFIX",8406860,-20,-12
"949",11,72,1,49,618,8420109,8420112,8420114,2,5,"SFIX",8420141,-27,-19
"950",11,51,1,50,618,8428111,8428115,8428116,1,5,"SFIX",8428135,-19,-11
"951",11,14,3,51,618,8438868,8438872,8438873,1,5,"SFIX",8438901,-28,-20
"952",11,29,3,52,618,8451059,8451062,8451069,7,10,"SFIX",8451085,-16,-8
"953",11,20,3,53,618,8460375,8460377,8460380,3,5,"SFIX",8460398,-18,-10
"954",11,43,2,54,618,8481259,8481263,8481263,0,4,"SFIX",8481290,-27,-19
"955",11,26,3,55,618,8502922,8502927,8502928,1,6,"SFIX",8502945,-17,-9
"956",11,68,3,56,618,8513124,8513124,8513127,3,3,"SFIX",8513168,-41,-33
"957",11,79,2,57,618,8527744,8527749,8527755,6,11,"SFIX",8527766,-11,-3
"958",11,73,2,58,618,8740235,8740242,8740244,2,9,"SFIX",8740269,-25,-17
"959",11,1,2,59,618,8754895,8754899,8754901,2,6,"SFIX",8754913,-12,-4
"960",11,35,3,60,618,8762493,8762497,8762498,1,5,"SFIX",8762523,-25,-17
"961",11,66,1,61,618,8782764,8782767,8782769,2,5,"SFIX",8782798,-29,-21
"962",11,65,3,62,618,8791748,8791751,8791753,2,5,"SFIX",8791781,-28,-20
"963",11,61,2,63,618,8799909,8799909,8799910,1,1,"SFIX",8799976,-66,-58
"964",11,87,1,64,618,8824674,8824705,8824706,1,32,"SFIX",8824719,-13,-5
"965",11,70,2,65,618,8846520,8846525,8846529,4,9,"SFIX",8846555,-26,-18
"966",11,27,1,66,618,8852043,8852049,8852052,3,9,"SFIX",8852061,-9,-1
"967",11,12,1,67,618,8864233,8864236,8864237,1,4,"SFIX",8864257,-20,-12
"968",11,3,1,68,618,8871742,8871759,8871763,4,21,"SFIX",8871784,-21,-13
"969",11,62,3,69,618,8881487,8881491,8881492,1,5,"SFIX",8881507,-15,-7
"970",11,81,1,70,618,8886259,8886262,8886264,2,5,"SFIX",8886277,-13,-5
"971",11,22,2,71,618,8897994,8897997,8898000,3,6,"SFIX",8898024,-24,-16
"972",11,57,1,72,618,8918283,8918287,8918289,2,6,"SFIX",8918306,-17,-9
"973",11,69,1,73,618,8950002,8950004,8950011,7,9,"SFIX",8950035,-24,-16
"974",11,16,2,74,618,8957159,8957163,8957170,7,11,"SFIX",8957192,-22,-14
"975",11,7,2,75,618,8964787,8964790,8964794,4,7,"SFIX",8964809,-15,-7
"976",11,50,3,76,618,8974962,8974978,8974980,2,18,"SFIX",8975012,-32,-24
"977",11,54,1,77,618,8999247,8999250,8999251,1,4,"SFIX",8999274,-23,-15
"978",11,4,2,78,618,9009362,9009365,9009369,4,7,"SFIX",9009401,-32,-24
"979",11,86,3,79,618,9021000,9021006,9021008,2,8,"SFIX",9021040,-32,-24
"980",11,18,1,80,618,9043266,9043268,9043269,1,3,"SFIX",9043297,-28,-20
"981",11,76,2,81,618,9059648,9059652,9059655,3,7,"SFIX",9059688,-33,-25
"982",11,44,3,82,618,9087299,9087311,9087318,7,19,"SFIX",9087518,-200,-192
"983",11,33,1,83,618,9096921,9096925,9096926,1,5,"SFIX",9096962,-36,-28
"984",11,67,2,84,618,9105700,9105703,9105703,0,3,"SFIX",9105738,-35,-27
"985",11,60,1,85,618,9118467,9118470,9118472,2,5,"SFIX",9118503,-31,-23
"986",11,82,2,86,618,9127319,9127324,9127325,1,6,"SFIX",9127349,-24,-16
"987",11,89,3,87,618,9133400,9133404,9133405,1,5,"SFIX",9133421,-16,-8
"988",11,13,2,88,618,9145790,9145794,9145795,1,5,"SFIX",9145809,-14,-6
"989",11,49,2,89,618,9154104,9154107,9154110,3,6,"SFIX",9154121,-11,-3
"990",11,23,3,90,618,9200632,9200636,9200637,1,5,"SFIX",9200667,-30,-22
"991",12,13,3,1,618,11352553,11352557,11352558,1,5,"SFIX",11352597,-39,-31
"992",12,5,1,2,618,11380768,11380773,11380774,1,6,"SFIX",11380811,-37,-29
"993",12,55,3,3,618,11401967,11401971,11401976,5,9,"SFIX",11402008,-32,-24
"994",12,52,3,4,618,11433621,11433621,11433628,7,7,"SFIX",11433700,-72,-64
"995",12,45,2,5,618,11445174,11445179,11445180,1,6,"SFIX",11445227,-47,-39
"996",12,28,3,6,618,11458648,11458651,11458652,1,4,"SFIX",11458697,-45,-37
"997",12,9,2,7,618,11474612,11474616,11474621,5,9,"SFIX",11474656,-35,-27
"998",12,59,1,8,618,11501956,11501960,11501961,1,5,"SFIX",11501983,-22,-14
"999",12,19,3,9,618,11551738,11551742,11551743,1,5,"SFIX",11551768,-25,-17
"1000",12,4,3,10,618,11561201,11561205,11561206,1,5,"SFIX",11561256,-50,-42
"1001",12,51,2,11,618,11569699,11569710,11569714,4,15,"SFIX",11569783,-69,-61
"1002",12,24,2,12,618,11590863,11590866,11590868,2,5,"SFIX",11590915,-47,-39
"1003",12,1,3,13,618,11611515,11611518,11611523,5,8,"SFIX",11611536,-13,-5
"1004",12,73,3,14,618,11623770,11623774,11623775,1,5,"SFIX",11623808,-33,-25
"1005",12,27,2,15,618,11654934,11654938,11654939,1,5,"SFIX",11654981,-42,-34
"1006",12,36,2,16,618,11682817,11682821,11682821,0,4,"SFIX",11682849,-28,-20
"1007",12,90,2,17,618,11728838,11728842,11728846,4,8,"SFIX",11728895,-49,-41
"1008",12,40,3,18,618,11747996,11748000,11748002,2,6,"SFIX",11748040,-38,-30
"1009",12,61,3,19,618,11769603,11769607,11769608,1,5,"SFIX",11769643,-35,-27
"1010",12,71,1,20,618,11799502,11799505,11799510,5,8,"SFIX",11799532,-22,-14
"1011",12,25,3,21,618,11808150,11808167,11808171,4,21,"SFIX",11808359,-188,-180
"1012",12,46,3,22,618,11819323,11819327,11819328,1,5,"SFIX",11819367,-39,-31
"1013",12,89,1,23,618,11841811,11841833,11841834,1,23,"SFIX",11841872,-38,-30
"1014",12,6,2,24,618,11850519,11850523,11850526,3,7,"SFIX",11850569,-43,-35
"1015",12,7,3,25,618,11861744,11861749,11861754,5,10,"SFIX",11861800,-46,-38
"1016",12,38,1,26,618,11871591,11871591,11871593,2,2,"SFIX",11871678,-85,-77
"1017",12,44,1,27,618,11999418,11999420,11999422,2,4,"SFIX",11999466,-44,-36
"1018",12,49,3,28,618,12035994,12035998,12035999,1,5,"SFIX",12036031,-32,-24
"1019",12,68,1,29,618,12052548,12052553,12052554,1,6,"SFIX",12052603,-49,-41
"1020",12,16,3,30,618,12060509,12060513,12060519,6,10,"SFIX",12060555,-36,-28
"1021",12,62,1,31,618,12141619,12141623,12141624,1,5,"SFIX",12141670,-46,-38
"1022",12,21,2,32,618,12149699,12149703,12149704,1,5,"SFIX",12149746,-42,-34
"1023",12,66,2,33,618,12159174,12159178,12159182,4,8,"SFIX",12159218,-36,-28
"1024",12,18,2,34,618,12175023,12175027,12175032,5,9,"SFIX",12175074,-42,-34
"1025",12,77,1,35,618,12200969,12200973,12200975,2,6,"SFIX",12201009,-34,-26
"1026",12,79,3,36,618,12242274,12242278,12242279,1,5,"SFIX",12242316,-37,-29
"1027",12,85,3,37,618,12263485,12263489,12263490,1,5,"SFIX",12263530,-40,-32
"1028",12,82,3,38,618,12273750,12273753,12273760,7,10,"SFIX",12273801,-41,-33
"1029",12,8,1,39,618,12283097,12283100,12283100,0,3,"SFIX",12283135,-35,-27
"1030",12,80,1,40,618,12300615,12300618,12300621,3,6,"SFIX",12300659,-38,-30
"1031",12,57,2,41,618,12315907,12315910,12315912,2,5,"SFIX",12315948,-36,-28
"1032",12,15,2,42,618,12333381,12333385,12333387,2,6,"SFIX",12333415,-28,-20
"1033",12,35,1,43,618,12346676,12346680,12346681,1,5,"SFIX",12346719,-38,-30
"1034",12,54,2,44,618,12382704,12382708,12382711,3,7,"SFIX",12382748,-37,-29
"1035",12,32,1,45,618,12397419,12397423,12397426,3,7,"SFIX",12397465,-39,-31
"1036",12,88,3,46,618,12412374,12412378,12412383,5,9,"SFIX",12412412,-29,-21
"1037",12,69,2,47,618,12423921,12423925,12423930,5,9,"SFIX",12423959,-29,-21
"1038",12,65,1,48,618,12437826,12437829,12437830,1,4,"SFIX",12437866,-36,-28
"1039",12,67,3,49,618,12450860,12450864,12450865,1,5,"SFIX",12450899,-34,-26
"1040",12,63,2,50,618,12460349,12460352,12460355,3,6,"SFIX",12460381,-26,-18
"1041",12,22,3,51,618,12512815,12512819,12512820,1,5,"SFIX",12512851,-31,-23
"1042",12,84,2,52,618,12535565,12535569,12535570,1,5,"SFIX",12535614,-44,-36
"1043",12,26,1,53,618,12549575,12549580,12549581,1,6,"SFIX",12549622,-41,-33
"1044",12,34,3,54,618,12568821,12568825,12568826,1,5,"SFIX",12568871,-45,-37
"1045",12,11,1,55,618,12615131,12615134,12615135,1,4,"SFIX",12615163,-28,-20
"1046",12,39,2,56,618,12628889,12628892,12628894,2,5,"SFIX",12628932,-38,-30
"1047",12,58,3,57,618,12703027,12703031,12703032,1,5,"SFIX",12703066,-34,-26
"1048",12,10,3,58,618,12715254,12715257,12715259,2,5,"SFIX",12715305,-46,-38
"1049",12,31,3,59,618,12905034,12905037,12905039,2,5,"SFIX",12905077,-38,-30
"1050",12,33,2,60,618,12918268,12918272,12918276,4,8,"SFIX",12918301,-25,-17
"1051",12,2,1,61,618,12928470,12928475,12928476,1,6,"SFIX",12928511,-35,-27
"1052",12,42,2,62,618,12966299,12966302,12966305,3,6,"SFIX",12966345,-40,-32
"1053",12,60,2,63,618,12978199,12978203,12978204,1,5,"SFIX",12978239,-35,-27
"1054",12,48,2,64,618,12990066,12990070,12990073,3,7,"SFIX",12990111,-38,-30
"1055",12,81,2,65,618,13001315,13001319,13001323,4,8,"SFIX",13001354,-31,-23
"1056",12,75,2,66,618,13019827,13019830,13019833,3,6,"SFIX",13019867,-34,-26
"1057",12,86,1,67,618,13054737,13054740,13054742,2,5,"SFIX",13054774,-32,-24
"1058",12,50,1,68,618,13064046,13064049,13064054,5,8,"SFIX",13064097,-43,-35
"1059",12,76,3,69,618,13131599,13131603,13131604,1,5,"SFIX",13131650,-46,-38
"1060",12,64,3,70,618,13141411,13141414,13141418,4,7,"SFIX",13141464,-46,-38
"1061",12,83,1,71,618,13159706,13159710,13159712,2,6,"SFIX",13159749,-37,-29
"1062",12,20,1,72,618,13190797,13190799,13190801,2,4,"SFIX",13190855,-54,-46
"1063",12,70,3,73,618,13204770,13204774,13204781,7,11,"SFIX",13204827,-46,-38
"1064",12,87,2,74,618,13224732,13224735,13224738,3,6,"SFIX",13224777,-39,-31
"1065",12,37,3,75,618,13238428,13238432,13238433,1,5,"SFIX",13238461,-28,-20
"1066",12,78,2,76,618,13327793,13327797,13327798,1,5,"SFIX",13327844,-46,-38
"1067",12,30,2,77,618,13340756,13340759,13340761,2,5,"SFIX",13340801,-40,-32
"1068",12,14,1,78,618,13351194,13351198,13351199,1,5,"SFIX",13351248,-49,-41
"1069",12,29,1,79,618,13362694,13362698,13362700,2,6,"SFIX",13362726,-26,-18
"1070",12,74,1,80,618,13386457,13386474,13386475,1,18,"SFIX",13386627,-152,-144
"1071",12,72,2,81,618,13396272,13396276,13396277,1,5,"SFIX",13396326,-49,-41
"1072",12,56,1,82,618,13418624,13418628,13418629,1,5,"SFIX",13418669,-40,-32
"1073",12,41,1,83,618,13429704,13429708,13429709,1,5,"SFIX",13429745,-36,-28
"1074",12,23,1,84,618,13442922,13442926,13442929,3,7,"SFIX",13442969,-40,-32
"1075",12,12,2,85,618,13488894,13488898,13488899,1,5,"SFIX",13488946,-47,-39
"1076",12,17,1,86,618,13498650,13498653,13498657,4,7,"SFIX",13498699,-42,-34
"1077",12,53,1,87,618,13542976,13543013,13543020,7,44,"SFIX",13543057,-37,-29
"1078",12,43,3,88,618,13559537,13559589,13559596,7,59,"EFIX",13559280,411,419
"1079",12,47,1,89,618,13629752,13629756,13629757,1,5,"SFIX",13629793,-36,-28
"1080",12,3,2,90,618,13646146,13646151,13646154,3,8,"SFIX",13646203,-49,-41
"1081",13,89,2,1,618,14780966,14780969,14780970,1,4,"SFIX",14781002,-32,-24
"1082",13,66,3,2,618,14788376,14788378,14788382,4,6,"SFIX",14788381,1,9
"1083",13,75,3,3,618,14796386,14796388,14796390,2,4,"SFIX",14796398,-8,0
"1084",13,69,3,4,618,14802943,14802945,14802946,1,3,"SFIX",14802990,-44,-36
"1085",13,20,2,5,618,14810001,14810003,14810005,2,4,"SFIX",14810028,-23,-15
"1086",13,49,1,6,618,14816895,14816909,14816911,2,16,"SFIX",14817031,-120,-112
"1087",13,11,2,7,618,14835785,14835795,14835799,4,14,"SFIX",14835932,-133,-125
"1088",13,64,1,8,618,14858010,14858013,14858014,1,4,"SFIX",14858058,-44,-36
"1089",13,15,3,9,618,14868880,14868883,14868884,1,4,"SFIX",14868911,-27,-19
"1090",13,7,1,10,618,14882895,14882902,14882903,1,8,"SFIX",14882943,-40,-32
"1091",13,83,2,11,618,14893651,14893653,14893659,6,8,"SFIX",14893676,-17,-9
"1092",13,81,3,12,618,14915954,14915958,14915964,6,10,"SFIX",14915998,-34,-26
"1093",13,51,3,13,618,14921795,14921797,14921799,2,4,"SFIX",14921807,-8,0
"1094",13,27,3,14,618,14931886,14931887,14931894,7,8,"SFIX",14931916,-22,-14
"1095",13,71,2,15,618,14941766,14941769,14941770,1,4,"SFIX",14941791,-21,-13
"1096",13,53,2,16,618,14952840,14952843,14952848,5,8,"SFIX",14952854,-6,2
"1097",13,47,2,17,618,14996854,14996856,14996858,2,4,"SFIX",14996881,-23,-15
"1098",13,21,3,18,618,15006318,15006333,15006334,1,16,"SFIX",15006464,-130,-122
"1099",13,72,3,19,618,15031681,15031684,15031685,1,4,"SFIX",15031697,-12,-4
"1100",13,73,1,20,618,15053847,15053850,15053852,2,5,"SFIX",15053882,-30,-22
"1101",13,77,2,21,618,15061780,15061783,15061784,1,4,"SFIX",15061820,-36,-28
"1102",13,13,1,22,618,15084413,15084428,15084430,2,17,"SFIX",15084470,-40,-32
"1103",13,4,1,23,618,15115023,15115026,15115027,1,4,"SFIX",15115050,-23,-15
"1104",13,63,3,24,618,15142304,15142312,15142316,4,12,"SFIX",15142448,-132,-124
"1105",13,43,1,25,618,15149381,15149384,15149386,2,5,"SFIX",15149402,-16,-8
"1106",13,5,2,26,618,15180362,15180364,15180368,4,6,"SFIX",15180384,-16,-8
"1107",13,12,3,27,618,15190969,15190970,15190972,2,3,"SFIX",15190995,-23,-15
"1108",13,36,3,28,618,15200613,15200614,15200616,2,3,"SFIX",15200652,-36,-28
"1109",13,54,3,29,618,15228356,15228359,15228362,3,6,"SFIX",15228378,-16,-8
"1110",13,32,2,30,618,15240617,15240619,15240620,1,3,"SFIX",15240636,-16,-8
"1111",13,19,1,31,618,15375297,15375299,15375301,2,4,"SFIX",15375313,-12,-4
"1112",13,62,2,32,618,15396935,15396938,15396941,3,6,"SFIX",15396957,-16,-8
"1113",13,18,3,33,618,15403827,15403830,15403832,2,5,"SFIX",15403867,-35,-27
"1114",13,39,3,34,618,15451547,15451549,15451555,6,8,"SFIX",15451564,-9,-1
"1115",13,79,1,35,618,15463083,15463086,15463087,1,4,"SFIX",15463123,-36,-28
"1116",13,50,2,36,618,15469551,15469555,15469556,1,5,"SFIX",15469600,-44,-36
"1117",13,8,2,37,618,15495890,15495892,15495894,2,4,"SFIX",15495925,-31,-23
"1118",13,2,2,38,618,15515431,15515443,15515444,1,13,"SFIX",15515555,-111,-103
"1119",13,78,3,39,618,15533797,15533800,15533801,1,4,"SFIX",15533827,-26,-18
"1120",13,33,3,40,618,15561551,15561554,15561555,1,4,"SFIX",15561584,-29,-21
"1121",13,37,1,41,618,15570279,15570282,15570283,1,4,"SFIX",15570300,-17,-9
"1122",13,57,3,42,618,15595462,15595463,15595470,7,8,"SFIX",15595493,-23,-15
"1123",13,87,3,43,618,15627639,15627642,15627644,2,5,"SFIX",15627680,-36,-28
"1124",13,23,2,44,618,15632929,15632933,15632934,1,5,"SFIX",15632940,-6,2
"1125",13,86,2,45,618,15647789,15647791,15647793,2,4,"SFIX",15647822,-29,-21
"1126",13,6,3,46,618,15653766,15653768,15653770,2,4,"SFIX",15653805,-35,-27
"1127",13,59,2,47,618,15661272,15661298,15661299,1,27,"SFIX",15661407,-108,-100
"1128",13,42,3,48,618,15683326,15683329,15683331,2,5,"SFIX",15683360,-29,-21
"1129",13,61,1,49,618,15689444,15689458,15689465,7,21,"SFIX",15689594,-129,-121
"1130",13,67,1,50,618,15703663,15703666,15703670,4,7,"SFIX",15703700,-30,-22
"1131",13,16,1,51,618,15711207,15711210,15711216,6,9,"SFIX",15711224,-8,0
"1132",13,30,3,52,618,15728572,15728575,15728577,2,5,"SFIX",15728608,-31,-23
"1133",13,90,3,53,618,15760296,15760299,15760301,2,5,"SFIX",15760319,-18,-10
"1134",13,3,3,54,618,15773608,15773611,15773612,1,4,"SFIX",15773632,-20,-12
"1135",13,58,1,55,618,15780905,15780919,15780924,5,19,"SFIX",15781035,-111,-103
"1136",13,22,1,56,618,15797578,15797579,15797581,2,3,"SFIX",15797600,-19,-11
"1137",13,46,1,57,618,15804524,15804526,15804528,2,4,"SFIX",15804535,-7,1
"1138",13,74,2,58,618,15814087,15814090,15814091,1,4,"SFIX",15814118,-27,-19
"1139",13,17,2,59,618,15819017,15819018,15819019,1,2,"SFIX",15819052,-33,-25
"1140",13,45,3,60,618,15998151,15998154,15998156,2,5,"SFIX",15998183,-27,-19
"1141",13,40,1,61,618,16012458,16012508,16012512,4,54,"SFIX",16012554,-42,-34
"1142",13,68,2,62,618,16023654,16023656,16023662,6,8,"SFIX",16023700,-38,-30
"1143",13,24,3,63,618,16040182,16040185,16040191,6,9,"SFIX",16040215,-24,-16
"1144",13,65,2,64,618,16048727,16048729,16048731,2,4,"SFIX",16048768,-37,-29
"1145",13,10,1,65,618,16059696,16059700,16059701,1,5,"SFIX",16059728,-27,-19
"1146",13,41,2,66,618,16069086,16069098,16069099,1,13,"SFIX",16069141,-42,-34
"1147",13,9,3,67,618,16077468,16077472,16077473,1,5,"SFIX",16077489,-16,-8
"1148",13,28,1,68,618,16087512,16087514,16087516,2,4,"SFIX",16087554,-38,-30
"1149",13,35,2,69,618,16113073,16113089,16113091,2,18,"SFIX",16113126,-35,-27
"1150",13,82,1,70,618,16128677,16128681,16128686,5,9,"SFIX",16128708,-22,-14
"1151",13,29,2,71,618,16135018,16135021,16135022,1,4,"SFIX",16135054,-32,-24
"1152",13,76,1,72,618,16144129,16144131,16144132,1,3,"SFIX",16144154,-22,-14
"1153",13,48,3,73,618,16170900,16170914,16170919,5,19,"SFIX",16170957,-38,-30
"1154",13,85,1,74,618,16191270,16191273,16191274,1,4,"SFIX",16191287,-13,-5
"1155",13,44,2,75,618,16197849,16197852,16197854,2,5,"SFIX",16197875,-21,-13
"1156",13,56,2,76,618,16208242,16208246,16208249,3,7,"SFIX",16208279,-30,-22
"1157",13,80,2,77,618,16226992,16226996,16226997,1,5,"SFIX",16227044,-47,-39
"1158",13,25,1,78,618,16232231,16232235,16232240,5,9,"SFIX",16232278,-38,-30
"1159",13,26,2,79,618,16240854,16240857,16240858,1,4,"SFIX",16240893,-35,-27
"1160",13,52,1,80,618,16252330,16252338,16252342,4,12,"SFIX",16252372,-30,-22
"1161",13,14,2,81,618,16269295,16269298,16269304,6,9,"SFIX",16269327,-23,-15
"1162",13,34,1,82,618,16285242,16285246,16285249,3,7,"SFIX",16285281,-32,-24
"1163",13,38,2,83,618,16301142,16301145,16301146,1,4,"SFIX",16301172,-26,-18
"1164",13,55,1,84,618,16351395,16351398,16351399,1,4,"SFIX",16351420,-21,-13
"1165",13,1,1,85,618,16398656,16398659,16398660,1,4,"SFIX",16398678,-18,-10
"1166",13,88,1,86,618,16433175,16433178,16433179,1,4,"SFIX",16433214,-35,-27
"1167",13,60,3,87,618,16438874,16438877,16438882,5,8,"SFIX",16438922,-40,-32
"1168",13,84,3,88,618,16491496,16491500,16491501,1,5,"SFIX",16491517,-16,-8
"1169",13,31,1,89,618,16499088,16499091,16499093,2,5,"SFIX",16499128,-35,-27
"1170",13,70,1,90,618,16507103,16507105,16507110,5,7,"SFIX",16507134,-24,-16
"1171",14,51,1,1,618,15338314,15338318,15338322,4,8,"SFIX",15338346,-24,-16
"1172",14,53,3,2,618,15357932,15357936,15357940,4,8,"SFIX",15357972,-32,-24
"1173",14,22,2,3,618,15407366,15407369,15407373,4,7,"SFIX",15407391,-18,-10
"1174",14,31,2,4,618,15421122,15421126,15421127,1,5,"SFIX",15421142,-15,-7
"1175",14,80,3,5,618,15452278,15452282,15452283,1,5,"SFIX",15452299,-16,-8
"1176",14,77,3,6,618,15478496,15478500,15478505,5,9,"SFIX",15478529,-24,-16
"1177",14,57,1,7,618,15494556,15494559,15494564,5,8,"SFIX",15494589,-25,-17
"1178",14,24,1,8,618,15656240,15656244,15656245,1,5,"SFIX",15656277,-32,-24
"1179",14,87,1,9,618,15686358,15686361,15686363,2,5,"SFIX",15686386,-23,-15
"1180",14,3,1,10,618,15695491,15695494,15695495,1,4,"SFIX",15695513,-18,-10
"1181",14,39,1,11,618,15705969,15705973,15705973,0,4,"SFIX",15706025,-52,-44
"1182",14,76,2,12,618,15744086,15744091,15744092,1,6,"SFIX",15744113,-21,-13
"1183",14,61,2,13,618,15779794,15779794,15779795,1,1,"SFIX",15779897,-102,-94
"1184",14,5,3,14,618,15801370,15801379,15801381,2,11,"SFIX",15801753,-372,-364
"1185",14,38,3,15,618,15817097,15817101,15817102,1,5,"SFIX",15817136,-34,-26
"1186",14,1,2,16,618,15862738,15862741,15862747,6,9,"SFIX",15862795,-48,-40
"1187",14,79,2,17,618,15874832,15874835,15874836,1,4,"SFIX",15874866,-30,-22
"1188",14,86,3,18,618,15884144,15884148,15884151,3,7,"SFIX",15884167,-16,-8
"1189",14,48,1,19,618,15925313,15925317,15925323,6,10,"SFIX",15925349,-26,-18
"1190",14,60,1,20,618,15935426,15935429,15935432,3,6,"SFIX",15935460,-28,-20
"1191",14,56,3,21,618,15948250,15948254,15948260,6,10,"SFIX",15948277,-17,-9
"1192",14,16,2,22,618,15971217,15971221,15971228,7,11,"SFIX",15971269,-41,-33
"1193",14,72,1,23,618,15984902,15984906,15984907,1,5,"SFIX",15984931,-24,-16
"1194",14,28,2,24,618,16080448,16080452,16080453,1,5,"SFIX",16080491,-38,-30
"1195",14,88,2,25,618,16092038,16092042,16092042,0,4,"SFIX",16092061,-19,-11
"1196",14,47,3,26,618,16106269,16106273,16106274,1,5,"SFIX",16106285,-11,-3
"1197",14,26,3,27,618,16172700,16172703,16172705,2,5,"SFIX",16172723,-18,-10
"1198",14,78,1,28,618,16199314,16199323,16199326,3,12,"EFIX",16199302,409,417
"1199",14,4,2,29,618,16205584,16205584,16205586,2,2,"SFIX",16205610,-24,-16
"1200",14,84,1,30,618,16223728,16223733,16223734,1,6,"SFIX",16223765,-31,-23
"1201",14,8,3,31,618,16244907,16244911,16244915,4,8,"SFIX",16244923,-8,0
"1202",14,63,1,32,618,16266130,16266133,16266135,2,5,"SFIX",16266163,-28,-20
"1203",14,17,3,33,618,16294688,16294692,16294698,6,10,"SFIX",16294716,-18,-10
"1204",14,29,3,34,618,16318627,16318630,16318632,2,5,"SFIX",16318656,-24,-16
"1205",14,11,3,35,618,16335707,16335711,16335714,3,7,"SFIX",16335743,-29,-21
"1206",14,58,2,36,618,16352347,16352350,16352352,2,5,"SFIX",16352363,-11,-3
"1207",14,89,3,37,618,16363554,16363558,16363559,1,5,"SFIX",16363593,-34,-26
"1208",14,49,2,38,618,16377907,16377911,16377913,2,6,"SFIX",16377931,-18,-10
"1209",14,64,2,39,618,16405428,16405431,16405433,2,5,"SFIX",16405457,-24,-16
"1210",14,45,1,40,618,16413086,16413091,16413092,1,6,"SFIX",16413112,-20,-12
"1211",14,42,1,41,618,16423543,16423547,16423550,3,7,"SFIX",16423562,-12,-4
"1212",14,40,2,42,618,16432726,16432731,16432732,1,6,"EFIX",16432729,381,389
"1213",14,52,2,43,618,16451478,16451481,16451483,2,5,"SFIX",16451504,-21,-13
"1214",14,13,2,44,618,16467222,16467226,16467233,7,11,"SFIX",16467259,-26,-18
"1215",14,65,3,45,618,16475220,16475224,16475225,1,5,"SFIX",16475248,-23,-15
"1216",14,37,2,46,618,16482812,16482817,16482818,1,6,"SFIX",16482837,-19,-11
"1217",14,67,2,47,618,16492645,16492648,16492649,1,4,"SFIX",16492681,-32,-24
"1218",14,25,2,48,618,16501457,16501459,16501462,3,5,"SFIX",16501467,-5,3
"1219",14,66,1,49,618,16523398,16523401,16523403,2,5,"SFIX",16523415,-12,-4
"1220",14,18,1,50,618,16537984,16537988,16537989,1,5,"SFIX",16538015,-26,-18
"1221",14,73,2,51,618,16552097,16552102,16552103,1,6,"SFIX",16552134,-31,-23
"1222",14,44,3,52,618,16573918,16573923,16573924,1,6,"SFIX",16573948,-24,-16
"1223",14,70,2,53,618,16583369,16583372,16583373,1,4,"SFIX",16583409,-36,-28
"1224",14,20,3,54,618,16605129,16605133,16605134,1,5,"SFIX",16605161,-27,-19
"1225",14,19,2,55,618,16613513,16613517,16613517,0,4,"SFIX",16613538,-21,-13
"1226",14,36,1,56,618,16638235,16638239,16638241,2,6,"SFIX",16638271,-30,-22
"1227",14,2,3,57,618,16657473,16657477,16657478,1,5,"SFIX",16657509,-31,-23
"1228",14,41,3,58,618,16690277,16690280,16690285,5,8,"SFIX",16690312,-27,-19
"1229",14,10,2,59,618,16724466,16724469,16724471,2,5,"SFIX",16724493,-22,-14
"1230",14,71,3,60,618,16821959,16821963,16821964,1,5,"SFIX",16821988,-24,-16
"1231",14,59,3,61,618,16829614,16829617,16829619,2,5,"SFIX",16829635,-16,-8
"1232",14,54,1,62,618,16837279,16837283,16837289,6,10,"SFIX",16837306,-17,-9
"1233",14,69,1,63,618,16855614,16855618,16855623,5,9,"SFIX",16855632,-9,-1
"1234",14,30,1,64,618,16862464,16862472,16862473,1,9,"SFIX",16862507,-34,-26
"1235",14,9,1,65,618,16876599,16876602,16876603,1,4,"SFIX",16876632,-29,-21
"1236",14,32,3,66,618,16886907,16886911,16886916,5,9,"SFIX",16886946,-30,-22
"1237",14,14,3,67,618,16905464,16905466,16905468,2,4,"SFIX",16905485,-17,-9
"1238",14,34,2,68,618,16916308,16916358,16916363,5,55,"SFIX",16916364,-1,7
"1239",14,55,2,69,618,16941513,16941517,16941519,2,6,"SFIX",16941534,-15,-7
"1240",14,83,3,70,618,16973973,16973977,16973978,1,5,"SFIX",16973996,-18,-10
"1241",14,81,1,71,618,16981916,16981920,16981922,2,6,"SFIX",16981949,-27,-19
"1242",14,85,2,72,618,16989666,16989670,16989672,2,6,"SFIX",16989701,-29,-21
"1243",14,90,1,73,618,17006998,17007009,17007010,1,12,"SFIX",17007013,-3,5
"1244",14,82,2,74,618,17031069,17031073,17031079,6,10,"SFIX",17031110,-31,-23
"1245",14,23,3,75,618,17059263,17059266,17059267,1,4,"SFIX",17059297,-30,-22
"1246",14,68,3,76,618,17074034,17074036,17074039,3,5,"SFIX",17074059,-20,-12
"1247",14,43,2,77,618,17083953,17083958,17083959,1,6,"SFIX",17083977,-18,-10
"1248",14,75,1,78,618,17093230,17093234,17093234,0,4,"SFIX",17093257,-23,-15
"1249",14,12,1,79,618,17100929,17100932,17100936,4,7,"SFIX",17100957,-21,-13
"1250",14,62,3,80,618,17130322,17130326,17130329,3,7,"SFIX",17130370,-41,-33
"1251",14,35,3,81,618,17141518,17141521,17141526,5,8,"SFIX",17141527,-1,7
"1252",14,33,1,82,618,17160770,17160774,17160780,6,10,"SFIX",17160803,-23,-15
"1253",14,74,3,83,618,17230847,17230850,17230854,4,7,"SFIX",17230891,-37,-29
"1254",14,46,2,84,618,17245829,17245833,17245834,1,5,"SFIX",17245849,-15,-7
"1255",14,27,1,85,618,17260059,17260062,17260064,2,5,"SFIX",17260077,-13,-5
"1256",14,50,3,86,618,17269387,17269391,17269396,5,9,"SFIX",17269424,-28,-20
"1257",14,21,1,87,618,17277292,17277295,17277297,2,5,"SFIX",17277340,-43,-35
"1258",14,7,2,88,618,17286584,17286588,17286590,2,6,"SFIX",17286616,-26,-18
"1259",14,6,1,89,618,17295019,17295022,17295024,2,5,"SFIX",17295044,-20,-12
"1260",14,15,1,90,618,17356435,17356438,17356438,0,3,"SFIX",17356536,-98,-90
"1261",15,23,1,1,618,17979172,17979176,17979176,0,4,"SFIX",17979206,-30,-22
"1262",15,37,3,2,618,18010590,18010594,18010596,2,6,"SFIX",18010613,-17,-9
"1263",15,57,2,3,618,18031701,18031705,18031706,1,5,"SFIX",18031725,-19,-11
"1264",15,71,1,4,618,18054614,18054618,18054623,5,9,"SFIX",18054661,-38,-30
"1265",15,27,2,5,618,18063671,18063673,18063674,1,3,"SFIX",18063711,-37,-29
"1266",15,45,2,6,618,18084504,18084507,18084509,2,5,"SFIX",18084545,-36,-28
"1267",15,84,2,7,618,18111807,18111810,18111815,5,8,"SFIX",18111844,-29,-21
"1268",15,74,1,8,618,18120835,18120839,18120840,1,5,"SFIX",18120880,-40,-32
"1269",15,77,1,9,618,18129965,18129968,18129973,5,8,"SFIX",18129991,-18,-10
"1270",15,11,1,10,618,18195002,18195005,18195006,1,4,"SFIX",18195044,-38,-30
"1271",15,50,1,11,618,18207885,18207889,18207893,4,8,"SFIX",18207923,-30,-22
"1272",15,12,2,12,618,18217599,18217601,18217607,6,8,"SFIX",18217645,-38,-30
"1273",15,83,1,13,618,18227666,18227669,18227670,1,4,"SFIX",18227689,-19,-11
"1274",15,54,2,14,618,18240298,18240302,18240304,2,6,"SFIX",18240338,-34,-26
"1275",15,66,2,15,618,18270598,18270601,18270603,2,5,"SFIX",18270643,-40,-32
"1276",15,36,2,16,618,18278740,18278746,18278750,4,10,"SFIX",18278802,-52,-44
"1277",15,6,2,17,618,18313540,18313543,18313546,3,6,"SFIX",18313569,-23,-15
"1278",15,81,2,18,618,18334763,18334766,18334767,1,4,"SFIX",18334798,-31,-23
"1279",15,38,1,19,618,18354252,18354256,18354256,0,4,"SFIX",18354274,-18,-10
"1280",15,80,1,20,618,18363454,18363458,18363458,0,4,"SFIX",18363494,-36,-28
"1281",15,58,3,21,618,18370025,18370028,18370030,2,5,"SFIX",18370050,-20,-12
"1282",15,49,3,22,618,18380384,18380387,18380393,6,9,"SFIX",18380422,-29,-21
"1283",15,55,3,23,618,18390160,18390164,18390167,3,7,"SFIX",18390177,-10,-2
"1284",15,25,3,24,618,18410221,18410225,18410227,2,6,"SFIX",18410232,-5,3
"1285",15,69,2,25,618,18435548,18435553,18435558,5,10,"SFIX",18435597,-39,-31
"1286",15,73,3,26,618,18454699,18454702,18454703,1,4,"SFIX",18454729,-26,-18
"1287",15,30,2,27,618,18484402,18484404,18484405,1,3,"SFIX",18484430,-25,-17
"1288",15,44,1,28,618,18494028,18494031,18494037,6,9,"SFIX",18494066,-29,-21
"1289",15,8,1,29,618,18577845,18577849,18577850,1,5,"SFIX",18577881,-31,-23
"1290",15,88,3,30,618,18587251,18587256,18587257,1,6,"SFIX",18587295,-38,-30
"1291",15,86,1,31,618,18595604,18595623,18595625,2,21,"SFIX",18595657,-32,-24
"1292",15,31,3,32,618,18616095,18616099,18616100,1,5,"SFIX",18616121,-21,-13
"1293",15,20,1,33,618,18632438,18632443,18632444,1,6,"SFIX",18632480,-36,-28
"1294",15,85,3,34,618,18664275,18664278,18664280,2,5,"SFIX",18664300,-20,-12
"1295",15,62,1,35,618,18670038,18670041,18670048,7,10,"SFIX",18670088,-40,-32
"1296",15,65,1,36,618,18701068,18701072,18701073,1,5,"SFIX",18701099,-26,-18
"1297",15,67,3,37,618,18725089,18725093,18725099,6,10,"SFIX",18725116,-17,-9
"1298",15,75,2,38,618,18732819,18732823,18732824,1,5,"SFIX",18732843,-19,-11
"1299",15,7,3,39,618,18746461,18746465,18746467,2,6,"SFIX",18746507,-40,-32
"1300",15,17,1,40,618,18756842,18756846,18756852,6,10,"SFIX",18756875,-23,-15
"1301",15,59,1,41,618,18770348,18770351,18770353,2,5,"SFIX",18770355,-2,6
"1302",15,2,1,42,618,18782876,18782880,18782884,4,8,"SFIX",18782921,-37,-29
"1303",15,78,2,43,618,18809380,18809390,18809391,1,11,"SFIX",18809620,-229,-221
"1304",15,32,1,44,618,18833348,18833351,18833354,3,6,"SFIX",18833387,-33,-25
"1305",15,35,1,45,618,18868307,18868310,18868316,6,9,"SFIX",18868343,-27,-19
"1306",15,33,2,46,618,18878258,18878262,18878263,1,5,"SFIX",18878295,-32,-24
"1307",15,56,1,47,618,18900479,18900482,18900483,1,4,"SFIX",18900537,-54,-46
"1308",15,16,3,48,618,18934193,18934201,18934204,3,11,"SFIX",18934246,-42,-34
"1309",15,26,1,49,618,18944059,18944063,18944063,0,4,"SFIX",18944099,-36,-28
"1310",15,82,3,50,618,18960851,18960855,18960856,1,5,"SFIX",18960882,-26,-18
"1311",15,29,1,51,618,18968307,18968311,18968314,3,7,"SFIX",18968341,-27,-19
"1312",15,10,3,52,618,18985590,18985593,18985599,6,9,"SFIX",18985634,-35,-27
"1313",15,48,2,53,618,19007450,19007500,19007507,7,57,"SFIX",19007514,-7,1
"1314",15,76,3,54,618,19018084,19018087,19018089,2,5,"SFIX",19018113,-24,-16
"1315",15,19,3,55,618,19031252,19031254,19031258,4,6,"SFIX",19031276,-18,-10
"1316",15,40,3,56,618,19047984,19047988,19047988,0,4,"SFIX",19048008,-20,-12
"1317",15,14,1,57,618,19057147,19057151,19057157,6,10,"SFIX",19057186,-29,-21
"1318",15,87,2,58,618,19072366,19072369,19072371,2,5,"SFIX",19072394,-23,-15
"1319",15,46,3,59,618,19200452,19200456,19200459,3,7,"SFIX",19200481,-22,-14
"1320",15,51,2,60,618,19209712,19209715,19209719,4,7,"SFIX",19209738,-19,-11
"1321",15,72,2,61,618,19221842,19221845,19221849,4,7,"SFIX",19221862,-13,-5
"1322",15,3,2,62,618,19250432,19250435,19250437,2,5,"SFIX",19250458,-21,-13
"1323",15,79,3,63,618,19269044,19269048,19269049,1,5,"SFIX",19269075,-26,-18
"1324",15,9,2,64,618,19278844,19278848,19278854,6,10,"SFIX",19278850,4,12
"1325",15,28,3,65,618,19310329,19310332,19310334,2,5,"SFIX",19310379,-45,-37
"1326",15,53,1,66,618,19317543,19317546,19317546,0,3,"SFIX",19317569,-23,-15
"1327",15,47,1,67,618,19370536,19370543,19370545,2,9,"SFIX",19370597,-52,-44
"1328",15,13,3,68,618,19394183,19394187,19394188,1,5,"SFIX",19394219,-31,-23
"1329",15,63,2,69,618,19404407,19404414,19404419,5,12,"SFIX",19404476,-57,-49
"1330",15,34,3,70,618,19411082,19411086,19411087,1,5,"SFIX",19411107,-20,-12
"1331",15,42,2,71,618,19421685,19421688,19421689,1,4,"SFIX",19421732,-43,-35
"1332",15,90,2,72,618,19444627,19444631,19444633,2,6,"SFIX",19444658,-25,-17
"1333",15,64,3,73,618,19454821,19454825,19454826,1,5,"SFIX",19454866,-40,-32
"1334",15,68,1,74,618,19467093,19467096,19467098,2,5,"SFIX",19467141,-43,-35
"1335",15,24,2,75,618,19487226,19487230,19487237,7,11,"SFIX",19487252,-15,-7
"1336",15,1,3,76,618,19510371,19510375,19510376,1,5,"SFIX",19510409,-33,-25
"1337",15,4,3,77,618,19526073,19526085,19526090,5,17,"SFIX",19526264,-174,-166
"1338",15,61,3,78,618,19533804,19533808,19533810,2,6,"SFIX",19533852,-42,-34
"1339",15,15,2,79,618,19540916,19540919,19540920,1,4,"SFIX",19540930,-10,-2
"1340",15,18,2,80,618,19550563,19550567,19550567,0,4,"SFIX",19550593,-26,-18
"1341",15,60,2,81,618,19574571,19574574,19574576,2,5,"SFIX",19574600,-24,-16
"1342",15,43,3,82,618,19582570,19582573,19582575,2,5,"SFIX",19582593,-18,-10
"1343",15,21,2,83,618,19590812,19590815,19590817,2,5,"SFIX",19590839,-22,-14
"1344",15,39,2,84,618,19613274,19613278,19613280,2,6,"SFIX",19613293,-13,-5
"1345",15,41,1,85,618,19631315,19631318,19631320,2,5,"SFIX",19631341,-21,-13
"1346",15,5,1,86,618,19656159,19656162,19656162,0,3,"SFIX",19656186,-24,-16
"1347",15,22,3,87,618,19665714,19665719,19665722,3,8,"SFIX",19665740,-18,-10
"1348",15,52,3,88,618,19676836,19676839,19676841,2,5,"SFIX",19676861,-20,-12
"1349",15,70,3,89,618,19686748,19686751,19686753,2,5,"SFIX",19686780,-27,-19
"1350",15,89,1,90,618,19699933,19699937,19699942,5,9,"SFIX",19699960,-18,-10
"1351",16,88,1,1,618,1254104,1254118,1254125,7,21,"SFIX",1254326,-201,-193
"1352",16,37,1,2,618,1268723,1268726,1268731,5,8,"SFIX",1268771,-40,-32
"1353",16,33,3,3,618,1286556,1286559,1286564,5,8,"SFIX",1286600,-36,-28
"1354",16,14,2,4,618,1313403,1313405,1313410,5,7,"SFIX",1313453,-43,-35
"1355",16,50,2,5,618,1331330,1331332,1331335,3,5,"SFIX",1331379,-44,-36
"1356",16,79,1,6,618,1348058,1348061,1348062,1,4,"SFIX",1348108,-46,-38
"1357",16,52,1,7,618,1354606,1354609,1354611,2,5,"SFIX",1354661,-50,-42
"1358",16,60,3,8,618,1374397,1374400,1374404,4,7,"SFIX",1374444,-40,-32
"1359",16,68,2,9,618,1441222,1441224,1441225,1,3,"SFIX",1441272,-47,-39
"1360",16,71,2,10,618,1460221,1460223,1460225,2,4,"SFIX",1460275,-50,-42
"1361",16,87,3,11,618,1478027,1478030,1478031,1,4,"SFIX",1478087,-56,-48
"1362",16,10,1,12,618,1500879,1500882,1500883,1,4,"SFIX",1500932,-49,-41
"1363",16,76,1,13,618,1531718,1531721,1531722,1,4,"SFIX",1531769,-47,-39
"1364",16,53,2,14,618,1540396,1540400,1540401,1,5,"SFIX",1540441,-40,-32
"1365",16,78,3,15,618,1568209,1568213,1568214,1,5,"SFIX",1568384,-170,-162
"1366",16,7,1,16,618,1581449,1581451,1581452,1,3,"SFIX",1581491,-39,-31
"1367",16,23,2,17,618,1598508,1598510,1598512,2,4,"SFIX",1598556,-44,-36
"1368",16,9,3,18,618,1621583,1621585,1621587,2,4,"SFIX",1621626,-39,-31
"1369",16,13,1,19,618,1632853,1632856,1632862,6,9,"SFIX",1632907,-45,-37
"1370",16,66,3,20,618,1642657,1642661,1642662,1,5,"SFIX",1642702,-40,-32
"1371",16,35,2,21,618,1651785,1651787,1651788,1,3,"SFIX",1651825,-37,-29
"1372",16,16,1,22,618,1663385,1663388,1663389,1,4,"SFIX",1663449,-60,-52
"1373",16,15,3,23,618,1684359,1684363,1684364,1,5,"SFIX",1684397,-33,-25
"1374",16,51,3,24,618,1704894,1704898,1704903,5,9,"SFIX",1704949,-46,-38
"1375",16,41,2,25,618,1731780,1731783,1731786,3,6,"SFIX",1731833,-47,-39
"1376",16,77,2,26,618,1907549,1907551,1907553,2,4,"SFIX",1907586,-33,-25
"1377",16,42,3,27,618,1919331,1919334,1919335,1,4,"SFIX",1919389,-54,-46
"1378",16,40,1,28,618,1938690,1938693,1938694,1,4,"SFIX",1938751,-57,-49
"1379",16,55,1,29,618,1958047,1958049,1958054,5,7,"SFIX",1958092,-38,-30
"1380",16,86,2,30,618,1980067,1980070,1980073,3,6,"SFIX",1980103,-30,-22
"1381",16,25,1,31,618,2018310,2018313,2018314,1,4,"SFIX",2018359,-45,-37
"1382",16,18,3,32,618,2036440,2036441,2036443,2,3,"SFIX",2036503,-60,-52
"1383",16,31,1,33,618,2074273,2074274,2074276,2,3,"SFIX",2074320,-44,-36
"1384",16,85,1,34,618,2125654,2125657,2125662,5,8,"SFIX",2125709,-47,-39
"1385",16,83,2,35,618,2133640,2133642,2133650,8,10,"SFIX",2133695,-45,-37
"1386",16,46,1,36,618,2156302,2156305,2156306,1,4,"SFIX",2156366,-60,-52
"1387",16,6,3,37,618,2178337,2178339,2178347,8,10,"SFIX",2178381,-34,-26
"1388",16,65,2,38,618,2187388,2187391,2187392,1,4,"SFIX",2187430,-38,-30
"1389",16,11,2,39,618,2193503,2193506,2193507,1,4,"SFIX",2193556,-49,-41
"1390",16,84,3,40,618,2219217,2219220,2219223,3,6,"SFIX",2219266,-43,-35
"1391",16,62,2,41,618,2229107,2229110,2229111,1,4,"SFIX",2229148,-37,-29
"1392",16,4,1,42,618,2236969,2236971,2236973,2,4,"SFIX",2237011,-38,-30
"1393",16,24,3,43,618,2270449,2270466,2270467,1,18,"SFIX",2270635,-168,-160
"1394",16,12,3,44,618,2279470,2279473,2279474,1,4,"SFIX",2279520,-46,-38
"1395",16,17,2,45,618,2296004,2296007,2296009,2,5,"SFIX",2296044,-35,-27
"1396",16,59,2,46,618,2306747,2306749,2306751,2,4,"SFIX",2306802,-51,-43
"1397",16,48,3,47,618,2323962,2323965,2323970,5,8,"SFIX",2324006,-36,-28
"1398",16,5,2,48,618,2341042,2341044,2341046,2,4,"SFIX",2341087,-41,-33
"1399",16,22,1,49,618,2367687,2367690,2367691,1,4,"SFIX",2367729,-38,-30
"1400",16,89,2,50,618,2394210,2394213,2394214,1,4,"SFIX",2394258,-44,-36
"1401",16,64,1,51,618,2401611,2401613,2401615,2,4,"SFIX",2401659,-44,-36
"1402",16,19,1,52,618,2410531,2410534,2410535,1,4,"SFIX",2410575,-40,-32
"1403",16,29,2,53,618,2436246,2436248,2436249,1,3,"SFIX",2436294,-45,-37
"1404",16,57,3,54,618,2453886,2453888,2453890,2,4,"SFIX",2453938,-48,-40
"1405",16,81,3,55,618,2465792,2465795,2465799,4,7,"SFIX",2465841,-42,-34
"1406",16,21,3,56,618,2627569,2627572,2627573,1,4,"SFIX",2627607,-34,-26
"1407",16,63,3,57,618,2652407,2652410,2652412,2,5,"SFIX",2652451,-39,-31
"1408",16,8,2,58,618,2663024,2663027,2663028,1,4,"SFIX",2663063,-35,-27
"1409",16,75,3,59,618,2677178,2677181,2677182,1,4,"SFIX",2677233,-51,-43
"1410",16,67,1,60,618,2684473,2684475,2684479,4,6,"SFIX",2684522,-43,-35
"1411",16,43,1,61,618,2698969,2698972,2698978,6,9,"SFIX",2699022,-44,-36
"1412",16,73,1,62,618,2717976,2717978,2717981,3,5,"SFIX",2718021,-40,-32
"1413",16,90,3,63,618,2725578,2725582,2725583,1,5,"SFIX",2725624,-41,-33
"1414",16,70,1,64,618,2743816,2743819,2743820,1,4,"SFIX",2743863,-43,-35
"1415",16,30,3,65,618,2753641,2753644,2753645,1,4,"SFIX",2753701,-56,-48
"1416",16,56,2,66,618,2780099,2780102,2780103,1,4,"SFIX",2780155,-52,-44
"1417",16,54,3,67,618,2790511,2790514,2790514,0,3,"SFIX",2790563,-49,-41
"1418",16,36,3,68,618,2801162,2801164,2801166,2,4,"SFIX",2801211,-45,-37
"1419",16,1,1,69,618,2810281,2810304,2810305,1,24,"SFIX",2810339,-34,-26
"1420",16,49,1,70,618,2820581,2820584,2820590,6,9,"SFIX",2820618,-28,-20
"1421",16,20,2,71,618,2830519,2830521,2830527,6,8,"SFIX",2830559,-32,-24
"1422",16,44,2,72,618,2838623,2838626,2838627,1,4,"SFIX",2838653,-26,-18
"1423",16,82,1,73,618,2856673,2856677,2856684,7,11,"SFIX",2856731,-47,-39
"1424",16,34,1,74,618,2904167,2904169,2904173,4,6,"SFIX",2904222,-49,-41
"1425",16,26,2,75,618,2929550,2929553,2929556,3,6,"SFIX",2929595,-39,-31
"1426",16,72,3,76,618,2957671,2957674,2957675,1,4,"SFIX",2957724,-49,-41
"1427",16,38,2,77,618,2973976,2973993,2973994,1,18,"SFIX",2974155,-161,-153
"1428",16,39,3,78,618,2985351,2985355,2985356,1,5,"SFIX",2985385,-29,-21
"1429",16,28,1,79,618,2999032,2999035,2999036,1,4,"SFIX",2999071,-35,-27
"1430",16,74,2,80,618,3008700,3008702,3008706,4,6,"SFIX",3008748,-42,-34
"1431",16,80,2,81,618,3015848,3015852,3015853,1,5,"SFIX",3015899,-46,-38
"1432",16,45,3,82,618,3024935,3024938,3024941,3,6,"SFIX",3024982,-41,-33
"1433",16,27,3,83,618,3050113,3050116,3050118,2,5,"SFIX",3050148,-30,-22
"1434",16,58,1,84,618,3066896,3066898,3066901,3,5,"SFIX",3066946,-45,-37
"1435",16,69,3,85,618,3075220,3075223,3075224,1,4,"SFIX",3075276,-52,-44
"1436",16,61,1,86,618,3083501,3083505,3083506,1,5,"SFIX",3083541,-35,-27
"1437",16,47,2,87,618,3089950,3089952,3089954,2,4,"SFIX",3089981,-27,-19
"1438",16,3,3,88,618,3143580,3143630,3143632,2,52,"SFIX",3143665,-33,-25
"1439",16,2,2,89,618,3154782,3154785,3154786,1,4,"SFIX",3154823,-37,-29
"1440",16,32,2,90,618,3202973,3202976,3202983,7,10,"SFIX",3203019,-36,-28
"1441",17,1,2,1,618,7449219,7449222,7449223,1,4,"SFIX",7449242,-19,-11
"1442",17,14,3,2,618,7462057,7462064,7462065,1,8,"SFIX",7462094,-29,-21
"1443",17,29,3,3,618,7480805,7480821,7480822,1,17,"SFIX",7480961,-139,-131
"1444",17,6,1,4,618,7492761,7492761,7492766,5,5,"SFIX",7492802,-36,-28
"1445",17,33,1,5,618,7503676,7503679,7503680,1,4,"SFIX",7503703,-23,-15
"1446",17,65,3,6,618,7512699,7512704,7512706,2,7,"SFIX",7512738,-32,-24
"1447",17,87,1,7,618,7519263,7519274,7519275,1,12,"SFIX",7519383,-108,-100
"1448",17,20,3,8,618,7543062,7543065,7543066,1,4,"SFIX",7543099,-33,-25
"1449",17,61,2,9,618,7558505,7558513,7558519,6,14,"SFIX",7558552,-33,-25
"1450",17,82,2,10,618,7565153,7565159,7565161,2,8,"SFIX",7565201,-40,-32
"1451",17,7,2,11,618,7583766,7583782,7583784,2,18,"SFIX",7583924,-140,-132
"1452",17,85,2,12,618,7591266,7591275,7591281,6,15,"SFIX",7591457,-176,-168
"1453",17,19,2,13,618,7604619,7604630,7604631,1,12,"SFIX",7604766,-135,-127
"1454",17,67,2,14,618,7619495,7619505,7619506,1,11,"SFIX",7619541,-35,-27
"1455",17,60,1,15,618,7628159,7628173,7628174,1,15,"SFIX",7628302,-128,-120
"1456",17,58,2,16,618,7647269,7647277,7647278,1,9,"SFIX",7647319,-41,-33
"1457",17,68,3,17,618,7655212,7655212,7655218,6,6,"SFIX",7655426,-208,-200
"1458",17,39,1,18,618,7665031,7665034,7665035,1,4,"SFIX",7665061,-26,-18
"1459",17,74,3,19,618,7670971,7670980,7670982,2,11,"SFIX",7671017,-35,-27
"1460",17,3,1,20,618,7692957,7692966,7692967,1,10,"SFIX",7692997,-30,-22
"1461",17,18,1,21,618,7717431,7717445,7717447,2,16,"SFIX",7717481,-34,-26
"1462",17,89,3,22,618,7725363,7725366,7725367,1,4,"SFIX",7725385,-18,-10
"1463",17,35,3,23,618,7736330,7736336,7736338,2,8,"SFIX",7736381,-43,-35
"1464",17,43,2,24,618,7745059,7745068,7745072,4,13,"SFIX",7745263,-191,-183
"1465",17,37,2,25,618,7754557,7754564,7754565,1,8,"SFIX",7754699,-134,-126
"1466",17,84,1,26,618,7764704,7764711,7764713,2,9,"SFIX",7764753,-40,-32
"1467",17,30,1,27,618,7775968,7775974,7775975,1,7,"SFIX",7776023,-48,-40
"1468",17,86,3,28,618,7787239,7787244,7787246,2,7,"SFIX",7787281,-35,-27
"1469",17,38,3,29,618,7802013,7802018,7802020,2,7,"SFIX",7802051,-31,-23
"1470",17,51,1,30,618,7817445,7817454,7817456,2,11,"SFIX",7817586,-130,-122
"1471",17,2,3,31,618,7833076,7833086,7833087,1,11,"SFIX",7833132,-45,-37
"1472",17,22,2,32,618,7852237,7852243,7852245,2,8,"SFIX",7852279,-34,-26
"1473",17,15,1,33,618,7860069,7860119,7860120,1,51,"SFIX",7860156,-36,-28
"1474",17,71,3,34,618,7926220,7926222,7926224,2,4,"SFIX",7926248,-24,-16
"1475",17,69,1,35,618,7931470,7931473,7931474,1,4,"SFIX",7931580,-106,-98
"1476",17,59,3,36,618,7967689,7967691,7967692,1,3,"SFIX",7967710,-18,-10
"1477",17,57,1,37,618,7974221,7974227,7974228,1,7,"SFIX",7974263,-35,-27
"1478",17,25,2,38,618,8000803,8000816,8000822,6,19,"SFIX",8000958,-136,-128
"1479",17,63,1,39,618,8029037,8029043,8029050,7,13,"SFIX",8029088,-38,-30
"1480",17,44,3,40,618,8042348,8042354,8042355,1,7,"SFIX",8042387,-32,-24
"1481",17,73,2,41,618,8077483,8077491,8077492,1,9,"SFIX",8077528,-36,-28
"1482",17,11,3,42,618,8100637,8100639,8100640,1,3,"SFIX",8100666,-26,-18
"1483",17,46,2,43,618,8109998,8110000,8110002,2,4,"SFIX",8110021,-19,-11
"1484",17,56,3,44,618,8119773,8119788,8119793,5,20,"SFIX",8119920,-127,-119
"1485",17,54,1,45,618,8137549,8137552,8137554,2,5,"SFIX",8137578,-24,-16
"1486",17,77,3,46,618,8164058,8164060,8164062,2,4,"SFIX",8164082,-20,-12
"1487",17,21,1,47,618,8168548,8168551,8168552,1,4,"SFIX",8168580,-28,-20
"1488",17,42,1,48,618,8179269,8179276,8179282,6,13,"SFIX",8179316,-34,-26
"1489",17,5,3,49,618,8203636,8203642,8203643,1,7,"SFIX",8203678,-35,-27
"1490",17,4,2,50,618,8245802,8245805,8245806,1,4,"SFIX",8245941,-135,-127
"1491",17,31,2,51,618,8254118,8254125,8254126,1,8,"SFIX",8254152,-26,-18
"1492",17,49,2,52,618,8282783,8282789,8282790,1,7,"SFIX",8282835,-45,-37
"1493",17,83,3,53,618,8296452,8296458,8296460,2,8,"SFIX",8296484,-24,-16
"1494",17,62,3,54,618,8338342,8338348,8338354,6,12,"SFIX",8338391,-37,-29
"1495",17,81,1,55,618,8365231,8365239,8365241,2,10,"SFIX",8365281,-40,-32
"1496",17,70,2,56,618,8374370,8374373,8374375,2,5,"SFIX",8374392,-17,-9
"1497",17,48,1,57,618,8393724,8393726,8393727,1,3,"SFIX",8393872,-145,-137
"1498",17,26,3,58,618,8402930,8402930,8402934,4,4,"SFIX",8402982,-48,-40
"1499",17,45,1,59,618,8414097,8414100,8414102,2,5,"SFIX",8414131,-29,-21
"1500",17,53,3,60,618,8486614,8486664,8486666,2,52,"SFIX",8486681,-15,-7
"1501",17,80,3,61,618,8494871,8494874,8494876,2,5,"SFIX",8494901,-25,-17
"1502",17,88,2,62,618,8514385,8514390,8514392,2,7,"SFIX",8514538,-146,-138
"1503",17,9,1,63,618,8539176,8539182,8539183,1,7,"SFIX",8539241,-58,-50
"1504",17,72,1,64,618,8562040,8562047,8562052,5,12,"SFIX",8562085,-33,-25
"1505",17,90,1,65,618,8577550,8577554,8577555,1,5,"SFIX",8577584,-29,-21
"1506",17,55,2,66,618,8598408,8598415,8598416,1,8,"SFIX",8598471,-55,-47
"1507",17,50,3,67,618,8605580,8605596,8605597,1,17,"SFIX",8605734,-137,-129
"1508",17,40,2,68,618,8643885,8643891,8643892,1,7,"SFIX",8643942,-50,-42
"1509",17,75,1,69,618,8660260,8660263,8660264,1,4,"SFIX",8660286,-22,-14
"1510",17,66,1,70,618,8685279,8685285,8685286,1,7,"SFIX",8685343,-57,-49
"1511",17,78,1,71,618,8694902,8694910,8694912,2,10,"SFIX",8694971,-59,-51
"1512",17,17,3,72,618,8709976,8709979,8709984,5,8,"SFIX",8710005,-21,-13
"1513",17,12,1,73,618,8719116,8719123,8719124,1,8,"SFIX",8719178,-54,-46
"1514",17,13,2,74,618,8749821,8749824,8749825,1,4,"SFIX",8749843,-18,-10
"1515",17,16,2,75,618,8759204,8759211,8759215,4,11,"SFIX",8759254,-39,-31
"1516",17,64,2,76,618,8769318,8769338,8769339,1,21,"SFIX",8769459,-120,-112
"1517",17,47,3,77,618,8774304,8774309,8774316,7,12,"SFIX",8774370,-54,-46
"1518",17,41,3,78,618,8788559,8788577,8788578,1,19,"SFIX",8788614,-36,-28
"1519",17,8,3,79,618,8810199,8810202,8810207,5,8,"SFIX",8810233,-26,-18
"1520",17,76,2,80,618,8820458,8820472,8820478,6,20,"SFIX",8820606,-128,-120
"1521",17,34,2,81,618,8828454,8828457,8828458,1,4,"SFIX",8828482,-24,-16
"1522",17,27,1,82,618,8846442,8846447,8846449,2,7,"SFIX",8846497,-48,-40
"1523",17,10,2,83,618,8875800,8875806,8875810,4,10,"SFIX",8875862,-52,-44
"1524",17,52,2,84,618,8886248,8886256,8886257,1,9,"SFIX",8886307,-50,-42
"1525",17,79,2,85,618,8924145,8924153,8924154,1,9,"SFIX",8924206,-52,-44
"1526",17,32,3,86,618,8933222,8933228,8933230,2,8,"SFIX",8933276,-46,-38
"1527",17,24,1,87,618,8946900,8946918,8946919,1,19,"SFIX",8947058,-139,-131
"1528",17,36,1,88,618,8969628,8969646,8969650,4,22,"SFIX",8969679,-29,-21
"1529",17,28,2,89,618,8980468,8980492,8980499,7,31,"SFIX",8980638,-139,-131
"1530",17,23,3,90,618,8993309,8993312,8993317,5,8,"SFIX",8993339,-22,-14
"1531",18,59,1,1,618,11464214,11464221,11464225,4,11,"SFIX",11464271,-46,-38
"1532",18,21,2,2,618,11485196,11485211,11485212,1,16,"SFIX",11485366,-154,-146
"1533",18,89,1,3,618,11513306,11513320,11513321,1,15,"SFIX",11513444,-123,-115
"1534",18,83,1,4,618,11522997,11523016,11523021,5,24,"SFIX",11523146,-125,-117
"1535",18,85,3,5,618,11541831,11541844,11541849,5,18,"SFIX",11541975,-126,-118
"1536",18,29,1,6,618,11552699,11552699,11552700,1,1,"SFIX",11552757,-57,-49
"1537",18,45,2,7,618,11564245,11564250,11564256,6,11,"SFIX",11564291,-35,-27
"1538",18,13,3,8,618,11591324,11591337,11591343,6,19,"SFIX",11591463,-120,-112
"1539",18,86,1,9,618,11610845,11610852,11610854,2,9,"SFIX",11610901,-47,-39
"1540",18,5,1,10,618,11641029,11641031,11641032,1,3,"SFIX",11641059,-27,-19
"1541",18,24,2,11,618,11653211,11653219,11653220,1,9,"SFIX",11653267,-47,-39
"1542",18,38,1,12,618,11687753,11687771,11687772,1,19,"SFIX",11687922,-150,-142
"1543",18,50,1,13,618,11711965,11711980,11711985,5,20,"SFIX",11712108,-123,-115
"1544",18,60,2,14,618,11725701,11725715,11725721,6,20,"SFIX",11725750,-29,-21
"1545",18,7,3,15,618,11744972,11744987,11744988,1,16,"SFIX",11745116,-128,-120
"1546",18,1,3,16,618,11770923,11770953,11770959,6,36,"SFIX",11771138,-179,-171
"1547",18,90,2,17,618,11782984,11782984,11782990,6,6,"SFIX",11783057,-67,-59
"1548",18,10,3,18,618,11797300,11797323,11797325,2,25,"EFIX",11797319,306,314
"1549",18,31,3,19,618,11832546,11832548,11832555,7,9,"SFIX",11832581,-26,-18
"1550",18,55,3,20,618,11873468,11873488,11873494,6,26,"SFIX",11873650,-156,-148
"1551",18,62,1,21,618,11946463,11946466,11946469,3,6,"SFIX",11946503,-34,-26
"1552",18,63,2,22,618,11965721,11965724,11965728,4,7,"SFIX",11965960,-232,-224
"1553",18,27,2,23,618,11996851,11996863,11996864,1,13,"SFIX",11997006,-142,-134
"1554",18,15,2,24,618,12044394,12044423,12044429,6,35,"SFIX",12044440,-11,-3
"1555",18,78,2,25,618,12181072,12181120,12181126,6,54,"EFIX",12181118,533,541
"1556",18,46,3,26,618,12187235,12187236,12187238,2,3,"SFIX",12187266,-28,-20
"1557",18,3,2,27,618,12198247,12198251,12198253,2,6,"SFIX",12198288,-35,-27
"1558",18,52,3,28,618,12213727,12213729,12213733,4,6,"SFIX",12213750,-17,-9
"1559",18,14,1,29,618,12242657,12242660,12242661,1,4,"SFIX",12242702,-41,-33
"1560",18,87,2,30,618,12256192,12256217,12256223,6,31,"EFIX",12256214,572,580
"1561",18,76,3,31,618,12294738,12294788,12294790,2,52,"SFIX",12294830,-40,-32
"1562",18,68,1,32,618,12304787,12304789,12304791,2,4,"SFIX",12304965,-174,-166
"1563",18,20,1,33,618,12311808,12311815,12311818,3,10,"SFIX",12311859,-41,-33
"1564",18,41,1,34,618,12330144,12330147,12330153,6,9,"SFIX",12330182,-29,-21
"1565",18,11,1,35,618,12340700,12340706,12340707,1,7,"SFIX",12340747,-40,-32
"1566",18,79,3,36,618,12360161,12360171,12360172,1,11,"SFIX",12360210,-38,-30
"1567",18,43,3,37,618,12384256,12384259,12384261,2,5,"SFIX",12384281,-20,-12
"1568",18,51,2,38,618,12400394,12400397,12400398,1,4,"SFIX",12400420,-22,-14
"1569",18,57,2,39,618,12422402,12422406,12422407,1,5,"SFIX",12422434,-27,-19
"1570",18,61,3,40,618,12432197,12432210,12432211,1,14,"SFIX",12432358,-147,-139
"1571",18,34,3,41,618,12462827,12462829,12462833,4,6,"SFIX",12462857,-24,-16
"1572",18,75,2,42,618,12481330,12481335,12481339,4,9,"SFIX",12481352,-13,-5
"1573",18,88,3,43,618,12489800,12489806,12489807,1,7,"SFIX",12489856,-49,-41
"1574",18,77,1,44,618,12502456,12502458,12502459,1,3,"SFIX",12502491,-32,-24
"1575",18,6,2,45,618,12529598,12529624,12529631,7,33,"EFIX",12529618,419,427
"1576",18,49,3,46,618,12570264,12570267,12570268,1,4,"SFIX",12570295,-27,-19
"1577",18,73,3,47,618,12582506,12582509,12582510,1,4,"SFIX",12582541,-31,-23
"1578",18,56,1,48,618,12589654,12589656,12589657,1,3,"SFIX",12589681,-24,-16
"1579",18,28,3,49,618,12596570,12596576,12596577,1,7,"SFIX",12596621,-44,-36
"1580",18,18,2,50,618,12638982,12638988,12638993,5,11,"SFIX",12639034,-41,-33
"1581",18,82,3,51,618,12660018,12660029,12660034,5,16,"SFIX",12660074,-40,-32
"1582",18,74,1,52,618,12671129,12671132,12671133,1,4,"SFIX",12671170,-37,-29
"1583",18,44,1,53,618,12676038,12676042,12676043,1,5,"SFIX",12676064,-21,-13
"1584",18,30,2,54,618,12693748,12693750,12693751,1,3,"SFIX",12693793,-42,-34
"1585",18,12,2,55,618,12703790,12703794,12703795,1,5,"SFIX",12703821,-26,-18
"1586",18,54,2,56,618,12719212,12719217,12719220,3,8,"SFIX",12719262,-42,-34
"1587",18,71,1,57,618,12736387,12736397,12736399,2,12,"SFIX",12736446,-47,-39
"1588",18,35,1,58,618,12961561,12961571,12961575,4,14,"SFIX",12961711,-136,-128
"1589",18,81,2,59,618,12972382,12972385,12972386,1,4,"SFIX",12972405,-19,-11
"1590",18,42,2,60,618,12980968,12980976,12980982,6,14,"SFIX",12981037,-55,-47
"1591",18,48,2,61,618,12998035,12998038,12998039,1,4,"SFIX",12998079,-40,-32
"1592",18,22,3,62,618,13010336,13010339,13010341,2,5,"SFIX",13010368,-27,-19
"1593",18,32,1,63,618,13029443,13029445,13029448,3,5,"SFIX",13029471,-23,-15
"1594",18,23,1,64,618,13051876,13051880,13051885,5,9,"SFIX",13051909,-24,-16
"1595",18,17,1,65,618,13068577,13068585,13068591,6,14,"SFIX",13068629,-38,-30
"1596",18,19,3,66,618,13083704,13083707,13083708,1,4,"SFIX",13083736,-28,-20
"1597",18,8,1,67,618,13101978,13101981,13101987,6,9,"SFIX",13102000,-13,-5
"1598",18,25,3,68,618,13130019,13130019,13130023,4,4,"SFIX",13130037,-14,-6
"1599",18,26,1,69,618,13141410,13141413,13141417,4,7,"SFIX",13141433,-16,-8
"1600",18,36,2,70,618,13165439,13165455,13165461,6,22,"SFIX",13165594,-133,-125
"1601",18,67,3,71,618,13186491,13186511,13186514,3,23,"SFIX",13186654,-140,-132
"1602",18,65,1,72,618,13193256,13193270,13193272,2,16,"SFIX",13193404,-132,-124
"1603",18,37,3,73,618,13201586,13201589,13201590,1,4,"SFIX",13201621,-31,-23
"1604",18,33,2,74,618,13210043,13210059,13210060,1,17,"SFIX",13210207,-147,-139
"1605",18,16,3,75,618,13232195,13232197,13232200,3,5,"SFIX",13232221,-21,-13
"1606",18,80,1,76,618,13242755,13242769,13242775,6,20,"SFIX",13242918,-143,-135
"1607",18,9,2,77,618,13252407,13252409,13252411,2,4,"SFIX",13252433,-22,-14
"1608",18,66,2,78,618,13275222,13275240,13275242,2,20,"SFIX",13275394,-152,-144
"1609",18,84,2,79,618,13282248,13282264,13282265,1,17,"SFIX",13282392,-127,-119
"1610",18,72,2,80,618,13298306,13298320,13298322,2,16,"SFIX",13298354,-32,-24
"1611",18,47,1,81,618,13318245,13318255,13318257,2,12,"SFIX",13318456,-199,-191
"1612",18,40,3,82,618,13329199,13329211,13329212,1,13,"SFIX",13329359,-147,-139
"1613",18,58,3,83,618,13346967,13346970,13346971,1,4,"SFIX",13346988,-17,-9
"1614",18,39,2,84,618,13369594,13369612,13369613,1,19,"SFIX",13369759,-146,-138
"1615",18,69,2,85,618,13382562,13382565,13382566,1,4,"SFIX",13382588,-22,-14
"1616",18,70,3,86,618,13407918,13407930,13407933,3,15,"SFIX",13408070,-137,-129
"1617",18,2,1,87,618,13436768,13436771,13436772,1,4,"SFIX",13436793,-21,-13
"1618",18,4,3,88,618,13444561,13444575,13444583,8,22,"SFIX",13444735,-152,-144
"1619",18,64,3,89,618,13480044,13480047,13480048,1,4,"SFIX",13480066,-18,-10
"1620",18,53,1,90,618,13493422,13493424,13493426,2,4,"SFIX",13493454,-28,-20
"1621",19,48,3,1,618,291995,291998,291999,1,4,"SFIX",292011,-12,-4
"1622",19,2,2,2,618,357966,357968,357969,1,3,"SFIX",357996,-27,-19
"1623",19,53,2,3,618,384892,384894,384895,1,3,"SFIX",384916,-21,-13
"1624",19,79,1,4,618,622693,622696,622697,1,4,"SFIX",622725,-28,-20
"1625",19,47,2,5,618,637748,637751,637753,2,5,"SFIX",637788,-35,-27
"1626",19,6,3,6,618,652616,652618,652620,2,4,"SFIX",652649,-29,-21
"1627",19,71,2,7,618,666620,666622,666626,4,6,"SFIX",666650,-24,-16
"1628",19,77,2,8,618,683181,683183,683185,2,4,"SFIX",683210,-25,-17
"1629",19,30,3,9,618,707296,707297,707304,7,8,"SFIX",707334,-30,-22
"1630",19,43,1,10,618,724550,724552,724554,2,4,"SFIX",724571,-17,-9
"1631",19,32,2,11,618,735863,735865,735866,1,3,"SFIX",735903,-37,-29
"1632",19,20,2,12,618,746665,746669,746670,1,5,"SFIX",746691,-21,-13
"1633",19,68,2,13,618,793085,793088,793090,2,5,"SFIX",793112,-22,-14
"1634",19,9,3,14,618,810134,810137,810138,1,4,"SFIX",810153,-15,-7
"1635",19,36,3,15,618,820366,820369,820375,6,9,"SFIX",820402,-27,-19
"1636",19,5,2,16,618,828824,828827,828828,1,4,"SFIX",828855,-27,-19
"1637",19,65,2,17,618,884704,884707,884711,4,7,"SFIX",884737,-26,-18
"1638",19,13,1,18,618,891815,891818,891819,1,4,"SFIX",891848,-29,-21
"1639",19,66,3,19,618,908015,908017,908023,6,8,"SFIX",908050,-27,-19
"1640",19,84,3,20,618,947045,947048,947049,1,4,"SFIX",947075,-26,-18
"1641",19,56,2,21,618,952545,952547,952549,2,4,"SFIX",952578,-29,-21
"1642",19,33,3,22,618,988618,988621,988622,1,4,"SFIX",988640,-18,-10
"1643",19,63,3,23,618,1005060,1005063,1005064,1,4,"SFIX",1005083,-19,-11
"1644",19,23,2,24,618,1181775,1181777,1181779,2,4,"SFIX",1181799,-20,-12
"1645",19,26,2,25,618,1249745,1249748,1249753,5,8,"SFIX",1249762,-9,-1
"1646",19,50,2,26,618,1271596,1271599,1271604,5,8,"SFIX",1271622,-18,-10
"1647",19,42,3,27,618,1335746,1335749,1335752,3,6,"SFIX",1335771,-19,-11
"1648",19,80,2,28,618,1346867,1346870,1346871,1,4,"SFIX",1346897,-26,-18
"1649",19,45,3,29,618,1384830,1384833,1384834,1,4,"SFIX",1384868,-34,-26
"1650",19,89,2,30,618,1411618,1411621,1411624,3,6,"SFIX",1411650,-26,-18
"1651",19,38,2,31,618,1430445,1430449,1430451,2,6,"SFIX",1430469,-18,-10
"1652",19,57,3,32,618,1444146,1444149,1444154,5,8,"SFIX",1444180,-26,-18
"1653",19,34,1,33,618,1483878,1483881,1483885,4,7,"SFIX",1483915,-30,-22
"1654",19,39,3,34,618,1506120,1506122,1506124,2,4,"SFIX",1506143,-19,-11
"1655",19,41,2,35,618,1666277,1666280,1666284,4,7,"SFIX",1666314,-30,-22
"1656",19,52,1,36,618,1677762,1677764,1677765,1,3,"SFIX",1677790,-25,-17
"1657",19,46,1,37,618,1691125,1691127,1691128,1,3,"SFIX",1691149,-21,-13
"1658",19,37,1,38,618,1702286,1702289,1702295,6,9,"SFIX",1702317,-22,-14
"1659",19,49,1,39,618,1721932,1721935,1721939,4,7,"SFIX",1721951,-12,-4
"1660",19,27,3,40,618,1732907,1732910,1732913,3,6,"SFIX",1732947,-34,-26
"1661",19,81,3,41,618,1741419,1741422,1741423,1,4,"SFIX",1741444,-21,-13
"1662",19,16,1,42,618,1750346,1750349,1750350,1,4,"SFIX",1750376,-26,-18
"1663",19,24,3,43,618,1773315,1773318,1773323,5,8,"SFIX",1773350,-27,-19
"1664",19,11,2,44,618,1787080,1787083,1787084,1,4,"SFIX",1787117,-33,-25
"1665",19,88,1,45,618,1806590,1806592,1806594,2,4,"SFIX",1806612,-18,-10
"1666",19,55,1,46,618,1816953,1816957,1816958,1,5,"SFIX",1816970,-12,-4
"1667",19,28,1,47,618,1838933,1838935,1838941,6,8,"SFIX",1838978,-37,-29
"1668",19,90,3,48,618,1850727,1850729,1850737,8,10,"SFIX",1850754,-17,-9
"1669",19,76,1,49,618,1876766,1876769,1876770,1,4,"SFIX",1876791,-21,-13
"1670",19,75,3,50,618,1918913,1918916,1918917,1,4,"SFIX",1918930,-13,-5
"1671",19,82,1,51,618,2008352,2008356,2008357,1,5,"SFIX",2008386,-29,-21
"1672",19,22,1,52,618,2014892,2014894,2014896,2,4,"SFIX",2014934,-38,-30
"1673",19,4,1,53,618,2047525,2047527,2047533,6,8,"SFIX",2047542,-9,-1
"1674",19,15,3,54,618,2064623,2064627,2064628,1,5,"SFIX",2064650,-22,-14
"1675",19,73,1,55,618,2077381,2077385,2077386,1,5,"SFIX",2077399,-13,-5
"1676",19,31,1,56,618,2094472,2094474,2094476,2,4,"SFIX",2094497,-21,-13
"1677",19,51,3,57,618,2104437,2104440,2104441,1,4,"SFIX",2104451,-10,-2
"1678",19,25,1,58,618,2145635,2145638,2145639,1,4,"SFIX",2145662,-23,-15
"1679",19,3,3,59,618,2153340,2153343,2153343,0,3,"SFIX",2153365,-22,-14
"1680",19,58,1,60,618,2322957,2322960,2322965,5,8,"SFIX",2322989,-24,-16
"1681",19,62,2,61,618,2351911,2351914,2351920,6,9,"SFIX",2351940,-20,-12
"1682",19,54,3,62,618,2379437,2379441,2379442,1,5,"SFIX",2379475,-33,-25
"1683",19,7,1,63,618,2389036,2389039,2389040,1,4,"SFIX",2389067,-27,-19
"1684",19,17,2,64,618,2398566,2398569,2398570,1,4,"SFIX",2398595,-25,-17
"1685",19,19,1,65,618,2414322,2414324,2414326,2,4,"SFIX",2414355,-29,-21
"1686",19,60,3,66,618,2428866,2428868,2428871,3,5,"SFIX",2428903,-32,-24
"1687",19,8,2,67,618,2441191,2441193,2441194,1,3,"SFIX",2441235,-41,-33
"1688",19,69,3,68,618,2452805,2452806,2452808,2,3,"SFIX",2452824,-16,-8
"1689",19,35,2,69,618,2465917,2465919,2465921,2,4,"SFIX",2465944,-23,-15
"1690",19,12,3,70,618,2491711,2491714,2491719,5,8,"SFIX",2491738,-19,-11
"1691",19,67,1,71,618,2517302,2517306,2517307,1,5,"SFIX",2517332,-25,-17
"1692",19,72,3,72,618,2523956,2523959,2523960,1,4,"SFIX",2523996,-36,-28
"1693",19,21,3,73,618,2545099,2545102,2545103,1,4,"SFIX",2545122,-19,-11
"1694",19,18,3,74,618,2677420,2677423,2677429,6,9,"SFIX",2677467,-38,-30
"1695",19,83,2,75,618,2687929,2687931,2687933,2,4,"SFIX",2687970,-37,-29
"1696",19,85,1,76,618,2692214,2692217,2692219,2,5,"SFIX",2692248,-29,-21
"1697",19,78,3,77,618,2704352,2704354,2704356,2,4,"SFIX",2704394,-38,-30
"1698",19,1,1,78,618,2709317,2709320,2709321,1,4,"SFIX",2709360,-39,-31
"1699",19,29,2,79,618,2727275,2727278,2727281,3,6,"SFIX",2727294,-13,-5
"1700",19,74,2,80,618,2748831,2748833,2748839,6,8,"SFIX",2748854,-15,-7
"1701",19,61,1,81,618,2753338,2753341,2753342,1,4,"SFIX",2753357,-15,-7
"1702",19,70,1,82,618,2758479,2758482,2758483,1,4,"SFIX",2758509,-26,-18
"1703",19,87,3,83,618,2763157,2763159,2763160,1,3,"SFIX",2763176,-16,-8
"1704",19,14,2,84,618,2779195,2779199,2779204,5,9,"SFIX",2779218,-14,-6
"1705",19,44,2,85,618,2822297,2822299,2822302,3,5,"SFIX",2822338,-36,-28
"1706",19,86,2,86,618,2858355,2858357,2858358,1,3,"SFIX",2858389,-31,-23
"1707",19,64,1,87,618,2864811,2864814,2864819,5,8,"SFIX",2864842,-23,-15
"1708",19,40,1,88,618,2869277,2869280,2869281,1,4,"SFIX",2869310,-29,-21
"1709",19,59,2,89,618,2877760,2877763,2877764,1,4,"SFIX",2877802,-38,-30
"1710",19,10,1,90,618,2886611,2886628,2886629,1,18,"SFIX",2886757,-128,-120
"1711",20,69,1,1,618,8110531,8110532,8110534,2,3,"SFIX",8110581,-47,-39
"1712",20,59,3,2,618,8117278,8117282,8117287,5,9,"SFIX",8117327,-40,-32
"1713",20,8,3,3,618,8137933,8137936,8137941,5,8,"SFIX",8137974,-33,-25
"1714",20,15,1,4,618,8149230,8149232,8149239,7,9,"SFIX",8149280,-41,-33
"1715",20,48,1,5,618,8163134,8163135,8163137,2,3,"SFIX",8163179,-42,-34
"1716",20,60,1,6,618,8197552,8197556,8197559,3,7,"SFIX",8197597,-38,-30
"1717",20,27,1,7,618,8216897,8216899,8216901,2,4,"SFIX",8216959,-58,-50
"1718",20,44,3,8,618,8229323,8229330,8229331,1,8,"SFIX",8229481,-150,-142
"1719",20,33,1,9,618,8242003,8242006,8242012,6,9,"SFIX",8242047,-35,-27
"1720",20,77,3,10,618,8253940,8253943,8253944,1,4,"SFIX",8253992,-48,-40
"1721",20,41,3,11,618,8260513,8260524,8260531,7,18,"SFIX",8260685,-154,-146
"1722",20,66,1,12,618,8277440,8277448,8277454,6,14,"SFIX",8277715,-261,-253
"1723",20,49,2,13,618,8302037,8302051,8302052,1,15,"SFIX",8302184,-132,-124
"1724",20,65,3,14,618,8321793,8321796,8321798,2,5,"SFIX",8321828,-30,-22
"1725",20,37,2,15,618,8337741,8337743,8337744,1,3,"SFIX",8337831,-87,-79
"1726",20,26,3,16,618,8348353,8348355,8348357,2,4,"SFIX",8348523,-166,-158
"1727",20,23,3,17,618,8366308,8366325,8366328,3,20,"SFIX",8366519,-191,-183
"1728",20,54,1,18,618,8376404,8376422,8376424,2,20,"SFIX",8376598,-174,-166
"1729",20,85,2,19,618,8387026,8387039,8387039,0,13,"SFIX",8387156,-117,-109
"1730",20,82,2,20,618,8397423,8397426,8397427,1,4,"SFIX",8397479,-52,-44
"1731",20,30,1,21,618,8409258,8409262,8409263,1,5,"SFIX",8409312,-49,-41
"1732",20,39,1,22,618,8433059,8433069,8433072,3,13,"SFIX",8433190,-118,-110
"1733",20,10,2,23,618,8442805,8442815,8442816,1,11,"SFIX",8443046,-230,-222
"1734",20,3,1,24,618,8454673,8454676,8454677,1,4,"SFIX",8454704,-27,-19
"1735",20,11,3,25,618,8465681,8465703,8465704,1,23,"SFIX",8465838,-134,-126
"1736",20,57,1,26,618,8478051,8478061,8478068,7,17,"SFIX",8478213,-145,-137
"1737",20,63,1,27,618,8493543,8493551,8493552,1,9,"SFIX",8493676,-124,-116
"1738",20,7,2,28,618,8501776,8501779,8501780,1,4,"SFIX",8501811,-31,-23
"1739",20,31,2,29,618,8523006,8523025,8523027,2,21,"SFIX",8523227,-200,-192
"1740",20,38,3,30,618,8540292,8540302,8540304,2,12,"SFIX",8540473,-169,-161
"1741",20,2,3,31,618,8552649,8552652,8552653,1,4,"SFIX",8552686,-33,-25
"1742",20,6,1,32,618,8584941,8584944,8584949,5,8,"SFIX",8584982,-33,-25
"1743",20,83,3,33,618,8803918,8803931,8803933,2,15,"SFIX",8804092,-159,-151
"1744",20,76,2,34,618,8816081,8816082,8816085,3,4,"SFIX",8816138,-53,-45
"1745",20,4,2,35,618,8839251,8839267,8839269,2,18,"SFIX",8839405,-136,-128
"1746",20,71,3,36,618,8852334,8852337,8852338,1,4,"SFIX",8852394,-56,-48
"1747",20,29,3,37,618,8871087,8871089,8871093,4,6,"SFIX",8871145,-52,-44
"1748",20,9,1,38,618,8881009,8881012,8881019,7,10,"SFIX",8881043,-24,-16
"1749",20,58,2,39,618,8897935,8897938,8897939,1,4,"SFIX",8897980,-41,-33
"1750",20,89,3,40,618,8906423,8906426,8906432,6,9,"SFIX",8906475,-43,-35
"1751",20,42,1,41,618,8922482,8922507,8922508,1,26,"SFIX",8922541,-33,-25
"1752",20,43,2,42,618,8947068,8947071,8947073,2,5,"SFIX",8947108,-35,-27
"1753",20,51,1,43,618,8977117,8977130,8977132,2,15,"SFIX",8977263,-131,-123
"1754",20,12,1,44,618,9017429,9017432,9017433,1,4,"SFIX",9017484,-51,-43
"1755",20,72,1,45,618,9036831,9036834,9036840,6,9,"SFIX",9036961,-121,-113
"1756",20,19,2,46,618,9045419,9045422,9045424,2,5,"SFIX",9045462,-38,-30
"1757",20,80,3,47,618,9080697,9080709,9080716,7,19,"SFIX",9080842,-126,-118
"1758",20,90,1,48,618,9088966,9088968,9088969,1,3,"SFIX",9089006,-37,-29
"1759",20,81,1,49,618,9113240,9113243,9113244,1,4,"SFIX",9113487,-243,-235
"1760",20,87,1,50,618,9131271,9131274,9131276,2,5,"SFIX",9131315,-39,-31
"1761",20,25,2,51,618,9146799,9146812,9146815,3,16,"SFIX",9146927,-112,-104
"1762",20,16,2,52,618,9168365,9168367,9168374,7,9,"SFIX",9168415,-41,-33
"1763",20,86,3,53,618,9180098,9180101,9180102,1,4,"SFIX",9180153,-51,-43
"1764",20,21,1,54,618,9186601,9186602,9186606,4,5,"SFIX",9186648,-42,-34
"1765",20,20,3,55,618,9197967,9197971,9197972,1,5,"SFIX",9198007,-35,-27
"1766",20,84,1,56,618,9219247,9219249,9219252,3,5,"SFIX",9219297,-45,-37
"1767",20,32,3,57,618,9237191,9237194,9237195,1,4,"SFIX",9237274,-79,-71
"1768",20,46,2,58,618,9246361,9246363,9246365,2,4,"SFIX",9246418,-53,-45
"1769",20,62,3,59,618,9274520,9274536,9274539,3,19,"SFIX",9274627,-88,-80
"1770",20,14,3,60,618,9287778,9287801,9287803,2,25,"SFIX",9287888,-85,-77
"1771",20,45,1,61,618,9307926,9307929,9307931,2,5,"SFIX",9307967,-36,-28
"1772",20,70,2,62,618,9320059,9320061,9320062,1,3,"SFIX",9320108,-46,-38
"1773",20,35,3,63,618,9332051,9332054,9332060,6,9,"SFIX",9332104,-44,-36
"1774",20,24,1,64,618,9355205,9355207,9355213,6,8,"SFIX",9355259,-46,-38
"1775",20,55,2,65,618,9374771,9374775,9374776,1,5,"SFIX",9374820,-44,-36
"1776",20,22,2,66,618,9594671,9594674,9594679,5,8,"SFIX",9594722,-43,-35
"1777",20,1,2,67,618,9614796,9614799,9614800,1,4,"SFIX",9614849,-49,-41
"1778",20,68,3,68,618,9641739,9641741,9641743,2,4,"SFIX",9641925,-182,-174
"1779",20,5,3,69,618,9650499,9650502,9650505,3,6,"SFIX",9650548,-43,-35
"1780",20,18,1,70,618,9664108,9664111,9664117,6,9,"SFIX",9664140,-23,-15
"1781",20,61,2,71,618,9725586,9725596,9725597,1,11,"SFIX",9725706,-109,-101
"1782",20,36,1,72,618,9742339,9742389,9742390,1,51,"EFIX",9742355,511,519
"1783",20,40,2,73,618,9755854,9755857,9755858,1,4,"SFIX",9755886,-28,-20
"1784",20,64,2,74,618,9764488,9764540,9764542,2,54,"SFIX",9764740,-198,-190
"1785",20,75,1,75,618,9782228,9782230,9782233,3,5,"SFIX",9782261,-28,-20
"1786",20,34,2,76,618,9796660,9796662,9796664,2,4,"SFIX",9796693,-29,-21
"1787",20,47,3,77,618,9807598,9807601,9807603,2,5,"SFIX",9807650,-47,-39
"1788",20,50,3,78,618,9835977,9835980,9835984,4,7,"SFIX",9836007,-23,-15
"1789",20,17,3,79,618,9857091,9857093,9857095,2,4,"SFIX",9857136,-41,-33
"1790",20,56,3,80,618,9888127,9888129,9888131,2,4,"SFIX",9888167,-36,-28
"1791",20,74,3,81,618,9918532,9918535,9918541,6,9,"SFIX",9918581,-40,-32
"1792",20,28,2,82,618,9988129,9988131,9988136,5,7,"SFIX",9988177,-41,-33
"1793",20,67,2,83,618,9996885,9996916,9996917,1,32,"SFIX",9997045,-128,-120
"1794",20,52,2,84,618,10010095,10010098,10010099,1,4,"SFIX",10010146,-47,-39
"1795",20,78,1,85,618,10022192,10022195,10022196,1,4,"SFIX",10022223,-27,-19
"1796",20,79,2,86,618,10035246,10035247,10035253,6,7,"SFIX",10035254,-1,7
"1797",20,73,2,87,618,10042198,10042201,10042207,6,9,"SFIX",10042252,-45,-37
"1798",20,13,2,88,618,10075252,10075256,10075256,0,4,"SFIX",10075294,-38,-30
"1799",20,88,2,89,618,10094363,10094366,10094367,1,4,"SFIX",10094405,-38,-30
"1800",20,53,3,90,618,10111527,10111529,10111531,2,4,"SFIX",10111579,-48,-40
"1801",21,18,2,1,618,10850382,10850385,10850386,1,4,"SFIX",10850419,-33,-25
"1802",21,40,3,2,618,10868460,10868463,10868464,1,4,"SFIX",10868502,-38,-30
"1803",21,67,3,3,618,10875986,10875989,10875990,1,4,"SFIX",10876021,-31,-23
"1804",21,24,2,4,618,10882158,10882160,10882162,2,4,"SFIX",10882190,-28,-20
"1805",21,9,2,5,618,10896529,10896532,10896533,1,4,"SFIX",10896566,-33,-25
"1806",21,25,3,6,618,10913861,10913864,10913870,6,9,"SFIX",10913892,-22,-14
"1807",21,65,1,7,618,10936753,10936760,10936761,1,8,"SFIX",10936801,-40,-32
"1808",21,3,2,8,618,10943912,10943919,10943925,6,13,"SFIX",10944066,-141,-133
"1809",21,88,3,9,618,10953639,10953642,10953643,1,4,"SFIX",10953674,-31,-23
"1810",21,33,2,10,618,10960111,10960114,10960117,3,6,"SFIX",10960151,-34,-26
"1811",21,32,1,11,618,10970649,10970652,10970656,4,7,"SFIX",10970695,-39,-31
"1812",21,72,2,12,618,11026700,11026703,11026704,1,4,"SFIX",11026733,-29,-21
"1813",21,14,1,13,618,11033544,11033547,11033548,1,4,"SFIX",11033582,-34,-26
"1814",21,60,2,14,618,11048358,11048360,11048362,2,4,"SFIX",11048378,-16,-8
"1815",21,26,1,15,618,11067322,11067324,11067326,2,4,"SFIX",11067456,-130,-122
"1816",21,85,3,16,618,11091623,11091627,11091628,1,5,"SFIX",11091651,-23,-15
"1817",21,56,1,17,618,11119583,11119585,11119588,3,5,"SFIX",11119627,-39,-31
"1818",21,76,3,18,618,11150642,11150645,11150651,6,9,"SFIX",11150673,-22,-14
"1819",21,63,2,19,618,11164682,11164686,11164689,3,7,"SFIX",11164709,-20,-12
"1820",21,41,1,20,618,11181465,11181467,11181472,5,7,"SFIX",11181503,-31,-23
"1821",21,35,1,21,618,11189930,11189933,11189933,0,3,"SFIX",11189959,-26,-18
"1822",21,58,3,22,618,11197044,11197047,11197048,1,4,"SFIX",11197069,-21,-13
"1823",21,49,3,23,618,11204225,11204228,11204229,1,4,"SFIX",11204266,-37,-29
"1824",21,83,1,24,618,11212391,11212394,11212395,1,4,"SFIX",11212429,-34,-26
"1825",21,62,1,25,618,11219417,11219428,11219429,1,12,"SFIX",11219469,-40,-32
"1826",21,81,2,26,618,11250132,11250135,11250136,1,4,"SFIX",11250156,-20,-12
"1827",21,19,3,27,618,11376679,11376681,11376686,5,7,"SFIX",11376714,-28,-20
"1828",21,87,2,28,618,11403261,11403268,11403271,3,10,"SFIX",11403461,-190,-182
"1829",21,84,2,29,618,11411515,11411518,11411519,1,4,"SFIX",11411553,-34,-26
"1830",21,20,1,30,618,11426639,11426641,11426643,2,4,"SFIX",11426677,-34,-26
"1831",21,47,1,31,618,11441697,11441698,11441700,2,3,"SFIX",11441746,-46,-38
"1832",21,50,1,32,618,11464381,11464384,11464385,1,4,"SFIX",11464419,-34,-26
"1833",21,6,2,33,618,11486556,11486559,11486560,1,4,"SFIX",11486599,-39,-31
"1834",21,68,1,34,618,11515453,11515456,11515463,7,10,"SFIX",11515491,-28,-20
"1835",21,51,2,35,618,11526904,11526907,11526908,1,4,"SFIX",11526933,-25,-17
"1836",21,38,1,36,618,11536825,11536828,11536829,1,4,"SFIX",11536853,-24,-16
"1837",21,79,3,37,618,11545702,11545705,11545706,1,4,"SFIX",11545724,-18,-10
"1838",21,7,3,38,618,11551302,11551304,11551306,2,4,"SFIX",11551317,-11,-3
"1839",21,43,3,39,618,11567776,11567778,11567785,7,9,"SFIX",11567812,-27,-19
"1840",21,11,1,40,618,11574418,11574421,11574422,1,4,"SFIX",11574451,-29,-21
"1841",21,10,3,41,618,11582746,11582749,11582751,2,5,"SFIX",11582779,-28,-20
"1842",21,2,1,42,618,11594595,11594597,11594602,5,7,"SFIX",11594625,-23,-15
"1843",21,82,3,43,618,11608650,11608653,11608658,5,8,"SFIX",11608695,-37,-29
"1844",21,28,3,44,618,11615611,11615614,11615618,4,7,"SFIX",11615636,-18,-10
"1845",21,23,1,45,618,11628808,11628812,11628813,1,5,"SFIX",11628832,-19,-11
"1846",21,13,3,46,618,11644132,11644135,11644136,1,4,"SFIX",11644167,-31,-23
"1847",21,27,2,47,618,11653424,11653427,11653428,1,4,"SFIX",11653450,-22,-14
"1848",21,59,1,48,618,11682918,11682921,11682922,1,4,"SFIX",11682948,-26,-18
"1849",21,22,3,49,618,11690544,11690548,11690555,7,11,"SFIX",11690576,-21,-13
"1850",21,78,2,50,618,11697267,11697270,11697271,1,4,"SFIX",11697291,-20,-12
"1851",21,86,1,51,618,11705055,11705057,11705059,2,4,"SFIX",11705086,-27,-19
"1852",21,34,3,52,618,11709966,11709972,11709976,4,10,"SFIX",11710019,-43,-35
"1853",21,42,2,53,618,11720158,11720161,11720162,1,4,"SFIX",11720200,-38,-30
"1854",21,45,2,54,618,11731804,11731807,11731808,1,4,"SFIX",11731839,-31,-23
"1855",21,4,3,55,618,11751892,11751894,11751901,7,9,"SFIX",11751923,-22,-14
"1856",21,29,1,56,618,11761148,11761151,11761156,5,8,"SFIX",11761185,-29,-21
"1857",21,48,2,57,618,11790992,11790994,11790995,1,3,"SFIX",11791010,-15,-7
"1858",21,5,1,58,618,11813736,11813740,11813741,1,5,"SFIX",11813776,-35,-27
"1859",21,61,3,59,618,11835490,11835492,11835499,7,9,"SFIX",11835502,-3,5
"1860",21,52,3,60,618,11843437,11843440,11843442,2,5,"SFIX",11843475,-33,-25
"1861",21,21,2,61,618,12008286,12008294,12008296,2,10,"SFIX",12008336,-40,-32
"1862",21,39,2,62,618,12039693,12039695,12039698,3,5,"SFIX",12039730,-32,-24
"1863",21,16,3,63,618,12047599,12047601,12047602,1,3,"SFIX",12047639,-37,-29
"1864",21,12,2,64,618,12068936,12068939,12068941,2,5,"SFIX",12068960,-19,-11
"1865",21,64,3,65,618,12077046,12077048,12077050,2,4,"SFIX",12077084,-34,-26
"1866",21,75,2,66,618,12102999,12103000,12103002,2,3,"SFIX",12103028,-26,-18
"1867",21,36,2,67,618,12115238,12115252,12115259,7,21,"SFIX",12115413,-154,-146
"1868",21,17,1,68,618,12133519,12133522,12133527,5,8,"SFIX",12133561,-34,-26
"1869",21,70,3,69,618,12150913,12150914,12150921,7,8,"SFIX",12150947,-26,-18
"1870",21,89,1,70,618,12176834,12176838,12176839,1,5,"SFIX",12176863,-24,-16
"1871",21,1,3,71,618,12194981,12194984,12194985,1,4,"SFIX",12195005,-20,-12
"1872",21,54,2,72,618,12204063,12204066,12204073,7,10,"SFIX",12204100,-27,-19
"1873",21,66,2,73,618,12214160,12214163,12214165,2,5,"SFIX",12214194,-29,-21
"1874",21,71,1,74,618,12224565,12224566,12224568,2,3,"SFIX",12224590,-22,-14
"1875",21,90,2,75,618,12232174,12232177,12232178,1,4,"SFIX",12232202,-24,-16
"1876",21,80,1,76,618,12239272,12239274,12239275,1,3,"SFIX",12239317,-42,-34
"1877",21,77,1,77,618,12245350,12245353,12245358,5,8,"SFIX",12245374,-16,-8
"1878",21,30,2,78,618,12254612,12254615,12254616,1,4,"SFIX",12254643,-27,-19
"1879",21,44,1,79,618,12269881,12269883,12269885,2,4,"SFIX",12269928,-43,-35
"1880",21,37,3,80,618,12279549,12279552,12279555,3,6,"SFIX",12279570,-15,-7
"1881",21,57,2,81,618,12294639,12294641,12294648,7,9,"SFIX",12294670,-22,-14
"1882",21,73,3,82,618,12305626,12305629,12305631,2,5,"SFIX",12305658,-27,-19
"1883",21,15,2,83,618,12313693,12313695,12313697,2,4,"SFIX",12313723,-26,-18
"1884",21,53,1,84,618,12354988,12354990,12354992,2,4,"SFIX",12355013,-21,-13
"1885",21,74,1,85,618,12369449,12369452,12369453,1,4,"SFIX",12369467,-14,-6
"1886",21,55,3,86,618,12388134,12388137,12388138,1,4,"SFIX",12388173,-35,-27
"1887",21,31,3,87,618,12400653,12400656,12400657,1,4,"SFIX",12400678,-21,-13
"1888",21,8,1,88,618,12409137,12409139,12409140,1,3,"SFIX",12409176,-36,-28
"1889",21,69,2,89,618,12443471,12443473,12443475,2,4,"SFIX",12443497,-22,-14
"1890",21,46,3,90,618,12449576,12449580,12449586,6,10,"SFIX",12449612,-26,-18
"1891",22,41,2,1,618,17807699,17807702,17807706,4,7,"SFIX",17807739,-33,-25
"1892",22,89,2,2,618,17841298,17841301,17841303,2,5,"SFIX",17841340,-37,-29
"1893",22,43,1,3,618,17874446,17874449,17874450,1,4,"SFIX",17874488,-38,-30
"1894",22,3,3,4,618,17897947,17897950,17897953,3,6,"SFIX",17897990,-37,-29
"1895",22,47,2,5,618,17907213,17907215,17907220,5,7,"SFIX",17907247,-27,-19
"1896",22,19,1,6,618,17920574,17920576,17920577,1,3,"SFIX",17920622,-45,-37
"1897",22,37,1,7,618,17931118,17931120,17931124,4,6,"SFIX",17931163,-39,-31
"1898",22,35,2,8,618,17949490,17949492,17949498,6,8,"SFIX",17949530,-32,-24
"1899",22,7,1,9,618,17961403,17961406,17961407,1,4,"SFIX",17961438,-31,-23
"1900",22,27,3,10,618,18007240,18007243,18007244,1,4,"SFIX",18007268,-24,-16
"1901",22,42,3,11,618,18107324,18107328,18107329,1,5,"SFIX",18107360,-31,-23
"1902",22,73,1,12,618,18114210,18114212,18114214,2,4,"SFIX",18114250,-36,-28
"1903",22,40,1,13,618,18144025,18144028,18144029,1,4,"SFIX",18144054,-25,-17
"1904",22,39,3,14,618,18161315,18161318,18161322,4,7,"SFIX",18161354,-32,-24
"1905",22,70,1,15,618,18200559,18200562,18200567,5,8,"SFIX",18200601,-34,-26
"1906",22,80,2,16,618,18210788,18210791,18210792,1,4,"SFIX",18210834,-42,-34
"1907",22,62,2,17,618,18215690,18215693,18215694,1,4,"SFIX",18215732,-38,-30
"1908",22,54,3,18,618,18220397,18220400,18220401,1,4,"SFIX",18220428,-27,-19
"1909",22,83,2,19,618,18236843,18236846,18236848,2,5,"SFIX",18236877,-29,-21
"1910",22,1,1,20,618,18243300,18243303,18243304,1,4,"SFIX",18243339,-35,-27
"1911",22,60,3,21,618,18257127,18257130,18257132,2,5,"SFIX",18257170,-38,-30
"1912",22,29,2,22,618,18269226,18269229,18269233,4,7,"SFIX",18269243,-10,-2
"1913",22,87,3,23,618,18277725,18277727,18277730,3,5,"SFIX",18277769,-39,-31
"1914",22,64,1,24,618,18284145,18284147,18284151,4,6,"SFIX",18284193,-42,-34
"1915",22,10,1,25,618,18301340,18301342,18301345,3,5,"SFIX",18301377,-32,-24
"1916",22,44,2,26,618,18357489,18357491,18357492,1,3,"SFIX",18357525,-33,-25
"1917",22,46,1,27,618,18370378,18370379,18370381,2,3,"SFIX",18370419,-38,-30
"1918",22,23,2,28,618,18385063,18385065,18385068,3,5,"SFIX",18385103,-35,-27
"1919",22,34,1,29,618,18487377,18487380,18487381,1,4,"SFIX",18487413,-32,-24
"1920",22,28,1,30,618,18497740,18497743,18497744,1,4,"SFIX",18497764,-20,-12
"1921",22,81,3,31,618,18509387,18509390,18509391,1,4,"SFIX",18509426,-35,-27
"1922",22,5,2,32,618,18556672,18556676,18556680,4,8,"SFIX",18556715,-35,-27
"1923",22,90,3,33,618,18578836,18578853,18578854,1,18,"SFIX",18578970,-116,-108
"1924",22,74,2,34,618,18586052,18586055,18586056,1,4,"SFIX",18586089,-33,-25
"1925",22,11,2,35,618,18615551,18615554,18615555,1,4,"SFIX",18615575,-20,-12
"1926",22,58,1,36,618,18626348,18626351,18626354,3,6,"SFIX",18626377,-23,-15
"1927",22,8,2,37,618,18642559,18642561,18642563,2,4,"SFIX",18642596,-33,-25
"1928",22,86,2,38,618,18651288,18651290,18651291,1,3,"SFIX",18651324,-33,-25
"1929",22,14,2,39,618,18684167,18684169,18684173,4,6,"SFIX",18684211,-38,-30
"1930",22,45,3,40,618,18697312,18697314,18697316,2,4,"SFIX",18697334,-18,-10
"1931",22,59,2,41,618,18705449,18705451,18705454,3,5,"SFIX",18705467,-13,-5
"1932",22,56,2,42,618,18757081,18757084,18757085,1,4,"SFIX",18757124,-39,-31
"1933",22,72,3,43,618,18763955,18763958,18763959,1,4,"SFIX",18763981,-22,-14
"1934",22,31,1,44,618,18770313,18770315,18770316,1,3,"SFIX",18770345,-29,-21
"1935",22,21,3,45,618,18805513,18805516,18805517,1,4,"SFIX",18805543,-26,-18
"1936",22,82,1,46,618,18822824,18822828,18822829,1,5,"SFIX",18822869,-40,-32
"1937",22,79,1,47,618,18830977,18830981,18830982,1,5,"SFIX",18830990,-8,0
"1938",22,49,1,48,618,18842750,18842753,18842754,1,4,"SFIX",18842774,-20,-12
"1939",22,85,1,49,618,18867676,18867678,18867679,1,3,"SFIX",18867712,-33,-25
"1940",22,33,3,50,618,18880795,18880797,18880799,2,4,"SFIX",18880819,-20,-12
"1941",22,77,2,51,618,18894606,18894608,18894609,1,3,"SFIX",18894628,-19,-11
"1942",22,9,3,52,618,18898967,18898970,18898976,6,9,"SFIX",18898993,-17,-9
"1943",22,13,1,53,618,18906032,18906035,18906041,6,9,"SFIX",18906036,5,13
"1944",22,88,1,54,618,18925460,18925462,18925464,2,4,"SFIX",18925500,-36,-28
"1945",22,51,3,55,618,18931377,18931385,18931389,4,12,"SFIX",18931390,-1,7
"1946",22,76,1,56,618,18948525,18948527,18948533,6,8,"SFIX",18948555,-22,-14
"1947",22,38,2,57,618,18968600,18968602,18968604,2,4,"SFIX",18968632,-28,-20
"1948",22,66,3,58,618,18982590,18982593,18982599,6,9,"SFIX",18982626,-27,-19
"1949",22,68,2,59,618,19083083,19083085,19083087,2,4,"SFIX",19083128,-41,-33
"1950",22,71,2,60,618,19086909,19086912,19086913,1,4,"SFIX",19086931,-18,-10
"1951",22,12,3,61,618,19105404,19105407,19105412,5,8,"SFIX",19105439,-27,-19
"1952",22,17,2,62,618,19127123,19127124,19127126,2,3,"SFIX",19127132,-6,2
"1953",22,4,1,63,618,19226370,19226373,19226373,0,3,"SFIX",19226400,-27,-19
"1954",22,67,1,64,618,19239969,19239972,19239974,2,5,"SFIX",19239986,-12,-4
"1955",22,75,3,65,618,19245361,19245364,19245370,6,9,"SFIX",19245380,-10,-2
"1956",22,36,3,66,618,19253754,19253757,19253763,6,9,"SFIX",19253778,-15,-7
"1957",22,69,3,67,618,19263421,19263423,19263424,1,3,"SFIX",19263454,-30,-22
"1958",22,63,3,68,618,19268467,19268474,19268474,0,7,"SFIX",19268547,-73,-65
"1959",22,52,1,69,618,19274444,19274444,19274446,2,2,"SFIX",19274544,-98,-90
"1960",22,22,1,70,618,19293514,19293517,19293523,6,9,"SFIX",19293557,-34,-26
"1961",22,32,2,71,618,19307464,19307467,19307468,1,4,"SFIX",19307494,-26,-18
"1962",22,18,3,72,618,19372127,19372129,19372131,2,4,"SFIX",19372134,-3,5
"1963",22,24,3,73,618,NA,NA,NA,NA,NA,NA,NA,NA,NA
"1964",22,50,2,74,618,19428804,19428804,19428805,1,1,"SFIX",19428892,-87,-79
"1965",22,61,1,75,618,19449350,19449353,19449354,1,4,"SFIX",19449377,-23,-15
"1966",22,55,1,76,618,19472209,19472211,19472219,8,10,"SFIX",19472218,1,9
"1967",22,30,3,77,618,19480627,19480631,19480633,2,6,"SFIX",19480658,-25,-17
"1968",22,6,3,78,618,19493011,19493014,19493015,1,4,"SFIX",19493038,-23,-15
"1969",22,26,2,79,618,19506026,19506035,19506036,1,10,"SFIX",19506047,-11,-3
"1970",22,65,2,80,618,19523463,19523465,19523466,1,3,NA,NA,NA,NA
"1971",22,57,3,81,618,19548905,19548913,19548914,1,9,"SFIX",19548920,-6,2
"1972",22,84,3,82,618,19557170,19557181,19557184,3,14,"SFIX",19557183,1,9
"1973",22,53,2,83,618,19570552,19570554,19570556,2,4,"SFIX",19570589,-33,-25
"1974",22,48,3,84,618,19577384,19577386,19577387,1,3,"SFIX",19577413,-26,-18
"1975",22,15,3,85,618,19591171,19591174,19591175,1,4,"SFIX",19591210,-35,-27
"1976",22,2,2,86,618,19604996,19605000,19605005,5,9,"SFIX",19605033,-28,-20
"1977",22,78,3,87,618,19618728,19618731,19618732,1,4,"SFIX",19618768,-36,-28
"1978",22,20,2,88,618,19626894,19626896,19626899,3,5,"SFIX",19626929,-30,-22
"1979",22,25,1,89,618,19640733,19640736,19640737,1,4,"SFIX",19640760,-23,-15
"1980",22,16,1,90,618,19651778,19651781,19651782,1,4,"SFIX",19651828,-46,-38
"1981",23,35,3,1,618,21921583,21921585,21921591,6,8,"SFIX",21921617,-26,-18
"1982",23,50,3,2,618,21932320,21932320,21932321,1,1,"SFIX",21932380,-59,-51
"1983",23,90,1,3,618,21965414,21965417,21965418,1,4,"SFIX",21965451,-33,-25
"1984",23,49,2,4,618,21986898,21986909,21986913,4,15,"SFIX",21987089,-176,-168
"1985",23,29,3,5,618,22003497,22003499,22003501,2,4,"SFIX",22003515,-14,-6
"1986",23,30,1,6,618,22028005,22028008,22028010,2,5,"SFIX",22028047,-37,-29
"1987",23,77,3,7,618,22058289,22058292,22058293,1,4,"SFIX",22058313,-20,-12
"1988",23,81,1,8,618,22066021,22066024,22066025,1,4,"SFIX",22066208,-183,-175
"1989",23,20,3,9,618,22082929,22082932,22082933,1,4,"SFIX",22082960,-27,-19
"1990",23,1,2,10,618,22090953,22090961,22090965,4,12,"SFIX",22091004,-39,-31
"1991",23,66,1,11,618,22114306,22114312,22114315,3,9,"SFIX",22114365,-50,-42
"1992",23,62,3,12,618,22122747,22122751,22122752,1,5,"SFIX",22122787,-35,-27
"1993",23,19,2,13,618,22170073,22170075,22170077,2,4,"SFIX",22170095,-18,-10
"1994",23,40,2,14,618,22177998,22178001,22178007,6,9,"SFIX",22178031,-24,-16
"1995",23,70,2,15,618,22222159,22222161,22222163,2,4,"SFIX",22222207,-44,-36
"1996",23,28,2,16,618,22260983,22260991,22260992,1,9,"SFIX",22261026,-34,-26
"1997",23,76,2,17,618,22278494,22278497,22278499,2,5,"SFIX",22278525,-26,-18
"1998",23,44,3,18,618,22286035,22286035,22286037,2,2,"SFIX",22286095,-58,-50
"1999",23,53,3,19,618,22294924,22294926,22294927,1,3,"SFIX",22294958,-31,-23
"2000",23,42,1,20,618,22303613,22303620,22303622,2,9,"SFIX",22303660,-38,-30
"2001",23,58,2,21,618,22316353,22316356,22316357,1,4,"SFIX",22316370,-13,-5
"2002",23,73,2,22,618,22331928,22331937,22331943,6,15,"SFIX",22331970,-27,-19
"2003",23,86,3,23,618,22340553,22340559,22340560,1,7,"SFIX",22340610,-50,-42
"2004",23,85,2,24,618,22347518,22347521,22347522,1,4,"SFIX",22347548,-26,-18
"2005",23,34,2,25,618,22353101,22353112,22353114,2,13,"SFIX",22353140,-26,-18
"2006",23,71,3,26,618,22608025,22608037,22608038,1,13,"SFIX",22608066,-28,-20
"2007",23,12,1,27,618,22618726,22618729,22618730,1,4,"SFIX",22618751,-21,-13
"2008",23,14,3,28,618,22630622,22630625,22630626,1,4,"SFIX",22630657,-31,-23
"2009",23,41,3,29,618,22654915,22654918,22654924,6,9,"SFIX",22654945,-21,-13
"2010",23,80,3,30,618,22663765,22663765,22663766,1,1,"SFIX",22663838,-72,-64
"2011",23,65,3,31,618,22684778,22684780,22684782,2,4,"SFIX",22684810,-28,-20
"2012",23,24,1,32,618,22709374,22709377,22709383,6,9,"SFIX",22709409,-26,-18
"2013",23,6,1,33,618,22728799,22728802,22728806,4,7,"SFIX",22728821,-15,-7
"2014",23,43,2,34,618,22736875,22736877,22736881,4,6,"SFIX",22736908,-27,-19
"2015",23,67,2,35,618,22750096,22750100,22750106,6,10,"SFIX",22750126,-20,-12
"2016",23,68,3,36,618,22757811,22757814,22757815,1,4,"SFIX",22757824,-9,-1
"2017",23,83,3,37,618,22799993,22799995,22799996,1,3,"SFIX",22800029,-33,-25
"2018",23,47,3,38,618,22837364,22837370,22837371,1,7,"SFIX",22837412,-41,-33
"2019",23,18,1,39,618,22850137,22850140,22850141,1,4,"SFIX",22850176,-35,-27
"2020",23,46,2,40,618,22867998,22868000,22868002,2,4,"SFIX",22868024,-22,-14
"2021",23,3,1,41,618,22878647,22878650,22878651,1,4,"SFIX",22878672,-21,-13
"2022",23,4,2,42,618,22894656,22894659,22894661,2,5,"SFIX",22894708,-47,-39
"2023",23,9,1,43,618,22924993,22925004,22925010,6,17,"SFIX",22925044,-34,-26
"2024",23,63,1,44,618,22946012,22946015,22946017,2,5,"SFIX",22946045,-28,-20
"2025",23,36,1,45,618,22974626,22974628,22974635,7,9,"SFIX",22974656,-21,-13
"2026",23,57,1,46,618,23053545,23053549,23053550,1,5,"SFIX",23053566,-16,-8
"2027",23,23,3,47,618,23066160,23066163,23066166,3,6,"SFIX",23066187,-21,-13
"2028",23,21,1,48,618,23088415,23088417,23088419,2,4,"SFIX",23088457,-38,-30
"2029",23,26,3,49,618,23104008,23104011,23104017,6,9,"SFIX",23104054,-37,-29
"2030",23,7,2,50,618,23112305,23112307,23112309,2,4,"SFIX",23112320,-11,-3
"2031",23,88,2,51,618,23122687,23122689,23122690,1,3,"SFIX",23122735,-45,-37
"2032",23,48,1,52,618,23130104,23130117,23130122,5,18,"SFIX",23130376,-254,-246
"2033",23,39,1,53,618,23139580,23139583,23139589,6,9,"SFIX",23139602,-13,-5
"2034",23,38,3,54,618,23162342,23162351,23162353,2,11,"SFIX",23162374,-21,-13
"2035",23,45,1,55,618,23192382,23192384,23192390,6,8,"SFIX",23192408,-18,-10
"2036",23,15,1,56,618,23418633,23418636,23418639,3,6,"SFIX",23418660,-21,-13
"2037",23,78,1,57,618,23436225,23436229,23436230,1,5,"SFIX",23436261,-31,-23
"2038",23,59,3,58,618,23441861,23441864,23441865,1,4,"SFIX",23441888,-23,-15
"2039",23,51,1,59,618,23449149,23449151,23449153,2,4,"SFIX",23449181,-28,-20
"2040",23,13,2,60,618,23457162,23457165,23457166,1,4,"SFIX",23457189,-23,-15
"2041",23,79,2,61,618,23481253,23481256,23481257,1,4,"SFIX",23481287,-30,-22
"2042",23,87,1,62,618,23495607,23495610,23495611,1,4,"SFIX",23495641,-30,-22
"2043",23,2,3,63,618,23503920,23503922,23503923,1,3,"SFIX",23503957,-34,-26
"2044",23,37,2,64,618,23515639,23515642,23515643,1,4,"SFIX",23515672,-29,-21
"2045",23,56,3,65,618,23525604,23525606,23525608,2,4,"SFIX",23525635,-27,-19
"2046",23,52,2,66,618,23560089,23560092,23560093,1,4,"SFIX",23560118,-25,-17
"2047",23,32,3,67,618,23571620,23571623,23571624,1,4,"SFIX",23571664,-40,-32
"2048",23,27,1,68,618,23585833,23585836,23585837,1,4,"SFIX",23585860,-23,-15
"2049",23,82,2,69,618,23594757,23594757,23594758,1,1,"SFIX",23594804,-46,-38
"2050",23,8,3,70,618,23602260,23602280,23602287,7,27,"SFIX",23602298,-11,-3
"2051",23,16,2,71,618,23615926,23615934,23615935,1,9,"SFIX",23615956,-21,-13
"2052",23,89,3,72,618,23634609,23634612,23634613,1,4,"SFIX",23634641,-28,-20
"2053",23,5,3,73,618,23641684,23641696,23641698,2,14,"SFIX",23641886,-188,-180
"2054",23,61,2,74,618,23659536,23659538,23659540,2,4,"SFIX",23659570,-30,-22
"2055",23,25,2,75,618,23691676,23691695,23691696,1,20,"SFIX",23691887,-191,-183
"2056",23,64,2,76,618,23709170,23709172,23709177,5,7,"SFIX",23709199,-22,-14
"2057",23,84,1,77,618,23719788,23719791,23719792,1,4,"SFIX",23719826,-34,-26
"2058",23,33,1,78,618,23729120,23729122,23729123,1,3,"SFIX",23729140,-17,-9
"2059",23,69,1,79,618,23735641,23735643,23735646,3,5,"SFIX",23735672,-26,-18
"2060",23,17,3,80,618,23741103,23741107,23741108,1,5,"SFIX",23741137,-29,-21
"2061",23,54,1,81,618,23755320,23755324,23755325,1,5,"SFIX",23755347,-22,-14
"2062",23,22,2,82,618,23779458,23779461,23779462,1,4,"SFIX",23779498,-36,-28
"2063",23,60,1,83,618,23787068,23787072,23787076,4,8,"SFIX",23787104,-28,-20
"2064",23,55,2,84,618,23819147,23819150,23819151,1,4,"SFIX",23819169,-18,-10
"2065",23,74,3,85,618,23868728,23868730,23868738,8,10,"SFIX",23868760,-22,-14
"2066",23,10,2,86,618,23873902,23873905,23873906,1,4,"SFIX",23873937,-31,-23
"2067",23,11,3,87,618,23888486,23888493,23888497,4,11,"SFIX",23888554,-57,-49
"2068",23,72,1,88,618,23896298,23896300,23896302,2,4,"SFIX",23896320,-18,-10
"2069",23,75,1,89,618,23902471,23902482,23902485,3,14,"SFIX",23902541,-56,-48
"2070",23,31,2,90,618,23908349,23908365,23908366,1,17,"SFIX",23908570,-204,-196
"2071",24,24,2,1,618,757730,757735,757738,3,8,"SFIX",757760,-22,-14
"2072",24,51,2,2,618,772444,772454,772460,6,16,"SFIX",772499,-39,-31
"2073",24,75,2,3,618,799540,799544,799547,3,7,"SFIX",799573,-26,-18
"2074",24,27,2,4,618,804535,804538,804546,8,11,"SFIX",804569,-23,-15
"2075",24,85,3,5,618,823868,823873,823874,1,6,"SFIX",823892,-18,-10
"2076",24,70,3,6,618,840380,840385,840386,1,6,"SFIX",840422,-36,-28
"2077",24,68,1,7,618,847312,847316,847321,5,9,"SFIX",847346,-25,-17
"2078",24,76,3,8,618,856884,856889,856890,1,6,"SFIX",856921,-31,-23
"2079",24,40,3,9,618,878059,878063,878064,1,5,"SFIX",878097,-33,-25
"2080",24,48,2,10,618,891255,891259,891264,5,9,"SFIX",891281,-17,-9
"2081",24,83,1,11,618,927793,927797,927798,1,5,"SFIX",927817,-19,-11
"2082",24,17,1,12,618,948958,948961,948963,2,5,"SFIX",949000,-37,-29
"2083",24,67,3,13,618,963437,963441,963442,1,5,"SFIX",963475,-33,-25
"2084",24,33,2,14,618,971166,971170,971170,0,4,"SFIX",971211,-41,-33
"2085",24,6,2,15,618,985991,985994,986001,7,10,"SFIX",986022,-21,-13
"2086",24,47,1,16,618,1004591,1004594,1004599,5,8,"SFIX",1004626,-27,-19
"2087",24,52,3,17,618,1017753,1017757,1017758,1,5,"SFIX",1017786,-28,-20
"2088",24,20,1,18,618,1027685,1027689,1027695,6,10,"SFIX",1027722,-27,-19
"2089",24,50,1,19,618,1040651,1040655,1040656,1,5,"SFIX",1040679,-23,-15
"2090",24,63,2,20,618,1057509,1057513,1057516,3,7,"SFIX",1057531,-15,-7
"2091",24,2,1,21,618,1063451,1063456,1063457,1,6,"SFIX",1063488,-31,-23
"2092",24,37,3,22,618,1073108,1073112,1073117,5,9,"SFIX",1073136,-19,-11
"2093",24,72,2,23,618,1097290,1097293,1097295,2,5,"SFIX",1097327,-32,-24
"2094",24,29,1,24,618,1113939,1113943,1113945,2,6,"SFIX",1113966,-21,-13
"2095",24,43,3,25,618,1131949,1131953,1131954,1,5,"SFIX",1131973,-19,-11
"2096",24,15,2,26,618,1145873,1145877,1145881,4,8,"SFIX",1145905,-24,-16
"2097",24,69,2,27,618,1165734,1165738,1165738,0,4,"SFIX",1165764,-26,-18
"2098",24,55,3,28,618,1173753,1173757,1173758,1,5,"SFIX",1173766,-8,0
"2099",24,61,3,29,618,1399612,1399615,1399617,2,5,"SFIX",1399642,-25,-17
"2100",24,60,2,30,618,1404155,1404158,1404160,2,5,"SFIX",1404186,-26,-18
"2101",24,34,3,31,618,1425506,1425510,1425511,1,5,"SFIX",1425532,-21,-13
"2102",24,56,1,32,618,1440766,1440770,1440773,3,7,"SFIX",1440800,-27,-19
"2103",24,10,3,33,618,1474445,1474449,1474451,2,6,"SFIX",1474483,-32,-24
"2104",24,73,3,34,618,1501476,1501479,1501480,1,4,"SFIX",1501519,-39,-31
"2105",24,16,3,35,618,1507534,1507539,1507546,7,12,"SFIX",1507571,-25,-17
"2106",24,18,2,36,618,1516162,1516166,1516167,1,5,"SFIX",1516192,-25,-17
"2107",24,31,3,37,618,1531888,1531891,1531893,2,5,"SFIX",1531918,-25,-17
"2108",24,78,2,38,618,1539881,1539885,1539886,1,5,"SFIX",1539919,-33,-25
"2109",24,53,1,39,618,1558583,1558587,1558592,5,9,"SFIX",1558615,-23,-15
"2110",24,66,2,40,618,1575991,1575995,1575996,1,5,"SFIX",1576017,-21,-13
"2111",24,12,2,41,618,1581345,1581347,1581348,1,3,"SFIX",1581385,-37,-29
"2112",24,39,2,42,618,1611403,1611406,1611408,2,5,"SFIX",1611443,-35,-27
"2113",24,1,3,43,618,1642287,1642290,1642294,4,7,"SFIX",1642311,-17,-9
"2114",24,13,3,44,618,1669074,1669077,1669079,2,5,"SFIX",1669114,-35,-27
"2115",24,38,1,45,618,1676890,1676894,1676900,6,10,"SFIX",1676931,-31,-23
"2116",24,21,2,46,618,1688004,1688007,1688010,3,6,"SFIX",1688040,-30,-22
"2117",24,71,1,47,618,1696394,1696398,1696399,1,5,"SFIX",1696435,-36,-28
"2118",24,89,1,48,618,1708372,1708376,1708377,1,5,"SFIX",1708408,-31,-23
"2119",24,84,2,49,618,1730956,1730960,1730960,0,4,"SFIX",1731010,-50,-42
"2120",24,19,3,50,618,1769217,1769219,1769220,1,3,"SFIX",1769250,-30,-22
"2121",24,46,3,51,618,1791277,1791280,1791286,6,9,"SFIX",1791307,-21,-13
"2122",24,65,1,52,618,1803825,1803829,1803830,1,5,"SFIX",1803851,-21,-13
"2123",24,62,1,53,618,1810984,1810988,1810989,1,5,"SFIX",1811023,-34,-26
"2124",24,49,3,54,618,1817376,1817381,1817388,7,12,"SFIX",1817402,-14,-6
"2125",24,57,2,55,618,1836005,1836009,1836011,2,6,"SFIX",1836039,-28,-20
"2126",24,25,3,56,618,1864723,1864727,1864728,1,5,"SFIX",1864740,-12,-4
"2127",24,82,3,57,618,1948547,1948550,1948551,1,4,"SFIX",1948577,-26,-18
"2128",24,3,2,58,618,1962127,1962130,1962131,1,4,"SFIX",1962159,-28,-20
"2129",24,81,2,59,618,1969692,1969696,1969697,1,5,"SFIX",1969718,-21,-13
"2130",24,36,2,60,618,1982354,1982358,1982359,1,5,"SFIX",1982395,-36,-28
"2131",24,22,3,61,618,1994178,1994181,1994182,1,4,"SFIX",1994234,-52,-44
"2132",24,41,1,62,618,2002933,2002937,2002940,3,7,"SFIX",2002966,-26,-18
"2133",24,58,3,63,618,2028837,2028841,2028847,6,10,"SFIX",2028872,-25,-17
"2134",24,4,3,64,618,2037530,2037534,2037537,3,7,"SFIX",2037568,-31,-23
"2135",24,7,3,65,618,2057262,2057265,2057272,7,10,"SFIX",2057296,-24,-16
"2136",24,9,2,66,618,2084090,2084092,2084094,2,4,"SFIX",2084125,-31,-23
"2137",24,74,1,67,618,2116414,2116418,2116423,5,9,"SFIX",2116447,-24,-16
"2138",24,79,3,68,618,2127177,2127180,2127182,2,5,"SFIX",2127206,-24,-16
"2139",24,26,1,69,618,2132154,2132158,2132159,1,5,"SFIX",2132195,-36,-28
"2140",24,59,1,70,618,2157249,2157252,2157253,1,4,"SFIX",2157276,-23,-15
"2141",24,44,1,71,618,2171169,2171173,2171173,0,4,"SFIX",2171206,-33,-25
"2142",24,14,1,72,618,2179970,2179973,2179980,7,10,"SFIX",2180017,-37,-29
"2143",24,86,1,73,618,2195445,2195449,2195452,3,7,"SFIX",2195494,-42,-34
"2144",24,45,2,74,618,2204178,2204181,2204183,2,5,"SFIX",2204229,-46,-38
"2145",24,88,3,75,618,2215299,2215302,2215303,1,4,"SFIX",2215353,-50,-42
"2146",24,64,3,76,618,2230940,2230944,2230946,2,6,"SFIX",2230951,-5,3
"2147",24,42,2,77,618,2243339,2243343,2243344,1,5,"SFIX",2243370,-26,-18
"2148",24,77,1,78,618,2253969,2253973,2253975,2,6,"SFIX",2253996,-21,-13
"2149",24,87,2,79,618,2262169,2262172,2262173,1,4,"SFIX",2262210,-37,-29
"2150",24,32,1,80,618,2271377,2271380,2271385,5,8,"SFIX",2271416,-31,-23
"2151",24,80,1,81,618,2291653,2291656,2291658,2,5,"SFIX",2291693,-35,-27
"2152",24,23,1,82,618,2301155,2301159,2301160,1,5,"SFIX",2301187,-27,-19
"2153",24,90,2,83,618,2309855,2309860,2309864,4,9,"SFIX",2309895,-31,-23
"2154",24,28,3,84,618,2315728,2315732,2315735,3,7,"SFIX",2315762,-27,-19
"2155",24,8,1,85,618,2357892,2357894,2357896,2,4,"SFIX",2357922,-26,-18
"2156",24,5,1,86,618,2370066,2370069,2370071,2,5,"SFIX",2370102,-31,-23
"2157",24,54,2,87,618,2381344,2381348,2381352,4,8,"SFIX",2381393,-41,-33
"2158",24,30,2,88,618,2396601,2396605,2396606,1,5,"SFIX",2396632,-26,-18
"2159",24,11,1,89,618,2403872,2403876,2403877,1,5,"SFIX",2403898,-21,-13
"2160",24,35,1,90,618,2423879,2423882,2423883,1,4,"SFIX",2423902,-19,-11
"2161",25,82,1,1,618,4198423,4198426,4198430,4,7,"SFIX",4198463,-33,-25
"2162",25,24,3,2,618,4206668,4206671,4206673,2,5,"SFIX",4206701,-28,-20
"2163",25,12,3,3,618,4215368,4215371,4215373,2,5,"SFIX",4215400,-27,-19
"2164",25,84,3,4,618,4239148,4239156,4239161,5,13,"SFIX",4239181,-20,-12
"2165",25,37,1,5,618,4299287,4299290,4299291,1,4,"SFIX",4299328,-37,-29
"2166",25,55,1,6,618,4312113,4312120,4312121,1,8,"SFIX",4312308,-187,-179
"2167",25,5,2,7,618,4338475,4338478,4338480,2,5,"SFIX",4338513,-33,-25
"2168",25,53,2,8,618,4350208,4350212,4350213,1,5,"SFIX",4350242,-29,-21
"2169",25,33,3,9,618,4386238,4386242,4386244,2,6,"SFIX",4386263,-19,-11
"2170",25,61,1,10,618,4397912,4397912,4397918,6,6,"SFIX",4398000,-82,-74
"2171",25,7,1,11,618,4411123,4411127,4411127,0,4,"SFIX",4411155,-28,-20
"2172",25,78,3,12,618,4430129,4430132,4430140,8,11,"SFIX",4430171,-31,-23
"2173",25,11,2,13,618,4450932,4450944,4450948,4,16,"SFIX",4450993,-45,-37
"2174",25,65,2,14,618,4463806,4463809,4463813,4,7,"SFIX",4463840,-27,-19
"2175",25,47,2,15,618,4472547,4472550,4472552,2,5,"SFIX",4472586,-34,-26
"2176",25,40,1,16,618,4505804,4505808,4505809,1,5,"SFIX",4505836,-27,-19
"2177",25,49,1,17,618,4518108,4518111,4518113,2,5,"SFIX",4518145,-32,-24
"2178",25,35,2,18,618,4528427,4528430,4528432,2,5,"SFIX",4528469,-37,-29
"2179",25,67,1,19,618,4551452,4551455,4551457,2,5,"SFIX",4551489,-32,-24
"2180",25,13,1,20,618,4575826,4575832,4575837,5,11,"SFIX",4576046,-209,-201
"2181",25,71,2,21,618,4594923,4594927,4594930,3,7,"SFIX",4594963,-33,-25
"2182",25,1,1,22,618,4643643,4643647,4643652,5,9,"SFIX",4643676,-24,-16
"2183",25,38,2,23,618,4658994,4658998,4658999,1,5,"SFIX",4659028,-29,-21
"2184",25,72,3,24,618,4678778,4678782,4678784,2,6,"SFIX",4678814,-30,-22
"2185",25,88,1,25,618,4687201,4687204,4687209,5,8,"SFIX",4687243,-34,-26
"2186",25,41,2,26,618,4696306,4696310,4696311,1,5,"SFIX",4696340,-29,-21
"2187",25,6,3,27,618,4704922,4704941,4704946,5,24,"SFIX",4705171,-225,-217
"2188",25,9,3,28,618,4716458,4716462,4716464,2,6,"SFIX",4716492,-28,-20
"2189",25,46,1,29,618,4735566,4735569,4735571,2,5,"SFIX",4735597,-26,-18
"2190",25,23,2,30,618,4745883,4745886,4745888,2,5,"SFIX",4745919,-31,-23
"2191",25,14,2,31,618,4755972,4755975,4755978,3,6,"SFIX",4756015,-37,-29
"2192",25,58,1,32,618,4912396,4912404,4912406,2,10,"SFIX",4912574,-168,-160
"2193",25,80,2,33,618,4924775,4924778,4924780,2,5,"SFIX",4924812,-32,-24
"2194",25,79,1,34,618,4932240,4932250,4932253,3,13,"SFIX",4932418,-165,-157
"2195",25,54,3,35,618,4946016,4946024,4946026,2,10,"SFIX",4946172,-146,-138
"2196",25,51,3,36,618,4957119,4957125,4957127,2,8,"SFIX",4957181,-54,-46
"2197",25,3,3,37,618,4995839,4995839,4995840,1,1,"SFIX",4995894,-54,-46
"2198",25,16,1,38,618,5006653,5006656,5006658,2,5,"SFIX",5006683,-25,-17
"2199",25,48,3,39,618,5019067,5019071,5019072,1,5,"SFIX",5019093,-21,-13
"2200",25,86,2,40,618,5031494,5031498,5031499,1,5,"SFIX",5031533,-34,-26
"2201",25,2,2,41,618,5042886,5042888,5042890,2,4,"SFIX",5042921,-31,-23
"2202",25,4,1,42,618,5073410,5073413,5073414,1,4,"SFIX",5073441,-27,-19
"2203",25,75,3,43,618,5091688,5091691,5091697,6,9,"SFIX",5091717,-20,-12
"2204",25,36,3,44,618,5115000,5115003,5115004,1,4,"SFIX",5115030,-26,-18
"2205",25,83,2,45,618,5132855,5132859,5132860,1,5,"SFIX",5132882,-22,-14
"2206",25,44,2,46,618,5148851,5148855,5148857,2,6,"SFIX",5148880,-23,-15
"2207",25,22,1,47,618,5251107,5251116,5251122,6,15,"SFIX",5251308,-186,-178
"2208",25,57,3,48,618,5296567,5296571,5296572,1,5,"SFIX",5296596,-24,-16
"2209",25,90,3,49,618,5310252,5310255,5310257,2,5,"SFIX",5310278,-21,-13
"2210",25,63,3,50,618,5330796,5330800,5330805,5,9,"SFIX",5330822,-17,-9
"2211",25,81,3,51,618,5350081,5350085,5350086,1,5,"SFIX",5350115,-29,-21
"2212",25,31,1,52,618,5358950,5358954,5358960,6,10,"SFIX",5358982,-22,-14
"2213",25,28,1,53,618,5395408,5395411,5395412,1,4,"SFIX",5395434,-22,-14
"2214",25,26,2,54,618,5417169,5417173,5417174,1,5,"SFIX",5417207,-33,-25
"2215",25,52,1,55,618,5441208,5441212,5441213,1,5,"SFIX",5441232,-19,-11
"2216",25,59,2,56,618,5454631,5454636,5454638,2,7,"SFIX",5454672,-34,-26
"2217",25,70,1,57,618,5481473,5481477,5481478,1,5,"SFIX",5481515,-37,-29
"2218",25,69,3,58,618,5497855,5497859,5497864,5,9,"SFIX",5497881,-17,-9
"2219",25,42,3,59,618,5505508,5505512,5505513,1,5,"SFIX",5505729,-216,-208
"2220",25,50,2,60,618,5704394,5704397,5704404,7,10,"SFIX",5704425,-21,-13
"2221",25,18,3,61,618,5741387,5741390,5741392,2,5,"SFIX",5741416,-24,-16
"2222",25,76,1,62,618,5753812,5753816,5753817,1,5,"SFIX",5753843,-26,-18
"2223",25,73,1,63,618,5775716,5775720,5775722,2,6,"SFIX",5775741,-19,-11
"2224",25,60,3,64,618,5808104,5808107,5808109,2,5,"SFIX",5808143,-34,-26
"2225",25,30,3,65,618,5821200,5821203,5821205,2,5,"SFIX",5821228,-23,-15
"2226",25,27,3,66,618,5831683,5831687,5831688,1,5,"SFIX",5831707,-19,-11
"2227",25,34,1,67,618,5840852,5840856,5840856,0,4,"SFIX",5840873,-17,-9
"2228",25,39,3,68,618,5874002,5874006,5874008,2,6,"SFIX",5874029,-21,-13
"2229",25,56,2,69,618,5895991,5895994,5895996,2,5,"SFIX",5896013,-17,-9
"2230",25,62,2,70,618,5928363,5928367,5928370,3,7,"SFIX",5928387,-17,-9
"2231",25,43,1,71,618,5939286,5939290,5939291,1,5,"SFIX",5939320,-29,-21
"2232",25,20,2,72,618,5949199,5949203,5949204,1,5,"SFIX",5949241,-37,-29
"2233",25,64,1,73,618,5985289,5985293,5985295,2,6,"SFIX",5985337,-42,-34
"2234",25,21,3,74,618,6009003,6009012,6009014,2,11,"SFIX",6009217,-203,-195
"2235",25,15,3,75,618,6028952,6028955,6028956,1,4,"SFIX",6028991,-35,-27
"2236",25,29,2,76,618,6049529,6049533,6049534,1,5,"SFIX",6049558,-24,-16
"2237",25,89,2,77,618,6061750,6061753,6061760,7,10,"SFIX",6061790,-30,-22
"2238",25,19,1,78,618,6078139,6078149,6078151,2,12,"SFIX",6078276,-125,-117
"2239",25,10,1,79,618,6114004,6114009,6114010,1,6,"SFIX",6114035,-25,-17
"2240",25,25,1,80,618,6149970,6149974,6149976,2,6,"SFIX",6150009,-33,-25
"2241",25,68,2,81,618,6166942,6166946,6166946,0,4,"SFIX",6166977,-31,-23
"2242",25,77,2,82,618,6176478,6176481,6176485,4,7,"SFIX",6176506,-21,-13
"2243",25,87,3,83,618,6189875,6189879,6189879,0,4,"SFIX",6189902,-23,-15
"2244",25,85,1,84,618,6198384,6198389,6198394,5,10,"SFIX",6198410,-16,-8
"2245",25,17,2,85,618,6212282,6212285,6212287,2,5,"SFIX",6212305,-18,-10
"2246",25,66,3,86,618,6238928,6238931,6238931,0,3,"SFIX",6238955,-24,-16
"2247",25,8,2,87,618,6253913,6253917,6253918,1,5,"SFIX",6253940,-22,-14
"2248",25,45,3,88,618,6276049,6276053,6276054,1,5,"SFIX",6276078,-24,-16
"2249",25,32,2,89,618,6309040,6309042,6309044,2,4,"SFIX",6309072,-28,-20
"2250",25,74,2,90,618,6323770,6323773,6323777,4,7,"SFIX",6323811,-34,-26
"2251",26,45,1,1,618,11050991,11050994,11050996,2,5,"SFIX",11051017,-21,-13
"2252",26,38,3,2,618,11073505,11073509,11073510,1,5,"SFIX",11073530,-20,-12
"2253",26,26,3,3,618,11116328,11116332,11116333,1,5,"SFIX",11116350,-17,-9
"2254",26,59,3,4,618,11147130,11147134,11147136,2,6,"SFIX",11147154,-18,-10
"2255",26,41,3,5,618,11155889,11155893,11155894,1,5,"SFIX",11155917,-23,-15
"2256",26,5,3,6,618,11165514,11165518,11165524,6,10,"SFIX",11165535,-11,-3
"2257",26,48,1,7,618,11178446,11178450,11178452,2,6,"SFIX",11178464,-12,-4
"2258",26,37,2,8,618,11202247,11202250,11202252,2,5,"SFIX",11202276,-24,-16
"2259",26,54,1,9,618,11211280,11211280,11211281,1,1,"SFIX",11211318,-37,-29
"2260",26,74,3,10,618,11248857,11248860,11248862,2,5,"SFIX",11248898,-36,-28
"2261",26,46,2,11,618,11257874,11257881,11257882,1,8,"SFIX",11258063,-181,-173
"2262",26,20,3,12,618,11270974,11270978,11270979,1,5,"SFIX",11271011,-32,-24
"2263",26,60,1,13,618,11357279,11357286,11357287,1,8,"SFIX",11357326,-39,-31
"2264",26,34,2,14,618,11375526,11375530,11375532,2,6,"SFIX",11375569,-37,-29
"2265",26,35,3,15,618,11387706,11387726,11387728,2,22,"SFIX",11387787,-59,-51
"2266",26,63,1,16,618,11398745,11398749,11398755,6,10,"SFIX",11398921,-166,-158
"2267",26,31,2,17,618,11404760,11404763,11404765,2,5,"SFIX",11404795,-30,-22
"2268",26,80,3,18,618,11417029,11417031,11417033,2,4,"SFIX",11417072,-39,-31
"2269",26,73,2,19,618,11421509,11421517,11421520,3,11,"SFIX",11421572,-52,-44
"2270",26,1,2,20,618,11450035,11450039,11450040,1,5,"SFIX",11450076,-36,-28
"2271",26,39,1,21,618,11459240,11459244,11459245,1,5,"SFIX",11459280,-35,-27
"2272",26,76,2,22,618,11478182,11478192,11478193,1,11,"SFIX",11478229,-36,-28
"2273",26,68,3,23,618,11489776,11489785,11489790,5,14,"SFIX",11489826,-36,-28
"2274",26,29,3,24,618,11497902,11497923,11497924,1,22,"SFIX",11497957,-33,-25
"2275",26,21,1,25,618,11508247,11508265,11508268,3,21,"SFIX",11508383,-115,-107
"2276",26,88,2,26,618,11535797,11535807,11535809,2,12,"SFIX",11535840,-31,-23
"2277",26,42,1,27,618,11546676,11546680,11546683,3,7,"SFIX",11546714,-31,-23
"2278",26,4,2,28,618,11558490,11558494,11558495,1,5,"SFIX",11558527,-32,-24
"2279",26,19,2,29,618,11580995,11580998,11581000,2,5,"SFIX",11581025,-25,-17
"2280",26,65,3,30,618,11589640,11589644,11589650,6,10,"SFIX",11589675,-25,-17
"2281",26,30,1,31,618,11633715,11633719,11633723,4,8,"SFIX",11633756,-33,-25
"2282",26,27,1,32,618,11642415,11642418,11642420,2,5,"SFIX",11642462,-42,-34
"2283",26,55,2,33,618,11651787,11651791,11651792,1,5,"SFIX",11651825,-33,-25
"2284",26,15,1,34,618,11742205,11742221,11742226,5,21,"SFIX",11742250,-24,-16
"2285",26,13,2,35,618,11753227,11753230,11753232,2,5,"SFIX",11753264,-32,-24
"2286",26,28,2,36,618,11763889,11763893,11763896,3,7,"SFIX",11763922,-26,-18
"2287",26,33,1,37,618,11804422,11804426,11804431,5,9,"SFIX",11804459,-28,-20
"2288",26,56,3,38,618,11814992,11814995,11815001,6,9,"SFIX",11815033,-32,-24
"2289",26,6,1,39,618,11835230,11835234,11835235,1,5,"SFIX",11835268,-33,-25
"2290",26,69,1,40,618,11845961,11845965,11845971,6,10,"SFIX",11845997,-26,-18
"2291",26,83,3,41,618,11872677,11872680,11872682,2,5,"SFIX",11872720,-38,-30
"2292",26,7,2,42,618,11896709,11896711,11896718,7,9,"SFIX",11896749,-31,-23
"2293",26,9,1,43,618,11915286,11915290,11915291,1,5,"SFIX",11915323,-32,-24
"2294",26,10,2,44,618,11933312,11933315,11933317,2,5,"SFIX",11933364,-47,-39
"2295",26,2,3,45,618,11993670,11993675,11993676,1,6,"SFIX",11993693,-17,-9
"2296",26,53,3,46,618,12037507,12037555,12037558,3,51,"SFIX",12037591,-33,-25
"2297",26,23,3,47,618,12048820,12048823,12048828,5,8,"SFIX",12048860,-32,-24
"2298",26,14,3,48,618,12069766,12069770,12069773,3,7,"SFIX",12069796,-23,-15
"2299",26,3,1,49,618,12085143,12085155,12085155,0,12,"SFIX",12085190,-35,-27
"2300",26,51,1,50,618,12097304,12097308,12097309,1,5,"SFIX",12097335,-26,-18
"2301",26,40,2,51,618,12105822,12105826,12105828,2,6,"SFIX",12105858,-30,-22
"2302",26,62,3,52,618,12117921,12117924,12117926,2,5,"SFIX",12117948,-22,-14
"2303",26,66,1,53,618,12134334,12134336,12134340,4,6,"SFIX",12134362,-22,-14
"2304",26,18,1,54,618,12144119,12144122,12144123,1,4,"SFIX",12144160,-37,-29
"2305",26,50,3,55,618,12156493,12156496,12156498,2,5,"SFIX",12156528,-30,-22
"2306",26,12,1,56,618,12184121,12184125,12184130,5,9,"SFIX",12184153,-23,-15
"2307",26,75,1,57,618,12193909,12193913,12193915,2,6,"SFIX",12193936,-21,-13
"2308",26,24,1,58,618,12203170,12203173,12203176,3,6,"SFIX",12203207,-31,-23
"2309",26,58,2,59,618,12234449,12234452,12234454,2,5,"SFIX",12234483,-29,-21
"2310",26,67,2,60,618,12261419,12261469,12261470,1,51,"SFIX",12261509,-39,-31
"2311",26,57,1,61,618,12288952,12288956,12288958,2,6,"SFIX",12288986,-28,-20
"2312",26,82,2,62,618,12312188,12312193,12312194,1,6,"SFIX",12312222,-28,-20
"2313",26,87,1,63,618,12323548,12323551,12323559,8,11,"SFIX",12323589,-30,-22
"2314",26,90,1,64,618,12508715,12508728,12508730,2,15,"SFIX",12508761,-31,-23
"2315",26,61,2,65,618,12565486,12565490,12565491,1,5,"SFIX",12565512,-21,-13
"2316",26,25,2,66,618,12579907,12579918,12579919,1,12,"SFIX",12579950,-31,-23
"2317",26,32,3,67,618,12614664,12614668,12614669,1,5,"SFIX",12614708,-39,-31
"2318",26,86,3,68,618,12634446,12634450,12634451,1,5,"SFIX",12634483,-32,-24
"2319",26,89,3,69,618,12641904,12641942,12641947,5,43,"SFIX",12641994,-47,-39
"2320",26,49,2,70,618,12650691,12650694,12650701,7,10,"SFIX",12650719,-18,-10
"2321",26,70,2,71,618,12695051,12695054,12695060,6,9,"SFIX",12695091,-31,-23
"2322",26,52,2,72,618,12704290,12704294,12704295,1,5,"SFIX",12704319,-24,-16
"2323",26,43,2,73,618,12716751,12716755,12716756,1,5,"SFIX",12716785,-29,-21
"2324",26,84,1,74,618,12727087,12727090,12727092,2,5,"SFIX",12727135,-43,-35
"2325",26,64,2,75,618,12762550,12762554,12762558,4,8,"SFIX",12762581,-23,-15
"2326",26,77,3,76,618,12785453,12785457,12785461,4,8,"SFIX",12785486,-25,-17
"2327",26,22,2,77,618,12814985,12814988,12814989,1,4,"SFIX",12815024,-35,-27
"2328",26,17,3,78,618,12826116,12826120,12826121,1,5,"SFIX",12826152,-31,-23
"2329",26,79,2,79,618,12860261,12860265,12860267,2,6,"SFIX",12860300,-33,-25
"2330",26,47,3,80,618,12900147,12900152,12900156,4,9,"SFIX",12900196,-40,-32
"2331",26,81,1,81,618,12937643,12937655,12937656,1,13,"SFIX",12937691,-35,-27
"2332",26,11,3,82,618,12960657,12960661,12960662,1,5,"SFIX",12960691,-29,-21
"2333",26,44,3,83,618,12972061,12972065,12972066,1,5,"SFIX",12972080,-14,-6
"2334",26,78,1,84,618,12992577,12992582,12992587,5,10,"SFIX",12992605,-18,-10
"2335",26,36,1,85,618,13013635,13013641,13013643,2,8,"SFIX",13013686,-43,-35
"2336",26,16,2,86,618,13040983,13040988,13040989,1,6,"SFIX",13041023,-34,-26
"2337",26,72,1,87,618,13067243,13067248,13067249,1,6,"SFIX",13067269,-20,-12
"2338",26,71,3,88,618,13075976,13075980,13075984,4,8,"SFIX",13075998,-14,-6
"2339",26,85,2,89,618,13103535,13103543,13103545,2,10,"SFIX",13103599,-54,-46
"2340",26,8,3,90,618,13145888,13145892,13145893,1,5,"SFIX",13145925,-32,-24
"2341",27,24,2,1,618,14789773,14789777,14789778,1,5,"SFIX",14789801,-23,-15
"2342",27,36,2,2,618,14799243,14799246,14799250,4,7,"SFIX",14799265,-15,-7
"2343",27,79,3,3,618,14813029,14813031,14813033,2,4,"SFIX",14813069,-36,-28
"2344",27,71,1,4,618,14822355,14822358,14822363,5,8,"SFIX",14822378,-15,-7
"2345",27,4,3,5,618,14849152,14849156,14849161,5,9,"SFIX",14849176,-15,-7
"2346",27,66,2,6,618,14858221,14858223,14858225,2,4,"SFIX",14858248,-23,-15
"2347",27,8,1,7,618,14874381,14874385,14874386,1,5,"SFIX",14874515,-129,-121
"2348",27,80,1,8,618,14882872,14882875,14882879,4,7,"SFIX",14882903,-24,-16
"2349",27,15,2,9,618,14896222,14896225,14896228,3,6,"SFIX",14896258,-30,-22
"2350",27,54,2,10,618,14929371,14929375,14929377,2,6,"SFIX",14929408,-31,-23
"2351",27,46,3,11,618,14944480,14944497,14944499,2,19,"SFIX",14944628,-129,-121
"2352",27,87,2,12,618,14979446,14979449,14979451,2,5,"SFIX",14979466,-15,-7
"2353",27,78,2,13,618,14992150,14992154,14992155,1,5,"SFIX",14992186,-31,-23
"2354",27,22,3,14,618,15012444,15012447,15012449,2,5,"SFIX",15012496,-47,-39
"2355",27,37,3,15,618,15073547,15073549,15073551,2,4,"SFIX",15073583,-32,-24
"2356",27,5,1,16,618,15092530,15092539,15092546,7,16,"SFIX",15092743,-197,-189
"2357",27,77,1,17,618,15134373,15134377,15134383,6,10,"SFIX",15134400,-17,-9
"2358",27,26,1,18,618,15145241,15145245,15145246,1,5,"SFIX",15145282,-36,-28
"2359",27,21,2,19,618,15166343,15166347,15166348,1,5,"SFIX",15166378,-30,-22
"2360",27,14,1,20,618,15181170,15181174,15181176,2,6,"SFIX",15181191,-15,-7
"2361",27,85,3,21,618,15199406,15199409,15199411,2,5,"SFIX",15199428,-17,-9
"2362",27,56,1,22,618,15212854,15212858,15212861,3,7,"SFIX",15212887,-26,-18
"2363",27,18,2,23,618,15354270,15354274,15354275,1,5,"SFIX",15354299,-24,-16
"2364",27,23,1,24,618,15364930,15364933,15364935,2,5,"SFIX",15364955,-20,-12
"2365",27,68,1,25,618,15375412,15375416,15375417,1,5,"SFIX",15375442,-25,-17
"2366",27,55,3,26,618,15396942,15396946,15396947,1,5,"SFIX",15396964,-17,-9
"2367",27,50,1,27,618,15407031,15407034,15407037,3,6,"SFIX",15407058,-21,-13
"2368",27,44,1,28,618,15430594,15430617,15430618,1,24,"SFIX",15430845,-227,-219
"2369",27,43,3,29,618,15441433,15441437,15441442,5,9,"SFIX",15441450,-8,0
"2370",27,88,3,30,618,15450860,15450864,15450865,1,5,"SFIX",15450890,-25,-17
"2371",27,7,3,31,618,15470303,15470307,15470308,1,5,"SFIX",15470323,-15,-7
"2372",27,32,1,32,618,15482133,15482137,15482140,3,7,"SFIX",15482170,-30,-22
"2373",27,70,3,33,618,15522565,15522568,15522569,1,4,"SFIX",15522597,-28,-20
"2374",27,81,2,34,618,15541604,15541607,15541609,2,5,"SFIX",15541627,-18,-10
"2375",27,30,2,35,618,15552228,15552232,15552234,2,6,"SFIX",15552271,-37,-29
"2376",27,72,2,36,618,15626783,15626788,15626789,1,6,"SFIX",15626810,-21,-13
"2377",27,12,2,37,618,15650766,15650769,15650771,2,5,"SFIX",15650801,-30,-22
"2378",27,13,3,38,618,15664194,15664198,15664205,7,11,"SFIX",15664220,-15,-7
"2379",27,76,3,39,618,15672592,15672595,15672597,2,5,"SFIX",15672610,-13,-5
"2380",27,48,2,40,618,15683877,15683881,15683882,1,5,"SFIX",15683911,-29,-21
"2381",27,49,3,41,618,15695065,15695068,15695075,7,10,"SFIX",15695095,-20,-12
"2382",27,3,2,42,618,15744029,15744043,15744045,2,16,"SFIX",15744289,-244,-236
"2383",27,2,1,43,618,15754326,15754329,15754335,6,9,"SFIX",15754364,-29,-21
"2384",27,42,2,44,618,15823600,15823604,15823609,5,9,"SFIX",15823627,-18,-10
"2385",27,16,3,45,618,15835730,15835733,15835734,1,4,"SFIX",15835759,-25,-17
"2386",27,64,3,46,618,15865024,15865043,15865048,5,24,"SFIX",15865306,-258,-250
"2387",27,45,2,47,618,15874158,15874160,15874162,2,4,"SFIX",15874189,-27,-19
"2388",27,69,2,48,618,15882075,15882077,15882079,2,4,"SFIX",15882106,-27,-19
"2389",27,51,2,49,618,15888124,15888126,15888128,2,4,"SFIX",15888149,-21,-13
"2390",27,28,3,50,618,15913254,15913259,15913260,1,6,"SFIX",15913279,-19,-11
"2391",27,58,3,51,618,15947677,15947681,15947683,2,6,"SFIX",15947706,-23,-15
"2392",27,86,1,52,618,16086099,16086104,16086105,1,6,"SFIX",16086400,-295,-287
"2393",27,38,1,53,618,16127631,16127635,16127636,1,5,"SFIX",16127666,-30,-22
"2394",27,11,1,54,618,16226843,16226846,16226848,2,5,"SFIX",16226867,-19,-11
"2395",27,75,2,55,618,16253796,16253809,16253814,5,18,"SFIX",16253995,-181,-173
"2396",27,65,1,56,618,16259278,16259281,16259285,4,7,"SFIX",16259305,-20,-12
"2397",27,33,2,57,618,16267805,16267808,16267813,5,8,"SFIX",16267830,-17,-9
"2398",27,19,3,58,618,16285380,16285383,16285385,2,5,"SFIX",16285408,-23,-15
"2399",27,57,2,59,618,16300238,16300243,16300249,6,11,"SFIX",16300264,-15,-7
"2400",27,39,2,60,618,16318360,16318372,16318374,2,14,"SFIX",16318692,-318,-310
"2401",27,59,1,61,618,16335410,16335413,16335415,2,5,"SFIX",16335442,-27,-19
"2402",27,82,3,62,618,16351337,16351341,16351341,0,4,"SFIX",16351381,-40,-32
"2403",27,27,2,63,618,16363918,16363921,16363923,2,5,"SFIX",16363942,-19,-11
"2404",27,52,3,64,618,16376960,16376963,16376967,4,7,"SFIX",16376979,-12,-4
"2405",27,10,3,65,618,16401047,16401050,16401052,2,5,"SFIX",16401099,-47,-39
"2406",27,61,3,66,618,16460446,16460450,16460456,6,10,"SFIX",16460474,-18,-10
"2407",27,29,1,67,618,16474529,16474532,16474534,2,5,"SFIX",16474548,-14,-6
"2408",27,62,1,68,618,16490135,16490139,16490143,4,8,"SFIX",16490171,-28,-20
"2409",27,83,1,69,618,16497069,16497072,16497078,6,9,"SFIX",16497098,-20,-12
"2410",27,20,1,70,618,16502750,16502753,16502760,7,10,"SFIX",16502779,-19,-11
"2411",27,35,1,71,618,16510482,16510486,16510487,1,5,"SFIX",16510522,-35,-27
"2412",27,9,2,72,618,16523627,16523630,16523631,1,4,"SFIX",16523671,-40,-32
"2413",27,90,2,73,618,16534083,16534086,16534089,3,6,"SFIX",16534118,-29,-21
"2414",27,40,3,74,618,16540421,16540424,16540425,1,4,"SFIX",16540454,-29,-21
"2415",27,73,3,75,618,16547326,16547329,16547331,2,5,"SFIX",16547350,-19,-11
"2416",27,41,1,76,618,16554042,16554046,16554051,5,9,"SFIX",16554068,-17,-9
"2417",27,53,1,77,618,16585785,16585788,16585790,2,5,"SFIX",16585803,-13,-5
"2418",27,63,2,78,618,16593356,16593361,16593366,5,10,"SFIX",16593401,-35,-27
"2419",27,17,1,79,618,16602771,16602773,16602776,3,5,"SFIX",16602807,-31,-23
"2420",27,60,2,80,618,16640884,16640886,16640890,4,6,"SFIX",16640918,-28,-20
"2421",27,6,2,81,618,16667895,16667920,16667921,1,26,"SFIX",16668194,-273,-265
"2422",27,67,3,82,618,16685500,16685505,16685506,1,6,"SFIX",16685535,-29,-21
"2423",27,25,3,83,618,16715695,16715698,16715699,1,4,"SFIX",16715721,-22,-14
"2424",27,47,1,84,618,16725558,16725561,16725563,2,5,"SFIX",16725585,-22,-14
"2425",27,89,1,85,618,16741750,16741753,16741755,2,5,"SFIX",16741781,-26,-18
"2426",27,34,3,86,618,16748237,16748239,16748241,2,4,"SFIX",16748264,-23,-15
"2427",27,74,1,87,618,16757852,16757854,16757856,2,4,"SFIX",16757879,-23,-15
"2428",27,84,2,88,618,16771030,16771033,16771035,2,5,"SFIX",16771051,-16,-8
"2429",27,31,3,89,618,16778480,16778483,16778485,2,5,"SFIX",16778501,-16,-8
"2430",27,1,3,90,618,16788796,16788799,16788800,1,4,"SFIX",16788823,-23,-15
"2431",28,11,2,1,618,18101947,18101954,18101957,3,10,"SFIX",18102049,-92,-84
"2432",28,76,1,2,618,18124099,18124102,18124109,7,10,"SFIX",18124128,-19,-11
"2433",28,48,3,3,618,18131381,18131385,18131386,1,5,"SFIX",18131405,-19,-11
"2434",28,20,2,4,618,18146830,18146834,18146836,2,6,"SFIX",18146848,-12,-4
"2435",28,4,1,5,618,18159096,18159099,18159100,1,4,"SFIX",18159123,-23,-15
"2436",28,10,1,6,618,18186790,18186795,18186796,1,6,"SFIX",18186823,-27,-19
"2437",28,61,1,7,618,18223478,18223482,18223484,2,6,"SFIX",18223508,-24,-16
"2438",28,5,2,8,618,18231051,18231055,18231060,5,9,"SFIX",18231083,-23,-15
"2439",28,83,2,9,618,18263611,18263646,18263647,1,36,"SFIX",18263664,-17,-9
"2440",28,80,2,10,618,18276586,18276591,18276592,1,6,"SFIX",18276619,-27,-19
"2441",28,21,3,11,618,18283844,18283848,18283848,0,4,"SFIX",18283875,-27,-19
"2442",28,81,3,12,618,18301430,18301433,18301435,2,5,"SFIX",18301450,-15,-7
"2443",28,18,3,13,618,18310021,18310025,18310030,5,9,"SFIX",18310050,-20,-12
"2444",28,22,1,14,618,18337781,18337784,18337788,4,7,"SFIX",18337813,-25,-17
"2445",28,31,1,15,618,18356254,18356258,18356259,1,5,"SFIX",18356278,-19,-11
"2446",28,54,3,16,618,18365578,18365582,18365582,0,4,"SFIX",18365602,-20,-12
"2447",28,12,3,17,618,18391375,18391389,18391390,1,15,"SFIX",18391402,-12,-4
"2448",28,53,2,18,618,18411292,18411295,18411297,2,5,"SFIX",18411324,-27,-19
"2449",28,56,2,19,618,18422902,18422906,18422908,2,6,"SFIX",18422928,-20,-12
"2450",28,57,3,20,618,18442280,18442283,18442286,3,6,"SFIX",18442314,-28,-20
"2451",28,77,2,21,618,18457605,18457609,18457610,1,5,"SFIX",18457632,-22,-14
"2452",28,8,2,22,618,18471205,18471213,18471215,2,10,"SFIX",18471234,-19,-11
"2453",28,30,3,23,618,18480296,18480300,18480302,2,6,"SFIX",18480326,-24,-16
"2454",28,41,2,24,618,18489652,18489655,18489657,2,5,"SFIX",18489676,-19,-11
"2455",28,50,2,25,618,18535241,18535245,18535251,6,10,"SFIX",18535273,-22,-14
"2456",28,90,3,26,618,18564506,18564510,18564513,3,7,"SFIX",18564537,-24,-16
"2457",28,58,1,27,618,18571805,18571808,18571809,1,4,"SFIX",18571834,-25,-17
"2458",28,85,1,28,618,18582016,18582020,18582024,4,8,"SFIX",18582120,-96,-88
"2459",28,63,3,29,618,18591435,18591439,18591441,2,6,"SFIX",18591465,-24,-16
"2460",28,51,3,30,618,18604647,18604650,18604652,2,5,"SFIX",18604672,-20,-12
"2461",28,71,2,31,618,18756153,18756157,18756158,1,5,"SFIX",18756176,-18,-10
"2462",28,9,3,32,618,18762972,18762975,18762980,5,8,"SFIX",18762996,-16,-8
"2463",28,15,3,33,618,18770735,18770738,18770742,4,7,"SFIX",18770822,-80,-72
"2464",28,59,2,34,618,18783039,18783044,18783045,1,6,"SFIX",18783140,-95,-87
"2465",28,35,2,35,618,18793394,18793398,18793400,2,6,"SFIX",18793413,-13,-5
"2466",28,43,1,36,618,18816860,18816864,18816866,2,6,"SFIX",18816965,-99,-91
"2467",28,69,3,37,618,18839387,18839390,18839392,2,5,"SFIX",18839414,-22,-14
"2468",28,55,1,38,618,18855219,18855225,18855229,4,10,"SFIX",18855337,-108,-100
"2469",28,79,1,39,618,18865351,18865355,18865356,1,5,"SFIX",18865376,-20,-12
"2470",28,23,2,40,618,18871441,18871445,18871445,0,4,"SFIX",18871533,-88,-80
"2471",28,1,1,41,618,18897310,18897314,18897321,7,11,"SFIX",18897333,-12,-4
"2472",28,33,3,42,618,18915848,18915852,18915855,3,7,"SFIX",18915867,-12,-4
"2473",28,60,3,43,618,18926068,18926071,18926076,5,8,"SFIX",18926153,-77,-69
"2474",28,68,2,44,618,18939282,18939285,18939291,6,9,"SFIX",18939394,-103,-95
"2475",28,3,3,45,618,18962672,18962675,18962676,1,4,"SFIX",18962699,-23,-15
"2476",28,7,1,46,618,18972667,18972670,18972672,2,5,"SFIX",18972690,-18,-10
"2477",28,14,2,47,618,18990583,18990585,18990586,1,3,"SFIX",18990614,-28,-20
"2478",28,19,1,48,618,19030041,19030044,19030045,1,4,"SFIX",19030150,-105,-97
"2479",28,32,2,49,618,19066672,19066676,19066677,1,5,"SFIX",19066809,-132,-124
"2480",28,64,1,50,618,19079722,19079726,19079731,5,9,"SFIX",19079749,-18,-10
"2481",28,67,1,51,618,19099200,19099204,19099207,3,7,"SFIX",19099233,-26,-18
"2482",28,82,1,52,618,19125914,19125918,19125920,2,6,"SFIX",19125946,-26,-18
"2483",28,65,2,53,618,19165519,19165523,19165525,2,6,"SFIX",19165557,-32,-24
"2484",28,42,3,54,618,19173894,19173898,19173899,1,5,"SFIX",19173917,-18,-10
"2485",28,73,1,55,618,19182555,19182559,19182561,2,6,"SFIX",19182662,-101,-93
"2486",28,24,3,56,618,19204138,19204141,19204143,2,5,"SFIX",19204263,-120,-112
"2487",28,47,2,57,618,19222566,19222570,19222571,1,5,"SFIX",19222595,-24,-16
"2488",28,84,3,58,618,19236116,19236120,19236121,1,5,"SFIX",19236147,-26,-18
"2489",28,13,1,59,618,19278940,19278944,19278945,1,5,"SFIX",19278973,-28,-20
"2490",28,27,3,60,618,19296672,19296676,19296681,5,9,"SFIX",19296698,-17,-9
"2491",28,34,1,61,618,19469145,19469149,19469149,0,4,"SFIX",19469174,-25,-17
"2492",28,38,2,62,618,19503530,19503533,19503535,2,5,"SFIX",19503549,-14,-6
"2493",28,87,3,63,618,19522914,19522916,19522917,1,3,"SFIX",19522944,-27,-19
"2494",28,46,1,64,618,19545681,19545684,19545684,0,3,"SFIX",19545701,-17,-9
"2495",28,74,2,65,618,19559947,19559950,19559952,2,5,"SFIX",19559978,-26,-18
"2496",28,16,1,66,618,19565129,19565138,19565139,1,10,"SFIX",19565231,-92,-84
"2497",28,86,2,67,618,19616778,19616780,19616782,2,4,"SFIX",19616805,-23,-15
"2498",28,6,3,68,618,19623916,19623924,19623926,2,10,"SFIX",19623940,-14,-6
"2499",28,29,2,69,618,19662389,19662393,19662394,1,5,"SFIX",19662416,-22,-14
"2500",28,44,2,70,618,19696701,19696711,19696712,1,11,"SFIX",19696782,-70,-62
"2501",28,25,1,71,618,19755550,19755552,19755554,2,4,"SFIX",19755575,-21,-13
"2502",28,36,3,72,618,19765391,19765394,19765398,4,7,"SFIX",19765425,-27,-19
"2503",28,88,1,73,618,19775176,19775180,19775181,1,5,"SFIX",19775205,-24,-16
"2504",28,75,3,74,618,19782447,19782458,19782465,7,18,"SFIX",19782472,-7,1
"2505",28,78,3,75,618,19817075,19817079,19817080,1,5,"SFIX",19817105,-25,-17
"2506",28,26,2,76,618,19841252,19841256,19841257,1,5,"SFIX",19841295,-38,-30
"2507",28,40,1,77,618,19849533,19849541,19849543,2,10,"SFIX",19849566,-23,-15
"2508",28,2,2,78,618,19880984,19880989,19880990,1,6,"SFIX",19881026,-36,-28
"2509",28,45,3,79,618,19898346,19898349,19898354,5,8,"SFIX",19898385,-31,-23
"2510",28,52,1,80,618,19924041,19924045,19924046,1,5,"SFIX",19924072,-26,-18
"2511",28,70,1,81,618,19959364,19959371,19959373,2,9,"SFIX",19959470,-97,-89
"2512",28,62,2,82,618,19978951,19978956,19978958,2,7,"SFIX",19979058,-100,-92
"2513",28,72,3,83,618,19988368,19988371,19988372,1,4,"SFIX",19988395,-23,-15
"2514",28,49,1,84,618,19996449,19996452,19996459,7,10,"SFIX",19996472,-13,-5
"2515",28,28,1,85,618,20010791,20010795,20010796,1,5,"SFIX",20010822,-26,-18
"2516",28,66,3,86,618,20024327,20024331,20024338,7,11,"SFIX",20024349,-11,-3
"2517",28,37,1,87,618,20035572,20035575,20035582,7,10,"SFIX",20035597,-15,-7
"2518",28,39,3,88,618,20046229,20046233,20046237,4,8,"SFIX",20046250,-13,-5
"2519",28,17,2,89,618,20055859,20055863,20055863,0,4,"SFIX",20055886,-23,-15
"2520",28,89,2,90,618,20079572,20079575,20079582,7,10,"SFIX",20079601,-19,-11
"2521",29,45,1,1,618,932346,932349,932350,1,4,"SFIX",932388,-38,-30
"2522",29,5,3,2,618,951431,951434,951439,5,8,"SFIX",951475,-36,-28
"2523",29,27,1,3,618,960182,960188,960190,2,8,"SFIX",960212,-22,-14
"2524",29,38,3,4,618,987482,987485,987487,2,5,"SFIX",987527,-40,-32
"2525",29,6,1,5,618,1013374,1013376,1013378,2,4,"SFIX",1013412,-34,-26
"2526",29,26,3,6,618,1031303,1031306,1031311,5,8,"SFIX",1031346,-35,-27
"2527",29,42,1,7,618,1049200,1049203,1049207,4,7,"SFIX",1049242,-35,-27
"2528",29,89,3,8,618,1058682,1058684,1058691,7,9,"SFIX",1058725,-34,-26
"2529",29,66,1,9,618,1073807,1073811,1073816,5,9,"SFIX",1073850,-34,-26
"2530",29,25,2,10,618,1091051,1091054,1091060,6,9,"SFIX",1091087,-27,-19
"2531",29,18,1,11,618,1102504,1102508,1102511,3,7,"SFIX",1102556,-45,-37
"2532",29,22,2,12,618,1116793,1116795,1116801,6,8,"SFIX",1116836,-35,-27
"2533",29,9,1,13,618,1132696,1132701,1132706,5,10,"SFIX",1132737,-31,-23
"2534",29,64,2,14,618,1145409,1145412,1145417,5,8,"SFIX",1145457,-40,-32
"2535",29,39,1,15,618,1154012,1154016,1154017,1,5,"SFIX",1154059,-42,-34
"2536",29,86,3,16,618,1189330,1189336,1189338,2,8,"SFIX",1189370,-32,-24
"2537",29,32,3,17,618,1218312,1218315,1218321,6,9,"SFIX",1218352,-31,-23
"2538",29,52,2,18,618,1238732,1238737,1238742,5,10,"SFIX",1238778,-36,-28
"2539",29,21,1,19,618,1262311,1262315,1262316,1,5,"SFIX",1262358,-42,-34
"2540",29,7,2,20,618,1272228,1272231,1272233,2,5,"SFIX",1272269,-36,-28
"2541",29,54,1,21,618,1290532,1290540,1290542,2,10,"SFIX",1290557,-15,-7
"2542",29,40,2,22,618,1311044,1311047,1311049,2,5,"SFIX",1311077,-28,-20
"2543",29,50,3,23,618,1321238,1321242,1321246,4,8,"SFIX",1321282,-36,-28
"2544",29,49,2,24,618,1353302,1353306,1353313,7,11,"SFIX",1353313,0,8
"2545",29,74,3,25,618,1364473,1364477,1364480,3,7,"SFIX",1364518,-38,-30
"2546",29,4,2,26,618,1378765,1378769,1378770,1,5,"SFIX",1378803,-33,-25
"2547",29,88,2,27,618,1389846,1389850,1389851,1,5,"SFIX",1389881,-30,-22
"2548",29,48,1,28,618,1397447,1397453,1397454,1,7,"SFIX",1397564,-110,-102
"2549",29,35,3,29,618,1551043,1551046,1551048,2,5,"SFIX",1551085,-37,-29
"2550",29,28,2,30,618,1568431,1568435,1568436,1,5,"SFIX",1568480,-44,-36
"2551",29,68,3,31,618,1577362,1577367,1577368,1,6,"SFIX",1577411,-43,-35
"2552",29,80,3,32,618,1594146,1594155,1594157,2,11,"SFIX",1594191,-34,-26
"2553",29,23,3,33,618,1600508,1600510,1600513,3,5,"SFIX",1600552,-39,-31
"2554",29,55,2,34,618,1629277,1629282,1629283,1,6,"SFIX",1629319,-36,-28
"2555",29,65,3,35,618,1654994,1654997,1655002,5,8,"SFIX",1655034,-32,-24
"2556",29,24,1,36,618,1661221,1661225,1661226,1,5,"SFIX",1661266,-40,-32
"2557",29,33,1,37,618,1671802,1671806,1671808,2,6,"SFIX",1671848,-40,-32
"2558",29,82,2,38,618,1692119,1692130,1692131,1,12,"SFIX",1692142,-11,-3
"2559",29,87,1,39,618,1715356,1715358,1715361,3,5,"SFIX",1715401,-40,-32
"2560",29,60,1,40,618,1729492,1729496,1729499,3,7,"SFIX",1729538,-39,-31
"2561",29,75,1,41,618,1751255,1751258,1751260,2,5,"SFIX",1751300,-40,-32
"2562",29,73,2,42,618,1776276,1776279,1776283,4,7,"SFIX",1776320,-37,-29
"2563",29,17,3,43,618,1790238,1790240,1790246,6,8,"SFIX",1790262,-16,-8
"2564",29,84,1,44,618,1811855,1811860,1811861,1,6,"SFIX",1811906,-45,-37
"2565",29,37,2,45,618,1828486,1828489,1828491,2,5,"SFIX",1828531,-40,-32
"2566",29,85,2,46,618,1848995,1848998,1849001,3,6,"SFIX",1849042,-41,-33
"2567",29,34,2,47,618,1866883,1866887,1866889,2,6,"SFIX",1866936,-47,-39
"2568",29,8,3,48,618,1877987,1877990,1877990,0,3,"SFIX",1878027,-37,-29
"2569",29,70,2,49,618,1920730,1920734,1920736,2,6,"SFIX",1920782,-46,-38
"2570",29,20,3,50,618,1928362,1928366,1928368,2,6,"SFIX",1928410,-42,-34
"2571",29,29,3,51,618,1942824,1942826,1942833,7,9,"SFIX",1942863,-30,-22
"2572",29,78,1,52,618,1953238,1953242,1953249,7,11,"SFIX",1953279,-30,-22
"2573",29,2,3,53,618,1968307,1968311,1968312,1,5,"SFIX",1968357,-45,-37
"2574",29,11,3,54,618,1982930,1982945,1982947,2,17,"SFIX",1982999,-52,-44
"2575",29,72,1,55,618,1994298,1994302,1994303,1,5,"SFIX",1994352,-49,-41
"2576",29,12,1,56,618,2009806,2009811,2009811,0,5,"SFIX",2009844,-33,-25
"2577",29,1,2,57,618,2050609,2050613,2050615,2,6,"SFIX",2050642,-27,-19
"2578",29,31,2,58,618,2066082,2066097,2066099,2,17,"SFIX",2066134,-35,-27
"2579",29,62,3,59,618,2264286,2264289,2264295,6,9,"SFIX",2264335,-40,-32
"2580",29,76,2,60,618,2272368,2272372,2272377,5,9,"SFIX",2272415,-38,-30
"2581",29,57,1,61,618,2278004,2278007,2278009,2,5,"SFIX",2278046,-37,-29
"2582",29,3,1,62,618,2311021,2311024,2311026,2,5,"SFIX",2311069,-43,-35
"2583",29,43,2,63,618,2327274,2327277,2327282,5,8,"SFIX",2327319,-37,-29
"2584",29,13,2,64,618,2336831,2336841,2336843,2,12,"SFIX",2336856,-13,-5
"2585",29,90,1,65,618,2345906,2345910,2345910,0,4,"SFIX",2345956,-46,-38
"2586",29,69,1,66,618,2354541,2354544,2354550,6,9,"SFIX",2354583,-33,-25
"2587",29,79,2,67,618,2376820,2376824,2376831,7,11,"SFIX",2376866,-35,-27
"2588",29,19,2,68,618,2384539,2384543,2384548,5,9,"SFIX",2384587,-39,-31
"2589",29,56,3,69,618,2393904,2393907,2393908,1,4,"SFIX",2393947,-39,-31
"2590",29,71,3,70,618,2410435,2410444,2410447,3,12,"SFIX",2410471,-24,-16
"2591",29,81,1,71,618,2431712,2431715,2431717,2,5,"SFIX",2431759,-42,-34
"2592",29,53,3,72,618,2437594,2437598,2437600,2,6,"SFIX",2437635,-35,-27
"2593",29,16,2,73,618,2456939,2456942,2456948,6,9,"SFIX",2456987,-39,-31
"2594",29,46,2,74,618,2478655,2478658,2478660,2,5,"SFIX",2478699,-39,-31
"2595",29,15,1,75,618,2493432,2493436,2493437,1,5,"SFIX",2493481,-44,-36
"2596",29,41,3,76,618,2503863,2503866,2503868,2,5,"SFIX",2503904,-36,-28
"2597",29,63,1,77,618,2519340,2519343,2519345,2,5,"SFIX",2519388,-43,-35
"2598",29,51,1,78,618,2531519,2531522,2531524,2,5,"SFIX",2531559,-35,-27
"2599",29,36,1,79,618,2560478,2560481,2560482,1,4,"SFIX",2560515,-33,-25
"2600",29,10,2,80,618,2580335,2580340,2580340,0,5,"SFIX",2580390,-50,-42
"2601",29,77,3,81,618,2590358,2590363,2590368,5,10,"SFIX",2590401,-33,-25
"2602",29,83,3,82,618,2611103,2611107,2611108,1,5,"SFIX",2611150,-42,-34
"2603",29,61,2,83,618,2617409,2617413,2617417,4,8,"SFIX",2617457,-40,-32
"2604",29,47,3,84,618,2626257,2626261,2626262,1,5,"SFIX",2626309,-47,-39
"2605",29,30,1,85,618,2664710,2664717,2664718,1,8,"SFIX",2664759,-41,-33
"2606",29,67,2,86,618,2677609,2677612,2677618,6,9,"SFIX",2677656,-38,-30
"2607",29,59,3,87,618,2704392,2704396,2704397,1,5,"SFIX",2704433,-36,-28
"2608",29,58,2,88,618,2719749,2719752,2719755,3,6,"SFIX",2719793,-38,-30
"2609",29,14,3,89,618,2738303,2738306,2738310,4,7,"SFIX",2738342,-32,-24
"2610",29,44,3,90,618,2755789,2755794,2755795,1,6,"SFIX",2755833,-38,-30
"2611",30,81,2,1,618,4645911,4645914,4645916,2,5,"SFIX",4645932,-16,-8
"2612",30,75,2,2,618,4655222,4655226,4655232,6,10,"SFIX",4655255,-23,-15
"2613",30,36,2,3,618,4683029,4683032,4683034,2,5,"SFIX",4683060,-26,-18
"2614",30,38,1,4,618,4702941,4702944,4702944,0,3,"SFIX",4702984,-40,-32
"2615",30,9,2,5,618,4712585,4712588,4712589,1,4,"SFIX",4712615,-26,-18
"2616",30,23,1,6,618,4725684,4725687,4725694,7,10,"SFIX",4725723,-29,-21
"2617",30,35,1,7,618,4736305,4736308,4736315,7,10,"SFIX",4736350,-35,-27
"2618",30,79,3,8,618,4812008,4812011,4812012,1,4,"SFIX",4812053,-41,-33
"2619",30,4,3,9,618,4853566,4853569,4853573,4,7,"SFIX",4853611,-38,-30
"2620",30,20,1,10,618,4876434,4876438,4876441,3,7,"SFIX",4876478,-37,-29
"2621",30,33,2,11,618,4891235,4891240,4891241,1,6,"SFIX",4891273,-32,-24
"2622",30,76,3,12,618,4899850,4899853,4899858,5,8,"SFIX",4899897,-39,-31
"2623",30,58,3,13,618,4967613,4967617,4967618,1,5,"SFIX",4967656,-38,-30
"2624",30,86,1,14,618,4976776,4976780,4976782,2,6,"SFIX",4976825,-43,-35
"2625",30,64,3,15,618,5011665,5011668,5011675,7,10,"SFIX",5011715,-40,-32
"2626",30,25,3,16,618,5020438,5020441,5020443,2,5,"SFIX",5020484,-41,-33
"2627",30,83,1,17,618,5051600,5051603,5051605,2,5,"SFIX",5051640,-35,-27
"2628",30,28,3,18,618,5058563,5058566,5058569,3,6,"SFIX",5058606,-37,-29
"2629",30,17,1,19,618,5070556,5070559,5070563,4,7,"SFIX",5070598,-35,-27
"2630",30,51,2,20,618,5080596,5080599,5080601,2,5,"SFIX",5080643,-42,-34
"2631",30,19,3,21,618,5093226,5093229,5093230,1,4,"SFIX",5093272,-42,-34
"2632",30,62,1,22,618,5140093,5140097,5140102,5,9,"SFIX",5140135,-33,-25
"2633",30,78,2,23,618,5173111,5173115,5173117,2,6,"SFIX",5173150,-33,-25
"2634",30,47,1,24,618,5240063,5240067,5240071,4,8,"SFIX",5240114,-43,-35
"2635",30,43,3,25,618,5254916,5254920,5254921,1,5,"SFIX",5254965,-44,-36
"2636",30,48,2,26,618,5458364,5458368,5458369,1,5,"SFIX",5458409,-40,-32
"2637",30,18,2,27,618,5481045,5481048,5481050,2,5,"SFIX",5481066,-16,-8
"2638",30,46,3,28,618,5491568,5491570,5491574,4,6,"SFIX",5491593,-19,-11
"2639",30,27,2,29,618,5498979,5498989,5498994,5,15,"SFIX",5499141,-147,-139
"2640",30,44,1,30,618,5506652,5506655,5506657,2,5,"SFIX",5506697,-40,-32
"2641",30,63,2,31,618,5522573,5522582,5522583,1,10,"SFIX",5522806,-223,-215
"2642",30,24,2,32,618,5533111,5533116,5533121,5,10,"SFIX",5533155,-34,-26
"2643",30,71,1,33,618,5541067,5541071,5541077,6,10,"SFIX",5541088,-11,-3
"2644",30,40,3,34,618,5554192,5554196,5554199,3,7,"SFIX",5554237,-38,-30
"2645",30,41,1,35,618,5562266,5562269,5562274,5,8,"SFIX",5562293,-19,-11
"2646",30,52,3,36,618,5571828,5571831,5571832,1,4,"SFIX",5571876,-44,-36
"2647",30,60,2,37,618,5583484,5583487,5583489,2,5,"SFIX",5583501,-12,-4
"2648",30,49,3,38,618,5590878,5590881,5590882,1,4,"SFIX",5590926,-44,-36
"2649",30,73,3,39,618,5612434,5612437,5612439,2,5,"SFIX",5612464,-25,-17
"2650",30,22,3,40,618,5625570,5625580,5625581,1,11,"SFIX",5625713,-132,-124
"2651",30,37,3,41,618,5633950,5633954,5633955,1,5,"SFIX",5633981,-26,-18
"2652",30,72,2,42,618,5649990,5649994,5649995,1,5,"SFIX",5650034,-39,-31
"2653",30,84,2,43,618,5656453,5656457,5656458,1,5,"SFIX",5656506,-48,-40
"2654",30,65,1,44,618,5676671,5676675,5676680,5,9,"SFIX",5676702,-22,-14
"2655",30,15,2,45,618,5686116,5686119,5686121,2,5,"SFIX",5686162,-41,-33
"2656",30,54,2,46,618,5697934,5697938,5697939,1,5,"SFIX",5697971,-32,-24
"2657",30,70,3,47,618,5707886,5707890,5707895,5,9,"SFIX",5707929,-34,-26
"2658",30,50,1,48,618,5724151,5724155,5724157,2,6,"SFIX",5724190,-33,-25
"2659",30,87,2,49,618,5735373,5735376,5735379,3,6,"SFIX",5735414,-35,-27
"2660",30,88,3,50,618,5746532,5746535,5746537,2,5,"SFIX",5746559,-22,-14
"2661",30,26,1,51,618,5771449,5771452,5771454,2,5,"SFIX",5771483,-29,-21
"2662",30,42,2,52,618,5798249,5798252,5798254,2,5,"SFIX",5798285,-31,-23
"2663",30,45,2,53,618,5806040,5806043,5806045,2,5,"SFIX",5806085,-40,-32
"2664",30,5,1,54,618,5830123,5830126,5830128,2,5,"SFIX",5830172,-44,-36
"2665",30,53,1,55,618,5838759,5838762,5838763,1,4,"SFIX",5838800,-37,-29
"2666",30,7,3,56,618,5858493,5858497,5858498,1,5,"SFIX",5858539,-41,-33
"2667",30,8,1,57,618,5876306,5876309,5876311,2,5,"SFIX",5876342,-31,-23
"2668",30,90,2,58,618,5885102,5885105,5885107,2,5,"SFIX",5885128,-21,-13
"2669",30,12,2,59,618,5899370,5899416,5899417,1,47,"SFIX",5899538,-121,-113
"2670",30,67,3,60,618,6129386,6129391,6129396,5,10,"SFIX",6129420,-24,-16
"2671",30,10,3,61,618,6154811,6154815,6154816,1,5,"SFIX",6154851,-35,-27
"2672",30,2,1,62,618,6167886,6167889,6167896,7,10,"SFIX",6167921,-25,-17
"2673",30,57,2,63,618,6177753,6177756,6177758,2,5,"SFIX",6177797,-39,-31
"2674",30,6,2,64,618,6188078,6188081,6188082,1,4,"SFIX",6188124,-42,-34
"2675",30,30,2,65,618,6197712,6197715,6197717,2,5,"SFIX",6197749,-32,-24
"2676",30,59,1,66,618,6241919,6241921,6241923,2,4,"SFIX",6241965,-42,-34
"2677",30,39,2,67,618,6256196,6256199,6256201,2,5,"SFIX",6256225,-24,-16
"2678",30,32,1,68,618,6281241,6281249,6281250,1,9,"SFIX",6281384,-134,-126
"2679",30,16,3,69,618,6290197,6290201,6290202,1,5,"SFIX",6290236,-34,-26
"2680",30,14,1,70,618,6299430,6299433,6299439,6,9,"SFIX",6299456,-17,-9
"2681",30,29,1,71,618,6306740,6306744,6306745,1,5,"SFIX",6306774,-29,-21
"2682",30,61,3,72,618,6316122,6316132,6316133,1,11,"SFIX",6316304,-171,-163
"2683",30,74,1,73,618,6341100,6341104,6341105,1,5,"SFIX",6341149,-44,-36
"2684",30,55,3,74,618,6349945,6349949,6349950,1,5,"SFIX",6349978,-28,-20
"2685",30,69,2,75,618,6374353,6374357,6374358,1,5,"SFIX",6374375,-17,-9
"2686",30,11,1,76,618,6395450,6395454,6395455,1,5,"SFIX",6395490,-35,-27
"2687",30,66,2,77,618,6403720,6403723,6403725,2,5,"SFIX",6403739,-14,-6
"2688",30,34,3,78,618,6410253,6410265,6410266,1,13,"SFIX",6410286,-20,-12
"2689",30,3,2,79,618,6438933,6438937,6438938,1,5,"SFIX",6438968,-30,-22
"2690",30,77,1,80,618,6447071,6447075,6447078,3,7,"SFIX",6447103,-25,-17
"2691",30,1,3,81,618,6460376,6460380,6460383,3,7,"SFIX",6460401,-18,-10
"2692",30,89,1,82,618,6486384,6486387,6486392,5,8,"SFIX",6486418,-26,-18
"2693",30,68,1,83,618,6492373,6492381,6492382,1,9,"SFIX",6492515,-133,-125
"2694",30,31,3,84,618,6503198,6503218,6503220,2,22,"SFIX",6503246,-26,-18
"2695",30,56,1,85,618,6514491,6514498,6514499,1,8,"SFIX",6514664,-165,-157
"2696",30,13,3,86,618,6531522,6531526,6531527,1,5,"SFIX",6531553,-26,-18
"2697",30,82,3,87,618,6560163,6560171,6560173,2,10,"SFIX",6560331,-158,-150
"2698",30,21,2,88,618,6570489,6570493,6570494,1,5,"SFIX",6570518,-24,-16
"2699",30,85,3,89,618,6578722,6578726,6578730,4,8,"SFIX",6578735,-5,3
"2700",30,80,1,90,618,6594568,6594572,6594575,3,7,"SFIX",6594593,-18,-10
"2701",31,52,1,1,618,7911600,7911612,7911614,2,14,"SFIX",7911738,-124,-116
"2702",31,58,1,2,618,7927466,7927469,7927471,2,5,"SFIX",7927490,-19,-11
"2703",31,38,2,3,618,7955453,7955463,7955465,2,12,"SFIX",7955625,-160,-152
"2704",31,67,1,4,618,7978245,7978295,7978296,1,51,"SFIX",7978306,-10,-2
"2705",31,6,3,5,618,7992377,7992381,7992381,0,4,"SFIX",7992395,-14,-6
"2706",31,73,1,6,618,8020222,8020226,8020227,1,5,"SFIX",8020243,-16,-8
"2707",31,82,1,7,618,8034294,8034298,8034299,1,5,"SFIX",8034331,-32,-24
"2708",31,4,1,8,618,8060345,8060349,8060350,1,5,"SFIX",8060359,-9,-1
"2709",31,65,2,9,618,8068173,8068176,8068178,2,5,"SFIX",8068204,-26,-18
"2710",31,59,2,10,618,8076405,8076408,8076410,2,5,"SFIX",8076425,-15,-7
"2711",31,55,1,11,618,8084965,8085017,8085020,3,55,"SFIX",8085021,-1,7
"2712",31,21,3,12,618,8103700,8103705,8103705,0,5,"SFIX",8103733,-28,-20
"2713",31,22,1,13,618,8132236,8132239,8132242,3,6,"SFIX",8132275,-33,-25
"2714",31,10,1,14,618,8142082,8142085,8142087,2,5,"SFIX",8142120,-33,-25
"2715",31,29,2,15,618,8155000,8155000,8155002,2,2,"SFIX",8155092,-90,-82
"2716",31,75,3,16,618,8167040,8167044,8167050,6,10,"SFIX",8167070,-20,-12
"2717",31,25,1,17,618,8190312,8190316,8190318,2,6,"SFIX",8190496,-178,-170
"2718",31,61,1,18,618,8208314,8208314,8208318,4,4,"SFIX",8208387,-69,-61
"2719",31,39,3,19,618,8216204,8216207,8216211,4,7,"SFIX",8216236,-25,-17
"2720",31,78,3,20,618,8227532,8227544,8227548,4,16,"SFIX",8227718,-170,-162
"2721",31,47,2,21,618,8238304,8238307,8238312,5,8,"SFIX",8238336,-24,-16
"2722",31,83,2,22,618,8250321,8250336,8250338,2,17,"SFIX",8250493,-155,-147
"2723",31,5,2,23,618,8258774,8258777,8258779,2,5,"SFIX",8258792,-13,-5
"2724",31,90,3,24,618,8276708,8276711,8276712,1,4,"SFIX",8276737,-25,-17
"2725",31,42,3,25,618,8316342,8316345,8316346,1,4,"SFIX",8316388,-42,-34
"2726",31,11,2,26,618,8324365,8324368,8324370,2,5,"SFIX",8324391,-21,-13
"2727",31,46,1,27,618,8335744,8335748,8335754,6,10,"SFIX",8335770,-16,-8
"2728",31,36,3,28,618,8345544,8345548,8345549,1,5,"SFIX",8345576,-27,-19
"2729",31,66,3,29,618,8357558,8357562,8357562,0,4,"SFIX",8357599,-37,-29
"2730",31,24,3,30,618,8374753,8374757,8374760,3,7,"SFIX",8374790,-30,-22
"2731",31,26,2,31,618,8391071,8391075,8391081,6,10,"SFIX",8391103,-22,-14
"2732",31,43,1,32,618,8459263,8459277,8459278,1,15,"SFIX",8459432,-154,-146
"2733",31,84,3,33,618,8491355,8491359,8491361,2,6,"SFIX",8491380,-19,-11
"2734",31,2,2,34,618,8498371,8498373,8498376,3,5,"SFIX",8498402,-26,-18
"2735",31,56,2,35,618,8515046,8515050,8515052,2,6,"SFIX",8515084,-32,-24
"2736",31,76,1,36,618,8544334,8544373,8544375,2,41,"SFIX",8544477,-102,-94
"2737",31,37,1,37,618,8562751,8562755,8562757,2,6,"SFIX",8562786,-29,-21
"2738",31,40,1,38,618,8582134,8582137,8582139,2,5,"SFIX",8582173,-34,-26
"2739",31,28,1,39,618,8612376,8612386,8612390,4,14,"SFIX",8612434,-44,-36
"2740",31,45,3,40,618,8623713,8623716,8623722,6,9,"SFIX",8623740,-18,-10
"2741",31,41,2,41,618,8636236,8636240,8636241,1,5,"SFIX",8636247,-6,2
"2742",31,23,2,42,618,8645005,8645009,8645011,2,6,"SFIX",8645037,-26,-18
"2743",31,80,2,43,618,8663016,8663020,8663021,1,5,"SFIX",8663051,-30,-22
"2744",31,64,1,44,618,8678965,8678969,8678970,1,5,"SFIX",8679007,-37,-29
"2745",31,15,3,45,618,8684961,8684965,8684965,0,4,"SFIX",8684997,-32,-24
"2746",31,71,2,46,618,8720313,8720313,8720316,3,3,"SFIX",8720375,-59,-51
"2747",31,16,1,47,618,8735168,8735171,8735172,1,4,"SFIX",8735219,-47,-39
"2748",31,51,3,48,618,8765107,8765110,8765113,3,6,"SFIX",8765127,-14,-6
"2749",31,49,1,49,618,8774506,8774518,8774518,0,12,"SFIX",8774670,-152,-144
"2750",31,32,2,50,618,8786967,8786971,8786972,1,5,"SFIX",8787004,-32,-24
"2751",31,44,2,51,618,8794941,8794945,8794950,5,9,"SFIX",8794974,-24,-16
"2752",31,14,2,52,618,8805317,8805320,8805322,2,5,"SFIX",8805366,-44,-36
"2753",31,72,3,53,618,8822588,8822592,8822592,0,4,"SFIX",8822619,-27,-19
"2754",31,88,1,54,618,8863037,8863044,8863047,3,10,"SFIX",8863067,-20,-12
"2755",31,12,3,55,618,8874508,8874512,8874519,7,11,"SFIX",8874557,-38,-30
"2756",31,79,1,56,618,8895430,8895434,8895436,2,6,"SFIX",8895460,-24,-16
"2757",31,31,1,57,618,8913644,8913648,8913649,1,5,"SFIX",8913672,-23,-15
"2758",31,19,1,58,618,8935133,8935136,8935138,2,5,"SFIX",8935167,-29,-21
"2759",31,30,3,59,618,8951971,8951975,8951977,2,6,"SFIX",8951994,-17,-9
"2760",31,9,3,60,618,8963099,8963106,8963108,2,9,"SFIX",8963170,-62,-54
"2761",31,8,2,61,618,8999948,8999961,8999963,2,15,"SFIX",9000112,-149,-141
"2762",31,1,1,62,618,9015010,9015014,9015016,2,6,"SFIX",9015051,-35,-27
"2763",31,33,3,63,618,9023847,9023851,9023852,1,5,"SFIX",9023882,-30,-22
"2764",31,20,2,64,618,9190794,9190798,9190799,1,5,"SFIX",9190837,-38,-30
"2765",31,68,2,65,618,9205520,9205525,9205527,2,7,"SFIX",9205565,-38,-30
"2766",31,3,3,66,618,9233030,9233046,9233050,4,20,"SFIX",9233190,-140,-132
"2767",31,60,3,67,618,9279529,9279534,9279535,1,6,"SFIX",9279562,-27,-19
"2768",31,18,3,68,618,9292663,9292667,9292671,4,8,"SFIX",9292707,-36,-28
"2769",31,77,2,69,618,9316116,9316119,9316126,7,10,"SFIX",9316152,-26,-18
"2770",31,48,3,70,618,9322993,9322996,9323001,5,8,"SFIX",9323019,-18,-10
"2771",31,7,1,71,618,9337569,9337584,9337585,1,16,"SFIX",9337601,-16,-8
"2772",31,63,3,72,618,9374978,9374981,9374982,1,4,"SFIX",9374989,-7,1
"2773",31,85,1,73,618,9413737,9413741,9413746,5,9,"SFIX",9413783,-37,-29
"2774",31,57,3,74,618,9447333,9447336,9447340,4,7,"SFIX",9447364,-24,-16
"2775",31,69,3,75,618,9457103,9457106,9457108,2,5,"SFIX",9457124,-16,-8
"2776",31,62,2,76,618,9468400,9468403,9468405,2,5,"SFIX",9468414,-9,-1
"2777",31,53,2,77,618,9488411,9488415,9488417,2,6,"SFIX",9488428,-11,-3
"2778",31,27,3,78,618,9498592,9498596,9498597,1,5,"SFIX",9498614,-17,-9
"2779",31,54,3,79,618,9508150,9508154,9508155,1,5,"SFIX",9508185,-30,-22
"2780",31,87,3,80,618,9516571,9516575,9516576,1,5,"SFIX",9516589,-13,-5
"2781",31,74,2,81,618,9523380,9523384,9523385,1,5,"SFIX",9523404,-19,-11
"2782",31,89,2,82,618,9555612,9555614,9555621,7,9,"SFIX",9555652,-31,-23
"2783",31,50,2,83,618,9564143,9564147,9564148,1,5,"SFIX",9564176,-28,-20
"2784",31,81,3,84,618,9571951,9571954,9571961,7,10,"SFIX",9571984,-23,-15
"2785",31,86,2,85,618,9589826,9589829,9589831,2,5,"SFIX",9589877,-46,-38
"2786",31,35,2,86,618,9616311,9616314,9616318,4,7,"SFIX",9616342,-24,-16
"2787",31,13,1,87,618,9627039,9627050,9627052,2,13,"SFIX",9627218,-166,-158
"2788",31,70,1,88,618,9649256,9649259,9649265,6,9,"SFIX",9649296,-31,-23
"2789",31,17,2,89,618,9656896,9656899,9656905,6,9,"SFIX",9656929,-24,-16
"2790",31,34,1,90,618,9665496,9665499,9665501,2,5,"SFIX",9665534,-33,-25
"2791",32,21,1,1,618,18749881,18749885,18749890,5,9,"SFIX",18749913,-23,-15
"2792",32,76,2,2,618,18766059,18766063,18766064,1,5,"SFIX",18766098,-34,-26
"2793",32,45,1,3,618,18780188,18780191,18780192,1,4,"SFIX",18780238,-46,-38
"2794",32,6,1,4,618,18797659,18797662,18797667,5,8,"SFIX",18797710,-43,-35
"2795",32,20,3,5,618,18813524,18813528,18813534,6,10,"SFIX",18813569,-35,-27
"2796",32,73,2,6,618,18822701,18822704,18822706,2,5,"SFIX",18822745,-39,-31
"2797",32,67,2,7,618,18844092,18844096,18844100,4,8,"SFIX",18844130,-30,-22
"2798",32,48,1,8,618,18850555,18850558,18850563,5,8,"SFIX",18850597,-34,-26
"2799",32,47,3,9,618,18864744,18864748,18864754,6,10,"SFIX",18864792,-38,-30
"2800",32,74,3,10,618,18874077,18874080,18874084,4,7,"SFIX",18874128,-44,-36
"2801",32,86,3,11,618,18880927,18880930,18880932,2,5,"SFIX",18880980,-48,-40
"2802",32,30,1,12,618,18887732,18887735,18887736,1,4,"SFIX",18887773,-37,-29
"2803",32,26,3,13,618,18896827,18896830,18896831,1,4,"SFIX",18896878,-47,-39
"2804",32,9,1,14,618,18905335,18905338,18905342,4,7,"SFIX",18905381,-39,-31
"2805",32,4,2,15,618,18922618,18922621,18922622,1,4,"SFIX",18922676,-54,-46
"2806",32,18,1,16,618,18932564,18932568,18932569,1,5,"SFIX",18932610,-41,-33
"2807",32,22,2,17,618,18948896,18948901,18948902,1,6,"SFIX",18948949,-47,-39
"2808",32,31,2,18,618,18967901,18967906,18967907,1,6,"SFIX",18967923,-16,-8
"2809",32,79,2,19,618,18995885,18995888,18995894,6,9,"SFIX",18995929,-35,-27
"2810",32,43,2,20,618,19002383,19002387,19002388,1,5,"SFIX",19002423,-35,-27
"2811",32,83,3,21,618,19011575,19011578,19011585,7,10,"SFIX",19011619,-34,-26
"2812",32,25,2,22,618,19018895,19018899,19018900,1,5,"SFIX",19018939,-39,-31
"2813",32,75,1,23,618,19028629,19028633,19028634,1,5,"SFIX",19028681,-47,-39
"2814",32,23,3,24,618,19042476,19042479,19042480,1,4,"SFIX",19042531,-51,-43
"2815",32,15,1,25,618,19059927,19059931,19059937,6,10,"SFIX",19059967,-30,-22
"2816",32,1,2,26,618,19110275,19110278,19110283,5,8,"SFIX",19110319,-36,-28
"2817",32,8,3,27,618,19121503,19121505,19121512,7,9,"SFIX",19121546,-34,-26
"2818",32,65,3,28,618,19129995,19129998,19129999,1,4,"SFIX",19130043,-44,-36
"2819",32,44,3,29,618,19136900,19136904,19136905,1,5,"SFIX",19136949,-44,-36
"2820",32,87,1,30,618,19181983,19181986,19181992,6,9,"SFIX",19182030,-38,-30
"2821",32,2,3,31,618,19296294,19296298,19296300,2,6,"SFIX",19296331,-31,-23
"2822",32,59,3,32,618,19318347,19318350,19318352,2,5,"SFIX",19318371,-19,-11
"2823",32,63,1,33,618,19327424,19327428,19327429,1,5,"SFIX",19327458,-29,-21
"2824",32,82,2,34,618,19381982,19381987,19381990,3,8,"SFIX",19382020,-30,-22
"2825",32,58,2,35,618,19388779,19388782,19388787,5,8,"SFIX",19388796,-9,-1
"2826",32,56,3,36,618,19406461,19406465,19406465,0,4,"SFIX",19406504,-39,-31
"2827",32,85,2,37,618,19415688,19415691,19415696,5,8,"SFIX",19415721,-25,-17
"2828",32,7,2,38,618,19438872,19438875,19438877,2,5,"SFIX",19438909,-32,-24
"2829",32,88,2,39,618,19484896,19484899,19484901,2,5,"SFIX",19484934,-33,-25
"2830",32,27,1,40,618,19491317,19491321,19491327,6,10,"SFIX",19491356,-29,-21
"2831",32,29,3,41,618,19500330,19500333,19500338,5,8,"SFIX",19500374,-36,-28
"2832",32,54,1,42,618,19512825,19512828,19512830,2,5,"SFIX",19512862,-32,-24
"2833",32,52,2,43,618,19521431,19521434,19521436,2,5,"SFIX",19521472,-36,-28
"2834",32,78,1,44,618,19537405,19537408,19537410,2,5,"SFIX",19537446,-36,-28
"2835",32,40,2,45,618,19549857,19549860,19549863,3,6,"SFIX",19549909,-46,-38
"2836",32,64,2,46,618,19571891,19571895,19571896,1,5,"SFIX",19571935,-39,-31
"2837",32,13,2,47,618,19578237,19578241,19578244,3,7,"SFIX",19578269,-25,-17
"2838",32,17,3,48,618,19586890,19586893,19586895,2,5,"SFIX",19586935,-40,-32
"2839",32,16,2,49,618,19602366,19602370,19602371,1,5,"SFIX",19602413,-42,-34
"2840",32,51,1,50,618,19621065,19621068,19621075,7,10,"SFIX",19621106,-31,-23
"2841",32,70,2,51,618,19630346,19630350,19630351,1,5,"SFIX",19630399,-48,-40
"2842",32,69,1,52,618,19641243,19641247,19641251,4,8,"SFIX",19641287,-36,-28
"2843",32,34,2,53,618,19666728,19666731,19666737,6,9,"SFIX",19666778,-41,-33
"2844",32,42,1,54,618,19690835,19690839,19690840,1,5,"SFIX",19690879,-39,-31
"2845",32,89,3,55,618,19698331,19698333,19698339,6,8,"SFIX",19698373,-34,-26
"2846",32,46,2,56,618,19718072,19718075,19718077,2,5,"SFIX",19718120,-43,-35
"2847",32,62,3,57,618,19730341,19730345,19730347,2,6,"SFIX",19730372,-25,-17
"2848",32,71,3,58,618,19855923,19855928,19855930,2,7,"SFIX",19855954,-24,-16
"2849",32,68,3,59,618,19870505,19870509,19870510,1,5,"SFIX",19870546,-36,-28
"2850",32,14,3,60,618,19884936,19884940,19884946,6,10,"SFIX",19884957,-11,-3
"2851",32,19,2,61,618,19893966,19893969,19893971,2,5,"SFIX",19893996,-25,-17
"2852",32,66,1,62,618,19915988,19915992,19915993,1,5,"SFIX",19916021,-28,-20
"2853",32,10,2,63,618,19922982,19922986,19922987,1,5,"SFIX",19923024,-37,-29
"2854",32,28,2,64,618,19931145,19931148,19931153,5,8,"SFIX",19931185,-32,-24
"2855",32,60,1,65,618,19959828,19959832,19959835,3,7,"SFIX",19959862,-27,-19
"2856",32,80,3,66,618,19968518,19968522,19968524,2,6,"SFIX",19968560,-36,-28
"2857",32,53,3,67,618,19973168,19973171,19973178,7,10,"SFIX",19973192,-14,-6
"2858",32,39,1,68,618,19981600,19981604,19981605,1,5,"SFIX",19981633,-28,-20
"2859",32,61,2,69,618,19998967,19998971,19998972,1,5,"SFIX",19999002,-30,-22
"2860",32,33,1,70,618,20017185,20017188,20017190,2,5,"SFIX",20017222,-32,-24
"2861",32,57,1,71,618,20025327,20025330,20025331,1,4,"SFIX",20025372,-41,-33
"2862",32,84,1,72,618,20035862,20035866,20035867,1,5,"SFIX",20035902,-35,-27
"2863",32,72,1,73,618,20051339,20051343,20051344,1,5,"SFIX",20051371,-27,-19
"2864",32,11,3,74,618,20076744,20076748,20076749,1,5,"SFIX",20076783,-34,-26
"2865",32,35,3,75,618,20088259,20088263,20088267,4,8,"SFIX",20088287,-20,-12
"2866",32,32,3,76,618,20116927,20116931,20116935,4,8,"SFIX",20116978,-43,-35
"2867",32,12,1,77,618,20125703,20125706,20125708,2,5,"SFIX",20125755,-47,-39
"2868",32,24,1,78,618,20135719,20135723,20135727,4,8,"SFIX",20135774,-47,-39
"2869",32,3,1,79,618,20162986,20162990,20162991,1,5,"SFIX",20163031,-40,-32
"2870",32,55,2,80,618,20186224,20186227,20186232,5,8,"SFIX",20186265,-33,-25
"2871",32,37,2,81,618,20193834,20193837,20193843,6,9,"SFIX",20193867,-24,-16
"2872",32,36,1,82,618,20202381,20202385,20202389,4,8,"SFIX",20202429,-40,-32
"2873",32,50,3,83,618,20223659,20223662,20223663,1,4,"SFIX",20223692,-29,-21
"2874",32,77,3,84,618,20232075,20232079,20232082,3,7,"SFIX",20232108,-26,-18
"2875",32,5,3,85,618,20238440,20238444,20238448,4,8,"SFIX",20238484,-36,-28
"2876",32,81,1,86,618,20246740,20246743,20246745,2,5,"SFIX",20246772,-27,-19
"2877",32,38,3,87,618,20253800,20253803,20253808,5,8,"SFIX",20253842,-34,-26
"2878",32,49,2,88,618,20262166,20262170,20262171,1,5,"SFIX",20262195,-24,-16
"2879",32,41,3,89,618,20278065,20278067,20278069,2,4,"SFIX",20278101,-32,-24
"2880",32,90,1,90,618,20286213,20286216,20286221,5,8,"SFIX",20286251,-30,-22
"2881",33,83,1,1,618,22266680,22266683,22266685,2,5,"SFIX",22266706,-21,-13
"2882",33,4,3,2,618,22278544,22278549,22278550,1,6,"SFIX",22278661,-111,-103
"2883",33,69,2,3,618,22393418,22393422,22393426,4,8,"SFIX",22393443,-17,-9
"2884",33,35,1,4,618,22406758,22406761,22406765,4,7,"SFIX",22406781,-16,-8
"2885",33,54,2,5,618,22602459,22602468,22602470,2,11,"SFIX",22602565,-95,-87
"2886",33,11,1,6,618,22627208,22627222,22627227,5,19,"SFIX",22627318,-91,-83
"2887",33,70,3,7,618,22649274,22649277,22649279,2,5,"SFIX",22649408,-129,-121
"2888",33,63,2,8,618,22658980,22658983,22658985,2,5,"SFIX",22659008,-23,-15
"2889",33,89,1,9,618,22668450,22668500,22668501,1,51,"SFIX",22668515,-14,-6
"2890",33,68,1,10,618,22720088,22720092,22720096,4,8,"SFIX",22720129,-33,-25
"2891",33,56,1,11,618,22730608,22730612,22730613,1,5,"SFIX",22730640,-27,-19
"2892",33,46,3,12,618,22748430,22748436,22748438,2,8,"SFIX",22748576,-138,-130
"2893",33,50,1,13,618,22806213,22806217,22806219,2,6,"SFIX",22806236,-17,-9
"2894",33,39,2,14,618,22853172,22853181,22853182,1,10,"SFIX",22853294,-112,-104
"2895",33,84,2,15,618,22936832,22936883,22936885,2,53,"SFIX",22936932,-47,-39
"2896",33,2,1,16,618,22965181,22965196,22965197,1,16,"SFIX",22965311,-114,-106
"2897",33,16,3,17,618,22978872,22978875,22978877,2,5,"SFIX",22978911,-34,-26
"2898",33,22,3,18,618,22995845,22995849,22995850,1,5,"SFIX",22995956,-106,-98
"2899",33,40,3,19,618,23023224,23023229,23023235,6,11,"SFIX",23023369,-134,-126
"2900",33,42,2,20,618,23053036,23053040,23053041,1,5,"SFIX",23053171,-130,-122
"2901",33,52,3,21,618,23088853,23088871,23088872,1,19,"SFIX",23089000,-128,-120
"2902",33,44,1,22,618,23108083,23108093,23108094,1,11,"SFIX",23108200,-106,-98
"2903",33,61,3,23,618,23143326,23143330,23143331,1,5,"SFIX",23143561,-230,-222
"2904",33,58,3,24,618,23150237,23150249,23150251,2,14,"SFIX",23150385,-134,-126
"2905",33,23,1,25,618,23250510,23250513,23250515,2,5,"SFIX",23250529,-14,-6
"2906",33,27,2,26,618,23288641,23288641,23288642,1,1,"SFIX",23288674,-32,-24
"2907",33,1,3,27,618,23305478,23305498,23305504,6,26,"SFIX",23305613,-109,-101
"2908",33,55,3,28,618,23328405,23328430,23328434,4,29,"SFIX",23328556,-122,-114
"2909",33,19,3,29,618,23348419,23348433,23348436,3,17,"SFIX",23348574,-138,-130
"2910",33,53,1,30,618,23368902,23368905,23368910,5,8,"SFIX",23369123,-213,-205
"2911",33,81,2,31,618,23381174,23381180,23381182,2,8,"SFIX",23381333,-151,-143
"2912",33,65,1,32,618,23410128,23410149,23410150,1,22,"SFIX",23410278,-128,-120
"2913",33,43,3,33,618,23423151,23423170,23423172,2,21,"SFIX",23423317,-145,-137
"2914",33,24,2,34,618,23470389,23470392,23470394,2,5,"SFIX",23470550,-156,-148
"2915",33,49,3,35,618,23494060,23494068,23494073,5,13,"SFIX",23494214,-141,-133
"2916",33,73,3,36,618,23521286,23521291,23521293,2,7,"SFIX",23521477,-184,-176
"2917",33,12,2,37,618,23537712,23537716,23537717,1,5,"SFIX",23537742,-25,-17
"2918",33,3,2,38,618,23570126,23570134,23570136,2,10,"SFIX",23570299,-163,-155
"2919",33,33,2,39,618,23580717,23580721,23580726,5,9,"SFIX",23580739,-13,-5
"2920",33,20,1,40,618,23592371,23592377,23592379,2,8,"SFIX",23592505,-126,-118
"2921",33,66,2,41,618,23613640,23613648,23613650,2,10,"SFIX",23613661,-11,-3
"2922",33,36,2,42,618,23727648,23727659,23727660,1,12,"SFIX",23727713,-53,-45
"2923",33,8,1,43,618,23744885,23744887,23744889,2,4,"SFIX",23744909,-20,-12
"2924",33,5,1,44,618,23817066,23817070,23817077,7,11,"SFIX",23817262,-185,-177
"2925",33,45,2,45,618,23830559,23830609,23830612,3,53,"SFIX",23830614,-2,6
"2926",33,7,3,46,618,23847236,23847263,23847268,5,32,"SFIX",23847432,-164,-156
"2927",33,48,2,47,618,23863921,23863924,23863926,2,5,"SFIX",23863955,-29,-21
"2928",33,15,2,48,618,23877925,23877929,23877930,1,5,"SFIX",23878158,-228,-220
"2929",33,14,1,49,618,23929248,23929263,23929266,3,18,"SFIX",23929367,-101,-93
"2930",33,80,1,50,618,23961496,23961499,23961503,4,7,"SFIX",23961611,-108,-100
"2931",33,38,1,51,618,24008330,24008382,24008387,5,57,"EFIX",24008237,261,269
"2932",33,85,3,52,618,24024200,24024204,24024210,6,10,"SFIX",24024234,-24,-16
"2933",33,88,3,53,618,24060854,24060857,24060862,5,8,"SFIX",24060899,-37,-29
"2934",33,17,1,54,618,24085664,24085668,24085669,1,5,"SFIX",24085717,-48,-40
"2935",33,13,3,55,618,24124216,24124219,24124221,2,5,"SFIX",24124239,-18,-10
"2936",33,9,2,56,618,24156188,24156219,24156223,4,35,"SFIX",24156365,-142,-134
"2937",33,25,3,57,618,24199172,24199175,24199178,3,6,"SFIX",24199219,-41,-33
"2938",33,41,1,58,618,24219218,24219223,24219224,1,6,"SFIX",24219281,-57,-49
"2939",33,71,1,59,618,24370899,24370903,24370904,1,5,"SFIX",24370927,-23,-15
"2940",33,60,2,60,618,24385218,24385268,24385269,1,51,"SFIX",24385315,-46,-38
"2941",33,47,1,61,618,24408020,24408061,24408062,1,42,"SFIX",24408101,-39,-31
"2942",33,28,3,62,618,24420286,24420286,24420289,3,3,"SFIX",24420347,-58,-50
"2943",33,18,2,63,618,24457350,24457400,24457402,2,52,"SFIX",24457439,-37,-29
"2944",33,34,3,64,618,24478894,24478923,24478926,3,32,"SFIX",24478995,-69,-61
"2945",33,30,2,65,618,24491184,24491236,24491238,2,54,"SFIX",24491264,-26,-18
"2946",33,72,2,66,618,24561591,24561595,24561600,5,9,"SFIX",24561622,-22,-14
"2947",33,79,3,67,618,24601991,24601998,24601999,1,8,"SFIX",24602029,-30,-22
"2948",33,59,1,68,618,24673918,24673933,24673940,7,22,"SFIX",24674037,-97,-89
"2949",33,64,3,69,618,24701842,24701859,24701864,5,22,"SFIX",24701966,-102,-94
"2950",33,32,1,70,618,24710685,24710689,24710693,4,8,"SFIX",24710833,-140,-132
"2951",33,26,1,71,618,24764208,24764227,24764228,1,20,"SFIX",24764252,-24,-16
"2952",33,90,2,72,618,24787530,24787550,24787556,6,26,"SFIX",24787714,-158,-150
"2953",33,78,2,73,618,24808657,24808708,24808715,7,58,"SFIX",24808766,-51,-43
"2954",33,37,3,74,618,24818112,24818145,24818147,2,35,"SFIX",24818147,0,8
"2955",33,51,2,75,618,24828391,24828434,24828435,1,44,"SFIX",24828474,-39,-31
"2956",33,74,1,76,618,24837660,24837684,24837691,7,31,"SFIX",24837697,-6,2
"2957",33,86,1,77,618,24859068,24859093,24859094,1,26,"SFIX",24859109,-15,-7
"2958",33,77,1,78,618,24866839,24866857,24866862,5,23,"SFIX",24867000,-138,-130
"2959",33,10,3,79,618,24878521,24878525,24878526,1,5,"SFIX",24878611,-85,-77
"2960",33,62,1,80,618,24904976,24904980,24904982,2,6,"SFIX",24905007,-25,-17
"2961",33,57,2,81,618,24917839,24917843,24917844,1,5,"SFIX",24917857,-13,-5
"2962",33,87,2,82,618,24934636,24934651,24934652,1,16,"SFIX",24934779,-127,-119
"2963",33,21,2,83,618,24944991,24945007,24945013,6,22,"SFIX",24945112,-99,-91
"2964",33,67,3,84,618,24982535,24982539,24982540,1,5,"SFIX",24982563,-23,-15
"2965",33,76,3,85,618,24989994,24990034,24990036,2,42,"SFIX",24990053,-17,-9
"2966",33,29,1,86,618,25066756,25066770,25066771,1,15,"SFIX",25066919,-148,-140
"2967",33,31,3,87,618,25080818,25080822,25080828,6,10,"SFIX",25080838,-10,-2
"2968",33,6,2,88,618,25092550,25092563,25092565,2,15,"SFIX",25092690,-125,-117
"2969",33,82,3,89,618,25109075,25109115,25109116,1,41,"SFIX",25109132,-16,-8
"2970",33,75,2,90,618,25118752,25118790,25118794,4,42,"EFIX",25118152,411,419
"2971",34,66,3,1,618,305147,305150,305151,1,4,"SFIX",305173,-22,-14
"2972",34,79,1,2,618,338733,338735,338741,6,8,"SFIX",338758,-17,-9
"2973",34,70,1,3,618,374836,374836,374838,2,2,"SFIX",375039,-201,-193
"2974",34,9,3,4,618,399657,399661,399662,1,5,"SFIX",399686,-24,-16
"2975",34,58,1,5,618,408387,408390,408391,1,4,"SFIX",408415,-24,-16
"2976",34,68,2,6,618,417539,417542,417543,1,4,"SFIX",417574,-31,-23
"2977",34,8,2,7,618,431231,431233,431237,4,6,"SFIX",431259,-22,-14
"2978",34,39,3,8,618,439286,439289,439290,1,4,"SFIX",439317,-27,-19
"2979",34,23,2,9,618,447829,447832,447833,1,4,"SFIX",447857,-24,-16
"2980",34,33,3,10,618,462627,462630,462635,5,8,"SFIX",462654,-19,-11
"2981",34,78,3,11,618,481040,481043,481049,6,9,"SFIX",481067,-18,-10
"2982",34,22,1,12,618,487194,487197,487198,1,4,"SFIX",487230,-32,-24
"2983",34,80,2,13,618,511700,511702,511703,1,3,"SFIX",511727,-24,-16
"2984",34,71,2,14,618,586210,586212,586213,1,3,"SFIX",586237,-24,-16
"2985",34,54,3,15,618,592790,592793,592798,5,8,"SFIX",592818,-20,-12
"2986",34,30,3,16,618,601078,601081,601083,2,5,"SFIX",601112,-29,-21
"2987",34,56,2,17,618,622315,622318,622319,1,4,"SFIX",622345,-26,-18
"2988",34,3,3,18,618,662113,662115,662122,7,9,"SFIX",662149,-27,-19
"2989",34,7,1,19,618,669920,669924,669925,1,5,"SFIX",669954,-29,-21
"2990",34,20,2,20,618,691091,691091,691092,1,1,"SFIX",691261,-169,-161
"2991",34,42,3,21,618,710007,710009,710010,1,3,"SFIX",710035,-25,-17
"2992",34,89,2,22,618,717984,717988,717990,2,6,"SFIX",718023,-33,-25
"2993",34,10,1,23,618,734164,734166,734171,5,7,"SFIX",734192,-21,-13
"2994",34,46,1,24,618,746773,746776,746777,1,4,"SFIX",746808,-31,-23
"2995",34,52,1,25,618,755006,755009,755012,3,6,"SFIX",755022,-10,-2
"2996",34,36,3,26,618,779799,779801,779803,2,4,"SFIX",779840,-37,-29
"2997",34,45,3,27,618,894162,894166,894173,7,11,"SFIX",894185,-12,-4
"2998",34,76,1,28,618,920115,920118,920123,5,8,"SFIX",920140,-17,-9
"2999",34,61,1,29,618,935968,935971,935972,1,4,"SFIX",935993,-21,-13
"3000",34,40,1,30,618,968172,968175,968176,1,4,"SFIX",968191,-15,-7
"3001",34,62,2,31,618,977360,977363,977370,7,10,"SFIX",977387,-17,-9
"3002",34,29,2,32,618,988646,988648,988650,2,4,"SFIX",988674,-24,-16
"3003",34,11,2,33,618,997374,997376,997383,7,9,"SFIX",997398,-15,-7
"3004",34,81,3,34,618,1024708,1024711,1024715,4,7,"SFIX",1024740,-25,-17
"3005",34,87,3,35,618,1040815,1040817,1040819,2,4,"SFIX",1040853,-34,-26
"3006",34,12,3,36,618,1047723,1047726,1047727,1,4,"SFIX",1047748,-21,-13
"3007",34,24,3,37,618,1061839,1061841,1061843,2,4,"SFIX",1061895,-52,-44
"3008",34,50,2,38,618,1159926,1159928,1159930,2,4,"SFIX",1159966,-36,-28
"3009",34,63,3,39,618,1176947,1176949,1176951,2,4,"SFIX",1176978,-27,-19
"3010",34,48,3,40,618,1210858,1210860,1210862,2,4,"SFIX",1210892,-30,-22
"3011",34,19,1,41,618,1226164,1226167,1226171,4,7,"SFIX",1226192,-21,-13
"3012",34,64,1,42,618,1240787,1240790,1240794,4,7,"SFIX",1240831,-37,-29
"3013",34,86,2,43,618,1248094,1248097,1248098,1,4,"SFIX",1248138,-40,-32
"3014",34,25,1,44,618,1254345,1254348,1254350,2,5,"SFIX",1254375,-25,-17
"3015",34,27,3,45,618,1263508,1263511,1263513,2,5,"SFIX",1263548,-35,-27
"3016",34,74,2,46,618,1271379,1271382,1271383,1,4,"SFIX",1271416,-33,-25
"3017",34,49,1,47,618,1280738,1280741,1280742,1,4,"SFIX",1280765,-23,-15
"3018",34,17,2,48,618,1289233,1289235,1289237,2,4,"SFIX",1289261,-24,-16
"3019",34,13,1,49,618,1297468,1297470,1297472,2,4,"SFIX",1297498,-26,-18
"3020",34,90,3,50,618,1314155,1314158,1314159,1,4,"SFIX",1314192,-33,-25
"3021",34,84,3,51,618,1320323,1320326,1320327,1,4,"SFIX",1320362,-35,-27
"3022",34,67,1,52,618,1328514,1328514,1328521,7,7,"SFIX",1328660,-139,-131
"3023",34,57,3,53,618,1336838,1336842,1336849,7,11,"SFIX",1336870,-21,-13
"3024",34,18,3,54,618,1347329,1347331,1347337,6,8,"SFIX",1347359,-22,-14
"3025",34,65,2,55,618,1357133,1357135,1357137,2,4,"SFIX",1357158,-21,-13
"3026",34,59,2,56,618,1370846,1370849,1370856,7,10,"SFIX",1370881,-25,-17
"3027",34,28,1,57,618,1379360,1379363,1379367,4,7,"SFIX",1379402,-35,-27
"3028",34,15,3,58,618,1387636,1387639,1387645,6,9,"SFIX",1387664,-19,-11
"3029",34,35,2,59,618,1394685,1394688,1394693,5,8,"SFIX",1394727,-34,-26
"3030",34,6,3,60,618,1508591,1508594,1508595,1,4,"SFIX",1508622,-27,-19
"3031",34,88,1,61,618,1516456,1516458,1516460,2,4,"SFIX",1516491,-31,-23
"3032",34,69,3,62,618,1522484,1522485,1522487,2,3,"SFIX",1522509,-22,-14
"3033",34,82,1,63,618,1527948,1527950,1527952,2,4,"SFIX",1527985,-33,-25
"3034",34,47,2,64,618,1536153,1536156,1536161,5,8,"SFIX",1536182,-21,-13
"3035",34,38,2,65,618,1553644,1553647,1553648,1,4,"SFIX",1553687,-39,-31
"3036",34,85,1,66,618,1561544,1561546,1561551,5,7,"SFIX",1561610,-59,-51
"3037",34,14,2,67,618,1570070,1570073,1570074,1,4,"SFIX",1570104,-30,-22
"3038",34,83,2,68,618,1591783,1591786,1591793,7,10,"SFIX",1591824,-31,-23
"3039",34,77,2,69,618,1604322,1604325,1604329,4,7,"SFIX",1604356,-27,-19
"3040",34,37,1,70,618,1611570,1611572,1611574,2,4,"SFIX",1611596,-22,-14
"3041",34,5,2,71,618,1620820,1620823,1620828,5,8,"SFIX",1620880,-52,-44
"3042",34,16,1,72,618,1638290,1638293,1638294,1,4,"SFIX",1638339,-45,-37
"3043",34,21,3,73,618,1649833,1649836,1649837,1,4,"SFIX",1649871,-34,-26
"3044",34,41,2,74,618,1658709,1658711,1658712,1,3,"SFIX",1658741,-29,-21
"3045",34,44,2,75,618,1717196,1717199,1717204,5,8,"SFIX",1717241,-37,-29
"3046",34,53,2,76,618,1734940,1734943,1734950,7,10,"SFIX",1734974,-24,-16
"3047",34,55,1,77,618,1773500,1773503,1773509,6,9,"SFIX",1773533,-24,-16
"3048",34,1,1,78,618,1800945,1800948,1800953,5,8,"SFIX",1800979,-26,-18
"3049",34,73,1,79,618,1817077,1817080,1817086,6,9,"SFIX",1817120,-34,-26
"3050",34,2,2,80,618,1828939,1828942,1828944,2,5,"SFIX",1828973,-29,-21
"3051",34,60,3,81,618,1836644,1836647,1836648,1,4,"SFIX",1836677,-29,-21
"3052",34,51,3,82,618,1846689,1846692,1846693,1,4,"SFIX",1846724,-31,-23
"3053",34,31,1,83,618,1865087,1865090,1865091,1,4,"SFIX",1865128,-37,-29
"3054",34,26,2,84,618,1879904,1879906,1879909,3,5,"SFIX",1879942,-33,-25
"3055",34,75,3,85,618,1894003,1894006,1894007,1,4,"SFIX",1894045,-38,-30
"3056",34,34,1,86,618,1907208,1907211,1907214,3,6,"SFIX",1907253,-39,-31
"3057",34,72,3,87,618,1924601,1924603,1924603,0,2,"SFIX",1924659,-56,-48
"3058",34,32,2,88,618,1954776,1954779,1954783,4,7,"SFIX",1954824,-41,-33
"3059",34,43,1,89,618,1964608,1964610,1964612,2,4,"SFIX",1964645,-33,-25
"3060",34,4,1,90,618,1975314,1975316,1975318,2,4,"SFIX",1975349,-31,-23
"3061",35,87,1,1,618,4480576,4480584,4480586,2,10,"SFIX",4480763,-177,-169
"3062",35,40,2,2,618,4496464,4496467,4496468,1,4,"SFIX",4496492,-24,-16
"3063",35,77,3,3,618,4505122,4505129,4505131,2,9,"SFIX",4505288,-157,-149
"3064",35,24,1,4,618,4551161,4551164,4551170,6,9,"SFIX",4551190,-20,-12
"3065",35,14,3,5,618,4568152,4568154,4568155,1,3,"SFIX",4568189,-34,-26
"3066",35,28,2,6,618,4581794,4581797,4581798,1,4,"SFIX",4581831,-33,-25
"3067",35,12,1,7,618,4608051,4608053,4608057,4,6,"SFIX",4608082,-25,-17
"3068",35,81,1,8,618,4624304,4624307,4624309,2,5,"SFIX",4624334,-25,-17
"3069",35,18,1,9,618,4630161,4630162,4630164,2,3,"SFIX",4630196,-32,-24
"3070",35,79,2,10,618,4640018,4640021,4640023,2,5,"SFIX",4640212,-189,-181
"3071",35,75,1,11,618,4664084,4664087,4664088,1,4,"SFIX",4664113,-25,-17
"3072",35,10,2,12,618,4674840,4674843,4674844,1,4,"SFIX",4674877,-33,-25
"3073",35,44,3,13,618,4701709,4701712,4701713,1,4,"SFIX",4701736,-23,-15
"3074",35,41,3,14,618,4711552,4711554,4711556,2,4,"SFIX",4711581,-25,-17
"3075",35,26,3,15,618,4751651,4751662,4751664,2,13,"SFIX",4751844,-180,-172
"3076",35,42,1,16,618,4762364,4762375,4762379,4,15,"SFIX",4762551,-172,-164
"3077",35,13,2,17,618,4779706,4779716,4779721,5,15,"SFIX",4779872,-151,-143
"3078",35,22,2,18,618,4790099,4790109,4790111,2,12,"SFIX",4790330,-219,-211
"3079",35,29,3,19,618,4829602,4829605,4829606,1,4,"SFIX",4829625,-19,-11
"3080",35,53,3,20,618,4853135,4853138,4853139,1,4,"SFIX",4853162,-23,-15
"3081",35,71,3,21,618,4887579,4887590,4887597,7,18,"SFIX",4887798,-201,-193
"3082",35,11,3,22,618,4895559,4895572,4895574,2,15,"SFIX",4895789,-215,-207
"3083",35,2,3,23,618,4926229,4926234,4926239,5,10,"SFIX",4926572,-333,-325
"3084",35,32,3,24,618,4947606,4947615,4947616,1,10,"SFIX",4947839,-223,-215
"3085",35,84,1,25,618,4972398,4972401,4972404,3,6,"SFIX",4972422,-18,-10
"3086",35,65,3,26,618,4982988,4982991,4982992,1,4,"SFIX",4983017,-25,-17
"3087",35,61,2,27,618,5016599,5016609,5016610,1,11,"SFIX",5016936,-326,-318
"3088",35,33,1,28,618,5054789,5054791,5054792,1,3,"SFIX",5054804,-12,-4
"3089",35,35,3,29,618,5236225,5236228,5236230,2,5,"SFIX",5236264,-34,-26
"3090",35,8,3,30,618,5262144,5262145,5262151,6,7,"SFIX",5262179,-28,-20
"3091",35,78,1,31,618,5282035,5282038,5282039,1,4,"SFIX",5282061,-22,-14
"3092",35,27,1,32,618,5305551,5305554,5305558,4,7,"SFIX",5305584,-26,-18
"3093",35,72,1,33,618,5313789,5313800,5313802,2,13,"SFIX",5314008,-206,-198
"3094",35,3,1,34,618,5326793,5326797,5326798,1,5,"SFIX",5326829,-31,-23
"3095",35,43,2,35,618,5341837,5341849,5341850,1,13,"SFIX",5342004,-154,-146
"3096",35,68,3,36,618,5379943,5379945,5379947,2,4,"SFIX",5379979,-32,-24
"3097",35,85,2,37,618,5389529,5389541,5389542,1,13,"SFIX",5389696,-154,-146
"3098",35,15,1,38,618,5430604,5430607,5430612,5,8,"SFIX",5430628,-16,-8
"3099",35,6,1,39,618,5457611,5457614,5457616,2,5,"SFIX",5457639,-23,-15
"3100",35,57,1,40,618,5468163,5468166,5468167,1,4,"SFIX",5468190,-23,-15
"3101",35,47,3,41,618,5479556,5479557,5479560,3,4,"SFIX",5479588,-28,-20
"3102",35,62,3,42,618,5503026,5503029,5503032,3,6,"SFIX",5503061,-29,-21
"3103",35,30,1,43,618,5520075,5520098,5520103,5,28,"SFIX",5520193,-90,-82
"3104",35,52,2,44,618,5551909,5551918,5551925,7,16,"SFIX",5552119,-194,-186
"3105",35,25,2,45,618,5567188,5567194,5567197,3,9,"SFIX",5567227,-30,-22
"3106",35,9,1,46,618,5588603,5588605,5588606,1,3,"SFIX",5588631,-25,-17
"3107",35,37,2,47,618,5629729,5629741,5629744,3,15,"SFIX",5630069,-325,-317
"3108",35,46,2,48,618,5650711,5650713,5650714,1,3,"SFIX",5650746,-32,-24
"3109",35,49,2,49,618,5674676,5674679,5674684,5,8,"SFIX",5674708,-24,-16
"3110",35,63,1,50,618,5711742,5711745,5711746,1,4,"SFIX",5711756,-10,-2
"3111",35,56,3,51,618,5722352,5722355,5722359,4,7,"SFIX",5722382,-23,-15
"3112",35,86,3,52,618,5735100,5735103,5735107,4,7,"SFIX",5735301,-194,-186
"3113",35,16,2,53,618,5752942,5752944,5752945,1,3,"SFIX",5752990,-45,-37
"3114",35,66,1,54,618,5762082,5762083,5762085,2,3,"SFIX",5762117,-32,-24
"3115",35,82,2,55,618,5778791,5778803,5778808,5,17,"SFIX",5778846,-38,-30
"3116",35,7,2,56,618,5816726,5816727,5816729,2,3,"SFIX",5816743,-14,-6
"3117",35,34,2,57,618,5826384,5826387,5826390,3,6,"SFIX",5826723,-333,-325
"3118",35,20,3,58,618,5861911,5861914,5861915,1,4,"SFIX",5861943,-28,-20
"3119",35,64,2,59,618,5870248,5870252,5870256,4,8,"SFIX",5870281,-25,-17
"3120",35,80,3,60,618,5898947,5898947,5898950,3,3,"SFIX",5898996,-46,-38
"3121",35,31,2,61,618,5906325,5906370,5906371,1,46,"SFIX",5906384,-13,-5
"3122",35,23,3,62,618,6088726,6088728,6088730,2,4,"SFIX",6088765,-35,-27
"3123",35,51,1,63,618,6094962,6094964,6094965,1,3,"SFIX",6094988,-23,-15
"3124",35,59,3,64,618,6115730,6115732,6115734,2,4,"SFIX",6115763,-29,-21
"3125",35,45,1,65,618,6140051,6140059,6140062,3,11,"SFIX",6140249,-187,-179
"3126",35,21,1,66,618,6193613,6193621,6193622,1,9,"SFIX",6193789,-167,-159
"3127",35,50,3,67,618,6210948,6210950,6210951,1,3,"SFIX",6210969,-18,-10
"3128",35,67,2,68,618,6254480,6254486,6254488,2,8,"SFIX",6254700,-212,-204
"3129",35,60,1,69,618,6276124,6276130,6276131,1,7,"SFIX",6276188,-57,-49
"3130",35,73,2,70,618,6290735,6290742,6290743,1,8,"SFIX",6290900,-157,-149
"3131",35,89,3,71,618,6298750,6298753,6298753,0,3,"SFIX",6298790,-37,-29
"3132",35,17,3,72,618,6333685,6333687,6333689,2,4,"SFIX",6333715,-26,-18
"3133",35,70,2,73,618,6358798,6358800,6358802,2,4,"SFIX",6358814,-12,-4
"3134",35,76,2,74,618,6367696,6367702,6367706,4,10,"SFIX",6367723,-17,-9
"3135",35,5,3,75,618,6410845,6410860,6410861,1,16,"SFIX",6411034,-173,-165
"3136",35,1,2,76,618,6432793,6432819,6432820,1,27,"SFIX",6432868,-48,-40
"3137",35,55,2,77,618,6453673,6453682,6453685,3,12,"SFIX",6453874,-189,-181
"3138",35,83,3,78,618,6510083,6510087,6510088,1,5,"SFIX",6510114,-26,-18
"3139",35,4,2,79,618,6536690,6536708,6536709,1,19,"SFIX",6536875,-166,-158
"3140",35,19,2,80,618,6580804,6580812,6580813,1,9,"SFIX",6580993,-180,-172
"3141",35,38,3,81,618,6593563,6593572,6593579,7,16,"SFIX",6593614,-35,-27
"3142",35,54,1,82,618,6611374,6611381,6611382,1,8,"SFIX",6611433,-51,-43
"3143",35,88,2,83,618,6638062,6638064,6638066,2,4,"SFIX",6638081,-15,-7
"3144",35,58,2,84,618,6644662,6644665,6644671,6,9,"SFIX",6644699,-28,-20
"3145",35,90,1,85,618,6665432,6665432,6665433,1,1,"SFIX",6665506,-73,-65
"3146",35,69,1,86,618,6674299,6674301,6674302,1,3,"SFIX",6674323,-21,-13
"3147",35,36,1,87,618,6689782,6689784,6689785,1,3,"SFIX",6689826,-41,-33
"3148",35,74,3,88,618,6703232,6703235,6703236,1,4,"SFIX",6703263,-27,-19
"3149",35,48,1,89,618,6720006,6720018,6720020,2,14,"SFIX",6720178,-158,-150
"3150",35,39,1,90,618,6755050,6755052,6755056,4,6,"SFIX",6755071,-15,-7
"3151",36,54,2,1,618,11215427,11215429,11215431,2,4,"SFIX",11215461,-30,-22
"3152",36,39,2,2,618,11234055,11234074,11234076,2,21,"SFIX",11234187,-111,-103
"3153",36,69,2,3,618,11246757,11246761,11246762,1,5,"SFIX",11246795,-33,-25
"3154",36,28,3,4,618,11254599,11254602,11254606,4,7,"SFIX",11254650,-44,-36
"3155",36,6,2,5,618,11302272,11302274,11302277,3,5,"SFIX",11302320,-43,-35
"3156",36,58,3,6,618,11321168,11321171,11321172,1,4,"SFIX",11321203,-31,-23
"3157",36,81,2,7,618,11330867,11330870,11330871,1,4,"SFIX",11330906,-35,-27
"3158",36,76,3,8,618,11347178,11347180,11347182,2,4,"SFIX",11347227,-45,-37
"3159",36,53,1,9,618,11361939,11361956,11361961,5,22,"SFIX",11362068,-107,-99
"3160",36,11,1,10,618,11394363,11394366,11394373,7,10,"SFIX",11394405,-32,-24
"3161",36,71,1,11,618,11408591,11408594,11408595,1,4,"SFIX",11408610,-15,-7
"3162",36,41,1,12,618,11413657,11413659,11413661,2,4,"SFIX",11413692,-31,-23
"3163",36,7,3,13,618,11431177,11431180,11431181,1,4,"SFIX",11431212,-31,-23
"3164",36,67,3,14,618,11441673,11441676,11441679,3,6,"SFIX",11441711,-32,-24
"3165",36,66,2,15,618,11457055,11457058,11457059,1,4,"SFIX",11457095,-36,-28
"3166",36,35,1,16,618,11490339,11490341,11490343,2,4,"SFIX",11490375,-32,-24
"3167",36,44,1,17,618,11519414,11519416,11519417,1,3,"SFIX",11519442,-25,-17
"3168",36,17,1,18,618,11536453,11536455,11536457,2,4,"SFIX",11536479,-22,-14
"3169",36,10,3,19,618,11558147,11558148,11558154,6,7,"SFIX",11558185,-31,-23
"3170",36,79,3,20,618,11573008,11573010,11573014,4,6,"SFIX",11573044,-30,-22
"3171",36,73,3,21,618,11585623,11585639,11585643,4,20,"SFIX",11585788,-145,-137
"3172",36,50,1,22,618,11600746,11600749,11600755,6,9,"SFIX",11600787,-32,-24
"3173",36,85,3,23,618,11626216,11626219,11626220,1,4,"SFIX",11626249,-29,-21
"3174",36,80,1,24,618,11633893,11633896,11633897,1,4,"SFIX",11633928,-31,-23
"3175",36,65,1,25,618,11646620,11646623,11646624,1,4,"SFIX",11646656,-32,-24
"3176",36,32,1,26,618,11704686,11704689,11704690,1,4,"SFIX",11704735,-45,-37
"3177",36,63,2,27,618,11713883,11713886,11713889,3,6,"SFIX",11713917,-28,-20
"3178",36,12,2,28,618,11721631,11721633,11721634,1,3,"SFIX",11721668,-34,-26
"3179",36,51,2,29,618,11762621,11762623,11762627,4,6,"SFIX",11762653,-26,-18
"3180",36,62,1,30,618,11845458,11845482,11845488,6,30,"SFIX",11845572,-84,-76
"3181",36,33,2,31,618,11853648,11853651,11853652,1,4,"SFIX",11853685,-33,-25
"3182",36,5,1,32,618,11862480,11862482,11862485,3,5,"SFIX",11862517,-32,-24
"3183",36,46,3,33,618,11884230,11884232,11884234,2,4,"SFIX",11884276,-42,-34
"3184",36,31,3,34,618,11895467,11895469,11895471,2,4,"SFIX",11895485,-14,-6
"3185",36,40,3,35,618,11913373,11913376,11913377,1,4,"SFIX",11913404,-27,-19
"3186",36,24,2,36,618,11929008,11929010,11929012,2,4,"SFIX",11929048,-36,-28
"3187",36,8,1,37,618,11938685,11938688,11938689,1,4,"SFIX",11938720,-31,-23
"3188",36,64,3,38,618,11947949,11947952,11947953,1,4,"SFIX",11947991,-38,-30
"3189",36,48,2,39,618,11953505,11953508,11953514,6,9,"SFIX",11953532,-18,-10
"3190",36,14,1,40,618,11968056,11968059,11968062,3,6,"SFIX",11968098,-36,-28
"3191",36,82,3,41,618,11981951,11981953,11981955,2,4,"SFIX",11981987,-32,-24
"3192",36,52,3,42,618,12022636,12022639,12022640,1,4,"SFIX",12022678,-38,-30
"3193",36,26,1,43,618,12038814,12038817,12038818,1,4,"SFIX",12038861,-43,-35
"3194",36,18,2,44,618,12046065,12046068,12046069,1,4,"SFIX",12046093,-24,-16
"3195",36,3,2,45,618,12053604,12053607,12053608,1,4,"SFIX",12053647,-39,-31
"3196",36,20,1,46,618,12064629,12064632,12064633,1,4,"SFIX",12064674,-41,-33
"3197",36,42,2,47,618,12072466,12072468,12072472,4,6,"SFIX",12072503,-31,-23
"3198",36,29,1,48,618,12079233,12079235,12079237,2,4,"SFIX",12079278,-41,-33
"3199",36,61,3,49,618,12107927,12107930,12107933,3,6,"SFIX",12107961,-28,-20
"3200",36,59,1,50,618,12116210,12116213,12116214,1,4,"SFIX",12116243,-29,-21
"3201",36,13,3,51,618,12124684,12124687,12124690,3,6,"SFIX",12124714,-24,-16
"3202",36,86,1,52,618,12138421,12138425,12138426,1,5,"SFIX",12138441,-15,-7
"3203",36,23,1,53,618,12144117,12144119,12144121,2,4,"SFIX",12144161,-40,-32
"3204",36,21,2,54,618,12158272,12158274,12158275,1,3,"SFIX",12158300,-25,-17
"3205",36,89,1,55,618,12167594,12167597,12167598,1,4,"SFIX",12167636,-38,-30
"3206",36,4,3,56,618,12173479,12173482,12173484,2,5,"SFIX",12173515,-31,-23
"3207",36,30,2,57,618,12349109,12349112,12349118,6,9,"SFIX",12349150,-32,-24
"3208",36,84,2,58,618,12366680,12366699,12366700,1,20,"SFIX",12366823,-123,-115
"3209",36,78,2,59,618,12374876,12374879,12374880,1,4,"SFIX",12374927,-47,-39
"3210",36,22,3,60,618,12380544,12380545,12380547,2,3,"SFIX",12380591,-44,-36
"3211",36,77,1,61,618,12388199,12388219,12388224,5,25,"SFIX",12388320,-96,-88
"3212",36,74,1,62,618,12393948,12393950,12393951,1,3,"SFIX",12393982,-31,-23
"3213",36,83,1,63,618,12398426,12398428,12398430,2,4,"SFIX",12398450,-20,-12
"3214",36,16,3,64,618,12406977,12406979,12406986,7,9,"SFIX",12407017,-31,-23
"3215",36,72,2,65,618,12413930,12413932,12413935,3,5,"SFIX",12413969,-34,-26
"3216",36,36,2,66,618,12420634,12420637,12420640,3,6,"SFIX",12420680,-40,-32
"3217",36,75,2,67,618,12436678,12436680,12436681,1,3,"SFIX",12436709,-28,-20
"3218",36,19,3,68,618,12448429,12448432,12448433,1,4,"SFIX",12448459,-26,-18
"3219",36,45,2,69,618,12455724,12455727,12455728,1,4,"SFIX",12455763,-35,-27
"3220",36,60,2,70,618,12462405,12462407,12462409,2,4,"SFIX",12462441,-32,-24
"3221",36,9,2,71,618,12475733,12475736,12475737,1,4,"SFIX",12475772,-35,-27
"3222",36,37,3,72,618,12483735,12483738,12483739,1,4,"SFIX",12483775,-36,-28
"3223",36,90,2,73,618,12508439,12508441,12508442,1,3,"SFIX",12508485,-43,-35
"3224",36,43,3,74,618,12515036,12515039,12515040,1,4,"SFIX",12515064,-24,-16
"3225",36,49,3,75,618,12535649,12535652,12535653,1,4,"SFIX",12535682,-29,-21
"3226",36,87,2,76,618,12574892,12574895,12574898,3,6,"SFIX",12574940,-42,-34
"3227",36,1,3,77,618,12580934,12580937,12580938,1,4,"SFIX",12580971,-33,-25
"3228",36,47,1,78,618,12588744,12588745,12588746,1,2,"SFIX",12588780,-34,-26
"3229",36,34,3,79,618,12602370,12602372,12602380,8,10,"SFIX",12602414,-34,-26
"3230",36,27,2,80,618,12609481,12609483,12609485,2,4,"SFIX",12609513,-28,-20
"3231",36,15,2,81,618,12617578,12617581,12617582,1,4,"SFIX",12617616,-34,-26
"3232",36,25,3,82,618,12624986,12624987,12624990,3,4,"SFIX",12625015,-25,-17
"3233",36,88,3,83,618,12631669,12631672,12631673,1,4,"SFIX",12631713,-40,-32
"3234",36,56,1,84,618,12664467,12664470,12664472,2,5,"SFIX",12664507,-35,-27
"3235",36,57,2,85,618,12671817,12671820,12671821,1,4,"SFIX",12671850,-29,-21
"3236",36,68,1,86,618,12694984,12694987,12694988,1,4,"SFIX",12695025,-37,-29
"3237",36,38,1,87,618,12711508,12711511,12711519,8,11,"SFIX",12711550,-31,-23
"3238",36,70,3,88,618,12757202,12757205,12757211,6,9,"SFIX",12757236,-25,-17
"3239",36,2,1,89,618,12764429,12764431,12764435,4,6,"SFIX",12764467,-32,-24
"3240",36,55,3,90,618,12773425,12773428,12773430,2,5,"SFIX",12773451,-21,-13
"3241",37,45,3,1,618,14980595,14980597,14980599,2,4,"SFIX",14980623,-24,-16
"3242",37,28,1,2,618,14994588,14994591,14994592,1,4,"SFIX",14994626,-34,-26
"3243",37,87,3,3,618,15003085,15003089,15003091,2,6,"SFIX",15003114,-23,-15
"3244",37,39,3,4,618,15014579,15014581,15014588,7,9,"SFIX",15014606,-18,-10
"3245",37,52,1,5,618,15029298,15029301,15029302,1,4,"SFIX",15029334,-32,-24
"3246",37,54,3,6,618,15064471,15064474,15064475,1,4,"SFIX",15064496,-21,-13
"3247",37,10,1,7,618,15086649,15086652,15086655,3,6,"SFIX",15086686,-31,-23
"3248",37,68,2,8,618,15107232,15107234,15107236,2,4,"SFIX",15107266,-30,-22
"3249",37,3,3,9,618,15115414,15115417,15115422,5,8,"SFIX",15115456,-34,-26
"3250",37,84,3,10,618,15147884,15147887,15147888,1,4,"SFIX",15147921,-33,-25
"3251",37,74,2,11,618,15154510,15154512,15154514,2,4,"SFIX",15154542,-28,-20
"3252",37,70,1,12,618,15171462,15171465,15171466,1,4,"SFIX",15171481,-15,-7
"3253",37,40,1,13,618,15189665,15189668,15189669,1,4,"SFIX",15189691,-22,-14
"3254",37,81,3,14,618,15205749,15205752,15205753,1,4,"SFIX",15205772,-19,-11
"3255",37,29,2,15,618,15225368,15225371,15225374,3,6,"SFIX",15225394,-20,-12
"3256",37,89,2,16,618,15232967,15232990,15232992,2,25,"SFIX",15233100,-108,-100
"3257",37,2,2,17,618,15238548,15238551,15238553,2,5,"SFIX",15238579,-26,-18
"3258",37,32,2,18,618,15260411,15260413,15260419,6,8,"SFIX",15260432,-13,-5
"3259",37,26,2,19,618,15286250,15286254,15286259,5,9,"SFIX",15286274,-15,-7
"3260",37,67,1,20,618,15294354,15294356,15294357,1,3,"SFIX",15294385,-28,-20
"3261",37,43,1,21,618,15306022,15306025,15306026,1,4,"SFIX",15306041,-15,-7
"3262",37,22,1,22,618,15331671,15331674,15331675,1,4,"SFIX",15331703,-28,-20
"3263",37,25,1,23,618,15343185,15343188,15343189,1,4,"SFIX",15343218,-29,-21
"3264",37,6,3,24,618,15361871,15361874,15361875,1,4,"SFIX",15361903,-28,-20
"3265",37,53,2,25,618,15370291,15370294,15370295,1,4,"SFIX",15370318,-23,-15
"3266",37,33,3,26,618,15463034,15463037,15463040,3,6,"SFIX",15463058,-18,-10
"3267",37,86,2,27,618,15486473,15486476,15486477,1,4,"SFIX",15486501,-24,-16
"3268",37,72,3,28,618,15499887,15499889,15499890,1,3,"SFIX",15499923,-33,-25
"3269",37,57,3,29,618,15505406,15505409,15505410,1,4,"SFIX",15505430,-20,-12
"3270",37,4,1,30,618,15516864,15516867,15516872,5,8,"SFIX",15516899,-27,-19
"3271",37,18,3,31,618,15532425,15532428,15532429,1,4,"SFIX",15532453,-24,-16
"3272",37,30,3,32,618,15539628,15539632,15539635,3,7,"SFIX",15539660,-25,-17
"3273",37,69,3,33,618,15560355,15560358,15560359,1,4,"SFIX",15560372,-13,-5
"3274",37,66,3,34,618,15566780,15566783,15566790,7,10,"SFIX",15566809,-19,-11
"3275",37,77,2,35,618,15572461,15572464,15572465,1,4,"SFIX",15572497,-32,-24
"3276",37,90,3,36,618,15580377,15580380,15580382,2,5,"SFIX",15580400,-18,-10
"3277",37,7,1,37,618,15586590,15586593,15586594,1,4,"SFIX",15586612,-18,-10
"3278",37,20,2,38,618,15595615,15595618,15595619,1,4,"SFIX",15595643,-24,-16
"3279",37,64,1,39,618,15612335,15612338,15612339,1,4,"SFIX",15612357,-18,-10
"3280",37,62,2,40,618,15618529,15618531,15618533,2,4,"SFIX",15618564,-31,-23
"3281",37,16,1,41,618,15624679,15624682,15624683,1,4,"SFIX",15624713,-30,-22
"3282",37,34,1,42,618,15633039,15633041,15633043,2,4,"SFIX",15633071,-28,-20
"3283",37,38,2,43,618,15647354,15647357,15647359,2,5,"SFIX",15647381,-22,-14
"3284",37,23,2,44,618,15654523,15654525,15654526,1,3,"SFIX",15654540,-14,-6
"3285",37,27,3,45,618,15665293,15665296,15665296,0,3,"SFIX",15665315,-19,-11
"3286",37,82,1,46,618,15685694,15685697,15685698,1,4,"SFIX",15685723,-25,-17
"3287",37,8,2,47,618,15693126,15693128,15693129,1,3,"SFIX",15693154,-25,-17
"3288",37,55,1,48,618,15702277,15702280,15702281,1,4,"SFIX",15702299,-18,-10
"3289",37,80,2,49,618,15728070,15728073,15728074,1,4,"SFIX",15728106,-32,-24
"3290",37,63,3,50,618,15742398,15742401,15742402,1,4,"SFIX",15742427,-25,-17
"3291",37,35,2,51,618,15751553,15751555,15751557,2,4,"SFIX",15751579,-22,-14
"3292",37,49,1,52,618,15771979,15771981,15771982,1,3,"SFIX",15772002,-20,-12
"3293",37,21,3,53,618,15782379,15782382,15782383,1,4,"SFIX",15782408,-25,-17
"3294",37,9,3,54,618,15794749,15794752,15794757,5,8,"SFIX",15794776,-19,-11
"3295",37,56,2,55,618,15800835,15800839,15800840,1,5,"SFIX",15800855,-15,-7
"3296",37,85,1,56,618,15808178,15808181,15808182,1,4,"SFIX",15808205,-23,-15
"3297",37,65,2,57,618,15824790,15824793,15824799,6,9,"SFIX",15824822,-23,-15
"3298",37,42,3,58,618,15836119,15836122,15836123,1,4,"SFIX",15836146,-23,-15
"3299",37,44,2,59,618,15858776,15858779,15858785,6,9,"SFIX",15858799,-14,-6
"3300",37,31,1,60,618,15873507,15873509,15873515,6,8,"SFIX",15873533,-18,-10
"3301",37,48,3,61,618,15884495,15884498,15884500,2,5,"SFIX",15884518,-18,-10
"3302",37,37,1,62,618,15891136,15891139,15891143,4,7,"SFIX",15891163,-20,-12
"3303",37,75,3,63,618,15904213,15904216,15904217,1,4,"SFIX",15904236,-19,-11
"3304",37,88,1,64,618,16085990,16085993,16085994,1,4,"SFIX",16086020,-26,-18
"3305",37,61,1,65,618,16090801,16090805,16090809,4,8,"SFIX",16090818,-9,-1
"3306",37,58,1,66,618,16111527,16111529,16111535,6,8,"SFIX",16111552,-17,-9
"3307",37,5,2,67,618,16120588,16120591,16120592,1,4,"SFIX",16120615,-23,-15
"3308",37,24,3,68,618,16130543,16130547,16130548,1,5,"SFIX",16130573,-25,-17
"3309",37,47,2,69,618,16154105,16154108,16154109,1,4,"SFIX",16154131,-22,-14
"3310",37,12,3,70,618,16168080,16168083,16168087,4,7,"SFIX",16168109,-22,-14
"3311",37,73,1,71,618,16188252,16188256,16188257,1,5,"SFIX",16188283,-26,-18
"3312",37,79,1,72,618,16193028,16193031,16193032,1,4,"SFIX",16193056,-24,-16
"3313",37,78,3,73,618,16198517,16198519,16198521,2,4,"SFIX",16198547,-26,-18
"3314",37,41,2,74,618,16221410,16221412,16221418,6,8,"SFIX",16221430,-12,-4
"3315",37,17,2,75,618,16243277,16243279,16243281,2,4,"SFIX",16243305,-24,-16
"3316",37,11,2,76,618,16256194,16256197,16256203,6,9,"SFIX",16256219,-16,-8
"3317",37,46,1,77,618,16262915,16262918,16262924,6,9,"SFIX",16262938,-14,-6
"3318",37,76,1,78,618,16271349,16271352,16271353,1,4,"SFIX",16271377,-24,-16
"3319",37,71,2,79,618,16294533,16294536,16294537,1,4,"SFIX",16294554,-17,-9
"3320",37,51,3,80,618,16307883,16307885,16307887,2,4,"SFIX",16307913,-26,-18
"3321",37,1,1,81,618,16317917,16317920,16317921,1,4,"SFIX",16317949,-28,-20
"3322",37,83,2,82,618,16338132,16338135,16338136,1,4,"SFIX",16338149,-13,-5
"3323",37,19,1,83,618,16354837,16354843,16354844,1,7,"SFIX",16354877,-33,-25
"3324",37,13,1,84,618,16398153,16398156,16398157,1,4,"SFIX",16398185,-28,-20
"3325",37,50,2,85,618,16414806,16414808,16414810,2,4,"SFIX",16414837,-27,-19
"3326",37,60,3,86,618,16434392,16434396,16434397,1,5,"SFIX",16434425,-28,-20
"3327",37,15,3,87,618,16465913,16465916,16465917,1,4,"SFIX",16465935,-18,-10
"3328",37,59,2,88,618,16483539,16483542,16483546,4,7,"SFIX",16483566,-20,-12
"3329",37,14,2,89,618,16522480,16522483,16522486,3,6,"SFIX",16522508,-22,-14
"3330",37,36,3,90,618,16530353,16530355,16530357,2,4,"SFIX",16530382,-25,-17
"3331",38,3,1,1,618,17271707,17271723,17271725,2,18,"SFIX",17271910,-185,-177
"3332",38,44,3,2,618,17286893,17286897,17286898,1,5,"SFIX",17286921,-23,-15
"3333",38,77,3,3,618,17311521,17311538,17311539,1,18,"SFIX",17311707,-168,-160
"3334",38,47,3,4,618,17319403,17319421,17319423,2,20,"SFIX",17319586,-163,-155
"3335",38,13,2,5,618,17340370,17340381,17340382,1,12,"SFIX",17340560,-178,-170
"3336",38,86,3,6,618,17351139,17351166,17351168,2,29,"SFIX",17351403,-235,-227
"3337",38,6,1,7,618,17408894,17408915,17408919,4,25,"SFIX",17409104,-185,-177
"3338",38,45,1,8,618,17438342,17438345,17438350,5,8,"SFIX",17438436,-86,-78
"3339",38,75,1,9,618,17448988,17448991,17448992,1,4,"SFIX",17448997,-5,3
"3340",38,39,1,10,618,17473935,17473960,17473961,1,26,"SFIX",17474103,-142,-134
"3341",38,90,1,11,618,17491680,17491683,17491684,1,4,"SFIX",17491737,-53,-45
"3342",38,84,1,12,618,17528085,17528088,17528091,3,6,"SFIX",17528104,-13,-5
"3343",38,48,1,13,618,17535166,17535169,17535176,7,10,"SFIX",17535185,-9,-1
"3344",38,51,1,14,618,17563247,17563250,17563254,4,7,"SFIX",17563280,-26,-18
"3345",38,11,3,15,618,17573522,17573535,17573536,1,14,"SFIX",17573663,-127,-119
"3346",38,10,2,16,618,17584648,17584664,17584665,1,17,"SFIX",17584813,-148,-140
"3347",38,74,3,17,618,17606585,17606628,17606629,1,44,"SFIX",17606653,-24,-16
"3348",38,78,1,18,618,17623626,17623629,17623634,5,8,"SFIX",17623656,-22,-14
"3349",38,26,3,19,618,17654178,17654180,17654184,4,6,"SFIX",17654212,-28,-20
"3350",38,50,3,20,618,17750677,17750683,17750684,1,7,"SFIX",17750771,-87,-79
"3351",38,76,2,21,618,17766691,17766694,17766695,1,4,"SFIX",17766793,-98,-90
"3352",38,52,2,22,618,17858434,17858440,17858441,1,7,"SFIX",17858503,-62,-54
"3353",38,38,3,23,618,17873926,17873932,17873933,1,7,"SFIX",17873998,-65,-57
"3354",38,29,3,24,618,17884680,17884697,17884698,1,18,"SFIX",17884881,-183,-175
"3355",38,37,2,25,618,17903417,17903423,17903429,6,12,"SFIX",17903479,-50,-42
"3356",38,2,3,26,618,17935965,17935989,17935991,2,26,"SFIX",17936158,-167,-159
"3357",38,35,3,27,618,17949750,17949757,17949763,6,13,"SFIX",17949818,-55,-47
"3358",38,49,2,28,618,17963375,17963381,17963388,7,13,"SFIX",17963427,-39,-31
"3359",38,8,3,29,618,18026493,18026500,18026507,7,14,"SFIX",18026569,-62,-54
"3360",38,59,3,30,618,18056265,18056268,18056270,2,5,"SFIX",18056276,-6,2
"3361",38,60,1,31,618,18088080,18088124,18088125,1,45,"SFIX",18088176,-51,-43
"3362",38,83,3,32,618,18204863,18204868,18204874,6,11,"SFIX",18204936,-62,-54
"3363",38,27,1,33,618,18211278,18211278,18211279,1,1,"SFIX",18211364,-85,-77
"3364",38,63,1,34,618,18222421,18222429,18222430,1,9,"SFIX",18222515,-85,-77
"3365",38,18,1,35,618,18338105,18338106,18338108,2,3,"SFIX",18338137,-29,-21
"3366",38,73,2,36,618,18376518,18376520,18376522,2,4,"SFIX",18376553,-31,-23
"3367",38,43,2,37,618,18395532,18395553,18395554,1,22,"SFIX",18395703,-149,-141
"3368",38,72,1,38,618,18416695,18416702,18416708,6,13,"SFIX",18416765,-57,-49
"3369",38,15,1,39,618,18427010,18427014,18427015,1,5,"SFIX",18427046,-31,-23
"3370",38,20,3,40,618,18438049,18438055,18438056,1,7,"SFIX",18438122,-66,-58
"3371",38,53,3,41,618,18470298,18470301,18470302,1,4,"SFIX",18470320,-18,-10
"3372",38,25,2,42,618,18499831,18499851,18499853,2,22,"SFIX",18500046,-193,-185
"3373",38,21,1,43,618,18539268,18539271,18539276,5,8,"SFIX",18539290,-14,-6
"3374",38,54,1,44,618,18558948,18558951,18558952,1,4,"SFIX",18559122,-170,-162
"3375",38,9,1,45,618,18595546,18595555,18595561,6,15,"SFIX",18595726,-165,-157
"3376",38,12,1,46,618,18604435,18604443,18604444,1,9,"SFIX",18604496,-52,-44
"3377",38,66,1,47,618,18617041,18617048,18617049,1,8,"SFIX",18617112,-63,-55
"3378",38,17,3,48,618,18645395,18645407,18645409,2,14,"SFIX",18645545,-136,-128
"3379",38,57,1,49,618,18667574,18667626,18667627,1,53,"SFIX",18667667,-40,-32
"3380",38,36,1,50,618,18684790,18684800,18684805,5,15,"SFIX",18684966,-161,-153
"3381",38,69,1,51,618,18703087,18703089,18703095,6,8,"SFIX",18703115,-20,-12
"3382",38,33,1,52,618,18710693,18710693,18710698,5,5,"SFIX",18711008,-310,-302
"3383",38,61,2,53,618,18723274,18723277,18723278,1,4,"SFIX",18723292,-14,-6
"3384",38,80,3,54,618,18746179,18746182,18746186,4,7,"SFIX",18746215,-29,-21
"3385",38,34,2,55,618,18753854,18753856,18753860,4,6,"SFIX",18753890,-30,-22
"3386",38,42,1,56,618,18765230,18765235,18765239,4,9,"SFIX",18765289,-50,-42
"3387",38,64,2,57,618,18805945,18805947,18805951,4,6,"SFIX",18805989,-38,-30
"3388",38,82,2,58,618,18814540,18814546,18814547,1,7,"SFIX",18814596,-49,-41
"3389",38,46,2,59,618,18909461,18909467,18909473,6,12,"SFIX",18909514,-41,-33
"3390",38,88,2,60,618,18986873,18986875,18986876,1,3,"SFIX",18986915,-39,-31
"3391",38,81,1,61,618,19007931,19007937,19007941,4,10,"SFIX",19007985,-44,-36
"3392",38,16,2,62,618,19033131,19033137,19033139,2,8,"SFIX",19033191,-52,-44
"3393",38,22,2,63,618,19054565,19054571,19054576,5,11,"SFIX",19054637,-61,-53
"3394",38,23,3,64,618,19085577,19085580,19085581,1,4,"SFIX",19085602,-21,-13
"3395",38,14,3,65,618,19094585,19094587,19094593,6,8,"SFIX",19094609,-16,-8
"3396",38,56,3,66,618,19103947,19103997,19103999,2,52,"SFIX",19104010,-11,-3
"3397",38,71,3,67,618,19117006,19117011,19117013,2,7,"SFIX",19117074,-61,-53
"3398",38,89,3,68,618,19129926,19129932,19129934,2,8,"SFIX",19129994,-60,-52
"3399",38,79,2,69,618,19136489,19136503,19136504,1,15,"SFIX",19136573,-69,-61
"3400",38,5,3,70,618,19143694,19143700,19143704,4,10,"SFIX",19143748,-44,-36
"3401",38,65,3,71,618,19157494,19157497,19157498,1,4,"SFIX",19157501,-3,5
"3402",38,7,2,72,618,19163210,19163213,19163214,1,4,"SFIX",19163234,-20,-12
"3403",38,4,2,73,618,19171346,19171351,19171353,2,7,"SFIX",19171416,-63,-55
"3404",38,67,2,74,618,19182760,19182767,19182769,2,9,"SFIX",19182836,-67,-59
"3405",38,58,2,75,618,19190315,19190318,19190319,1,4,"SFIX",19190339,-20,-12
"3406",38,62,3,76,618,19234856,19234859,19234860,1,4,"SFIX",19235090,-230,-222
"3407",38,70,2,77,618,19302173,19302181,19302182,1,9,"SFIX",19302233,-51,-43
"3408",38,68,3,78,618,19311689,19311695,19311696,1,7,"SFIX",19311744,-48,-40
"3409",38,1,2,79,618,19331808,19331828,19331831,3,23,"SFIX",19332073,-242,-234
"3410",38,87,1,80,618,19348884,19348888,19348894,6,10,"SFIX",19348917,-23,-15
"3411",38,32,3,81,618,19368640,19368647,19368648,1,8,"SFIX",19368696,-48,-40
"3412",38,40,2,82,618,19383923,19383930,19383933,3,10,"SFIX",19383986,-53,-45
"3413",38,30,1,83,618,19394048,19394051,19394052,1,4,"SFIX",19394083,-31,-23
"3414",38,41,3,84,618,19423734,19423738,19423739,1,5,"SFIX",19423744,-5,3
"3415",38,31,2,85,618,19442159,19442178,19442179,1,20,"SFIX",19442213,-34,-26
"3416",38,24,1,86,618,19451065,19451068,19451069,1,4,"SFIX",19451313,-244,-236
"3417",38,55,2,87,618,19462941,19462943,19462948,5,7,"SFIX",19462975,-27,-19
"3418",38,19,2,88,618,19470179,19470182,19470183,1,4,"SFIX",19470199,-16,-8
"3419",38,85,2,89,618,19478681,19478684,19478685,1,4,"SFIX",19478702,-17,-9
"3420",38,28,2,90,618,19490430,19490436,19490438,2,8,"SFIX",19490493,-55,-47
"3421",39,64,3,1,618,25604112,25604116,25604117,1,5,"SFIX",25604145,-28,-20
"3422",39,19,3,2,618,25634095,25634098,25634099,1,4,"SFIX",25634124,-25,-17
"3423",39,48,2,3,618,25640734,25640737,25640740,3,6,"SFIX",25640756,-16,-8
"3424",39,55,3,4,618,25646900,25646903,25646904,1,4,"SFIX",25646925,-21,-13
"3425",39,35,1,5,618,25657443,25657446,25657447,1,4,"SFIX",25657472,-25,-17
"3426",39,12,2,6,618,25666001,25666002,25666009,7,8,"SFIX",25666047,-38,-30
"3427",39,51,2,7,618,25676148,25676151,25676152,1,4,"SFIX",25676180,-28,-20
"3428",39,85,3,8,618,25690333,25690336,25690338,2,5,"SFIX",25690377,-39,-31
"3429",39,44,1,9,618,25724192,25724195,25724197,2,5,"SFIX",25724240,-43,-35
"3430",39,84,2,10,618,25739528,25739530,25739535,5,7,"SFIX",25739552,-17,-9
"3431",39,32,1,11,618,25763395,25763398,25763399,1,4,"SFIX",25763423,-24,-16
"3432",39,15,2,12,618,25793249,25793253,25793254,1,5,"SFIX",25793286,-32,-24
"3433",39,69,2,13,618,25805290,25805292,25805298,6,8,"SFIX",25805331,-33,-25
"3434",39,61,3,14,618,25813330,25813333,25813339,6,9,"SFIX",25813374,-35,-27
"3435",39,14,1,15,618,25844968,25844969,25844974,5,6,"SFIX",25844989,-15,-7
"3436",39,53,1,16,618,25852813,25852816,25852819,3,6,"SFIX",25852853,-34,-26
"3437",39,39,2,17,618,25867229,25867232,25867238,6,9,"SFIX",25867270,-32,-24
"3438",39,76,3,18,618,25878321,25878332,25878335,3,14,"SFIX",25878467,-132,-124
"3439",39,74,1,19,618,25885484,25885486,25885487,1,3,"SFIX",25885519,-32,-24
"3440",39,21,2,20,618,25899267,25899277,25899279,2,12,"SFIX",25899427,-148,-140
"3441",39,72,2,21,618,25915427,25915428,25915430,2,3,"SFIX",25915454,-24,-16
"3442",39,45,2,22,618,25929623,25929625,25929628,3,5,"SFIX",25929663,-35,-27
"3443",39,16,3,23,618,25951908,25951911,25951914,3,6,"SFIX",25951942,-28,-20
"3444",39,36,2,24,618,25961546,25961550,25961556,6,10,"SFIX",25961588,-32,-24
"3445",39,27,2,25,618,26175584,26175587,26175591,4,7,"SFIX",26175612,-21,-13
"3446",39,41,1,26,618,26186665,26186667,26186669,2,4,"SFIX",26186703,-34,-26
"3447",39,87,2,27,618,26194429,26194431,26194433,2,4,"SFIX",26194463,-30,-22
"3448",39,88,3,28,618,26203179,26203182,26203190,8,11,"SFIX",26203224,-34,-26
"3449",39,42,2,29,618,26222587,26222591,26222594,3,7,"SFIX",26222620,-26,-18
"3450",39,7,3,30,618,26250152,26250155,26250157,2,5,"SFIX",26250174,-17,-9
"3451",39,50,1,31,618,26259511,26259513,26259514,1,3,"SFIX",26259541,-27,-19
"3452",39,63,2,32,618,26277203,26277206,26277212,6,9,"SFIX",26277235,-23,-15
"3453",39,67,3,33,618,26284481,26284483,26284489,6,8,"SFIX",26284514,-25,-17
"3454",39,17,1,34,618,26300794,26300797,26300800,3,6,"SFIX",26300824,-24,-16
"3455",39,89,1,35,618,26311913,26311915,26311917,2,4,"SFIX",26311941,-24,-16
"3456",39,10,3,36,618,26333565,26333568,26333572,4,7,"SFIX",26333597,-25,-17
"3457",39,29,1,37,618,26342309,26342312,26342313,1,4,"SFIX",26342348,-35,-27
"3458",39,71,1,38,618,26349623,26349625,26349629,4,6,"SFIX",26349648,-19,-11
"3459",39,54,2,39,618,26365626,26365630,26365631,1,5,"SFIX",26365663,-32,-24
"3460",39,78,2,40,618,26377215,26377219,26377224,5,9,"SFIX",26377245,-21,-13
"3461",39,58,3,41,618,26399298,26399301,26399307,6,9,"SFIX",26399326,-19,-11
"3462",39,81,2,42,618,26409221,26409223,26409226,3,5,"SFIX",26409235,-9,-1
"3463",39,60,2,43,618,26427708,26427712,26427716,4,8,"SFIX",26427735,-19,-11
"3464",39,26,1,44,618,26438165,26438169,26438176,7,11,"SFIX",26438195,-19,-11
"3465",39,46,3,45,618,26447574,26447576,26447583,7,9,"SFIX",26447600,-17,-9
"3466",39,86,1,46,618,26456936,26456939,26456940,1,4,"SFIX",26456972,-32,-24
"3467",39,66,2,47,618,26463498,26463501,26463502,1,4,"SFIX",26463521,-19,-11
"3468",39,70,3,48,618,26568620,26568623,26568629,6,9,"SFIX",26568641,-12,-4
"3469",39,49,3,49,618,26575597,26575599,26575605,6,8,"SFIX",26575630,-25,-17
"3470",39,83,1,50,618,26618942,26618945,26618946,1,4,"SFIX",26618980,-34,-26
"3471",39,22,3,51,618,26624574,26624577,26624578,1,4,"SFIX",26624596,-18,-10
"3472",39,23,1,52,618,26652570,26652578,26652580,2,10,"SFIX",26652760,-180,-172
"3473",39,52,3,53,618,26661759,26661763,26661767,4,8,"SFIX",26661800,-33,-25
"3474",39,20,1,54,618,26671799,26671801,26671804,3,5,"SFIX",26671832,-28,-20
"3475",39,80,1,55,618,26681318,26681321,26681326,5,8,"SFIX",26681349,-23,-15
"3476",39,90,2,56,618,NA,26689736,26689742,6,NA,"SFIX",26689834,-92,-84
"3477",39,77,1,57,618,26695662,26695665,26695666,1,4,"SFIX",26695694,-28,-20
"3478",39,13,3,58,618,26703748,26703751,26703752,1,4,"SFIX",26703777,-25,-17
"3479",39,11,1,59,618,26874962,26874964,26874970,6,8,"SFIX",26874990,-20,-12
"3480",39,75,2,60,618,26914916,26914919,26914924,5,8,"SFIX",26914941,-17,-9
"3481",39,2,1,61,618,26926813,26926816,26926817,1,4,"SFIX",26926840,-23,-15
"3482",39,62,1,62,618,26934774,26934777,26934782,5,8,"SFIX",26934807,-25,-17
"3483",39,79,3,63,618,26940658,26940661,26940667,6,9,"SFIX",26940690,-23,-15
"3484",39,47,1,64,618,26960165,26960168,26960169,1,4,"SFIX",26960197,-28,-20
"3485",39,68,1,65,618,26969479,26969482,26969487,5,8,"SFIX",26969510,-23,-15
"3486",39,59,1,66,618,26975307,26975310,26975316,6,9,"SFIX",26975343,-27,-19
"3487",39,82,3,67,618,26988549,26988553,26988554,1,5,"SFIX",26988592,-38,-30
"3488",39,3,2,68,618,27002915,27002918,27002923,5,8,"SFIX",27002941,-18,-10
"3489",39,56,1,69,618,27022856,27022859,27022863,4,7,"SFIX",27022893,-30,-22
"3490",39,5,1,70,618,27031483,27031486,27031491,5,8,"SFIX",27031529,-38,-30
"3491",39,8,1,71,618,27059615,27059619,27059624,5,9,"SFIX",27059645,-21,-13
"3492",39,65,1,72,618,27074092,27074095,27074100,5,8,"SFIX",27074136,-36,-28
"3493",39,73,3,73,618,27081825,27081829,27081832,3,7,"SFIX",27081847,-15,-7
"3494",39,40,3,74,618,27087305,27087308,27087309,1,4,"SFIX",27087342,-33,-25
"3495",39,25,3,75,618,27094455,27094458,27094459,1,4,"SFIX",27094500,-41,-33
"3496",39,31,3,76,618,27126919,27126922,27126923,1,4,"SFIX",27126964,-41,-33
"3497",39,33,2,77,618,27137673,27137675,27137678,3,5,"SFIX",27137719,-41,-33
"3498",39,38,1,78,618,27160487,27160489,27160491,2,4,"SFIX",27160520,-29,-21
"3499",39,6,2,79,618,27264967,27264971,27264973,2,6,"SFIX",27265125,-152,-144
"3500",39,37,3,80,618,27282384,27282388,27282389,1,5,"SFIX",27282410,-21,-13
"3501",39,18,2,81,618,27294332,27294336,27294336,0,4,"SFIX",27294381,-45,-37
"3502",39,34,3,82,618,27303798,27303801,27303802,1,4,"SFIX",27303831,-29,-21
"3503",39,1,3,83,618,27313223,27313225,27313227,2,4,"SFIX",27313265,-38,-30
"3504",39,24,2,84,618,27335572,27335574,27335578,4,6,"SFIX",27335607,-29,-21
"3505",39,9,2,85,618,27346080,27346083,27346089,6,9,"SFIX",27346132,-43,-35
"3506",39,43,3,86,618,27357839,27357842,27357844,2,5,"SFIX",27357860,-16,-8
"3507",39,57,2,87,618,27365292,27365295,27365301,6,9,"SFIX",27365332,-31,-23
"3508",39,28,3,88,618,27374617,27374620,27374625,5,8,"SFIX",27374668,-43,-35
"3509",39,30,2,89,618,27385036,27385039,27385041,2,5,"SFIX",27385071,-30,-22
"3510",39,4,3,90,618,27392203,27392205,27392208,3,5,"SFIX",27392232,-24,-16
"3511",40,55,1,1,618,1035622,1035625,1035628,3,6,"SFIX",1035672,-44,-36
"3512",40,51,3,2,618,1054326,1054328,1054330,2,4,"SFIX",1054373,-43,-35
"3513",40,90,3,3,618,1088898,1088900,1088902,2,4,"SFIX",1088950,-48,-40
"3514",40,53,2,4,618,1095027,1095030,1095032,2,5,"SFIX",1095070,-38,-30
"3515",40,11,2,5,618,1105196,1105199,1105200,1,4,"SFIX",1105242,-42,-34
"3516",40,22,1,6,618,1127084,1127087,1127093,6,9,"SFIX",1127129,-36,-28
"3517",40,15,3,7,618,1135268,1135271,1135271,0,3,"SFIX",1135317,-46,-38
"3518",40,79,1,8,618,1158195,1158198,1158205,7,10,"SFIX",1158241,-36,-28
"3519",40,33,3,9,618,1181546,1181549,1181555,6,9,"SFIX",1181601,-46,-38
"3520",40,5,2,10,618,1195323,1195326,1195327,1,4,"SFIX",1195372,-45,-37
"3521",40,88,1,11,618,1209043,1209046,1209047,1,4,"SFIX",1209096,-49,-41
"3522",40,80,2,12,618,1223483,1223486,1223492,6,9,"SFIX",1223525,-33,-25
"3523",40,21,3,13,618,1246501,1246504,1246505,1,4,"SFIX",1246552,-47,-39
"3524",40,76,1,14,618,1258761,1258763,1258765,2,4,"SFIX",1258808,-43,-35
"3525",40,72,3,15,618,1263076,1263079,1263080,1,4,"SFIX",1263122,-42,-34
"3526",40,1,1,16,618,1285301,1285304,1285306,2,5,"SFIX",1285351,-45,-37
"3527",40,36,3,17,618,1297394,1297396,1297398,2,4,"SFIX",1297445,-47,-39
"3528",40,2,2,18,618,1317319,1317322,1317329,7,10,"SFIX",1317360,-31,-23
"3529",40,16,1,19,618,1325613,1325616,1325617,1,4,"SFIX",1325667,-50,-42
"3530",40,84,3,20,618,1334291,1334294,1334296,2,5,"SFIX",1334342,-46,-38
"3531",40,24,3,21,618,1344193,1344196,1344197,1,4,"SFIX",1344235,-38,-30
"3532",40,67,1,22,618,1352304,1352307,1352308,1,4,"SFIX",1352349,-41,-33
"3533",40,60,3,23,618,1362568,1362570,1362571,1,3,"SFIX",1362616,-45,-37
"3534",40,46,1,24,618,1373260,1373262,1373264,2,4,"SFIX",1373300,-36,-28
"3535",40,27,3,25,618,1382339,1382341,1382342,1,3,"SFIX",1382382,-40,-32
"3536",40,6,3,26,618,1391301,1391304,1391305,1,4,"SFIX",1391359,-54,-46
"3537",40,43,1,27,618,1405329,1405331,1405336,5,7,"SFIX",1405379,-43,-35
"3538",40,34,1,28,618,1609062,1609065,1609066,1,4,"SFIX",1609108,-42,-34
"3539",40,47,2,29,618,1624323,1624326,1624331,5,8,"SFIX",1624376,-45,-37
"3540",40,48,3,30,618,1634373,1634376,1634382,6,9,"SFIX",1634413,-31,-23
"3541",40,9,3,31,618,1642162,1642165,1642167,2,5,"SFIX",1642209,-42,-34
"3542",40,56,2,32,618,1650761,1650764,1650765,1,4,"SFIX",1650807,-42,-34
"3543",40,8,2,33,618,1691907,1691910,1691917,7,10,"SFIX",1691955,-38,-30
"3544",40,63,3,34,618,1717321,1717323,1717324,1,3,"SFIX",1717369,-45,-37
"3545",40,29,2,35,618,1774806,1774808,1774813,5,7,"SFIX",1774853,-40,-32
"3546",40,40,1,36,618,1784607,1784610,1784617,7,10,"SFIX",1784653,-36,-28
"3547",40,4,1,37,618,1807319,1807322,1807325,3,6,"SFIX",1807358,-33,-25
"3548",40,32,2,38,618,1817663,1817666,1817673,7,10,"SFIX",1817696,-23,-15
"3549",40,85,1,39,618,1826804,1826806,1826810,4,6,"SFIX",1826849,-39,-31
"3550",40,62,2,40,618,1833185,1833187,1833189,2,4,"SFIX",1833231,-42,-34
"3551",40,14,2,41,618,1839078,1839081,1839082,1,4,"SFIX",1839115,-33,-25
"3552",40,44,2,42,618,1846765,1846768,1846769,1,4,"SFIX",1846807,-38,-30
"3553",40,78,3,43,618,1864647,1864650,1864651,1,4,"SFIX",1864700,-49,-41
"3554",40,30,3,44,618,1876147,1876149,1876151,2,4,"SFIX",1876200,-49,-41
"3555",40,17,2,45,618,1883672,1883674,1883677,3,5,"SFIX",1883718,-41,-33
"3556",40,57,3,46,618,1905584,1905587,1905588,1,4,"SFIX",1905629,-41,-33
"3557",40,41,2,47,618,1947727,1947730,1947731,1,4,"SFIX",1947774,-43,-35
"3558",40,7,1,48,618,1956740,1956743,1956744,1,4,"SFIX",1956783,-39,-31
"3559",40,89,2,49,618,1974547,1974549,1974557,8,10,"SFIX",1974589,-32,-24
"3560",40,19,1,50,618,1980174,1980177,1980179,2,5,"SFIX",1980212,-33,-25
"3561",40,26,2,51,618,1988388,1988391,1988392,1,4,"SFIX",1988432,-40,-32
"3562",40,39,3,52,618,1999589,1999592,1999593,1,4,"SFIX",1999623,-30,-22
"3563",40,83,2,53,618,2018933,2018936,2018941,5,8,"SFIX",2018982,-41,-33
"3564",40,74,2,54,618,2024351,2024354,2024355,1,4,"SFIX",2024410,-55,-47
"3565",40,12,3,55,618,2035431,2035464,2035465,1,34,"SFIX",2035588,-123,-115
"3566",40,37,1,56,618,2043304,2043306,2043306,0,2,"SFIX",2043348,-42,-34
"3567",40,50,2,57,618,2051266,2051268,2051270,2,4,"SFIX",2051316,-46,-38
"3568",40,71,2,58,618,2233143,2233145,2233147,2,4,"SFIX",2233183,-36,-28
"3569",40,35,2,59,618,2243518,2243522,2243526,4,8,"SFIX",2243562,-36,-28
"3570",40,38,2,60,618,2262932,2262933,2262938,5,6,"SFIX",2262978,-40,-32
"3571",40,58,1,61,618,2269398,2269401,2269404,3,6,"SFIX",2269441,-37,-29
"3572",40,25,1,62,618,2278062,2278064,2278067,3,5,"SFIX",2278105,-38,-30
"3573",40,45,3,63,618,2287065,2287068,2287071,3,6,"SFIX",2287112,-41,-33
"3574",40,75,3,64,618,2321308,2321311,2321312,1,4,"SFIX",2321355,-43,-35
"3575",40,81,3,65,618,2325327,2325329,2325331,2,4,"SFIX",2325374,-43,-35
"3576",40,87,3,66,618,2331268,2331270,2331272,2,4,"SFIX",2331314,-42,-34
"3577",40,20,2,67,618,2341454,2341457,2341458,1,4,"SFIX",2341505,-47,-39
"3578",40,65,2,68,618,2349684,2349687,2349688,1,4,"SFIX",2349737,-49,-41
"3579",40,64,1,69,618,2354993,2354996,2355000,4,7,"SFIX",2355043,-43,-35
"3580",40,10,1,70,618,2360559,2360562,2360563,1,4,"SFIX",2360618,-55,-47
"3581",40,61,1,71,618,2373101,2373103,2373105,2,4,"SFIX",2373141,-36,-28
"3582",40,69,3,72,618,2403772,2403775,2403776,1,4,"SFIX",2403823,-47,-39
"3583",40,3,3,73,618,2430390,2430393,2430398,5,8,"SFIX",2430433,-35,-27
"3584",40,31,1,74,618,2442503,2442506,2442512,6,9,"SFIX",2442547,-35,-27
"3585",40,42,3,75,618,2461341,2461344,2461345,1,4,"SFIX",2461393,-48,-40
"3586",40,28,1,76,618,2470683,2470685,2470689,4,6,"SFIX",2470714,-25,-17
"3587",40,52,1,77,618,2482844,2482846,2482848,2,4,"SFIX",2482898,-50,-42
"3588",40,82,1,78,618,2504373,2504373,2504379,6,6,"SFIX",2504435,-56,-48
"3589",40,18,3,79,618,2511111,2511113,2511121,8,10,"SFIX",2511153,-32,-24
"3590",40,54,3,80,618,2519178,2519181,2519182,1,4,"SFIX",2519229,-47,-39
"3591",40,66,3,81,618,2526010,2526013,2526019,6,9,"SFIX",2526064,-45,-37
"3592",40,73,1,82,618,2531210,2531213,2531214,1,4,"SFIX",2531251,-37,-29
"3593",40,59,2,83,618,2547772,2547774,2547776,2,4,"SFIX",2547815,-39,-31
"3594",40,49,1,84,618,2569311,2569314,2569315,1,4,"SFIX",2569354,-39,-31
"3595",40,23,2,85,618,2579155,2579158,2579164,6,9,"SFIX",2579185,-21,-13
"3596",40,70,1,86,618,2591382,2591385,2591386,1,4,"SFIX",2591431,-45,-37
"3597",40,13,1,87,618,2602432,2602434,2602436,2,4,"SFIX",2602480,-44,-36
"3598",40,86,2,88,618,2611351,2611353,2611355,2,4,"SFIX",2611390,-35,-27
"3599",40,77,2,89,618,2616076,2616079,2616081,2,5,"SFIX",2616119,-38,-30
"3600",40,68,2,90,618,2632729,2632732,2632733,1,4,"SFIX",2632777,-44,-36
"3601",41,82,3,1,618,1611906,1611918,1611921,3,15,"SFIX",1611954,-33,-25
"3602",41,40,3,2,618,1635037,1635041,1635042,1,5,"SFIX",1635108,-66,-58
"3603",41,57,2,3,618,1656155,1656158,1656159,1,4,"SFIX",1656201,-42,-34
"3604",41,81,2,4,618,1673812,1673823,1673825,2,13,"SFIX",1673869,-44,-36
"3605",41,6,2,5,618,1692411,1692414,1692416,2,5,"SFIX",1692469,-53,-45
"3606",41,87,2,6,618,1703603,1703605,1703608,3,5,"SFIX",1703653,-45,-37
"3607",41,3,2,7,618,1746853,1746869,1746871,2,18,"SFIX",1747067,-196,-188
"3608",41,4,3,8,618,1780842,1780845,1780846,1,4,"SFIX",1780898,-52,-44
"3609",41,85,3,9,618,1791607,1791610,1791613,3,6,"SFIX",1791655,-42,-34
"3610",41,89,1,10,618,1828837,1828845,1828850,5,13,"SFIX",1828900,-50,-42
"3611",41,83,1,11,618,1842080,1842083,1842087,4,7,"SFIX",1842122,-35,-27
"3612",41,64,3,12,618,1851151,1851158,1851160,2,9,"SFIX",1851192,-32,-24
"3613",41,50,1,13,618,1875885,1875890,1875892,2,7,"SFIX",1875942,-50,-42
"3614",41,86,1,14,618,1918745,1918751,1918752,1,7,"SFIX",1918795,-43,-35
"3615",41,67,3,15,618,1939381,1939395,1939400,5,19,"SFIX",1939557,-157,-149
"3616",41,28,3,16,618,1951162,1951168,1951169,1,7,"SFIX",1951216,-47,-39
"3617",41,34,3,17,618,1976260,1976263,1976264,1,4,"SFIX",1976329,-65,-57
"3618",41,65,1,18,618,1989045,1989048,1989049,1,4,"SFIX",1989088,-39,-31
"3619",41,47,1,19,618,1996909,1996912,1996913,1,4,"SFIX",1996975,-62,-54
"3620",41,61,3,20,618,2111790,2111800,2111801,1,11,"SFIX",2111965,-164,-156
"3621",41,72,2,21,618,2125017,2125029,2125030,1,13,"SFIX",2125218,-188,-180
"3622",41,1,3,22,618,2149994,2150005,2150006,1,12,"SFIX",2150211,-205,-197
"3623",41,31,3,23,618,2213986,2213988,2213994,6,8,"SFIX",2214027,-33,-25
"3624",41,26,1,24,618,2227212,2227214,2227221,7,9,"SFIX",2227286,-65,-57
"3625",41,80,1,25,618,2293099,2293102,2293107,5,8,"SFIX",2293161,-54,-46
"3626",41,90,2,26,618,2470743,2470746,2470747,1,4,"SFIX",2470805,-58,-50
"3627",41,73,3,27,618,2476605,2476611,2476613,2,8,"SFIX",2476647,-34,-26
"3628",41,63,2,28,618,2505901,2505904,2505905,1,4,"SFIX",2505965,-60,-52
"3629",41,14,1,29,618,2526664,2526667,2526668,1,4,"SFIX",2526730,-62,-54
"3630",41,54,2,30,618,2538684,2538686,2538687,1,3,"SFIX",2538752,-65,-57
"3631",41,7,3,31,618,2561940,2561952,2561954,2,14,"SFIX",2561989,-35,-27
"3632",41,55,3,32,618,2580811,2580814,2580814,0,3,"SFIX",2580876,-62,-54
"3633",41,75,2,33,618,2593560,2593577,2593579,2,19,"SFIX",2593767,-188,-180
"3634",41,37,3,34,618,2600417,2600423,2600428,5,11,"SFIX",2600467,-39,-31
"3635",41,41,1,35,618,2615870,2615872,2615874,2,4,"SFIX",2615934,-60,-52
"3636",41,76,3,36,618,2626025,2626027,2626029,2,4,"SFIX",2626094,-65,-57
"3637",41,62,1,37,618,2636586,2636592,2636594,2,8,"SFIX",2636632,-38,-30
"3638",41,45,2,38,618,2657946,2657950,2657954,4,8,"SFIX",2658019,-65,-57
"3639",41,36,2,39,618,2674928,2674931,2674935,4,7,"SFIX",2674978,-43,-35
"3640",41,79,3,40,618,2719683,2719693,2719697,4,14,"SFIX",2719877,-180,-172
"3641",41,2,1,41,618,2732533,2732533,2732534,1,1,"SFIX",2732591,-57,-49
"3642",41,77,1,42,618,2769763,2769766,2769771,5,8,"SFIX",2769810,-39,-31
"3643",41,43,3,43,618,2778206,2778221,2778223,2,17,"SFIX",2778388,-165,-157
"3644",41,18,2,44,618,2828114,2828121,2828123,2,9,"SFIX",2828161,-38,-30
"3645",41,15,2,45,618,2845810,2845813,2845814,1,4,"SFIX",2845860,-46,-38
"3646",41,25,3,46,618,2879916,2879919,2879920,1,4,"SFIX",2879975,-55,-47
"3647",41,44,1,47,618,2893095,2893099,2893104,5,9,"SFIX",2893157,-53,-45
"3648",41,42,2,48,618,2915211,2915215,2915220,5,9,"SFIX",2915254,-34,-26
"3649",41,30,2,49,618,2940851,2940854,2940855,1,4,"SFIX",2940918,-63,-55
"3650",41,12,2,50,618,2956654,2956661,2956663,2,9,"SFIX",2956700,-37,-29
"3651",41,74,1,51,618,2969781,2969783,2969784,1,3,"SFIX",2969847,-63,-55
"3652",41,49,3,52,618,3041780,3041783,3041790,7,10,"SFIX",3041828,-38,-30
"3653",41,29,1,53,618,3082571,3082574,3082575,1,4,"SFIX",3082626,-51,-43
"3654",41,8,1,54,618,3105467,3105468,3105470,2,3,"SFIX",3105514,-44,-36
"3655",41,53,1,55,618,3115764,3115766,3115768,2,4,"SFIX",3115812,-44,-36
"3656",41,22,3,56,618,3146076,3146080,3146081,1,5,"SFIX",3146133,-52,-44
"3657",41,11,1,57,618,3321094,3321097,3321098,1,4,"SFIX",3321141,-43,-35
"3658",41,27,2,58,618,3332478,3332488,3332494,6,16,"SFIX",3332684,-190,-182
"3659",41,38,1,59,618,3344004,3344007,3344008,1,4,"SFIX",3344046,-38,-30
"3660",41,17,1,60,618,3354948,3354950,3354952,2,4,"SFIX",3354982,-30,-22
"3661",41,68,1,61,618,3363984,3363985,3363987,2,3,"SFIX",3364053,-66,-58
"3662",41,60,2,62,618,3370941,3370943,3370945,2,4,"SFIX",3370978,-33,-25
"3663",41,84,2,63,618,3384312,3384315,3384316,1,4,"SFIX",3384356,-40,-32
"3664",41,9,2,64,618,3403681,3403684,3403688,4,7,"SFIX",3403731,-43,-35
"3665",41,46,3,65,618,3416217,3416219,3416224,5,7,"SFIX",3416273,-49,-41
"3666",41,23,1,66,618,3438887,3438897,3438898,1,11,"SFIX",3439095,-197,-189
"3667",41,19,3,67,618,3450524,3450530,3450536,6,12,"SFIX",3450568,-32,-24
"3668",41,24,2,68,618,3472847,3472850,3472852,2,5,"SFIX",3472901,-49,-41
"3669",41,48,2,69,618,3491720,3491723,3491724,1,4,"SFIX",3491765,-41,-33
"3670",41,16,3,70,618,3505194,3505197,3505198,1,4,"SFIX",3505246,-48,-40
"3671",41,69,2,71,618,3518191,3518194,3518195,1,4,"SFIX",3518231,-36,-28
"3672",41,78,2,72,618,3540618,3540621,3540622,1,4,"SFIX",3540665,-43,-35
"3673",41,20,1,73,618,3550687,3550689,3550691,2,4,"SFIX",3550725,-34,-26
"3674",41,10,3,74,618,3570693,3570696,3570700,4,7,"SFIX",3570742,-42,-34
"3675",41,51,2,75,618,3581700,3581721,3581728,7,28,"SFIX",3581744,-16,-8
"3676",41,35,1,76,618,3623413,3623416,3623421,5,8,"SFIX",3623454,-33,-25
"3677",41,21,2,77,618,3635054,3635057,3635058,1,4,"SFIX",3635100,-42,-34
"3678",41,33,2,78,618,3689245,3689246,3689248,2,3,"SFIX",3689302,-54,-46
"3679",41,88,3,79,618,3710603,3710604,3710606,2,3,"SFIX",3710638,-32,-24
"3680",41,39,2,80,618,3729539,3729541,3729544,3,5,"SFIX",3729560,-16,-8
"3681",41,70,3,81,618,3746758,3746762,3746766,4,8,"SFIX",3746800,-34,-26
"3682",41,66,2,82,618,3758440,3758443,3758448,5,8,"SFIX",3758489,-41,-33
"3683",41,71,1,83,618,3765109,3765112,3765118,6,9,"SFIX",3765156,-38,-30
"3684",41,58,3,84,618,3781344,3781347,3781349,2,5,"SFIX",3781398,-49,-41
"3685",41,5,1,85,618,3791876,3791879,3791880,1,4,"SFIX",3791917,-37,-29
"3686",41,56,1,86,618,3835504,3835507,3835508,1,4,"SFIX",3835559,-51,-43
"3687",41,13,3,87,618,3851097,3851100,3851104,4,7,"SFIX",3851137,-33,-25
"3688",41,52,3,88,618,3877080,3877083,3877088,5,8,"SFIX",3877118,-30,-22
"3689",41,32,1,89,618,3906258,3906261,3906266,5,8,"SFIX",3906308,-42,-34
"3690",41,59,1,90,618,3918101,3918103,3918106,3,5,"SFIX",3918135,-29,-21
"3691",42,77,2,1,618,6688800,6688802,6688804,2,4,"SFIX",6688820,-16,-8
"3692",42,14,2,2,618,6703840,6703843,6703844,1,4,"SFIX",6703859,-15,-7
"3693",42,55,1,3,618,6712819,6712822,6712823,1,4,"SFIX",6712848,-25,-17
"3694",42,5,2,4,618,6734824,6734827,6734828,1,4,"SFIX",6734846,-18,-10
"3695",42,85,1,5,618,6751729,6751732,6751733,1,4,"SFIX",6751789,-56,-48
"3696",42,86,2,6,618,6769922,6769926,6769928,2,6,"SFIX",6770102,-174,-166
"3697",42,28,1,7,618,6775789,6775792,6775793,1,4,"SFIX",6775808,-15,-7
"3698",42,53,2,8,618,6792299,6792300,6792303,3,4,"SFIX",6792333,-30,-22
"3699",42,33,3,9,618,6810816,6810818,6810821,3,5,"SFIX",6810855,-34,-26
"3700",42,67,1,10,618,6833558,6833561,6833562,1,4,"SFIX",6833604,-42,-34
"3701",42,64,1,11,618,6841147,6841151,6841158,7,11,"SFIX",6841190,-32,-24
"3702",42,41,2,12,618,6853738,6853740,6853746,6,8,"SFIX",6853771,-25,-17
"3703",42,31,1,13,618,6875855,6875858,6875859,1,4,"SFIX",6875894,-35,-27
"3704",42,35,2,14,618,6901763,6901766,6901767,1,4,"SFIX",6901807,-40,-32
"3705",42,78,3,15,618,6917827,6917830,6917831,1,4,"SFIX",6917851,-20,-12
"3706",42,26,2,16,618,6949559,6949561,6949563,2,4,"SFIX",6949581,-18,-10
"3707",42,4,1,17,618,6958292,6958295,6958296,1,4,"SFIX",6958353,-57,-49
"3708",42,75,3,18,618,6984089,6984091,6984093,2,4,"SFIX",6984127,-34,-26
"3709",42,34,1,19,618,6990673,6990676,6990677,1,4,"SFIX",6990715,-38,-30
"3710",42,25,1,20,618,7007655,7007658,7007664,6,9,"SFIX",7007676,-12,-4
"3711",42,11,2,21,618,7029996,7030004,7030011,7,15,"SFIX",7030144,-133,-125
"3712",42,12,3,22,618,7045407,7045409,7045410,1,3,"SFIX",7045448,-38,-30
"3713",42,83,2,23,618,7056281,7056283,7056285,2,4,"SFIX",7056318,-33,-25
"3714",42,79,1,24,618,7204670,7204673,7204677,4,7,"SFIX",7204698,-21,-13
"3715",42,80,2,25,618,7216164,7216168,7216173,5,9,"SFIX",7216203,-30,-22
"3716",42,42,3,26,618,7223057,7223060,7223065,5,8,"SFIX",7223088,-23,-15
"3717",42,8,2,27,618,7272495,7272498,7272499,1,4,"SFIX",7272522,-23,-15
"3718",42,87,3,28,618,7295677,7295680,7295681,1,4,"SFIX",7295713,-32,-24
"3719",42,52,1,29,618,7302661,7302664,7302665,1,4,"SFIX",7302704,-39,-31
"3720",42,30,3,30,618,7329383,7329386,7329392,6,9,"SFIX",7329412,-20,-12
"3721",42,43,1,31,618,7361409,7361412,7361413,1,4,"SFIX",7361442,-29,-21
"3722",42,16,1,32,618,7378221,7378224,7378230,6,9,"SFIX",7378261,-31,-23
"3723",42,10,1,33,618,7388502,7388505,7388509,4,7,"SFIX",7388535,-26,-18
"3724",42,24,3,34,618,7397277,7397280,7397284,4,7,"SFIX",7397308,-24,-16
"3725",42,18,3,35,618,7408313,7408316,7408317,1,4,"SFIX",7408358,-41,-33
"3726",42,9,3,36,618,7417334,7417338,7417341,3,7,"SFIX",7417362,-21,-13
"3727",42,6,3,37,618,7427004,7427007,7427008,1,4,"SFIX",7427036,-28,-20
"3728",42,70,1,38,618,7445049,7445051,7445053,2,4,"SFIX",7445074,-21,-13
"3729",42,90,3,39,618,7461087,7461089,7461090,1,3,"SFIX",7461117,-27,-19
"3730",42,19,1,40,618,7467596,7467598,7467600,2,4,"SFIX",7467628,-28,-20
"3731",42,1,1,41,618,7476454,7476457,7476458,1,4,"SFIX",7476489,-31,-23
"3732",42,71,2,42,618,7491977,7491979,7491987,8,10,"SFIX",7492009,-22,-14
"3733",42,84,3,43,618,7497272,7497274,7497276,2,4,"SFIX",7497313,-37,-29
"3734",42,37,1,44,618,7503923,7503927,7503928,1,5,"SFIX",7503963,-35,-27
"3735",42,48,3,45,618,7514142,7514144,7514152,8,10,"SFIX",7514182,-30,-22
"3736",42,7,1,46,618,7548452,7548455,7548456,1,4,"SFIX",7548485,-29,-21
"3737",42,60,3,47,618,7557697,7557700,7557701,1,4,"SFIX",7557738,-37,-29
"3738",42,21,3,48,618,7568907,7568908,7568915,7,8,"SFIX",7568927,-12,-4
"3739",42,58,1,49,618,7577775,7577778,7577780,2,5,"SFIX",7577810,-30,-22
"3740",42,49,1,50,618,7597445,7597448,7597449,1,4,"SFIX",7597485,-36,-28
"3741",42,46,1,51,618,7606972,7606975,7606976,1,4,"SFIX",7607013,-37,-29
"3742",42,3,3,52,618,7635135,7635138,7635139,1,4,"SFIX",7635173,-34,-26
"3743",42,56,2,53,618,7649852,7649854,7649855,1,3,"SFIX",7649879,-24,-16
"3744",42,61,1,54,618,7665253,7665254,7665261,7,8,"SFIX",7665279,-18,-10
"3745",42,22,1,55,618,7769851,7769854,7769859,5,8,"SFIX",7769892,-33,-25
"3746",42,57,3,56,618,7785056,7785060,7785061,1,5,"SFIX",7785082,-21,-13
"3747",42,27,3,57,618,7793140,7793142,7793144,2,4,"SFIX",7793162,-18,-10
"3748",42,54,3,58,618,7807535,7807538,7807539,1,4,"SFIX",7807556,-17,-9
"3749",42,36,3,59,618,7828368,7828370,7828377,7,9,"SFIX",7828399,-22,-14
"3750",42,29,2,60,618,7842601,7842603,7842603,0,2,"SFIX",7842617,-14,-6
"3751",42,40,1,61,618,7851363,7851365,7851367,2,4,"SFIX",7851390,-23,-15
"3752",42,66,3,62,618,7860257,7860260,7860267,7,10,"SFIX",7860301,-34,-26
"3753",42,63,3,63,618,7901092,7901095,7901098,3,6,"SFIX",7901124,-26,-18
"3754",42,17,2,64,618,7918640,7918642,7918648,6,8,"SFIX",7918677,-29,-21
"3755",42,23,2,65,618,7929377,7929379,7929381,2,4,"SFIX",7929408,-27,-19
"3756",42,15,3,66,618,7942889,7942892,7942893,1,4,"SFIX",7942930,-37,-29
"3757",42,13,1,67,618,7952613,7952616,7952619,3,6,"SFIX",7952652,-33,-25
"3758",42,89,2,68,618,7976417,7976420,7976421,1,4,"SFIX",7976451,-30,-22
"3759",42,2,2,69,618,7988581,7988583,7988585,2,4,"SFIX",7988598,-13,-5
"3760",42,76,1,70,618,8002911,8002913,8002915,2,4,"SFIX",8002952,-37,-29
"3761",42,62,2,71,618,8008827,8008830,8008835,5,8,"SFIX",8008848,-13,-5
"3762",42,72,3,72,618,8016504,8016506,8016507,1,3,"SFIX",8016541,-34,-26
"3763",42,44,2,73,618,8028549,8028551,8028553,2,4,"SFIX",8028590,-37,-29
"3764",42,38,2,74,618,8038901,8038904,8038908,4,7,"SFIX",8038930,-22,-14
"3765",42,74,2,75,618,8064257,8064260,8064264,4,7,"SFIX",8064306,-42,-34
"3766",42,81,3,76,618,8070355,8070357,8070359,2,4,"SFIX",8070386,-27,-19
"3767",42,88,1,77,618,8076367,8076370,8076378,8,11,"SFIX",8076410,-32,-24
"3768",42,20,2,78,618,8092585,8092592,8092593,1,8,"SFIX",8092692,-99,-91
"3769",42,69,3,79,618,8107410,8107413,8107416,3,6,"SFIX",8107452,-36,-28
"3770",42,59,2,80,618,8112651,8112654,8112657,3,6,"SFIX",8112682,-25,-17
"3771",42,65,2,81,618,8125171,8125173,8125179,6,8,"SFIX",8125201,-22,-14
"3772",42,68,2,82,618,8134516,8134519,8134520,1,4,"SFIX",8134551,-31,-23
"3773",42,73,1,83,618,8139324,8139327,8139328,1,4,"SFIX",8139339,-11,-3
"3774",42,50,2,84,618,8154989,8154992,8154993,1,4,"SFIX",8155038,-45,-37
"3775",42,45,3,85,618,8170032,8170035,8170040,5,8,"SFIX",8170076,-36,-28
"3776",42,82,1,86,618,8180125,8180128,8180130,2,5,"SFIX",8180161,-31,-23
"3777",42,51,3,87,618,8189356,8189359,8189360,1,4,"SFIX",8189387,-27,-19
"3778",42,39,3,88,618,8197208,8197211,8197215,4,7,"SFIX",8197251,-36,-28
"3779",42,47,2,89,618,8206348,8206351,8206353,2,5,"SFIX",8206362,-9,-1
"3780",42,32,2,90,618,8216054,8216057,8216063,6,9,"SFIX",8216074,-11,-3
"3781",43,46,2,1,618,297594,297600,297601,1,7,"SFIX",297644,-43,-35
"3782",43,50,3,2,618,308049,308062,308063,1,14,"SFIX",308090,-27,-19
"3783",43,78,1,3,618,318798,318805,318807,2,9,"SFIX",318843,-36,-28
"3784",43,57,1,4,618,324815,324821,324823,2,8,"SFIX",324857,-34,-26
"3785",43,8,3,5,618,344867,344871,344872,1,5,"SFIX",344908,-36,-28
"3786",43,58,2,6,618,383221,383224,383225,1,4,"SFIX",383258,-33,-25
"3787",43,71,3,7,618,391093,391095,391097,2,4,"SFIX",391134,-37,-29
"3788",43,7,2,8,618,413170,413178,413184,6,14,"SFIX",413218,-34,-26
"3789",43,84,1,9,618,422488,422496,422499,3,11,"SFIX",422663,-164,-156
"3790",43,65,3,10,618,430191,430201,430202,1,11,"SFIX",430356,-154,-146
"3791",43,26,3,11,618,436407,436412,436414,2,7,"SFIX",436446,-32,-24
"3792",43,13,2,12,618,453575,453590,453591,1,16,"SFIX",453615,-24,-16
"3793",43,43,2,13,618,478279,478288,478289,1,10,"SFIX",478447,-158,-150
"3794",43,75,1,14,618,494707,494709,494711,2,4,"SFIX",494751,-40,-32
"3795",43,41,3,15,618,538834,538837,538838,1,4,"SFIX",538868,-30,-22
"3796",43,90,1,16,618,558365,558370,558372,2,7,"SFIX",558414,-42,-34
"3797",43,85,2,17,618,566087,566090,566091,1,4,"SFIX",566127,-36,-28
"3798",43,40,2,18,618,574147,574154,574155,1,8,"SFIX",574288,-133,-125
"3799",43,86,3,19,618,610025,610031,610033,2,8,"SFIX",610195,-162,-154
"3800",43,33,1,20,618,624091,624107,624114,7,23,"SFIX",624135,-21,-13
"3801",43,60,1,21,618,632665,632671,632673,2,8,"SFIX",632815,-142,-134
"3802",43,49,2,22,618,649686,649695,649701,6,15,"SFIX",649839,-138,-130
"3803",43,63,1,23,618,686055,686075,686077,2,22,"SFIX",686092,-15,-7
"3804",43,68,3,24,618,691609,691612,691613,1,4,"SFIX",691674,-61,-53
"3805",43,45,1,25,618,699207,699209,699211,2,4,"SFIX",699255,-44,-36
"3806",43,21,1,26,618,734263,734274,734278,4,15,"SFIX",734423,-145,-137
"3807",43,14,3,27,618,848143,848150,848156,6,13,"SFIX",848303,-147,-139
"3808",43,74,3,28,618,861615,861622,861623,1,8,"SFIX",861662,-39,-31
"3809",43,64,2,29,618,881868,881871,881872,1,4,"SFIX",881913,-41,-33
"3810",43,66,1,30,618,894873,894877,894877,0,4,"SFIX",894912,-35,-27
"3811",43,23,3,31,618,902223,902229,902234,5,11,"SFIX",902265,-31,-23
"3812",43,22,2,32,618,933606,933612,933613,1,7,"SFIX",933643,-30,-22
"3813",43,87,1,33,618,943396,943399,943400,1,4,"SFIX",943431,-31,-23
"3814",43,11,3,34,618,951107,951115,951116,1,9,"SFIX",951151,-35,-27
"3815",43,55,2,35,618,959610,959622,959624,2,14,"SFIX",959643,-19,-11
"3816",43,4,2,36,618,966701,966717,966724,7,23,"SFIX",966744,-20,-12
"3817",43,79,2,37,618,975137,975145,975147,2,10,"SFIX",975321,-174,-166
"3818",43,27,1,38,618,994674,994684,994686,2,12,"SFIX",994714,-28,-20
"3819",43,83,3,39,618,1004462,1004472,1004479,7,17,"SFIX",1004501,-22,-14
"3820",43,67,2,40,618,1019698,1019706,1019708,2,10,"SFIX",1019861,-153,-145
"3821",43,44,3,41,618,1049208,1049215,1049217,2,9,"SFIX",1049255,-38,-30
"3822",43,9,1,42,618,1098630,1098630,1098636,6,6,"SFIX",1098673,-37,-29
"3823",43,56,3,43,618,1136639,1136658,1136663,5,24,"SFIX",1136677,-14,-6
"3824",43,61,2,44,618,1195134,1195139,1195145,6,11,"SFIX",1195306,-161,-153
"3825",43,70,2,45,618,1214809,1214811,1214816,5,7,"SFIX",1214843,-27,-19
"3826",43,19,2,46,618,1239644,1239651,1239655,4,11,"SFIX",1239787,-132,-124
"3827",43,18,1,47,618,1252821,1252830,1252834,4,13,"SFIX",1252993,-159,-151
"3828",43,52,2,48,618,1265622,1265624,1265630,6,8,"SFIX",1265667,-37,-29
"3829",43,80,3,49,618,1285635,1285639,1285640,1,5,"SFIX",1285664,-24,-16
"3830",43,54,1,50,618,1298402,1298404,1298409,5,7,"SFIX",1298436,-27,-19
"3831",43,29,3,51,618,1324950,1324955,1324957,2,7,"SFIX",1324991,-34,-26
"3832",43,39,1,52,618,1333608,1333610,1333612,2,4,"SFIX",1333654,-42,-34
"3833",43,53,3,53,618,1342285,1342287,1342290,3,5,"SFIX",1342324,-34,-26
"3834",43,42,1,54,618,1472822,1472829,1472833,4,11,"SFIX",1472995,-162,-154
"3835",43,72,1,55,618,1482380,1482382,1482386,4,6,"SFIX",1482424,-38,-30
"3836",43,47,3,56,618,1487355,1487361,1487361,0,6,"SFIX",1487396,-35,-27
"3837",43,3,1,57,618,1502460,1502469,1502471,2,11,"SFIX",1502502,-31,-23
"3838",43,48,1,58,618,1520994,1521000,1521001,1,7,"SFIX",1521037,-36,-28
"3839",43,35,3,59,618,1536184,1536186,1536187,1,3,"SFIX",1536232,-45,-37
"3840",43,25,2,60,618,1548435,1548437,1548443,6,8,"SFIX",1548464,-21,-13
"3841",43,73,2,61,618,1572150,1572156,1572157,1,7,"SFIX",1572189,-32,-24
"3842",43,12,1,62,618,1584508,1584522,1584524,2,16,"SFIX",1584553,-29,-21
"3843",43,62,3,63,618,1596191,1596200,1596202,2,11,"SFIX",1596372,-170,-162
"3844",43,20,3,64,618,1604067,1604070,1604071,1,4,"SFIX",1604095,-24,-16
"3845",43,6,1,65,618,1618541,1618549,1618551,2,10,"SFIX",1618583,-32,-24
"3846",43,17,3,66,618,1628886,1628888,1628889,1,3,"SFIX",1628925,-36,-28
"3847",43,76,2,67,618,1678178,1678192,1678196,4,18,"SFIX",1678219,-23,-15
"3848",43,81,1,68,618,1701795,1701798,1701803,5,8,"SFIX",1701842,-39,-31
"3849",43,1,2,69,618,1707852,1707860,1707863,3,11,"SFIX",1707891,-28,-20
"3850",43,37,2,70,618,1718775,1718776,1718777,1,2,"SFIX",1718806,-29,-21
"3851",43,24,1,71,618,1728072,1728075,1728076,1,4,"SFIX",1728134,-58,-50
"3852",43,28,2,72,618,1754218,1754222,1754224,2,6,"SFIX",1754244,-20,-12
"3853",43,30,1,73,618,1762449,1762454,1762456,2,7,"SFIX",1762493,-37,-29
"3854",43,88,2,74,618,1777839,1777847,1777848,1,9,"SFIX",1777998,-150,-142
"3855",43,5,3,75,618,1785139,1785148,1785150,2,11,"SFIX",1785179,-29,-21
"3856",43,15,1,76,618,1796869,1796880,1796881,1,12,"SFIX",1797094,-213,-205
"3857",43,59,3,77,618,1807149,1807156,1807157,1,8,"SFIX",1807194,-37,-29
"3858",43,69,1,78,618,1816733,1816736,1816737,1,4,"SFIX",1816779,-42,-34
"3859",43,10,2,79,618,1837297,1837317,1837321,4,24,"SFIX",1837337,-16,-8
"3860",43,2,3,80,618,1851420,1851422,1851424,2,4,"SFIX",1851482,-58,-50
"3861",43,89,3,81,618,1860158,1860165,1860167,2,9,"SFIX",1860205,-38,-30
"3862",43,32,3,82,618,1874619,1874621,1874627,6,8,"SFIX",1874669,-42,-34
"3863",43,16,2,83,618,1888097,1888100,1888101,1,4,"SFIX",1888144,-43,-35
"3864",43,31,2,84,618,1902496,1902499,1902504,5,8,"SFIX",1902539,-35,-27
"3865",43,34,2,85,618,1910421,1910423,1910429,6,8,"SFIX",1910478,-49,-41
"3866",43,36,1,86,618,1920522,1920525,1920526,1,4,"SFIX",1920569,-43,-35
"3867",43,38,3,87,618,1929744,1929747,1929753,6,9,"SFIX",1929791,-38,-30
"3868",43,51,1,88,618,1945534,1945540,1945542,2,8,"SFIX",1945664,-122,-114
"3869",43,82,2,89,618,1954730,1954733,1954734,1,4,"SFIX",1954765,-31,-23
"3870",43,77,3,90,618,1977059,1977062,1977064,2,5,"SFIX",1977206,-142,-134
"3871",44,88,3,1,618,5248265,5248280,5248281,1,16,"SFIX",5248521,-240,-232
"3872",44,25,3,2,618,5261399,5261420,5261422,2,23,"SFIX",5261575,-153,-145
"3873",44,68,1,3,618,5310745,5310747,5310749,2,4,"SFIX",5310782,-33,-25
"3874",44,53,1,4,618,5332314,5332326,5332328,2,14,"SFIX",5332511,-183,-175
"3875",44,77,1,5,618,5358867,5358873,5358874,1,7,"SFIX",5358978,-104,-96
"3876",44,78,2,6,618,5375785,5375788,5375793,5,8,"SFIX",5375817,-24,-16
"3877",44,21,2,7,618,5386562,5386566,5386570,4,8,"SFIX",5386595,-25,-17
"3878",44,15,2,8,618,5419152,5419162,5419166,4,14,"SFIX",5419368,-202,-194
"3879",44,72,2,9,618,5438485,5438488,5438489,1,4,"SFIX",5438520,-31,-23
"3880",44,22,3,10,618,5450346,5450349,5450354,5,8,"SFIX",5450379,-25,-17
"3881",44,19,3,11,618,5464251,5464265,5464268,3,17,"SFIX",5464452,-184,-176
"3882",44,38,1,12,618,5481364,5481377,5481384,7,20,"SFIX",5481569,-185,-177
"3883",44,90,2,13,618,5513095,5513105,5513107,2,12,"SFIX",5513308,-201,-193
"3884",44,27,2,14,618,5553841,5553851,5553853,2,12,"SFIX",5554083,-230,-222
"3885",44,41,1,15,618,5576705,5576742,5576746,4,41,"SFIX",5576837,-91,-83
"3886",44,7,3,16,618,5623858,5623858,5623859,1,1,"SFIX",5623950,-91,-83
"3887",44,1,3,17,618,5682332,5682334,5682336,2,4,"SFIX",5682366,-30,-22
"3888",44,58,3,18,618,5714204,5714218,5714220,2,16,"SFIX",5714401,-181,-173
"3889",44,62,1,19,618,5730323,5730334,5730335,1,12,"SFIX",5730537,-202,-194
"3890",44,18,2,20,618,5982522,5982528,5982529,1,7,"SFIX",5982595,-66,-58
"3891",44,20,1,21,618,6032945,6032945,6032946,1,1,"SFIX",6033075,-129,-121
"3892",44,44,1,22,618,6075998,6076001,6076002,1,4,"SFIX",6076031,-29,-21
"3893",44,10,3,23,618,6099798,6099805,6099806,1,8,"SFIX",6099941,-135,-127
"3894",44,12,2,24,618,6188292,6188295,6188296,1,4,"SFIX",6188330,-34,-26
"3895",44,63,2,25,618,6226495,6226498,6226504,6,9,"SFIX",6226529,-25,-17
"3896",44,26,1,26,618,6244207,6244214,6244219,5,12,"SFIX",6244309,-90,-82
"3897",44,4,3,27,618,6411601,6411609,6411611,2,10,"SFIX",6411754,-143,-135
"3898",44,47,1,28,618,6428378,6428399,6428400,1,22,"SFIX",6428461,-61,-53
"3899",44,31,3,29,618,6454642,6454648,6454649,1,7,"SFIX",6454821,-172,-164
"3900",44,45,2,30,618,6474916,6474929,6474931,2,15,"SFIX",6475125,-194,-186
"3901",44,52,3,31,618,6546008,6546013,6546014,1,6,"SFIX",6546154,-140,-132
"3902",44,56,1,32,618,6579107,6579112,6579114,2,7,"SFIX",6579286,-172,-164
"3903",44,51,2,33,618,6610605,6610605,6610607,2,2,"SFIX",6610652,-45,-37
"3904",44,36,2,34,618,6646175,6646180,6646182,2,7,"SFIX",6646476,-294,-286
"3905",44,13,3,35,618,6671007,6671010,6671012,2,5,"SFIX",6671250,-238,-230
"3906",44,54,2,36,618,6745311,6745313,6745316,3,5,"SFIX",6745342,-26,-18
"3907",44,6,2,37,618,6781576,6781581,6781582,1,6,"SFIX",6781795,-213,-205
"3908",44,65,1,38,618,6799771,6799776,6799777,1,6,"SFIX",6800061,-284,-276
"3909",44,60,2,39,618,6809348,6809353,6809355,2,7,"SFIX",6809589,-234,-226
"3910",44,59,1,40,618,6933788,6933794,6933795,1,7,"SFIX",6933996,-201,-193
"3911",44,14,1,41,618,6991765,6991772,6991774,2,9,"SFIX",6991809,-35,-27
"3912",44,11,1,42,618,7015227,7015235,7015237,2,10,"SFIX",7015436,-199,-191
"3913",44,87,2,43,618,7043202,7043210,7043212,2,10,"SFIX",7043485,-273,-265
"3914",44,86,1,44,618,7075620,7075629,7075631,2,11,"SFIX",7075860,-229,-221
"3915",44,42,2,45,618,7096085,7096094,7096096,2,11,"SFIX",7096292,-196,-188
"3916",44,16,3,46,618,7129805,7129805,7129806,1,1,"SFIX",7129976,-170,-162
"3917",44,46,3,47,618,7159823,7159830,7159831,1,8,"SFIX",7160014,-183,-175
"3918",44,64,3,48,618,7180610,7180613,7180614,1,4,"SFIX",7180797,-183,-175
"3919",44,70,3,49,618,7188204,7188204,7188205,1,1,"SFIX",7188282,-77,-69
"3920",44,57,2,50,618,7245316,7245320,7245325,5,9,"SFIX",7245535,-210,-202
"3921",44,2,1,51,618,7259984,7259984,7259986,2,2,"SFIX",7260065,-79,-71
"3922",44,43,3,52,618,7289185,7289189,7289190,1,5,"SFIX",7289440,-250,-242
"3923",44,30,2,53,618,7307515,7307519,7307523,4,8,"SFIX",7307792,-269,-261
"3924",44,71,1,54,618,7329243,7329247,7329253,6,10,"SFIX",7329562,-309,-301
"3925",44,28,3,55,618,7370658,7370661,7370666,5,8,"SFIX",7370697,-31,-23
"3926",44,80,1,56,618,7421824,7421827,7421828,1,4,"SFIX",7422056,-228,-220
"3927",44,55,3,57,618,7435129,7435135,7435136,1,7,"SFIX",7435365,-229,-221
"3928",44,33,2,58,618,7471094,7471098,7471100,2,6,"SFIX",7471427,-327,-319
"3929",44,29,1,59,618,7481644,7481649,7481652,3,8,"SFIX",7481873,-221,-213
"3930",44,32,1,60,618,7658992,7658998,7658999,1,7,"SFIX",7659054,-55,-47
"3931",44,35,1,61,618,7733995,7733998,7734004,6,9,"SFIX",7737484,-3480,-3472
"3932",44,5,1,62,618,7747333,7747337,7747338,1,5,"SFIX",7747780,-442,-434
"3933",44,50,1,63,618,7761770,7761770,7761772,2,2,"SFIX",7762027,-255,-247
"3934",44,76,3,64,618,7787476,7787491,7787493,2,17,"SFIX",7787670,-177,-169
"3935",44,40,3,65,618,7853213,7853219,7853225,6,12,"SFIX",7853313,-88,-80
"3936",44,23,1,66,618,7879082,7879091,7879095,4,13,"SFIX",7879164,-69,-61
"3937",44,3,2,67,618,7890239,7890278,7890285,7,46,"SFIX",7890341,-56,-48
"3938",44,67,3,68,618,7953690,7953705,7953709,4,19,"SFIX",7953890,-181,-173
"3939",44,89,1,69,618,7980464,7980471,7980478,7,14,"SFIX",7980558,-80,-72
"3940",44,66,2,70,618,7998382,7998390,7998391,1,9,"SFIX",7998473,-82,-74
"3941",44,48,2,71,618,8050612,8050615,8050619,4,7,"SFIX",8050641,-22,-14
"3942",44,39,2,72,618,8117587,8117596,8117597,1,10,"SFIX",8117761,-164,-156
"3943",44,83,1,73,618,8135740,8135748,8135749,1,9,"SFIX",8135910,-161,-153
"3944",44,74,1,74,618,8186477,8186484,8186486,2,9,"SFIX",8186682,-196,-188
"3945",44,17,1,75,618,8256162,8256165,8256166,1,4,"SFIX",8256191,-25,-17
"3946",44,79,3,76,618,8270863,8270873,8270877,4,14,"SFIX",8271048,-171,-163
"3947",44,69,2,77,618,8282273,8282284,8282285,1,12,"SFIX",8282448,-163,-155
"3948",44,85,3,78,618,8303980,8303987,8303988,1,8,"SFIX",8304186,-198,-190
"3949",44,49,3,79,618,8362358,8362367,8362368,1,10,"SFIX",8362531,-163,-155
"3950",44,81,2,80,618,8376991,8376999,8377000,1,9,"SFIX",8377159,-159,-151
"3951",44,37,3,81,618,8407398,8407407,8407408,1,10,"SFIX",8407610,-202,-194
"3952",44,24,2,82,618,8444187,8444194,8444195,1,8,"SFIX",8444414,-219,-211
"3953",44,75,2,83,618,8457726,8457734,8457739,5,13,"SFIX",8457929,-190,-182
"3954",44,73,3,84,618,8503550,8503557,8503559,2,9,"SFIX",8503739,-180,-172
"3955",44,82,3,85,618,8525228,8525235,8525238,3,10,"SFIX",8525390,-152,-144
"3956",44,84,2,86,618,8549043,8549051,8549053,2,10,"SFIX",8549229,-176,-168
"3957",44,34,3,87,618,8644110,8644113,8644115,2,5,"SFIX",8644154,-39,-31
"3958",44,61,3,88,618,8653470,8653481,8653483,2,13,"SFIX",8653659,-176,-168
"3959",44,8,1,89,618,8676292,8676304,8676306,2,14,"SFIX",8676469,-163,-155
"3960",44,9,2,90,618,8696746,8696760,8696761,1,15,"SFIX",8696952,-191,-183
"3961",45,85,1,1,618,344823,344838,344839,1,16,"SFIX",344893,-54,-46
"3962",45,45,3,2,618,357833,357836,357837,1,4,"SFIX",357876,-39,-31
"3963",45,32,2,3,618,392120,392128,392129,1,9,"SFIX",392263,-134,-126
"3964",45,55,1,4,618,411016,411023,411024,1,8,"SFIX",411190,-166,-158
"3965",45,67,1,5,618,424387,424393,424395,2,8,"SFIX",424553,-158,-150
"3966",45,39,3,6,618,463207,463210,463214,4,7,"SFIX",463232,-18,-10
"3967",45,62,2,7,618,478895,478900,478901,1,6,"SFIX",478950,-49,-41
"3968",45,88,1,8,618,511116,511119,511121,2,5,"SFIX",511140,-19,-11
"3969",45,30,3,9,618,539123,539134,539135,1,12,"SFIX",539342,-207,-199
"3970",45,40,1,10,618,581490,581493,581494,1,4,"SFIX",581524,-30,-22
"3971",45,46,1,11,618,601447,601450,601455,5,8,"SFIX",601464,-9,-1
"3972",45,16,1,12,618,615336,615339,615345,6,9,"SFIX",615354,-9,-1
"3973",45,5,2,13,618,637923,637939,637941,2,18,"SFIX",637993,-52,-44
"3974",45,53,2,14,618,652078,652079,652081,2,3,"SFIX",652099,-18,-10
"3975",45,47,2,15,618,662146,662153,662157,4,11,"SFIX",662320,-163,-155
"3976",45,26,2,16,618,694307,694359,694364,5,57,"SFIX",694434,-70,-62
"3977",45,65,2,17,618,776321,776341,776345,4,24,"SFIX",776403,-58,-50
"3978",45,38,2,18,618,783836,783839,783846,7,10,"SFIX",783925,-79,-71
"3979",45,75,3,19,618,793886,793896,793898,2,12,"SFIX",794055,-157,-149
"3980",45,63,3,20,618,799701,799705,799707,2,6,"SFIX",799737,-30,-22
"3981",45,4,1,21,618,807269,807272,807274,2,5,"SFIX",807311,-37,-29
"3982",45,54,3,22,618,824824,824828,824832,4,8,"SFIX",824877,-45,-37
"3983",45,76,1,23,618,845660,845662,845663,1,3,"SFIX",845717,-54,-46
"3984",45,22,1,24,618,853906,853908,853909,1,3,"SFIX",853934,-25,-17
"3985",45,6,3,25,618,866235,866238,866239,1,4,"SFIX",866267,-28,-20
"3986",45,24,3,26,618,896990,896998,896999,1,9,"SFIX",897057,-58,-50
"3987",45,34,1,27,618,1239264,1239267,1239268,1,4,"SFIX",1239387,-119,-111
"3988",45,74,2,28,618,1252407,1252417,1252418,1,11,"SFIX",1252534,-116,-108
"3989",45,48,3,29,618,1260656,1260659,1260662,3,6,"SFIX",1260687,-25,-17
"3990",45,60,3,30,618,1290100,1290107,1290110,3,10,"SFIX",1290172,-62,-54
"3991",45,82,1,31,618,1301129,1301132,1301136,4,7,"SFIX",1301216,-80,-72
"3992",45,59,2,32,618,1306695,1306696,1306698,2,3,"SFIX",1306727,-29,-21
"3993",45,14,2,33,618,1323939,1323942,1323943,1,4,"SFIX",1323956,-13,-5
"3994",45,13,1,34,618,1374061,1374070,1374072,2,11,"SFIX",1374108,-36,-28
"3995",45,11,2,35,618,1392739,1392740,1392742,2,3,"SFIX",1392773,-31,-23
"3996",45,84,3,36,618,1403889,1403891,1403893,2,4,"SFIX",1403931,-38,-30
"3997",45,36,3,37,618,1412212,1412215,1412216,1,4,"SFIX",1412233,-17,-9
"3998",45,64,1,38,618,1443491,1443494,1443495,1,4,"SFIX",1443525,-30,-22
"3999",45,70,1,39,618,1488418,1488421,1488424,3,6,"SFIX",1488437,-13,-5
"4000",45,18,3,40,618,1496759,1496762,1496763,1,4,"SFIX",1496788,-25,-17
"4001",45,87,3,41,618,1505549,1505551,1505555,4,6,"SFIX",1505597,-42,-34
"4002",45,58,1,42,618,1524191,1524238,1524239,1,48,"SFIX",1524285,-46,-38
"4003",45,42,3,43,618,1548894,1548896,1548898,2,4,"SFIX",1549031,-133,-125
"4004",45,43,1,44,618,1565237,1565247,1565248,1,11,"SFIX",1565314,-66,-58
"4005",45,72,3,45,618,1581297,1581300,1581301,1,4,"SFIX",1581313,-12,-4
"4006",45,71,2,46,618,1609112,1609115,1609116,1,4,"SFIX",1609146,-30,-22
"4007",45,66,3,47,618,1620426,1620428,1620430,2,4,"SFIX",1620456,-26,-18
"4008",45,15,3,48,618,1627039,1627057,1627059,2,20,"SFIX",1627171,-112,-104
"4009",45,41,2,49,618,1645466,1645469,1645470,1,4,"SFIX",1645494,-24,-16
"4010",45,61,1,50,618,1664611,1664613,1664614,1,3,"SFIX",1664646,-32,-24
"4011",45,90,3,51,618,1669997,1670000,1670001,1,4,"SFIX",1670032,-31,-23
"4012",45,69,3,52,618,1679337,1679340,1679341,1,4,"SFIX",1679363,-22,-14
"4013",45,73,1,53,618,1687684,1687695,1687698,3,14,"SFIX",1687709,-11,-3
"4014",45,51,3,54,618,1701803,1701812,1701818,6,15,"SFIX",1701882,-64,-56
"4015",45,56,2,55,618,1740739,1740742,1740743,1,4,"SFIX",1740761,-18,-10
"4016",45,89,2,56,618,1757258,1757267,1757268,1,10,"SFIX",1757320,-52,-44
"4017",45,20,2,57,618,1765785,1765786,1765790,4,5,"SFIX",1765814,-24,-16
"4018",45,27,3,58,618,1771491,1771494,1771494,0,3,"SFIX",1771520,-26,-18
"4019",45,21,3,59,618,1863545,1863548,1863549,1,4,"SFIX",1863628,-79,-71
"4020",45,31,1,60,618,1877326,1877328,1877335,7,9,"SFIX",1877334,1,9
"4021",45,77,2,61,618,1925920,1925945,1925946,1,26,"SFIX",1926038,-92,-84
"4022",45,68,2,62,618,1932192,1932244,1932245,1,53,"SFIX",1932310,-65,-57
"4023",45,19,1,63,618,1942898,1942900,1942903,3,5,"SFIX",1942924,-21,-13
"4024",45,86,2,64,618,1963686,1963725,1963726,1,40,"SFIX",1963773,-47,-39
"4025",45,29,2,65,618,1970639,1970664,1970666,2,27,"SFIX",1970769,-103,-95
"4026",45,49,1,66,618,1979434,1979437,1979438,1,4,"SFIX",1979456,-18,-10
"4027",45,25,1,67,618,1987427,1987430,1987431,1,4,"SFIX",1987457,-26,-18
"4028",45,7,1,68,618,1996065,1996086,1996092,6,27,"SFIX",1996129,-37,-29
"4029",45,17,2,69,618,2024745,2024749,2024750,1,5,"SFIX",2024767,-17,-9
"4030",45,35,2,70,618,2052314,2052316,2052321,5,7,"SFIX",2052346,-25,-17
"4031",45,2,2,71,618,2060150,2060151,2060153,2,3,"SFIX",2060201,-48,-40
"4032",45,9,3,72,618,2067619,2067621,2067623,2,4,"SFIX",2067769,-146,-138
"4033",45,80,2,73,618,2091042,2091044,2091046,2,4,"SFIX",2091078,-32,-24
"4034",45,81,3,74,618,2103756,2103759,2103760,1,4,"SFIX",2103797,-37,-29
"4035",45,10,1,75,618,2114250,2114253,2114255,2,5,"SFIX",2114285,-30,-22
"4036",45,57,3,76,618,2132581,2132584,2132586,2,5,"SFIX",2132602,-16,-8
"4037",45,52,1,77,618,2156148,2156151,2156152,1,4,"SFIX",2156172,-20,-12
"4038",45,37,1,78,618,2164842,2164844,2164851,7,9,"SFIX",2164878,-27,-19
"4039",45,28,1,79,618,2192555,2192557,2192561,4,6,"SFIX",2192654,-93,-85
"4040",45,50,2,80,618,2199965,2199968,2199969,1,4,"SFIX",2200002,-33,-25
"4041",45,33,3,81,618,2232792,2232794,2232796,2,4,"SFIX",2232837,-41,-33
"4042",45,1,1,82,618,2240636,2240638,2240640,2,4,"SFIX",2240679,-39,-31
"4043",45,79,1,83,618,2247890,2247893,2247895,2,5,"SFIX",2247920,-25,-17
"4044",45,12,3,84,618,2270700,2270703,2270709,6,9,"SFIX",2270750,-41,-33
"4045",45,3,3,85,618,2279766,2279768,2279770,2,4,"SFIX",2279781,-11,-3
"4046",45,78,3,86,618,2287957,2288007,2288010,3,53,"SFIX",2288088,-78,-70
"4047",45,8,2,87,618,2295134,2295136,2295138,2,4,"SFIX",2295180,-42,-34
"4048",45,23,2,88,618,2302818,2302868,2302875,7,57,"SFIX",2302916,-41,-33
"4049",45,44,2,89,618,2311053,2311056,2311057,1,4,"SFIX",2311091,-34,-26
"4050",45,83,2,90,618,2341151,2341153,2341159,6,8,"SFIX",2341187,-28,-20
"4051",46,35,3,1,618,1069173,1069175,1069179,4,6,"SFIX",1069194,-15,-7
"4052",46,41,3,2,618,1084597,1084613,1084616,3,19,"SFIX",1084743,-127,-119
"4053",46,4,2,3,618,1102031,1102047,1102049,2,18,"SFIX",1102197,-148,-140
"4054",46,1,2,4,618,1228282,1228300,1228301,1,19,"SFIX",1228468,-167,-159
"4055",46,32,3,5,618,1293238,1293254,1293256,2,18,"SFIX",1293434,-178,-170
"4056",46,71,3,6,618,1327809,1327829,1327830,1,21,"SFIX",1328006,-176,-168
"4057",46,57,1,7,618,1403699,1403702,1403704,2,5,"SFIX",1403721,-17,-9
"4058",46,46,2,8,618,1416767,1416786,1416792,6,25,"SFIX",1416917,-125,-117
"4059",46,15,1,9,618,1454189,1454198,1454199,1,10,"SFIX",1454269,-70,-62
"4060",46,8,3,10,618,1469442,1469458,1469460,2,18,"SFIX",1469676,-216,-208
"4061",46,19,2,11,618,1490075,1490079,1490082,3,7,"SFIX",1490118,-36,-28
"4062",46,76,2,12,618,1505704,1505722,1505724,2,20,"SFIX",1505932,-208,-200
"4063",46,47,3,13,618,1513090,1513106,1513108,2,18,"SFIX",1513286,-178,-170
"4064",46,54,1,14,618,1534709,1534724,1534726,2,17,"SFIX",1534921,-195,-187
"4065",46,82,2,15,618,1638740,1638760,1638761,1,21,"SFIX",1638932,-171,-163
"4066",46,52,2,16,618,1668445,1668460,1668462,2,17,"SFIX",1668640,-178,-170
"4067",46,44,3,17,618,1749828,1749831,1749832,1,4,"SFIX",1749859,-27,-19
"4068",46,12,1,18,618,1809667,1809684,1809690,6,23,"SFIX",1809733,-43,-35
"4069",46,63,1,19,618,1823328,1823333,1823334,1,6,"SFIX",1823351,-17,-9
"4070",46,77,3,20,618,1859795,1859809,1859814,5,19,"SFIX",1859984,-170,-162
"4071",46,27,1,21,618,1892051,1892071,1892077,6,26,"SFIX",1892268,-191,-183
"4072",46,20,3,22,618,1931587,1931591,1931592,1,5,"SFIX",1931613,-21,-13
"4073",46,13,2,23,618,1957369,1957385,1957392,7,23,"SFIX",1957542,-150,-142
"4074",46,23,3,24,618,2133197,2133245,2133247,2,50,"SFIX",2133341,-94,-86
"4075",46,78,1,25,618,2144739,2144743,2144749,6,10,"SFIX",2144759,-10,-2
"4076",46,6,1,26,618,2190118,2190131,2190133,2,15,"SFIX",2190331,-198,-190
"4077",46,86,3,27,618,2210680,2210692,2210695,3,15,"SFIX",2210858,-163,-155
"4078",46,24,1,28,618,2230396,2230396,2230398,2,2,"SFIX",2230466,-68,-60
"4079",46,65,3,29,618,2249459,2249469,2249470,1,11,"SFIX",2249495,-25,-17
"4080",46,50,3,30,618,2259981,2259996,2259997,1,16,"SFIX",2260174,-177,-169
"4081",46,51,1,31,618,2289254,2289266,2289271,5,17,"SFIX",2289493,-222,-214
"4082",46,5,3,32,618,2319445,2319454,2319456,2,11,"SFIX",2319594,-138,-130
"4083",46,45,1,33,618,2335212,2335224,2335225,1,13,"SFIX",2335288,-63,-55
"4084",46,31,2,34,618,2354574,2354577,2354584,7,10,"SFIX",2354628,-44,-36
"4085",46,60,1,35,618,2391134,2391147,2391148,1,14,"SFIX",2391342,-194,-186
"4086",46,7,2,36,618,2420538,2420556,2420557,1,19,"SFIX",2420735,-178,-170
"4087",46,72,1,37,618,2474756,2474770,2474772,2,16,"SFIX",2474820,-48,-40
"4088",46,87,1,38,618,2498104,2498128,2498129,1,25,"SFIX",2498262,-133,-125
"4089",46,40,2,39,618,2514727,2514731,2514733,2,6,"SFIX",2514762,-29,-21
"4090",46,26,3,40,618,2536424,2536428,2536429,1,5,"SFIX",2536468,-39,-31
"4091",46,69,1,41,618,2559447,2559450,2559452,2,5,"SFIX",2559464,-12,-4
"4092",46,42,1,42,618,2599489,2599513,2599515,2,26,"SFIX",2599687,-172,-164
"4093",46,48,1,43,618,2616166,2616182,2616189,7,23,"SFIX",2616384,-195,-187
"4094",46,22,2,44,618,2632439,2632449,2632450,1,11,"SFIX",2632626,-176,-168
"4095",46,64,2,45,618,2681333,2681337,2681343,6,10,"SFIX",2681357,-14,-6
"4096",46,38,3,46,618,2693549,2693563,2693565,2,16,"SFIX",2693727,-162,-154
"4097",46,90,1,47,618,2735565,2735576,2735579,3,14,"SFIX",2735737,-158,-150
"4098",46,62,3,48,618,2746009,2746021,2746022,1,13,"SFIX",2746201,-179,-171
"4099",46,84,1,49,618,2767042,2767042,2767043,1,1,"SFIX",2767104,-61,-53
"4100",46,9,1,50,618,2819390,2819404,2819405,1,15,"SFIX",2819554,-149,-141
"4101",46,2,3,51,618,2848128,2848136,2848141,5,13,"SFIX",2848189,-48,-40
"4102",46,14,3,52,618,2888431,2888440,2888441,1,10,"SFIX",2888618,-177,-169
"4103",46,89,3,53,618,2931296,2931301,2931302,1,6,"SFIX",2931315,-13,-5
"4104",46,73,2,54,618,2942495,2942511,2942512,1,17,"SFIX",2942741,-229,-221
"4105",46,16,2,55,618,2956447,2956458,2956459,1,12,"SFIX",2956632,-173,-165
"4106",46,81,1,56,618,3070435,3070455,3070456,1,21,"SFIX",3070508,-52,-44
"4107",46,34,2,57,618,3127634,3127646,3127648,2,14,"SFIX",3127829,-181,-173
"4108",46,75,1,58,618,3148239,3148259,3148261,2,22,"SFIX",3148402,-141,-133
"4109",46,29,3,59,618,3154387,3154401,3154406,5,19,"SFIX",3154612,-206,-198
"4110",46,68,3,60,618,3169291,3169304,3169311,7,20,"SFIX",3169435,-124,-116
"4111",46,49,2,61,618,3182136,3182153,3182160,7,24,"SFIX",3182295,-135,-127
"4112",46,80,3,62,618,3200890,3200895,3200896,1,6,"SFIX",3200920,-24,-16
"4113",46,18,1,63,618,3223013,3223023,3223025,2,12,"SFIX",3223200,-175,-167
"4114",46,53,3,64,618,3400749,3400769,3400770,1,21,"SFIX",3400818,-48,-40
"4115",46,66,1,65,618,3439335,3439347,3439350,3,15,"SFIX",3439412,-62,-54
"4116",46,39,1,66,618,3463001,3463017,3463019,2,18,"SFIX",3463205,-186,-178
"4117",46,70,2,67,618,3600479,3600490,3600491,1,12,"SFIX",3600672,-181,-173
"4118",46,61,2,68,618,3610311,3610363,3610365,2,54,"SFIX",3610377,-12,-4
"4119",46,79,2,69,618,3622644,3622653,3622659,6,15,"SFIX",3622836,-177,-169
"4120",46,58,2,70,618,3659558,3659572,3659579,7,21,"SFIX",3659710,-131,-123
"4121",46,88,2,71,618,3698940,3698955,3698957,2,17,"SFIX",3699136,-179,-171
"4122",46,10,2,72,618,3794360,3794373,3794377,4,17,"SFIX",3794536,-159,-151
"4123",46,25,2,73,618,3810815,3810826,3810828,2,13,"SFIX",3811005,-177,-169
"4124",46,33,1,74,618,3842131,3842146,3842149,3,18,"SFIX",3842315,-166,-158
"4125",46,74,3,75,618,3883077,3883082,3883083,1,6,"SFIX",3883108,-25,-17
"4126",46,37,2,76,618,3891233,3891233,3891233,0,0,"SFIX",3891296,-63,-55
"4127",46,43,2,77,618,3929489,3929505,3929507,2,18,"SFIX",3929693,-186,-178
"4128",46,55,2,78,618,3968360,3968382,3968384,2,24,"SFIX",3968425,-41,-33
"4129",46,85,2,79,618,3983431,3983439,3983442,3,11,"SFIX",3983644,-202,-194
"4130",46,3,1,80,618,4043463,4043491,4043496,5,33,"SFIX",4043680,-184,-176
"4131",46,11,3,81,618,4059456,4059460,4059465,5,9,"SFIX",4059477,-12,-4
"4132",46,67,2,82,618,4157757,4157765,4157766,1,9,"SFIX",4157950,-184,-176
"4133",46,36,1,83,618,4173422,4173437,4173438,1,16,"SFIX",4173620,-182,-174
"4134",46,83,3,84,618,4195733,4195742,4195742,0,9,"SFIX",4195903,-161,-153
"4135",46,59,3,85,618,4205714,4205727,4205730,3,16,"SFIX",4205903,-173,-165
"4136",46,21,1,86,618,4224969,4224973,4224974,1,5,"SFIX",4225166,-192,-184
"4137",46,28,2,87,618,4242458,4242475,4242479,4,21,"SFIX",4242621,-142,-134
"4138",46,17,3,88,618,4296342,4296347,4296349,2,7,"SFIX",4296515,-166,-158
"4139",46,56,3,89,618,4319134,4319140,4319141,1,7,"SFIX",4319303,-162,-154
"4140",46,30,1,90,618,4347239,4347244,4347245,1,6,"SFIX",4347479,-234,-226
"4141",47,6,2,1,618,4755824,4755827,4755828,1,4,"SFIX",4755864,-36,-28
"4142",47,75,2,2,618,4781073,4781084,4781086,2,13,"SFIX",4781248,-162,-154
"4143",47,54,2,3,618,4799036,4799040,4799042,2,6,"SFIX",4799073,-31,-23
"4144",47,61,3,4,618,4894068,4894076,4894077,1,9,"SFIX",4894123,-46,-38
"4145",47,35,1,5,618,4913711,4913725,4913731,6,20,"SFIX",4913874,-143,-135
"4146",47,22,3,6,618,4930294,4930298,4930299,1,5,"SFIX",4930327,-28,-20
"4147",47,66,2,7,618,4975310,4975313,4975315,2,5,"SFIX",4975343,-28,-20
"4148",47,48,2,8,618,5022157,5022160,5022166,6,9,"SFIX",5022198,-32,-24
"4149",47,76,3,9,618,5076123,5076127,5076128,1,5,"SFIX",5076154,-26,-18
"4150",47,90,2,10,618,5111032,5111055,5111056,1,24,"SFIX",5111236,-180,-172
"4151",47,49,3,11,618,5128478,5128482,5128483,1,5,"SFIX",5128511,-28,-20
"4152",47,20,1,12,618,5149328,5149332,5149336,4,8,"SFIX",5149538,-202,-194
"4153",47,71,1,13,618,5163591,5163595,5163598,3,7,"SFIX",5163619,-21,-13
"4154",47,27,2,14,618,5214024,5214028,5214029,1,5,"SFIX",5214063,-34,-26
"4155",47,21,2,15,618,5227059,5227063,5227064,1,5,"SFIX",5227095,-31,-23
"4156",47,57,2,16,618,5255646,5255654,5255656,2,10,"SFIX",5255718,-62,-54
"4157",47,15,2,17,618,5297999,5298011,5298012,1,13,"SFIX",5298059,-47,-39
"4158",47,51,2,18,618,5306852,5306855,5306857,2,5,"SFIX",5306894,-37,-29
"4159",47,41,1,19,618,5320047,5320051,5320052,1,5,"SFIX",5320089,-37,-29
"4160",47,77,1,20,618,5332670,5332674,5332675,1,5,"SFIX",5332709,-34,-26
"4161",47,56,1,21,618,5357539,5357543,5357548,5,9,"SFIX",5357566,-18,-10
"4162",47,68,1,22,618,5371379,5371429,5371430,1,51,"SFIX",5371487,-57,-49
"4163",47,47,1,23,618,5404738,5404742,5404747,5,9,"SFIX",5404776,-29,-21
"4164",47,2,1,24,618,5466500,5466504,5466506,2,6,"SFIX",5466553,-47,-39
"4165",47,23,1,25,618,5476350,5476354,5476355,1,5,"SFIX",5476559,-204,-196
"4166",47,24,2,26,618,5493985,5493988,5493990,2,5,"SFIX",5494033,-43,-35
"4167",47,28,3,27,618,5505683,5505687,5505688,1,5,"SFIX",5505704,-16,-8
"4168",47,29,1,28,618,5599346,5599350,5599351,1,5,"SFIX",5599378,-27,-19
"4169",47,62,1,29,618,5617899,5617903,5617904,1,5,"SFIX",5617932,-28,-20
"4170",47,30,2,30,618,5639251,5639255,5639256,1,5,"SFIX",5639331,-75,-67
"4171",47,40,3,31,618,5685310,5685314,5685319,5,9,"SFIX",5685347,-28,-20
"4172",47,43,3,32,618,5706914,5706918,5706919,1,5,"SFIX",5706959,-40,-32
"4173",47,52,3,33,618,5719451,5719455,5719462,7,11,"SFIX",5719504,-42,-34
"4174",47,1,3,34,618,5732924,5732928,5732929,1,5,"SFIX",5732945,-16,-8
"4175",47,19,3,35,618,5748178,5748182,5748183,1,5,"SFIX",5748221,-38,-30
"4176",47,87,2,36,618,5768295,5768299,5768300,1,5,"SFIX",5768342,-42,-34
"4177",47,55,3,37,618,5805734,5805738,5805741,3,7,"SFIX",5805776,-35,-27
"4178",47,5,1,38,618,5822164,5822167,5822169,2,5,"SFIX",5822206,-37,-29
"4179",47,11,1,39,618,5884050,5884054,5884055,1,5,"SFIX",5884077,-22,-14
"4180",47,37,3,40,618,5918326,5918330,5918332,2,6,"SFIX",5918366,-34,-26
"4181",47,74,1,41,618,5944035,5944039,5944040,1,5,"SFIX",5944081,-41,-33
"4182",47,89,1,42,618,5967970,5967974,5967975,1,5,"SFIX",5968008,-33,-25
"4183",47,25,3,43,618,5977771,5977775,5977776,1,5,"SFIX",5977810,-34,-26
"4184",47,84,2,44,618,6004323,6004327,6004330,3,7,"SFIX",6004350,-20,-12
"4185",47,65,1,45,618,6025814,6025818,6025819,1,5,"SFIX",6025850,-31,-23
"4186",47,73,3,46,618,6055661,6055665,6055670,5,9,"SFIX",6055702,-32,-24
"4187",47,86,1,47,618,6098787,6098787,6098788,1,1,"SFIX",6098861,-73,-65
"4188",47,79,3,48,618,6159190,6159195,6159197,2,7,"SFIX",6159393,-196,-188
"4189",47,45,2,49,618,6192123,6192127,6192128,1,5,"SFIX",6192170,-42,-34
"4190",47,31,3,50,618,6212948,6212952,6212956,4,8,"SFIX",6212975,-19,-11
"4191",47,14,1,51,618,6245715,6245718,6245725,7,10,"SFIX",6245770,-45,-37
"4192",47,80,1,52,618,6255789,6255797,6255798,1,9,"SFIX",6255859,-61,-53
"4193",47,7,3,53,618,6271224,6271228,6271229,1,5,"SFIX",6271261,-32,-24
"4194",47,42,2,54,618,6286991,6286993,6286995,2,4,"SFIX",6287033,-38,-30
"4195",47,10,3,55,618,6299210,6299217,6299218,1,8,"SFIX",6299275,-57,-49
"4196",47,4,3,56,618,6313849,6313853,6313858,5,9,"SFIX",6313926,-68,-60
"4197",47,60,2,57,618,6324421,6324424,6324432,8,11,"SFIX",6324590,-158,-150
"4198",47,44,1,58,618,6446090,6446097,6446098,1,8,"SFIX",6446143,-45,-37
"4199",47,53,1,59,618,6458971,6458975,6458977,2,6,"SFIX",6458996,-19,-11
"4200",47,9,2,60,618,6478003,6478009,6478010,1,7,"SFIX",6478092,-82,-74
"4201",47,39,2,61,618,6492034,6492038,6492039,1,5,"SFIX",6492077,-38,-30
"4202",47,67,3,62,618,6506882,6506886,6506887,1,5,"SFIX",6506931,-44,-36
"4203",47,12,2,63,618,6532555,6532559,6532560,1,5,"SFIX",6532611,-51,-43
"4204",47,78,2,64,618,6567194,6567197,6567199,2,5,"SFIX",6567230,-31,-23
"4205",47,63,2,65,618,6574494,6574498,6574499,1,5,"SFIX",6574519,-20,-12
"4206",47,26,1,66,618,6585264,6585268,6585274,6,10,"SFIX",6585317,-43,-35
"4207",47,70,3,67,618,6598005,6598008,6598013,5,8,"SFIX",6598065,-52,-44
"4208",47,88,3,68,618,6621174,6621178,6621180,2,6,"SFIX",6621205,-25,-17
"4209",47,36,2,69,618,6636809,6636859,6636865,6,56,"EFIX",6636850,548,556
"4210",47,59,1,70,618,6660518,6660521,6660523,2,5,"SFIX",6660560,-37,-29
"4211",47,34,3,71,618,6677998,6678002,6678003,1,5,"SFIX",6678022,-19,-11
"4212",47,33,2,72,618,6763914,6763916,6763923,7,9,"SFIX",6763957,-34,-26
"4213",47,17,1,73,618,6787251,6787255,6787256,1,5,"SFIX",6787295,-39,-31
"4214",47,32,1,74,618,6806937,6806941,6806942,1,5,"SFIX",6806966,-24,-16
"4215",47,82,3,75,618,6886377,6886382,6886383,1,6,"SFIX",6886426,-43,-35
"4216",47,3,2,76,618,6897259,6897263,6897264,1,5,"SFIX",6897303,-39,-31
"4217",47,64,3,77,618,NA,6912811,6912817,6,NA,"SFIX",6912844,-27,-19
"4218",47,50,1,78,618,6934996,6935000,6935001,1,5,"SFIX",6935046,-45,-37
"4219",47,83,1,79,618,6952689,6952698,6952700,2,11,"SFIX",6952755,-55,-47
"4220",47,18,2,80,618,6968162,6968170,6968174,4,12,"SFIX",6968229,-55,-47
"4221",47,81,2,81,618,6999431,6999437,6999445,8,14,"SFIX",6999534,-89,-81
"4222",47,46,3,82,618,7018183,7018186,7018188,2,5,"SFIX",7018365,-177,-169
"4223",47,8,1,83,618,7044937,7044941,7044942,1,5,"SFIX",7044986,-44,-36
"4224",47,16,3,84,618,7057269,7057273,7057278,5,9,"SFIX",7057319,-41,-33
"4225",47,38,1,85,618,7070702,7070706,7070710,4,8,"SFIX",7070748,-38,-30
"4226",47,69,2,86,618,7079556,7079560,7079566,6,10,"SFIX",7079589,-23,-15
"4227",47,85,3,87,618,7115380,7115384,7115385,1,5,"SFIX",7115413,-28,-20
"4228",47,13,3,88,618,7133252,7133256,7133259,3,7,"SFIX",7133299,-40,-32
"4229",47,72,2,89,618,7173418,7173425,7173430,5,12,"SFIX",7173484,-54,-46
"4230",47,58,3,90,618,7250575,7250579,7250580,1,5,"SFIX",7250601,-21,-13
"4231",48,19,1,1,618,8164736,8164739,8164745,6,9,"SFIX",8164855,-110,-102
"4232",48,3,3,2,618,8224891,8224898,8224903,5,12,"SFIX",8224926,-23,-15
"4233",48,10,1,3,618,8351264,8351271,8351272,1,8,"SFIX",8351378,-106,-98
"4234",48,55,1,4,618,8617880,8617885,8617886,1,6,"SFIX",8618015,-129,-121
"4235",48,25,1,5,618,8634904,8634911,8634912,1,8,"SFIX",8635010,-98,-90
"4236",48,16,1,6,618,8651477,8651481,8651482,1,5,"SFIX",8651527,-45,-37
"4237",48,45,3,7,618,8676698,8676703,8676704,1,6,"SFIX",8676731,-27,-19
"4238",48,74,2,8,618,8766238,8766252,8766257,5,19,"SFIX",8766272,-15,-7
"4239",48,65,2,9,618,8794589,8794593,8794597,4,8,"SFIX",8794689,-92,-84
"4240",48,90,3,10,618,8805820,8805824,8805825,1,5,"SFIX",8805950,-125,-117
"4241",48,57,3,11,618,8836777,8836779,8836781,2,4,"SFIX",8836817,-36,-28
"4242",48,62,2,12,618,8901606,8901610,8901612,2,6,"SFIX",8901768,-156,-148
"4243",48,27,3,13,618,8912156,8912159,8912166,7,10,"SFIX",8912268,-102,-94
"4244",48,80,2,14,618,8947308,8947313,8947314,1,6,"SFIX",8947356,-42,-34
"4245",48,37,1,15,618,8954011,8954022,8954023,1,12,"SFIX",8954036,-13,-5
"4246",48,34,1,16,618,8984315,8984319,8984321,2,6,"SFIX",8984357,-36,-28
"4247",48,22,1,17,618,9008646,9008650,9008651,1,5,"SFIX",9008677,-26,-18
"4248",48,79,1,18,618,9038445,9038457,9038464,7,19,"SFIX",9038551,-87,-79
"4249",48,47,2,19,618,9075618,9075625,9075626,1,8,"SFIX",9075729,-103,-95
"4250",48,86,2,20,618,9111812,9111816,9111817,1,5,"SFIX",9111911,-94,-86
"4251",48,71,2,21,618,9131939,9131946,9131947,1,8,"SFIX",9131966,-19,-11
"4252",48,85,1,22,618,9159568,9159573,9159574,1,6,"SFIX",9159610,-36,-28
"4253",48,89,2,23,618,9166684,9166692,9166693,1,9,"SFIX",9166712,-19,-11
"4254",48,64,1,24,618,9194135,9194139,9194141,2,6,"SFIX",9194168,-27,-19
"4255",48,31,1,25,618,9205345,9205348,9205350,2,5,"SFIX",9205378,-28,-20
"4256",48,42,3,26,618,9222306,9222310,9222311,1,5,"SFIX",9222344,-33,-25
"4257",48,51,3,27,618,9271580,9271589,9271590,1,10,"SFIX",9271611,-21,-13
"4258",48,20,2,28,618,9307306,9307310,9307311,1,5,"SFIX",9307444,-133,-125
"4259",48,6,3,29,618,9528333,9528337,9528343,6,10,"SFIX",9528442,-99,-91
"4260",48,76,1,30,618,9555367,9555375,9555377,2,10,"SFIX",9555514,-137,-129
"4261",48,53,2,31,618,9564959,9564962,9564964,2,5,"SFIX",9565112,-148,-140
"4262",48,1,1,32,618,9578231,9578236,9578237,1,6,"SFIX",9578337,-100,-92
"4263",48,35,2,33,618,9589602,9589608,9589610,2,8,"SFIX",9589632,-22,-14
"4264",48,2,2,34,618,9602581,9602589,9602592,3,11,"SFIX",9602612,-20,-12
"4265",48,83,2,35,618,9636192,9636196,9636197,1,5,"SFIX",9636238,-41,-33
"4266",48,52,1,36,618,9651071,9651080,9651082,2,11,"SFIX",9651215,-133,-125
"4267",48,30,3,37,618,9693989,9693995,9693996,1,7,"SFIX",9694113,-117,-109
"4268",48,33,3,38,618,9711555,9711559,9711560,1,5,"SFIX",9711714,-154,-146
"4269",48,69,3,39,618,9721443,9721451,9721451,0,8,"SFIX",9721467,-16,-8
"4270",48,72,3,40,618,9753469,9753472,9753480,8,11,"SFIX",9753609,-129,-121
"4271",48,15,3,41,618,9770739,9770747,9770748,1,9,"SFIX",9770873,-125,-117
"4272",48,4,1,42,618,9787257,9787268,9787274,6,17,"SFIX",9787379,-105,-97
"4273",48,9,3,43,618,9914436,9914443,9914447,4,11,"SFIX",9914538,-91,-83
"4274",48,18,3,44,618,9928155,9928158,9928160,2,5,"SFIX",9928200,-40,-32
"4275",48,78,3,45,618,9965179,9965182,9965184,2,5,"SFIX",9965284,-100,-92
"4276",48,60,3,46,618,9987882,9987886,9987888,2,6,"SFIX",9987978,-90,-82
"4277",48,54,3,47,618,10018673,10018676,10018678,2,5,"SFIX",10018699,-21,-13
"4278",48,81,3,48,618,10030222,10030226,10030228,2,6,"SFIX",10030261,-33,-25
"4279",48,23,2,49,618,10052230,10052234,10052235,1,5,"SFIX",10052369,-134,-126
"4280",48,12,3,50,618,10069684,10069689,10069690,1,6,"SFIX",10069797,-107,-99
"4281",48,63,3,51,618,10084583,10084591,10084592,1,9,"SFIX",10084704,-112,-104
"4282",48,68,2,52,618,10092109,10092122,10092123,1,14,"SFIX",10092215,-92,-84
"4283",48,73,1,53,618,10137874,10137877,10137879,2,5,"SFIX",10138017,-138,-130
"4284",48,39,3,54,618,10148591,10148594,10148598,4,7,"SFIX",10148622,-24,-16
"4285",48,61,1,55,618,10161817,10161822,10161829,7,12,"SFIX",10161955,-126,-118
"4286",48,32,2,56,618,10173419,10173423,10173425,2,6,"SFIX",10173526,-101,-93
"4287",48,24,3,57,618,10190813,10190853,10190854,1,41,"SFIX",10190868,-14,-6
"4288",48,50,2,58,618,10219019,10219023,10219025,2,6,"SFIX",10219053,-28,-20
"4289",48,28,1,59,618,10254396,10254400,10254402,2,6,"SFIX",10254438,-36,-28
"4290",48,58,1,60,618,10303102,10303111,10303117,6,15,"SFIX",10303244,-127,-119
"4291",48,75,3,61,618,10472022,10472026,10472027,1,5,"SFIX",10472068,-41,-33
"4292",48,88,1,62,618,10493439,10493447,10493448,1,9,"SFIX",10493607,-159,-151
"4293",48,67,1,63,618,10524411,10524419,10524423,4,12,"SFIX",10524531,-108,-100
"4294",48,87,3,64,618,10535956,10535960,10535961,1,5,"SFIX",10536071,-110,-102
"4295",48,21,3,65,618,10568778,10568781,10568783,2,5,"SFIX",10568802,-19,-11
"4296",48,14,2,66,618,10604105,10604109,10604110,1,5,"SFIX",10604138,-28,-20
"4297",48,11,2,67,618,10635031,10635037,10635042,5,11,"SFIX",10635169,-127,-119
"4298",48,43,1,68,618,10673839,10673846,10673853,7,14,"SFIX",10673958,-105,-97
"4299",48,59,2,69,618,10731179,10731183,10731188,5,9,"SFIX",10731212,-24,-16
"4300",48,70,1,70,618,10767978,10767982,10767988,6,10,"SFIX",10768020,-32,-24
"4301",48,44,2,71,618,10777272,10777275,10777277,2,5,"SFIX",10777300,-23,-15
"4302",48,5,2,72,618,10808867,10808872,10808875,3,8,"SFIX",10808901,-26,-18
"4303",48,17,2,73,618,10900411,10900415,10900416,1,5,"SFIX",10900450,-34,-26
"4304",48,84,3,74,618,10917292,10917296,10917297,1,5,"SFIX",10917334,-37,-29
"4305",48,40,1,75,618,10937454,10937457,10937458,1,4,"SFIX",10937500,-42,-34
"4306",48,82,1,76,618,10960205,10960210,10960211,1,6,"SFIX",10960245,-34,-26
"4307",48,66,3,77,618,10971520,10971524,10971526,2,6,"SFIX",10971562,-36,-28
"4308",48,13,1,78,618,10979469,10979476,10979477,1,8,"SFIX",10979491,-14,-6
"4309",48,56,2,79,618,11050405,11050409,11050412,3,7,"SFIX",11050544,-132,-124
"4310",48,7,1,80,618,11098018,11098027,11098029,2,11,"SFIX",11098155,-126,-118
"4311",48,36,3,81,618,11119873,11119876,11119877,1,4,"SFIX",11119905,-28,-20
"4312",48,49,1,82,618,11147071,11147076,11147079,3,8,"SFIX",11147090,-11,-3
"4313",48,8,2,83,618,11162487,11162537,11162540,3,53,"SFIX",11162567,-27,-19
"4314",48,41,2,84,618,11178240,11178242,11178244,2,4,"SFIX",11178275,-31,-23
"4315",48,46,1,85,618,11186862,11186870,11186875,5,13,"SFIX",11186882,-7,1
"4316",48,48,3,86,618,11204562,11204566,11204567,1,5,"SFIX",11204585,-18,-10
"4317",48,38,2,87,618,11219239,11219244,11219245,1,6,"SFIX",11219275,-30,-22
"4318",48,26,2,88,618,11230064,11230072,11230073,1,9,"SFIX",11230189,-116,-108
"4319",48,29,2,89,618,11245904,11245908,11245913,5,9,"SFIX",11246034,-121,-113
"4320",48,77,2,90,618,11292245,11292249,11292250,1,5,"SFIX",11292273,-23,-15
"4321",49,64,2,1,618,11981406,11981409,11981411,2,5,"SFIX",11981448,-37,-29
"4322",49,86,3,2,618,12004713,12004718,12004719,1,6,"SFIX",12004763,-44,-36
"4323",49,4,2,3,618,12020122,12020126,12020132,6,10,"SFIX",12020177,-45,-37
"4324",49,9,1,4,618,12040710,12040714,12040715,1,5,"SFIX",12040738,-23,-15
"4325",49,84,1,5,618,12053707,12053711,12053716,5,9,"SFIX",12053744,-28,-20
"4326",49,44,3,6,618,12085199,12085201,12085203,2,4,"SFIX",12085242,-39,-31
"4327",49,56,3,7,618,12099868,12099871,12099873,2,5,"SFIX",12099897,-24,-16
"4328",49,81,1,8,618,12135284,12135288,12135291,3,7,"SFIX",12135319,-28,-20
"4329",49,90,1,9,618,12144421,12144426,12144427,1,6,"SFIX",12144452,-25,-17
"4330",49,85,2,10,618,12153973,12153981,12153982,1,9,"SFIX",12154144,-162,-154
"4331",49,71,3,11,618,12185950,12185953,12185955,2,5,"SFIX",12185979,-24,-16
"4332",49,16,2,12,618,12207278,12207282,12207283,1,5,"SFIX",12207430,-147,-139
"4333",49,7,2,13,618,12223815,12223820,12223822,2,7,"SFIX",12223855,-33,-25
"4334",49,89,3,14,618,12237262,12237267,12237268,1,6,"SFIX",12237305,-37,-29
"4335",49,31,2,15,618,12249291,12249295,12249296,1,5,"SFIX",12249320,-24,-16
"4336",49,70,2,16,618,12263805,12263808,12263810,2,5,"SFIX",12263853,-43,-35
"4337",49,57,1,17,618,12284284,12284292,12284295,3,11,"SFIX",12284476,-181,-173
"4338",49,88,2,18,618,12313760,12313763,12313765,2,5,"SFIX",12313796,-31,-23
"4339",49,38,3,19,618,12339648,12339652,12339653,1,5,"SFIX",12339675,-22,-14
"4340",49,68,3,20,618,12359712,12359716,12359718,2,6,"SFIX",12359748,-30,-22
"4341",49,59,3,21,618,12373317,12373320,12373326,6,9,"SFIX",12373367,-41,-33
"4342",49,75,1,22,618,12386942,12386945,12386947,2,5,"SFIX",12386973,-26,-18
"4343",49,87,1,23,618,12405063,12405068,12405069,1,6,"SFIX",12405098,-29,-21
"4344",49,6,1,24,618,12424252,12424257,12424259,2,7,"SFIX",12424275,-16,-8
"4345",49,36,1,25,618,12436195,12436199,12436202,3,7,"SFIX",12436243,-41,-33
"4346",49,30,1,26,618,12449444,12449448,12449449,1,5,"SFIX",12449487,-38,-30
"4347",49,80,3,27,618,12462858,12462862,12462863,1,5,"SFIX",12462891,-28,-20
"4348",49,1,2,28,618,12473260,12473263,12473265,2,5,"SFIX",12473294,-29,-21
"4349",49,65,3,29,618,12520928,12520932,12520933,1,5,"SFIX",12520963,-30,-22
"4350",49,42,1,30,618,12529619,12529623,12529624,1,5,"SFIX",12529662,-38,-30
"4351",49,76,2,31,618,12542577,12542581,12542582,1,5,"SFIX",12542616,-34,-26
"4352",49,28,2,32,618,12563390,12563394,12563398,4,8,"SFIX",12563420,-22,-14
"4353",49,5,3,33,618,12664673,12664677,12664677,0,4,"SFIX",12664718,-41,-33
"4354",49,12,1,34,618,12689973,12689977,12689978,1,5,"SFIX",12690008,-30,-22
"4355",49,62,3,35,618,12742418,12742422,12742423,1,5,"SFIX",12742475,-52,-44
"4356",49,24,1,36,618,12761485,12761488,12761490,2,5,"SFIX",12761537,-47,-39
"4357",49,32,3,37,618,12771862,12771868,12771872,4,10,"SFIX",12772033,-161,-153
"4358",49,22,2,38,618,12821730,12821734,12821736,2,6,"SFIX",12821773,-37,-29
"4359",49,63,1,39,618,12851710,12851714,12851715,1,5,"SFIX",12851734,-19,-11
"4360",49,17,3,40,618,12893535,12893539,12893546,7,11,"SFIX",12893563,-17,-9
"4361",49,34,2,41,618,12913319,12913323,12913324,1,5,"SFIX",12913359,-35,-27
"4362",49,3,1,42,618,12937898,12937902,12937903,1,5,"SFIX",12937924,-21,-13
"4363",49,21,1,43,618,12955082,12955086,12955087,1,5,"SFIX",12955125,-38,-30
"4364",49,61,2,44,618,12988852,12988856,12988857,1,5,"SFIX",12988882,-25,-17
"4365",49,82,2,45,618,13024868,13024872,13024876,4,8,"SFIX",13024919,-43,-35
"4366",49,58,2,46,618,13033393,13033396,13033398,2,5,"SFIX",13033433,-35,-27
"4367",49,73,2,47,618,13069183,13069187,13069188,1,5,"SFIX",13069216,-28,-20
"4368",49,15,1,48,618,13076870,13076890,13076893,3,23,"SFIX",13076904,-11,-3
"4369",49,74,3,49,618,13093373,13093376,13093378,2,5,"SFIX",13093403,-25,-17
"4370",49,37,2,50,618,13113237,13113239,13113244,5,7,"SFIX",13113254,-10,-2
"4371",49,13,2,51,618,13136777,13136780,13136783,3,6,"SFIX",13136825,-42,-34
"4372",49,77,3,52,618,13208882,13208886,13208888,2,6,"SFIX",13208905,-17,-9
"4373",49,2,3,53,618,13223191,13223193,13223198,5,7,"SFIX",13223224,-26,-18
"4374",49,69,1,54,618,13235101,13235105,13235105,0,4,"SFIX",13235144,-39,-31
"4375",49,20,3,55,618,13255554,13255558,13255559,1,5,"SFIX",13255558,1,9
"4376",49,46,2,56,618,13274279,13274282,13274283,1,4,"SFIX",13274322,-39,-31
"4377",49,48,1,57,618,13287588,13287592,13287595,3,7,"SFIX",13287631,-36,-28
"4378",49,66,1,58,618,13311629,13311633,13311635,2,6,"SFIX",13311685,-50,-42
"4379",49,60,1,59,618,13337004,13337007,13337009,2,5,"SFIX",13337041,-32,-24
"4380",49,33,1,60,618,13373652,13373656,13373661,5,9,"SFIX",13373671,-10,-2
"4381",49,18,1,61,618,13481582,13481586,13481587,1,5,"SFIX",13481631,-44,-36
"4382",49,27,1,62,618,13502828,13502831,13502835,4,7,"SFIX",13502858,-23,-15
"4383",49,50,3,63,618,13518736,13518739,13518742,3,6,"SFIX",13518782,-40,-32
"4384",49,11,3,64,618,13576607,13576611,13576612,1,5,"SFIX",13576654,-42,-34
"4385",49,54,1,65,618,13588697,13588701,13588702,1,5,"SFIX",13588746,-44,-36
"4386",49,29,3,66,618,13633450,13633455,13633460,5,10,"SFIX",13633478,-18,-10
"4387",49,40,2,67,618,13645577,13645581,13645586,5,9,"SFIX",13645609,-23,-15
"4388",49,8,3,68,618,13666476,13666479,13666481,2,5,"SFIX",13666512,-31,-23
"4389",49,79,2,69,618,13679186,13679191,13679194,3,8,"SFIX",13679212,-18,-10
"4390",49,55,2,70,618,13691314,13691318,13691319,1,5,"SFIX",13691357,-38,-30
"4391",49,35,3,71,618,13703598,13703601,13703608,7,10,"SFIX",13703635,-27,-19
"4392",49,19,2,72,618,13756731,13756738,13756739,1,8,"SFIX",13757050,-311,-303
"4393",49,47,3,73,618,13782346,13782350,13782351,1,5,"SFIX",13782395,-44,-36
"4394",49,41,3,74,618,13795511,13795516,13795523,7,12,"SFIX",13795553,-30,-22
"4395",49,10,2,75,618,13818667,13818671,13818672,1,5,"SFIX",13818721,-49,-41
"4396",49,83,3,76,618,13833829,13833833,13833834,1,5,"SFIX",13833895,-61,-53
"4397",49,52,2,77,618,13848184,13848188,13848189,1,5,"SFIX",13848223,-34,-26
"4398",49,72,1,78,618,13861898,13861902,13861903,1,5,"SFIX",13861946,-43,-35
"4399",49,43,2,79,618,13909760,13909764,13909765,1,5,"SFIX",13909800,-35,-27
"4400",49,45,1,80,618,13920095,13920099,13920099,0,4,"SFIX",13920141,-42,-34
"4401",49,23,3,81,618,13934000,13934004,13934005,1,5,"SFIX",13934029,-24,-16
"4402",49,25,2,82,618,13957106,13957110,13957111,1,5,"SFIX",13957149,-38,-30
"4403",49,26,3,83,618,13971744,13971749,13971756,7,12,"SFIX",13971787,-31,-23
"4404",49,67,2,84,618,13983815,13983820,13983821,1,6,"SFIX",13983877,-56,-48
"4405",49,14,3,85,618,14023512,14023516,14023517,1,5,"SFIX",14023565,-48,-40
"4406",49,53,3,86,618,14038766,14038770,14038775,5,9,"SFIX",14038806,-31,-23
"4407",49,39,1,87,618,14051062,14051066,14051070,4,8,"SFIX",14051109,-39,-31
"4408",49,49,2,88,618,14066469,14066472,14066474,2,5,"SFIX",14066486,-12,-4
"4409",49,78,1,89,618,14080677,14080691,14080692,1,15,"SFIX",14080905,-213,-205
"4410",49,51,1,90,618,14116029,14116033,14116035,2,6,"SFIX",14116072,-37,-29
"4411",50,4,3,1,618,14768139,14768143,14768144,1,5,"SFIX",14768198,-54,-46
"4412",50,13,3,2,618,14832197,14832200,14832202,2,5,"SFIX",14832219,-17,-9
"4413",50,20,1,3,618,14851556,14851559,14851561,2,5,"SFIX",14851595,-34,-26
"4414",50,76,3,4,618,14879038,14879041,14879045,4,7,"SFIX",14879065,-20,-12
"4415",50,73,3,5,618,14886302,14886304,14886306,2,4,"SFIX",14886328,-22,-14
"4416",50,63,2,6,618,14897102,14897105,14897106,1,4,"SFIX",14897117,-11,-3
"4417",50,35,1,7,618,14904609,14904613,14904618,5,9,"SFIX",14904634,-16,-8
"4418",50,21,2,8,618,14924745,14924748,14924750,2,5,"SFIX",14924771,-21,-13
"4419",50,71,1,9,618,14936304,14936308,14936309,1,5,"SFIX",14936380,-71,-63
"4420",50,50,1,10,618,14950321,14950324,14950326,2,5,"SFIX",14950345,-19,-11
"4421",50,1,3,11,618,14961081,14961084,14961086,2,5,"SFIX",14961111,-25,-17
"4422",50,38,1,12,618,14973893,14973896,14973903,7,10,"SFIX",14973993,-90,-82
"4423",50,7,3,13,618,15009703,15009706,15009707,1,4,"SFIX",15009726,-19,-11
"4424",50,82,3,14,618,15024418,15024422,15024425,3,7,"SFIX",15024467,-42,-34
"4425",50,49,3,15,618,15031215,15031218,15031220,2,5,"SFIX",15031246,-26,-18
"4426",50,24,2,16,618,15039447,15039468,15039469,1,22,"SFIX",15039550,-81,-73
"4427",50,60,2,17,618,15090640,15090651,15090658,7,18,"SFIX",15090691,-33,-25
"4428",50,11,1,18,618,15103702,15103706,15103707,1,5,"SFIX",15103754,-47,-39
"4429",50,74,1,19,618,15113447,15113451,15113452,1,5,"SFIX",15113482,-30,-22
"4430",50,41,1,20,618,15121516,15121520,15121521,1,5,"SFIX",15121542,-21,-13
"4431",50,46,3,21,618,15145137,15145141,15145142,1,5,"SFIX",15145153,-11,-3
"4432",50,29,1,22,618,15155605,15155608,15155609,1,4,"SFIX",15155642,-33,-25
"4433",50,23,1,23,618,15164666,15164670,15164675,5,9,"SFIX",15164709,-34,-26
"4434",50,37,3,24,618,15187288,15187328,15187329,1,41,"SFIX",15187356,-27,-19
"4435",50,84,2,25,618,15215552,15215557,15215558,1,6,"SFIX",15215591,-33,-25
"4436",50,42,2,26,618,15222460,15222464,15222465,1,5,"SFIX",15222503,-38,-30
"4437",50,64,3,27,618,15244042,15244046,15244047,1,5,"SFIX",15244099,-52,-44
"4438",50,78,2,28,618,15254142,15254145,15254146,1,4,"SFIX",15254182,-36,-28
"4439",50,56,1,29,618,15260566,15260570,15260575,5,9,"SFIX",15260615,-40,-32
"4440",50,12,2,30,618,15369394,15369414,15369415,1,21,"SFIX",15369491,-76,-68
"4441",50,16,3,31,618,15408481,15408485,15408486,1,5,"SFIX",15408505,-19,-11
"4442",50,80,1,32,618,15425330,15425339,15425345,6,15,"SFIX",15425389,-44,-36
"4443",50,45,2,33,618,15431815,15431819,15431821,2,6,"SFIX",15431847,-26,-18
"4444",50,81,2,34,618,15453424,15453427,15453429,2,5,"SFIX",15453446,-17,-9
"4445",50,75,2,35,618,15461313,15461340,15461341,1,28,"SFIX",15461385,-44,-36
"4446",50,10,3,36,618,15477885,15477888,15477890,2,5,"SFIX",15477930,-40,-32
"4447",50,5,1,37,618,15507643,15507647,15507649,2,6,"SFIX",15507681,-32,-24
"4448",50,47,1,38,618,15516716,15516720,15516721,1,5,"SFIX",15516763,-42,-34
"4449",50,62,1,39,618,15526503,15526506,15526512,6,9,"SFIX",15526536,-24,-16
"4450",50,43,3,40,618,15533678,15533680,15533682,2,4,"SFIX",15533710,-28,-20
"4451",50,65,1,41,618,15541067,15541111,15541114,3,47,"SFIX",15541160,-46,-38
"4452",50,66,2,42,618,15548178,15548185,15548187,2,9,"SFIX",15548232,-45,-37
"4453",50,83,1,43,618,15565051,15565055,15565057,2,6,"SFIX",15565101,-44,-36
"4454",50,77,1,44,618,15573815,15573818,15573823,5,8,"SFIX",15573834,-11,-3
"4455",50,85,3,45,618,15585187,15585191,15585198,7,11,"SFIX",15585221,-23,-15
"4456",50,54,2,46,618,15606112,15606116,15606120,4,8,"SFIX",15606148,-28,-20
"4457",50,53,1,47,618,15667499,15667549,15667550,1,51,"SFIX",15667597,-47,-39
"4458",50,33,2,48,618,15715751,15715754,15715756,2,5,"SFIX",15715777,-21,-13
"4459",50,30,2,49,618,15724049,15724052,15724057,5,8,"SFIX",15724098,-41,-33
"4460",50,88,3,50,618,15747790,15747794,15747800,6,10,"SFIX",15747823,-23,-15
"4461",50,27,2,51,618,15766112,15766116,15766117,1,5,"SFIX",15766146,-29,-21
"4462",50,57,2,52,618,15774925,15774928,15774934,6,9,"SFIX",15774970,-36,-28
"4463",50,51,2,53,618,15798351,15798358,15798361,3,10,"SFIX",15798412,-51,-43
"4464",50,61,3,54,618,15811273,15811281,15811282,1,9,"SFIX",15811343,-61,-53
"4465",50,19,3,55,618,15824351,15824355,15824356,1,5,"SFIX",15824393,-37,-29
"4466",50,52,3,56,618,15833283,15833326,15833333,7,50,"SFIX",15833368,-35,-27
"4467",50,28,3,57,618,15867031,15867036,15867037,1,6,"SFIX",15867070,-33,-25
"4468",50,34,3,58,618,15895331,15895335,15895336,1,5,"SFIX",15895401,-65,-57
"4469",50,58,3,59,618,15929485,15929488,15929494,6,9,"SFIX",15929528,-34,-26
"4470",50,3,2,60,618,15937626,15937633,15937635,2,9,"SFIX",15937679,-44,-36
"4471",50,8,1,61,618,15967779,15967783,15967784,1,5,"SFIX",15967813,-29,-21
"4472",50,14,1,62,618,16085300,16085312,16085316,4,16,"SFIX",16085445,-129,-121
"4473",50,72,2,63,618,16132755,16132759,16132763,4,8,"SFIX",16132789,-26,-18
"4474",50,55,3,64,618,16150122,16150127,16150130,3,8,"SFIX",16150155,-25,-17
"4475",50,39,2,65,618,16161481,16161499,16161500,1,19,"SFIX",16161671,-171,-163
"4476",50,25,3,66,618,16169617,16169621,16169622,1,5,"SFIX",16169647,-25,-17
"4477",50,17,1,67,618,16212278,16212282,16212287,5,9,"SFIX",16212310,-23,-15
"4478",50,68,1,68,618,16229597,16229601,16229602,1,5,"SFIX",16229652,-50,-42
"4479",50,67,3,69,618,16240133,16240137,16240138,1,5,"SFIX",16240203,-65,-57
"4480",50,59,1,70,618,16255476,16255480,16255486,6,10,"SFIX",16255521,-35,-27
"4481",50,79,3,71,618,16263175,16263178,16263184,6,9,"SFIX",16263253,-69,-61
"4482",50,18,2,72,618,16288965,16288994,16288995,1,30,"SFIX",16289080,-85,-77
"4483",50,40,3,73,618,16317912,16317916,16317917,1,5,"SFIX",16317944,-27,-19
"4484",50,15,2,74,618,16327806,16327810,16327816,6,10,"SFIX",16327850,-34,-26
"4485",50,26,1,75,618,16345568,16345572,16345573,1,5,"SFIX",16345600,-27,-19
"4486",50,32,1,76,618,16354848,16354853,16354858,5,10,"SFIX",16354883,-25,-17
"4487",50,48,2,77,618,16365720,16365724,16365725,1,5,"SFIX",16365756,-31,-23
"4488",50,36,2,78,618,16384751,16384756,16384761,5,10,"SFIX",16384792,-31,-23
"4489",50,86,1,79,618,16406789,16406818,16406820,2,31,"SFIX",16406909,-89,-81
"4490",50,31,3,80,618,16436486,16436489,16436491,2,5,"SFIX",16436544,-53,-45
"4491",50,87,2,81,618,16453273,16453276,16453278,2,5,"SFIX",16453373,-95,-87
"4492",50,2,1,82,618,16461224,16461229,16461230,1,6,"SFIX",16461277,-47,-39
"4493",50,44,1,83,618,16480100,16480103,16480104,1,4,"SFIX",16480144,-40,-32
"4494",50,22,3,84,618,16499004,16499028,16499029,1,25,"SFIX",16499081,-52,-44
"4495",50,90,2,85,618,16506972,16506976,16506977,1,5,"SFIX",16507004,-27,-19
"4496",50,9,2,86,618,16515084,16515088,16515090,2,6,"SFIX",16515128,-38,-30
"4497",50,6,2,87,618,16524798,16524802,16524808,6,10,"SFIX",16524844,-36,-28
"4498",50,89,1,88,618,16572881,16572884,16572890,6,9,"SFIX",16572908,-18,-10
"4499",50,69,2,89,618,16585493,16585497,16585499,2,6,"SFIX",16585518,-19,-11
"4500",50,70,3,90,618,16629240,16629245,16629246,1,6,"SFIX",16629283,-37,-29
"4501",51,60,3,1,618,288780,288784,288786,2,6,"SFIX",288815,-29,-21
"4502",51,35,2,2,618,301196,301199,301201,2,5,"SFIX",301220,-19,-11
"4503",51,74,2,3,618,314293,314297,314298,1,5,"SFIX",314319,-21,-13
"4504",51,79,1,4,618,341519,341522,341524,2,5,"SFIX",341556,-32,-24
"4505",51,25,1,5,618,405581,405584,405586,2,5,"SFIX",405601,-15,-7
"4506",51,37,1,6,618,415634,415646,415648,2,14,"SFIX",415665,-17,-9
"4507",51,3,3,7,618,428907,428910,428912,2,5,"SFIX",428935,-23,-15
"4508",51,14,2,8,618,440159,440163,440168,5,9,"SFIX",440187,-19,-11
"4509",51,62,2,9,618,458971,458976,458977,1,6,"SFIX",459010,-33,-25
"4510",51,85,1,10,618,482116,482119,482122,3,6,"SFIX",482162,-40,-32
"4511",51,72,3,11,618,489918,489921,489923,2,5,"SFIX",489941,-18,-10
"4512",51,33,3,12,618,501215,501220,501222,2,7,"EFIX",501215,458,466
"4513",51,13,1,13,618,537962,537965,537968,3,6,"SFIX",537988,-20,-12
"4514",51,46,1,14,618,699839,699842,699844,2,5,"SFIX",699873,-29,-21
"4515",51,34,1,15,618,720138,720142,720144,2,6,"SFIX",720176,-32,-24
"4516",51,49,1,16,618,747300,747304,747305,1,5,"SFIX",747329,-24,-16
"4517",51,30,3,17,618,758772,758776,758777,1,5,"SFIX",758822,-45,-37
"4518",51,19,1,18,618,782106,782109,782111,2,5,"SFIX",782140,-29,-21
"4519",51,52,1,19,618,792483,792487,792493,6,10,"SFIX",792517,-24,-16
"4520",51,20,2,20,618,831411,831415,831418,3,7,"SFIX",831449,-31,-23
"4521",51,29,2,21,618,863220,863224,863230,6,10,"SFIX",863262,-32,-24
"4522",51,88,1,22,618,885546,885550,885551,1,5,"SFIX",885573,-22,-14
"4523",51,63,3,23,618,902224,902229,902230,1,6,"SFIX",902268,-38,-30
"4524",51,59,2,24,618,910027,910030,910037,7,10,"SFIX",910061,-24,-16
"4525",51,73,1,25,618,1126713,1126716,1126718,2,5,"SFIX",1126737,-19,-11
"4526",51,40,1,26,618,1137409,1137413,1137420,7,11,"SFIX",1137432,-12,-4
"4527",51,83,2,27,618,1166082,1166085,1166087,2,5,"SFIX",1166124,-37,-29
"4528",51,4,1,28,618,1203529,1203532,1203537,5,8,"SFIX",1203566,-29,-21
"4529",51,61,1,29,618,1246909,1246912,1246914,2,5,"SFIX",1246936,-22,-14
"4530",51,55,1,30,618,1271937,1271941,1271944,3,7,"SFIX",1271964,-20,-12
"4531",51,50,2,31,618,1318948,1318952,1318953,1,5,"SFIX",1318982,-29,-21
"4532",51,43,1,32,618,1340712,1340762,1340764,2,52,"SFIX",1340770,-6,2
"4533",51,16,1,33,618,1352739,1352743,1352744,1,5,"SFIX",1352772,-28,-20
"4534",51,90,3,34,618,1375930,1375933,1375935,2,5,"SFIX",1375957,-22,-14
"4535",51,22,1,35,618,1384824,1384827,1384831,4,7,"SFIX",1384859,-28,-20
"4536",51,77,2,36,618,1405938,1405941,1405943,2,5,"SFIX",1405971,-28,-20
"4537",51,23,2,37,618,1412370,1412379,1412381,2,11,"SFIX",1412414,-33,-25
"4538",51,69,3,38,618,1422834,1422837,1422838,1,4,"SFIX",1422868,-30,-22
"4539",51,86,2,39,618,1473967,1473971,1473972,1,5,"SFIX",1473998,-26,-18
"4540",51,21,3,40,618,1484735,1484738,1484740,2,5,"SFIX",1484777,-37,-29
"4541",51,80,2,41,618,1496695,1496698,1496700,2,5,"SFIX",1496735,-35,-27
"4542",51,39,3,42,618,1505165,1505169,1505170,1,5,"SFIX",1505196,-26,-18
"4543",51,44,2,43,618,1539447,1539451,1539456,5,9,"SFIX",1539478,-22,-14
"4544",51,26,2,44,618,1570527,1570531,1570533,2,6,"SFIX",1570693,-160,-152
"4545",51,12,3,45,618,1582160,1582164,1582170,6,10,"SFIX",1582206,-36,-28
"4546",51,32,2,46,618,1592886,1592890,1592891,1,5,"SFIX",1592933,-42,-34
"4547",51,15,3,47,618,1613977,1613981,1613983,2,6,"SFIX",1614008,-25,-17
"4548",51,76,1,48,618,1636714,1636717,1636720,3,6,"SFIX",1636738,-18,-10
"4549",51,10,1,49,618,1677135,1677139,1677143,4,8,"SFIX",1677160,-17,-9
"4550",51,7,1,50,618,1685798,1685802,1685806,4,8,"SFIX",1685828,-22,-14
"4551",51,28,1,51,618,1720048,1720050,1720057,7,9,"SFIX",1720086,-29,-21
"4552",51,6,3,52,618,1739725,1739728,1739730,2,5,"SFIX",1739758,-28,-20
"4553",51,68,2,53,618,1921939,1921943,1921949,6,10,"SFIX",1921967,-18,-10
"4554",51,84,3,54,618,1935477,1935481,1935482,1,5,"SFIX",1935511,-29,-21
"4555",51,65,2,55,618,1941660,1941664,1941665,1,5,"SFIX",1941685,-20,-12
"4556",51,53,2,56,618,1949652,1949656,1949657,1,5,"SFIX",1949677,-20,-12
"4557",51,75,3,57,618,1959701,1959705,1959712,7,11,"SFIX",1959732,-20,-12
"4558",51,89,2,58,618,1971889,1971893,1971898,5,9,"SFIX",1971914,-16,-8
"4559",51,48,3,59,618,1982079,1982084,1982085,1,6,"SFIX",1982116,-31,-23
"4560",51,47,2,60,618,1991815,1991818,1991821,3,6,"SFIX",1991828,-7,1
"4561",51,42,3,61,618,2003900,2003903,2003904,1,4,"SFIX",2003932,-28,-20
"4562",51,78,3,62,618,2024529,2024532,2024533,1,4,"SFIX",2024558,-25,-17
"4563",51,57,3,63,618,2031773,2031777,2031779,2,6,"SFIX",2031798,-19,-11
"4564",51,9,3,64,618,2057755,2057759,2057761,2,6,"SFIX",2057789,-28,-20
"4565",51,54,3,65,618,2069432,2069435,2069438,3,6,"SFIX",2069472,-34,-26
"4566",51,31,1,66,618,2079723,2079727,2079729,2,6,"SFIX",2079769,-40,-32
"4567",51,64,1,67,618,2095695,2095707,2095713,6,18,"SFIX",2095906,-193,-185
"4568",51,87,3,68,618,2105301,2105304,2105306,2,5,"SFIX",2105346,-40,-32
"4569",51,51,3,69,618,2111789,2111793,2111794,1,5,"SFIX",2111819,-25,-17
"4570",51,11,2,70,618,2124127,2124130,2124132,2,5,"SFIX",2124169,-37,-29
"4571",51,56,2,71,618,2135613,2135617,2135618,1,5,"SFIX",2135643,-25,-17
"4572",51,18,3,72,618,2159142,2159146,2159149,3,7,"SFIX",2159179,-30,-22
"4573",51,27,3,73,618,2187412,2187415,2187422,7,10,"SFIX",2187451,-29,-21
"4574",51,38,2,74,618,2210467,2210470,2210472,2,5,"SFIX",2210508,-36,-28
"4575",51,81,3,75,618,2229129,2229133,2229137,4,8,"SFIX",2229167,-30,-22
"4576",51,58,1,76,618,2242513,2242517,2242521,4,8,"SFIX",2242548,-27,-19
"4577",51,70,1,77,618,2264125,2264128,2264129,1,4,"SFIX",2264162,-33,-25
"4578",51,5,2,78,618,2278407,2278410,2278411,1,4,"SFIX",2278442,-31,-23
"4579",51,66,3,79,618,2294667,2294670,2294675,5,8,"SFIX",2294718,-43,-35
"4580",51,41,2,80,618,2302455,2302459,2302466,7,11,"SFIX",2302487,-21,-13
"4581",51,71,2,81,618,2312485,2312489,2312490,1,5,"SFIX",2312531,-41,-33
"4582",51,17,2,82,618,2321693,2321696,2321697,1,4,"SFIX",2321714,-17,-9
"4583",51,67,1,83,618,2339838,2339843,2339844,1,6,"SFIX",2339880,-36,-28
"4584",51,82,1,84,618,2355602,2355606,2355608,2,6,"SFIX",2355636,-28,-20
"4585",51,1,1,85,618,2366061,2366064,2366066,2,5,"SFIX",2366081,-15,-7
"4586",51,2,2,86,618,2374538,2374557,2374562,5,24,"SFIX",2374721,-159,-151
"4587",51,24,3,87,618,2406669,2406674,2406679,5,10,"SFIX",2406700,-21,-13
"4588",51,45,3,88,618,2415884,2415888,2415890,2,6,"SFIX",2415912,-22,-14
"4589",51,36,3,89,618,2426943,2426947,2426949,2,6,"SFIX",2426955,-6,2
"4590",51,8,2,90,618,2490685,2490690,2490691,1,6,"SFIX",2490706,-15,-7
"4591",52,8,3,1,618,3907642,3907642,3907644,2,2,"SFIX",3907794,-150,-142
"4592",52,30,1,2,618,3923756,3923756,3923757,1,1,"SFIX",3923903,-146,-138
"4593",52,76,2,3,618,3937880,3937884,3937890,6,10,"SFIX",3937900,-10,-2
"4594",52,26,3,4,618,3968949,3968952,3968953,1,4,"SFIX",3968992,-39,-31
"4595",52,24,1,5,618,3979901,3979905,3979906,1,5,"SFIX",3979942,-36,-28
"4596",52,53,3,6,618,4012477,4012480,4012483,3,6,"SFIX",4012497,-14,-6
"4597",52,48,1,7,618,4119009,4119013,4119020,7,11,"SFIX",4119037,-17,-9
"4598",52,4,2,8,618,4131310,4131314,4131318,4,8,"SFIX",4131346,-28,-20
"4599",52,39,1,9,618,4140604,4140606,4140613,7,9,"SFIX",4140635,-22,-14
"4600",52,38,3,10,618,4154646,4154650,4154651,1,5,"SFIX",4154688,-37,-29
"4601",52,25,2,11,618,4290627,4290629,4290631,2,4,"SFIX",4290660,-29,-21
"4602",52,42,1,12,618,4305113,4305113,4305115,2,2,"SFIX",4305333,-218,-210
"4603",52,73,2,13,618,4315872,4315875,4315876,1,4,"SFIX",4315901,-25,-17
"4604",52,22,2,14,618,4332986,4332993,4333000,7,14,"SFIX",4333162,-162,-154
"4605",52,5,3,15,618,4346347,4346352,4346354,2,7,"SFIX",4346381,-27,-19
"4606",52,89,3,16,618,4377809,4377813,4377814,1,5,"SFIX",4377836,-22,-14
"4607",52,67,2,17,618,4397311,4397315,4397319,4,8,"SFIX",4397343,-24,-16
"4608",52,3,1,18,618,4403216,4403231,4403233,2,17,"SFIX",4403279,-46,-38
"4609",52,58,2,19,618,4422146,4422150,4422151,1,5,"SFIX",4422172,-21,-13
"4610",52,63,1,20,618,4479469,4479469,4479471,2,2,"SFIX",4479629,-158,-150
"4611",52,19,2,21,618,4495480,4495484,4495487,3,7,"SFIX",4495509,-22,-14
"4612",52,45,1,22,618,4506962,4506965,4506969,4,7,"SFIX",4506993,-24,-16
"4613",52,9,1,23,618,4516604,4516614,4516621,7,17,"SFIX",4516797,-176,-168
"4614",52,7,2,24,618,4529189,4529193,4529194,1,5,"SFIX",4529221,-27,-19
"4615",52,27,1,25,618,4544481,4544484,4544486,2,5,"SFIX",4544523,-37,-29
"4616",52,28,2,26,618,4576601,4576604,4576605,1,4,"SFIX",4576635,-30,-22
"4617",52,79,2,27,618,4591934,4591937,4591939,2,5,"SFIX",4591962,-23,-15
"4618",52,66,1,28,618,4685963,4685973,4685976,3,13,"SFIX",4686013,-37,-29
"4619",52,13,2,29,618,4702537,4702548,4702552,4,15,"SFIX",4702588,-36,-28
"4620",52,69,1,30,618,4718860,4718866,4718868,2,8,"SFIX",4718925,-57,-49
"4621",52,81,1,31,618,4727903,4727906,4727908,2,5,"SFIX",4728103,-195,-187
"4622",52,77,3,32,618,4750287,4750290,4750292,2,5,"SFIX",4750457,-165,-157
"4623",52,84,1,33,618,4759844,4759847,4759849,2,5,"SFIX",4759900,-51,-43
"4624",52,33,1,34,618,4765642,4765649,4765654,5,12,"SFIX",4765703,-49,-41
"4625",52,35,3,35,618,4775090,4775094,4775097,3,7,"SFIX",4775121,-24,-16
"4626",52,23,3,36,618,4799802,4799806,4799812,6,10,"SFIX",4799823,-11,-3
"4627",52,86,3,37,618,4829198,4829207,4829208,1,10,"SFIX",4829260,-52,-44
"4628",52,60,1,38,618,4846710,4846718,4846723,5,13,"SFIX",4846858,-135,-127
"4629",52,32,3,39,618,4857352,4857361,4857362,1,10,"SFIX",4857400,-38,-30
"4630",52,64,2,40,618,4876211,4876211,4876214,3,3,"SFIX",4876274,-60,-52
"4631",52,72,1,41,618,4888526,4888530,4888532,2,6,"SFIX",4888572,-40,-32
"4632",52,59,3,42,618,4899306,4899334,4899336,2,30,"SFIX",4899367,-31,-23
"4633",52,51,1,43,618,4907348,4907363,4907365,2,17,"SFIX",4907400,-35,-27
"4634",52,16,2,44,618,4921258,4921265,4921266,1,8,"SFIX",4921429,-163,-155
"4635",52,52,2,45,618,4933078,4933081,4933083,2,5,"SFIX",4933111,-28,-20
"4636",52,18,1,46,618,4941109,4941115,4941121,6,12,"SFIX",4941289,-168,-160
"4637",52,68,3,47,618,4968130,4968147,4968149,2,19,"SFIX",4968308,-159,-151
"4638",52,21,1,48,618,4977413,4977416,4977422,6,9,"SFIX",4977435,-13,-5
"4639",52,10,2,49,618,5003191,5003195,5003196,1,5,"SFIX",5003227,-31,-23
"4640",52,6,1,50,618,5015899,5015902,5015904,2,5,"SFIX",5015923,-19,-11
"4641",52,1,2,51,618,5048154,5048162,5048166,4,12,"SFIX",5048202,-36,-28
"4642",52,20,3,52,618,5106880,5106885,5106886,1,6,"SFIX",5106922,-36,-28
"4643",52,54,1,53,618,5121800,5121803,5121805,2,5,"SFIX",5121821,-16,-8
"4644",52,71,3,54,618,5139656,5139659,5139666,7,10,"SFIX",5139683,-17,-9
"4645",52,14,3,55,618,5163639,5163646,5163648,2,9,"SFIX",5163794,-146,-138
"4646",52,80,3,56,618,5173657,5173661,5173663,2,6,"SFIX",5173825,-162,-154
"4647",52,75,1,57,618,5189036,5189039,5189043,4,7,"SFIX",5189058,-15,-7
"4648",52,2,3,58,618,5194420,5194422,5194427,5,7,"SFIX",5194613,-186,-178
"4649",52,44,3,59,618,5206454,5206457,5206462,5,8,"SFIX",5206475,-13,-5
"4650",52,40,2,60,618,5318045,5318049,5318052,3,7,"SFIX",5318090,-38,-30
"4651",52,34,2,61,618,5327798,5327802,5327803,1,5,"SFIX",5327827,-24,-16
"4652",52,90,1,62,618,5359801,5359801,5359802,1,1,"SFIX",5359882,-80,-72
"4653",52,17,3,63,618,5368956,5368959,5368965,6,9,"SFIX",5368999,-34,-26
"4654",52,49,2,64,618,5376307,5376314,5376315,1,8,"SFIX",5376368,-53,-45
"4655",52,82,2,65,618,5403832,5403836,5403839,3,7,"SFIX",5403995,-156,-148
"4656",52,46,2,66,618,5415025,5415028,5415030,2,5,"SFIX",5415047,-17,-9
"4657",52,74,3,67,618,5426755,5426759,5426761,2,6,"SFIX",5426916,-155,-147
"4658",52,37,2,68,618,5435152,5435159,5435163,4,11,"SFIX",5435380,-217,-209
"4659",52,85,2,69,618,5509950,5509954,5509955,1,5,"SFIX",5510199,-244,-236
"4660",52,15,1,70,618,5516997,5517003,5517005,2,8,"SFIX",5517206,-201,-193
"4661",52,12,1,71,618,5526396,5526401,5526402,1,6,"SFIX",5526584,-182,-174
"4662",52,50,3,72,618,5534385,5534398,5534399,1,14,"SFIX",5534454,-55,-47
"4663",52,11,3,73,618,5556502,5556509,5556511,2,9,"SFIX",5556689,-178,-170
"4664",52,87,1,74,618,5578828,5578878,5578880,2,52,"SFIX",5578903,-23,-15
"4665",52,56,3,75,618,5584223,5584229,5584231,2,8,"SFIX",5584401,-170,-162
"4666",52,62,3,76,618,5604293,5604297,5604299,2,6,"SFIX",5604329,-30,-22
"4667",52,61,2,77,618,5624625,5624630,5624632,2,7,"SFIX",5624808,-176,-168
"4668",52,55,2,78,618,5634491,5634495,5634496,1,5,"SFIX",5634666,-170,-162
"4669",52,88,2,79,618,5653098,5653101,5653103,2,5,"SFIX",5653131,-28,-20
"4670",52,65,3,80,618,5660133,5660137,5660138,1,5,"SFIX",5660159,-21,-13
"4671",52,78,1,81,618,5680994,5680994,5680996,2,2,"SFIX",5681045,-49,-41
"4672",52,31,2,82,618,5692076,5692078,5692080,2,4,"SFIX",5692240,-160,-152
"4673",52,83,3,83,618,5699199,5699199,5699201,2,2,"SFIX",5699359,-158,-150
"4674",52,43,2,84,618,5706607,5706607,5706608,1,1,"SFIX",5706775,-167,-159
"4675",52,29,3,85,618,5721059,5721062,5721070,8,11,"SFIX",5721076,-6,2
"4676",52,41,3,86,618,5729601,5729605,5729610,5,9,"SFIX",5729612,-2,6
"4677",52,36,1,87,618,5748185,5748190,5748191,1,6,"SFIX",5748204,-13,-5
"4678",52,47,3,88,618,5764929,5764933,5764934,1,5,"SFIX",5764952,-18,-10
"4679",52,57,1,89,618,5792884,5792888,5792890,2,6,"SFIX",5792907,-17,-9
"4680",52,70,2,90,618,5826588,5826588,5826590,2,2,"SFIX",5826640,-50,-42
"4681",53,29,1,1,618,7915720,7915724,7915726,2,6,"SFIX",7915756,-30,-22
"4682",53,90,2,2,618,7944584,7944588,7944589,1,5,"SFIX",7944630,-41,-33
"4683",53,8,1,3,618,7970994,7970997,7970999,2,5,"SFIX",7971099,-100,-92
"4684",53,54,2,4,618,7998466,7998471,7998477,6,11,"SFIX",7998495,-18,-10
"4685",53,21,2,5,618,8041317,8041320,8041321,1,4,"SFIX",8041343,-22,-14
"4686",53,24,2,6,618,8064688,8064692,8064696,4,8,"SFIX",8064799,-103,-95
"4687",53,78,2,7,618,8082738,8082742,8082743,1,5,"SFIX",8082771,-28,-20
"4688",53,77,1,8,618,8088707,8088710,8088712,2,5,"SFIX",8088830,-118,-110
"4689",53,85,3,9,618,8119136,8119144,8119146,2,10,"SFIX",8119160,-14,-6
"4690",53,30,2,10,618,8131062,8131066,8131070,4,8,"SFIX",8131194,-124,-116
"4691",53,27,2,11,618,8156883,8156886,8156888,2,5,"SFIX",8157025,-137,-129
"4692",53,39,2,12,618,8170246,8170250,8170251,1,5,"SFIX",8170271,-20,-12
"4693",53,4,3,13,618,8186717,8186721,8186722,1,5,"SFIX",8186746,-24,-16
"4694",53,64,3,14,618,8212155,8212159,8212160,1,5,"SFIX",8212285,-125,-117
"4695",53,2,1,15,618,8230221,8230228,8230229,1,8,"SFIX",8230246,-17,-9
"4696",53,16,3,16,618,8257786,8257791,8257794,3,8,"SFIX",8257813,-19,-11
"4697",53,57,2,17,618,8265199,8265204,8265206,2,7,"SFIX",8265359,-153,-145
"4698",53,11,1,18,618,8306866,8306872,8306874,2,8,"SFIX",8306895,-21,-13
"4699",53,36,2,19,618,8316877,8316881,8316882,1,5,"SFIX",8316907,-25,-17
"4700",53,26,1,20,618,8326286,8326288,8326290,2,4,"SFIX",8326410,-120,-112
"4701",53,41,1,21,618,8336757,8336761,8336762,1,5,"SFIX",8336780,-18,-10
"4702",53,38,1,22,618,8354278,8354281,8354283,2,5,"SFIX",8354311,-28,-20
"4703",53,43,3,23,618,8368876,8368879,8368885,6,9,"SFIX",8368992,-107,-99
"4704",53,80,1,24,618,8386990,8386992,8386994,2,4,"SFIX",8387017,-23,-15
"4705",53,87,2,25,618,8445621,8445625,8445627,2,6,"SFIX",8445724,-97,-89
"4706",53,18,2,26,618,8455460,8455464,8455465,1,5,"SFIX",8455565,-100,-92
"4707",53,65,1,27,618,8465943,8465946,8465947,1,4,"SFIX",8465969,-22,-14
"4708",53,69,2,28,618,8500323,8500327,8500329,2,6,"SFIX",8500348,-19,-11
"4709",53,35,1,29,618,8510188,8510193,8510195,2,7,"SFIX",8510213,-18,-10
"4710",53,32,1,30,618,8523347,8523351,8523353,2,6,"SFIX",8523452,-99,-91
"4711",53,13,3,31,618,8545677,8545680,8545682,2,5,"SFIX",8545768,-86,-78
"4712",53,20,1,32,618,8555694,8555697,8555702,5,8,"SFIX",8555732,-30,-22
"4713",53,67,3,33,618,8577613,8577619,8577621,2,8,"SFIX",8577740,-119,-111
"4714",53,14,1,34,618,8585108,8585115,8585117,2,9,"SFIX",8585141,-24,-16
"4715",53,81,2,35,618,8600327,8600330,8600336,6,9,"SFIX",8600351,-15,-7
"4716",53,59,1,36,618,8644397,8644401,8644405,4,8,"SFIX",8644518,-113,-105
"4717",53,60,2,37,618,8654149,8654152,8654154,2,5,"SFIX",8654176,-22,-14
"4718",53,10,3,38,618,8684362,8684366,8684371,5,9,"SFIX",8684390,-19,-11
"4719",53,15,2,39,618,8696089,8696094,8696095,1,6,"SFIX",8696117,-22,-14
"4720",53,58,3,40,618,8703276,8703279,8703281,2,5,"SFIX",8703298,-17,-9
"4721",53,73,3,41,618,8719861,8719864,8719866,2,5,"SFIX",8719887,-21,-13
"4722",53,22,3,42,618,8727197,8727204,8727205,1,8,"SFIX",8727223,-18,-10
"4723",53,55,3,43,618,8738913,8738917,8738918,1,5,"SFIX",8738939,-21,-13
"4724",53,19,3,44,618,8748689,8748700,8748705,5,16,"SFIX",8748718,-13,-5
"4725",53,1,3,45,618,8808570,8808573,8808575,2,5,"SFIX",8808595,-20,-12
"4726",53,72,2,46,618,8818167,8818170,8818172,2,5,"SFIX",8818200,-28,-20
"4727",53,37,3,47,618,8833004,8833010,8833013,3,9,"SFIX",8833153,-140,-132
"4728",53,62,1,48,618,8842521,8842525,8842528,3,7,"SFIX",8842547,-19,-11
"4729",53,82,3,49,618,8860986,8860990,8860991,1,5,"SFIX",8861021,-30,-22
"4730",53,83,1,50,618,8876885,8876889,8876891,2,6,"SFIX",8876909,-18,-10
"4731",53,42,2,51,618,8885774,8885778,8885779,1,5,"SFIX",8885917,-138,-130
"4732",53,66,2,52,618,8902579,8902583,8902584,1,5,"SFIX",8902607,-23,-15
"4733",53,71,1,53,618,8907527,8907531,8907532,1,5,"SFIX",8907553,-21,-13
"4734",53,3,2,54,618,8924348,8924351,8924352,1,4,"SFIX",8924375,-23,-15
"4735",53,44,1,55,618,8936734,8936738,8936739,1,5,"SFIX",8936760,-21,-13
"4736",53,12,2,56,618,8949786,8949789,8949791,2,5,"SFIX",8949816,-25,-17
"4737",53,86,1,57,618,9062603,9062618,9062625,7,22,"SFIX",9062636,-11,-3
"4738",53,23,1,58,618,9077261,9077265,9077271,6,10,"SFIX",9077288,-17,-9
"4739",53,79,3,59,618,9086044,9086047,9086049,2,5,"SFIX",9086070,-21,-13
"4740",53,50,1,60,618,9092770,9092773,9092775,2,5,"SFIX",9092795,-20,-12
"4741",53,46,3,61,618,9105114,9105118,9105119,1,5,"SFIX",9105146,-27,-19
"4742",53,63,2,62,618,9114230,9114233,9114241,8,11,"SFIX",9114255,-14,-6
"4743",53,45,2,63,618,9122006,9122009,9122011,2,5,"SFIX",9122036,-25,-17
"4744",53,5,1,64,618,9148777,9148781,9148783,2,6,"SFIX",9148801,-18,-10
"4745",53,76,3,65,618,9192499,9192503,9192504,1,5,"SFIX",9192528,-24,-16
"4746",53,70,3,66,618,9206389,9206392,9206399,7,10,"SFIX",9206421,-22,-14
"4747",53,7,3,67,618,9218653,9218656,9218663,7,10,"SFIX",9218679,-16,-8
"4748",53,49,3,68,618,9227481,9227485,9227486,1,5,"SFIX",9227505,-19,-11
"4749",53,47,1,69,618,9244354,9244358,9244365,7,11,"SFIX",9244387,-22,-14
"4750",53,84,2,70,618,9257724,9257728,9257729,1,5,"SFIX",9257753,-24,-16
"4751",53,40,3,71,618,9286927,9286931,9286932,1,5,"SFIX",9286961,-29,-21
"4752",53,56,1,72,618,9294747,9294751,9294752,1,5,"SFIX",9294778,-26,-18
"4753",53,89,1,73,618,9306104,9306108,9306110,2,6,"SFIX",9306132,-22,-14
"4754",53,75,2,74,618,9317249,9317252,9317254,2,5,"SFIX",9317275,-21,-13
"4755",53,31,3,75,618,9324149,9324153,9324159,6,10,"SFIX",9324175,-16,-8
"4756",53,51,2,76,618,9355200,9355204,9355206,2,6,"SFIX",9355313,-107,-99
"4757",53,28,3,77,618,9378076,9378079,9378081,2,5,"SFIX",9378106,-25,-17
"4758",53,34,3,78,618,9397093,9397098,9397099,1,6,"SFIX",9397124,-25,-17
"4759",53,33,2,79,618,9414506,9414509,9414515,6,9,"SFIX",9414534,-19,-11
"4760",53,88,3,80,618,9424826,9424830,9424834,4,8,"SFIX",9424858,-24,-16
"4761",53,6,2,81,618,9436650,9436700,9436701,1,51,"SFIX",9436712,-11,-3
"4762",53,61,3,82,618,9444808,9444812,9444814,2,6,"SFIX",9444835,-21,-13
"4763",53,9,2,83,618,9453982,9453986,9453987,1,5,"SFIX",9454012,-25,-17
"4764",53,53,1,84,618,9470097,9470101,9470102,1,5,"SFIX",9470125,-23,-15
"4765",53,52,3,85,618,9523585,9523589,9523590,1,5,"SFIX",9523617,-27,-19
"4766",53,25,3,86,618,9534846,9534850,9534852,2,6,"SFIX",9534867,-15,-7
"4767",53,48,2,87,618,9543674,9543677,9543680,3,6,"SFIX",9543701,-21,-13
"4768",53,68,1,88,618,9591933,9591937,9591938,1,5,"SFIX",9591965,-27,-19
"4769",53,17,1,89,618,9603168,9603172,9603173,1,5,"SFIX",9603195,-22,-14
"4770",53,74,1,90,618,9613853,9613857,9613860,3,7,"SFIX",9613884,-24,-16
"4771",54,37,1,1,618,14534846,14534857,14534858,1,12,"SFIX",14534933,-75,-67
"4772",54,86,2,2,618,14560363,14560376,14560384,8,21,"SFIX",14560474,-90,-82
"4773",54,83,2,3,618,14567157,14567161,14567163,2,6,"SFIX",14567193,-30,-22
"4774",54,68,2,4,618,14575537,14575541,14575542,1,5,"SFIX",14575566,-24,-16
"4775",54,73,1,5,618,14583028,14583033,14583035,2,7,"SFIX",14583048,-13,-5
"4776",54,34,1,6,618,14591544,14591548,14591549,1,5,"SFIX",14591580,-31,-23
"4777",54,88,1,7,618,14607697,14607719,14607721,2,24,"SFIX",14607799,-78,-70
"4778",54,40,1,8,618,14636896,14636899,14636904,5,8,"SFIX",14636919,-15,-7
"4779",54,57,3,9,618,14658859,14658863,14658867,4,8,"SFIX",14658889,-22,-14
"4780",54,75,3,10,618,14673343,14673346,14673351,5,8,"SFIX",14673364,-13,-5
"4781",54,23,2,11,618,14680079,14680082,14680083,1,4,"SFIX",14680090,-7,1
"4782",54,4,1,12,618,14720006,14720008,14720010,2,4,"SFIX",14720046,-36,-28
"4783",54,38,2,13,618,14730728,14730732,14730738,6,10,"SFIX",14730759,-21,-13
"4784",54,78,3,14,618,14762057,14762060,14762064,4,7,"SFIX",14762088,-24,-16
"4785",54,77,2,15,618,14768863,14768867,14768868,1,5,"SFIX",14768899,-31,-23
"4786",54,82,1,16,618,14775401,14775405,14775406,1,5,"SFIX",14775432,-26,-18
"4787",54,80,2,17,618,14786307,14786315,14786317,2,10,"SFIX",14786407,-90,-82
"4788",54,17,2,18,618,14793403,14793407,14793412,5,9,"SFIX",14793432,-20,-12
"4789",54,76,1,19,618,14836277,14836289,14836290,1,13,"SFIX",14836371,-81,-73
"4790",54,56,2,20,618,14853080,14853083,14853084,1,4,"SFIX",14853105,-21,-13
"4791",54,74,2,21,618,14878201,14878205,14878207,2,6,"SFIX",14878229,-22,-14
"4792",54,69,3,22,618,14908610,14908614,14908615,1,5,"SFIX",14908638,-23,-15
"4793",54,24,3,23,618,14916070,14916073,14916079,6,9,"SFIX",14916102,-23,-15
"4794",54,64,1,24,618,14934744,14934748,14934750,2,6,"SFIX",14934773,-23,-15
"4795",54,55,1,25,618,14939810,14939812,14939814,2,4,"SFIX",14939830,-16,-8
"4796",54,36,3,26,618,14973509,14973512,14973514,2,5,"SFIX",14973541,-27,-19
"4797",54,50,2,27,618,14992465,14992469,14992475,6,10,"SFIX",14992497,-22,-14
"4798",54,87,3,28,618,15002255,15002259,15002261,2,6,"SFIX",15002279,-18,-10
"4799",54,11,2,29,618,15012369,15012373,15012379,6,10,"SFIX",15012406,-27,-19
"4800",54,79,1,30,618,15106906,15106910,15106911,1,5,"SFIX",15106939,-28,-20
"4801",54,51,3,31,618,15115097,15115101,15115102,1,5,"SFIX",15115117,-15,-7
"4802",54,59,2,32,618,15308033,15308037,15308041,4,8,"SFIX",15308062,-21,-13
"4803",54,22,1,33,618,15344559,15344563,15344568,5,9,"SFIX",15344594,-26,-18
"4804",54,9,3,34,618,15362238,15362242,15362247,5,9,"SFIX",15362275,-28,-20
"4805",54,15,3,35,618,15380347,15380350,15380352,2,5,"SFIX",15380372,-20,-12
"4806",54,48,3,36,618,15389914,15389919,15389921,2,7,"SFIX",15389936,-15,-7
"4807",54,28,1,37,618,15404903,15404911,15404913,2,10,"SFIX",15405049,-136,-128
"4808",54,54,3,38,618,15443912,15443915,15443917,2,5,"SFIX",15443950,-33,-25
"4809",54,62,2,39,618,15461768,15461771,15461773,2,5,"SFIX",15461804,-31,-23
"4810",54,89,2,40,618,15468900,15468903,15468908,5,8,"SFIX",15468937,-29,-21
"4811",54,60,3,41,618,15485058,15485061,15485063,2,5,"SFIX",15485095,-32,-24
"4812",54,20,2,42,618,15511572,15511598,15511604,6,32,"SFIX",15511682,-78,-70
"4813",54,70,1,43,618,15531810,15531814,15531815,1,5,"SFIX",15531841,-26,-18
"4814",54,2,2,44,618,15552918,15552922,15552923,1,5,"SFIX",15552952,-29,-21
"4815",54,10,1,45,618,15609042,15609045,15609047,2,5,"SFIX",15609080,-33,-25
"4816",54,8,2,46,618,15628740,15628743,15628745,2,5,"SFIX",15628770,-25,-17
"4817",54,14,2,47,618,15682909,15682912,15682913,1,4,"SFIX",15682941,-28,-20
"4818",54,33,3,48,618,15696941,15696945,15696948,3,7,"SFIX",15696976,-28,-20
"4819",54,16,1,49,618,15706997,15707001,15707005,4,8,"SFIX",15707029,-24,-16
"4820",54,44,2,50,618,15721059,15721062,15721069,7,10,"SFIX",15721085,-16,-8
"4821",54,67,1,51,618,15785014,15785017,15785025,8,11,"SFIX",15785036,-11,-3
"4822",54,66,3,52,618,15853938,15853942,15853944,2,6,"SFIX",15853952,-8,0
"4823",54,47,2,53,618,15861373,15861376,15861382,6,9,"SFIX",15861389,-7,1
"4824",54,84,3,54,618,15987579,15987604,15987606,2,27,"SFIX",15987618,-12,-4
"4825",54,53,2,55,618,15996850,15996853,15996855,2,5,"SFIX",15996873,-18,-10
"4826",54,39,3,56,618,16019362,16019367,16019368,1,6,"SFIX",16019395,-27,-19
"4827",54,65,2,57,618,16029788,16029793,16029796,3,8,"SFIX",16029815,-19,-11
"4828",54,43,1,58,618,16035513,16035537,16035539,2,26,"SFIX",16035557,-18,-10
"4829",54,30,3,59,618,16048015,16048019,16048020,1,5,"SFIX",16048051,-31,-23
"4830",54,45,3,60,618,16059100,16059102,16059104,2,4,"SFIX",16059125,-21,-13
"4831",54,52,1,61,618,16094606,16094609,16094613,4,7,"SFIX",16094638,-25,-17
"4832",54,71,2,62,618,16111557,16111569,16111571,2,14,"SFIX",16111652,-81,-73
"4833",54,21,3,63,618,16141630,16141639,16141641,2,11,"SFIX",16141710,-69,-61
"4834",54,35,2,64,618,16160821,16160831,16160832,1,11,"SFIX",16160893,-61,-53
"4835",54,46,1,65,618,16200831,16200835,16200836,1,5,"SFIX",16200857,-21,-13
"4836",54,26,2,66,618,16221723,16221726,16221731,5,8,"SFIX",16221759,-28,-20
"4837",54,63,3,67,618,16231130,16231133,16231135,2,5,"SFIX",16231159,-24,-16
"4838",54,49,1,68,618,16246650,16246660,16246662,2,12,"SFIX",16246735,-73,-65
"4839",54,3,3,69,618,16258420,16258422,16258424,2,4,"SFIX",16258449,-25,-17
"4840",54,6,3,70,618,16271092,16271096,16271097,1,5,"SFIX",16271117,-20,-12
"4841",54,72,3,71,618,16294998,16295001,16295002,1,4,"SFIX",16295024,-22,-14
"4842",54,13,1,72,618,16303672,16303689,16303691,2,19,"SFIX",16303710,-19,-11
"4843",54,12,3,73,618,16318453,16318458,16318459,1,6,"SFIX",16318478,-19,-11
"4844",54,42,3,74,618,16335891,16335894,16335897,3,6,"SFIX",16335919,-22,-14
"4845",54,41,2,75,618,16350254,16350257,16350260,3,6,"SFIX",16350274,-14,-6
"4846",54,5,2,76,618,16361078,16361080,16361082,2,4,"SFIX",16361106,-24,-16
"4847",54,18,3,77,618,16399229,16399232,16399238,6,9,"SFIX",16399263,-25,-17
"4848",54,19,1,78,618,16417081,16417091,16417093,2,12,"SFIX",16417173,-80,-72
"4849",54,90,3,79,618,16427759,16427764,16427766,2,7,"SFIX",16427789,-23,-15
"4850",54,32,2,80,618,16452174,16452186,16452190,4,16,"SFIX",16452214,-24,-16
"4851",54,7,1,81,618,16468567,16468570,16468575,5,8,"SFIX",16468603,-28,-20
"4852",54,81,3,82,618,16486126,16486130,16486134,4,8,"SFIX",16486160,-26,-18
"4853",54,58,1,83,618,16492397,16492401,16492403,2,6,"SFIX",16492426,-23,-15
"4854",54,27,3,84,618,16511521,16511524,16511526,2,5,"SFIX",16511557,-31,-23
"4855",54,85,1,85,618,16527096,16527099,16527101,2,5,"SFIX",16527126,-25,-17
"4856",54,25,1,86,618,16533798,16533802,16533803,1,5,"SFIX",16533830,-27,-19
"4857",54,61,1,87,618,16543808,16543812,16543813,1,5,"SFIX",16543833,-20,-12
"4858",54,31,1,88,618,16550588,16550592,16550595,3,7,"SFIX",16550612,-17,-9
"4859",54,29,2,89,618,16559478,16559482,16559484,2,6,"SFIX",16559515,-31,-23
"4860",54,1,1,90,618,16569246,16569253,16569255,2,9,"SFIX",16569350,-95,-87
