"","sub","item","cond","seq","dependnum","start","end","duration_ms","correctresp","subresp","accuracy","filename"
"1",1,47,2,1,1,1276066,1279438,3372,0,0,1,"C:/Data/corr_sacc/padded/JITT1_padded.asc"
"2",1,25,1,2,1,1301648,1304784,3136,0,0,1,"C:/Data/corr_sacc/padded/JITT1_padded.asc"
"3",1,55,1,3,1,1329401,1332112,2711,1,0,0,"C:/Data/corr_sacc/padded/JITT1_padded.asc"
"4",1,35,2,4,1,1349188,1352208,3020,0,0,1,"C:/Data/corr_sacc/padded/JITT1_padded.asc"
"5",1,23,2,5,1,1363475,1365655,2180,0,0,1,"C:/Data/corr_sacc/padded/JITT1_padded.asc"
"6",1,30,3,6,1,1383161,1386698,3537,0,0,1,"C:/Data/corr_sacc/padded/JITT1_padded.asc"
"7",1,49,1,7,1,1394512,1397096,2584,0,0,1,"C:/Data/corr_sacc/padded/JITT1_padded.asc"
"8",1,14,2,8,1,1404920,1407111,2191,1,1,1,"C:/Data/corr_sacc/padded/JITT1_padded.asc"
"9",1,17,2,9,1,1436614,1439367,2753,1,1,1,"C:/Data/corr_sacc/padded/JITT1_padded.asc"
"10",1,44,2,10,1,1464452,1468172,3720,1,1,1,"C:/Data/corr_sacc/padded/JITT1_padded.asc"
"11",1,40,1,11,1,1547759,1549672,1913,0,0,1,"C:/Data/corr_sacc/padded/JITT1_padded.asc"
"12",1,19,1,12,1,1560572,1562796,2224,1,1,1,"C:/Data/corr_sacc/padded/JITT1_padded.asc"
"13",1,34,1,13,1,1589074,1591297,2223,0,0,1,"C:/Data/corr_sacc/padded/JITT1_padded.asc"
"14",1,39,3,14,1,1633854,1636481,2627,0,0,1,"C:/Data/corr_sacc/padded/JITT1_padded.asc"
"15",1,51,3,15,1,1701722,1703953,2231,0,0,1,"C:/Data/corr_sacc/padded/JITT1_padded.asc"
"16",1,43,1,16,1,1720060,1722364,2304,0,0,1,"C:/Data/corr_sacc/padded/JITT1_padded.asc"
"17",1,12,3,17,1,1731182,1733121,1939,1,1,1,"C:/Data/corr_sacc/padded/JITT1_padded.asc"
"18",1,37,1,18,1,1743069,1745202,2133,0,0,1,"C:/Data/corr_sacc/padded/JITT1_padded.asc"
"19",1,11,2,19,1,1753185,1756561,3376,1,1,1,"C:/Data/corr_sacc/padded/JITT1_padded.asc"
"20",1,60,3,20,1,1788776,1791403,2627,0,0,1,"C:/Data/corr_sacc/padded/JITT1_padded.asc"
"21",1,38,2,21,1,2064564,2067220,2656,0,0,1,"C:/Data/corr_sacc/padded/JITT1_padded.asc"
"22",1,3,3,22,1,2081146,2085462,4316,1,1,1,"C:/Data/corr_sacc/padded/JITT1_padded.asc"
"23",1,2,2,23,1,2091897,2094792,2895,1,1,1,"C:/Data/corr_sacc/padded/JITT1_padded.asc"
"24",1,50,2,24,1,2108711,2112791,4080,1,1,1,"C:/Data/corr_sacc/padded/JITT1_padded.asc"
"25",1,59,2,25,1,2126952,2129822,2870,0,0,1,"C:/Data/corr_sacc/padded/JITT1_padded.asc"
"26",1,41,2,26,1,2189881,2193701,3820,0,0,1,"C:/Data/corr_sacc/padded/JITT1_padded.asc"
"27",1,22,1,27,1,2236082,2238684,2602,0,0,1,"C:/Data/corr_sacc/padded/JITT1_padded.asc"
"28",1,57,3,28,1,2250531,2256111,5580,1,0,0,"C:/Data/corr_sacc/padded/JITT1_padded.asc"
"29",1,5,2,29,1,2267296,2270287,2991,1,1,1,"C:/Data/corr_sacc/padded/JITT1_padded.asc"
"30",1,7,1,30,1,2283421,2286471,3050,1,1,1,"C:/Data/corr_sacc/padded/JITT1_padded.asc"
"31",1,26,2,31,1,2294732,2296743,2011,0,0,1,"C:/Data/corr_sacc/padded/JITT1_padded.asc"
"32",1,33,3,32,1,2350510,2352755,2245,0,0,1,"C:/Data/corr_sacc/padded/JITT1_padded.asc"
"33",1,6,3,33,1,2394512,2396746,2234,1,1,1,"C:/Data/corr_sacc/padded/JITT1_padded.asc"
"34",1,46,1,34,1,2408247,2411874,3627,1,1,1,"C:/Data/corr_sacc/padded/JITT1_padded.asc"
"35",1,31,1,35,1,2420939,2423400,2461,0,0,1,"C:/Data/corr_sacc/padded/JITT1_padded.asc"
"36",1,16,1,36,1,2464667,2468576,3909,1,1,1,"C:/Data/corr_sacc/padded/JITT1_padded.asc"
"37",1,8,2,37,1,2528683,2531870,3187,1,1,1,"C:/Data/corr_sacc/padded/JITT1_padded.asc"
"38",1,56,2,38,1,2553434,2556621,3187,1,0,0,"C:/Data/corr_sacc/padded/JITT1_padded.asc"
"39",1,53,2,39,1,2564655,2566982,2327,0,0,1,"C:/Data/corr_sacc/padded/JITT1_padded.asc"
"40",1,29,2,40,1,2584132,2586169,2037,0,0,1,"C:/Data/corr_sacc/padded/JITT1_padded.asc"
"41",1,32,2,41,1,2618000,2621442,3442,0,0,1,"C:/Data/corr_sacc/padded/JITT1_padded.asc"
"42",1,58,1,42,1,2638937,2642733,3796,0,0,1,"C:/Data/corr_sacc/padded/JITT1_padded.asc"
"43",1,24,3,43,1,2858688,2860946,2258,0,0,1,"C:/Data/corr_sacc/padded/JITT1_padded.asc"
"44",1,27,3,44,1,2869530,2872012,2482,0,0,1,"C:/Data/corr_sacc/padded/JITT1_padded.asc"
"45",1,54,3,45,1,2890313,2894205,3892,1,1,1,"C:/Data/corr_sacc/padded/JITT1_padded.asc"
"46",1,18,3,46,1,2956307,2959759,3452,1,1,1,"C:/Data/corr_sacc/padded/JITT1_padded.asc"
"47",1,20,2,47,1,2998289,3000781,2492,1,1,1,"C:/Data/corr_sacc/padded/JITT1_padded.asc"
"48",1,21,3,48,1,3008934,3011095,2161,0,0,1,"C:/Data/corr_sacc/padded/JITT1_padded.asc"
"49",1,1,1,49,1,3050807,3054865,4058,1,1,1,"C:/Data/corr_sacc/padded/JITT1_padded.asc"
"50",1,42,3,50,1,3123116,3125344,2228,1,1,1,"C:/Data/corr_sacc/padded/JITT1_padded.asc"
"51",1,9,3,51,1,3139961,3142767,2806,1,1,1,"C:/Data/corr_sacc/padded/JITT1_padded.asc"
"52",1,45,3,52,1,3165997,3168196,2199,0,0,1,"C:/Data/corr_sacc/padded/JITT1_padded.asc"
"53",1,28,1,53,1,3239580,3242907,3327,0,0,1,"C:/Data/corr_sacc/padded/JITT1_padded.asc"
"54",1,4,1,54,1,3259190,3261762,2572,1,1,1,"C:/Data/corr_sacc/padded/JITT1_padded.asc"
"55",1,15,3,55,1,3299997,3302560,2563,1,1,1,"C:/Data/corr_sacc/padded/JITT1_padded.asc"
"56",1,10,1,56,1,3327155,3330084,2929,1,1,1,"C:/Data/corr_sacc/padded/JITT1_padded.asc"
"57",1,52,1,57,1,3342680,3347673,4993,1,1,1,"C:/Data/corr_sacc/padded/JITT1_padded.asc"
"58",1,13,1,58,1,3361863,3364218,2355,1,1,1,"C:/Data/corr_sacc/padded/JITT1_padded.asc"
"59",1,36,3,59,1,3371244,3374370,3126,0,0,1,"C:/Data/corr_sacc/padded/JITT1_padded.asc"
"60",1,48,3,60,1,3403903,3406291,2388,1,1,1,"C:/Data/corr_sacc/padded/JITT1_padded.asc"
"61",2,3,1,1,1,4705083,4708056,2973,1,1,1,"C:/Data/corr_sacc/padded/JITT2_padded.asc"
"62",2,19,2,2,1,4751303,4753677,2374,1,1,1,"C:/Data/corr_sacc/padded/JITT2_padded.asc"
"63",2,22,2,3,1,4776917,4779824,2907,0,0,1,"C:/Data/corr_sacc/padded/JITT2_padded.asc"
"64",2,27,1,4,1,4819844,4821503,1659,0,0,1,"C:/Data/corr_sacc/padded/JITT2_padded.asc"
"65",2,2,3,5,1,4952107,4954128,2021,1,1,1,"C:/Data/corr_sacc/padded/JITT2_padded.asc"
"66",2,5,3,6,1,4960564,4963107,2543,1,1,1,"C:/Data/corr_sacc/padded/JITT2_padded.asc"
"67",2,53,3,7,1,5044554,5046154,1600,0,0,1,"C:/Data/corr_sacc/padded/JITT2_padded.asc"
"68",2,47,3,8,1,5072149,5074829,2680,0,0,1,"C:/Data/corr_sacc/padded/JITT2_padded.asc"
"69",2,57,1,9,1,5081930,5084107,2177,1,0,0,"C:/Data/corr_sacc/padded/JITT2_padded.asc"
"70",2,9,1,10,1,5092545,5094125,1580,1,1,1,"C:/Data/corr_sacc/padded/JITT2_padded.asc"
"71",2,31,2,11,1,5103369,5105021,1652,0,0,1,"C:/Data/corr_sacc/padded/JITT2_padded.asc"
"72",2,18,1,12,1,5125700,5127516,1816,1,1,1,"C:/Data/corr_sacc/padded/JITT2_padded.asc"
"73",2,26,3,13,1,5173862,5175706,1844,0,0,1,"C:/Data/corr_sacc/padded/JITT2_padded.asc"
"74",2,10,2,14,1,5204536,5207211,2675,1,0,0,"C:/Data/corr_sacc/padded/JITT2_padded.asc"
"75",2,50,3,15,1,5229432,5233094,3662,1,1,1,"C:/Data/corr_sacc/padded/JITT2_padded.asc"
"76",2,11,3,16,1,5250118,5252844,2726,1,1,1,"C:/Data/corr_sacc/padded/JITT2_padded.asc"
"77",2,15,1,17,1,5271259,5273767,2508,1,1,1,"C:/Data/corr_sacc/padded/JITT2_padded.asc"
"78",2,44,3,18,1,5288131,5290795,2664,1,1,1,"C:/Data/corr_sacc/padded/JITT2_padded.asc"
"79",2,51,1,19,1,5321954,5324556,2602,0,0,1,"C:/Data/corr_sacc/padded/JITT2_padded.asc"
"80",2,32,3,20,1,5544342,5545719,1377,0,0,1,"C:/Data/corr_sacc/padded/JITT2_padded.asc"
"81",2,25,2,21,1,5574636,5576471,1835,0,0,1,"C:/Data/corr_sacc/padded/JITT2_padded.asc"
"82",2,12,1,22,1,5613531,5615202,1671,1,1,1,"C:/Data/corr_sacc/padded/JITT2_padded.asc"
"83",2,42,1,23,1,5669114,5671246,2132,1,1,1,"C:/Data/corr_sacc/padded/JITT2_padded.asc"
"84",2,41,3,24,1,5710951,5712322,1371,0,0,1,"C:/Data/corr_sacc/padded/JITT2_padded.asc"
"85",2,6,1,25,1,5747491,5751864,4373,1,1,1,"C:/Data/corr_sacc/padded/JITT2_padded.asc"
"86",2,24,1,26,1,5764718,5767284,2566,0,0,1,"C:/Data/corr_sacc/padded/JITT2_padded.asc"
"87",2,4,2,27,1,5785106,5788273,3167,1,1,1,"C:/Data/corr_sacc/padded/JITT2_padded.asc"
"88",2,13,2,28,1,5795886,5798986,3100,1,1,1,"C:/Data/corr_sacc/padded/JITT2_padded.asc"
"89",2,17,3,29,1,5872654,5874384,1730,1,1,1,"C:/Data/corr_sacc/padded/JITT2_padded.asc"
"90",2,30,1,30,1,5906336,5910169,3833,0,0,1,"C:/Data/corr_sacc/padded/JITT2_padded.asc"
"91",2,33,1,31,1,6026991,6028361,1370,0,0,1,"C:/Data/corr_sacc/padded/JITT2_padded.asc"
"92",2,1,2,32,1,6035992,6037946,1954,1,1,1,"C:/Data/corr_sacc/padded/JITT2_padded.asc"
"93",2,39,1,33,1,6045842,6047745,1903,0,0,1,"C:/Data/corr_sacc/padded/JITT2_padded.asc"
"94",2,60,1,34,1,6068344,6070518,2174,0,0,1,"C:/Data/corr_sacc/padded/JITT2_padded.asc"
"95",2,34,2,35,1,6098189,6099867,1678,0,0,1,"C:/Data/corr_sacc/padded/JITT2_padded.asc"
"96",2,20,3,36,1,6108357,6110619,2262,1,1,1,"C:/Data/corr_sacc/padded/JITT2_padded.asc"
"97",2,21,1,37,1,6136826,6139530,2704,0,0,1,"C:/Data/corr_sacc/padded/JITT2_padded.asc"
"98",2,56,3,38,1,6145912,6148372,2460,1,0,0,"C:/Data/corr_sacc/padded/JITT2_padded.asc"
"99",2,35,3,39,1,6346059,6349702,3643,0,0,1,"C:/Data/corr_sacc/padded/JITT2_padded.asc"
"100",2,58,2,40,1,6357560,6360844,3284,0,0,1,"C:/Data/corr_sacc/padded/JITT2_padded.asc"
"101",2,49,2,41,1,6381243,6383408,2165,0,0,1,"C:/Data/corr_sacc/padded/JITT2_padded.asc"
"102",2,43,2,42,1,6406670,6409057,2387,0,0,1,"C:/Data/corr_sacc/padded/JITT2_padded.asc"
"103",2,23,3,43,1,6416280,6418031,1751,0,0,1,"C:/Data/corr_sacc/padded/JITT2_padded.asc"
"104",2,37,2,44,1,6446216,6448153,1937,0,0,1,"C:/Data/corr_sacc/padded/JITT2_padded.asc"
"105",2,36,1,45,1,6453767,6456696,2929,0,0,1,"C:/Data/corr_sacc/padded/JITT2_padded.asc"
"106",2,52,2,46,1,6500932,6504191,3259,1,1,1,"C:/Data/corr_sacc/padded/JITT2_padded.asc"
"107",2,40,2,47,1,6551058,6553328,2270,0,0,1,"C:/Data/corr_sacc/padded/JITT2_padded.asc"
"108",2,29,3,48,1,6566481,6568868,2387,0,0,1,"C:/Data/corr_sacc/padded/JITT2_padded.asc"
"109",2,46,2,49,1,6588864,6590850,1986,1,1,1,"C:/Data/corr_sacc/padded/JITT2_padded.asc"
"110",2,54,1,50,1,6599109,6601136,2027,1,1,1,"C:/Data/corr_sacc/padded/JITT2_padded.asc"
"111",2,16,2,51,1,6652090,6655033,2943,1,1,1,"C:/Data/corr_sacc/padded/JITT2_padded.asc"
"112",2,14,3,52,1,6730366,6732081,1715,1,1,1,"C:/Data/corr_sacc/padded/JITT2_padded.asc"
"113",2,45,1,53,1,6747689,6749701,2012,0,1,0,"C:/Data/corr_sacc/padded/JITT2_padded.asc"
"114",2,55,2,54,1,6764830,6766658,1828,1,0,0,"C:/Data/corr_sacc/padded/JITT2_padded.asc"
"115",2,59,3,55,1,6773351,6775321,1970,0,0,1,"C:/Data/corr_sacc/padded/JITT2_padded.asc"
"116",2,7,2,56,1,6857642,6859530,1888,1,1,1,"C:/Data/corr_sacc/padded/JITT2_padded.asc"
"117",2,38,3,57,1,6867056,6869721,2665,0,0,1,"C:/Data/corr_sacc/padded/JITT2_padded.asc"
"118",2,48,1,58,1,6913597,6916187,2590,1,1,1,"C:/Data/corr_sacc/padded/JITT2_padded.asc"
"119",2,8,3,59,1,6940849,6942562,1713,1,1,1,"C:/Data/corr_sacc/padded/JITT2_padded.asc"
"120",2,28,2,60,1,6965383,6967308,1925,0,0,1,"C:/Data/corr_sacc/padded/JITT2_padded.asc"
"121",3,5,1,1,1,1533330,1536121,2791,1,1,1,"C:/Data/corr_sacc/padded/JITT3_padded.asc"
"122",3,4,3,2,1,1546608,1551777,5169,1,1,1,"C:/Data/corr_sacc/padded/JITT3_padded.asc"
"123",3,23,1,3,1,1640089,1642462,2373,0,0,1,"C:/Data/corr_sacc/padded/JITT3_padded.asc"
"124",3,27,2,4,1,1655098,1658543,3445,0,0,1,"C:/Data/corr_sacc/padded/JITT3_padded.asc"
"125",3,1,3,5,1,1671893,1675283,3390,1,1,1,"C:/Data/corr_sacc/padded/JITT3_padded.asc"
"126",3,12,2,6,1,1687843,1689987,2144,1,1,1,"C:/Data/corr_sacc/padded/JITT3_padded.asc"
"127",3,39,2,7,1,1700328,1703080,2752,0,0,1,"C:/Data/corr_sacc/padded/JITT3_padded.asc"
"128",3,59,1,8,1,1712166,1714815,2649,0,0,1,"C:/Data/corr_sacc/padded/JITT3_padded.asc"
"129",3,37,3,9,1,1729794,1732036,2242,0,0,1,"C:/Data/corr_sacc/padded/JITT3_padded.asc"
"130",3,60,2,10,1,1754826,1757654,2828,0,0,1,"C:/Data/corr_sacc/padded/JITT3_padded.asc"
"131",3,24,2,11,1,1843221,1844958,1737,0,0,1,"C:/Data/corr_sacc/padded/JITT3_padded.asc"
"132",3,13,3,12,1,1854488,1857116,2628,1,1,1,"C:/Data/corr_sacc/padded/JITT3_padded.asc"
"133",3,43,3,13,1,1879845,1881895,2050,0,0,1,"C:/Data/corr_sacc/padded/JITT3_padded.asc"
"134",3,28,3,14,1,1967770,1970570,2800,0,0,1,"C:/Data/corr_sacc/padded/JITT3_padded.asc"
"135",3,36,2,15,1,2010081,2012275,2194,0,0,1,"C:/Data/corr_sacc/padded/JITT3_padded.asc"
"136",3,8,1,16,1,2048920,2052145,3225,1,1,1,"C:/Data/corr_sacc/padded/JITT3_padded.asc"
"137",3,10,3,17,1,2090648,2094073,3425,1,1,1,"C:/Data/corr_sacc/padded/JITT3_padded.asc"
"138",3,14,1,18,1,2191765,2194604,2839,1,1,1,"C:/Data/corr_sacc/padded/JITT3_padded.asc"
"139",3,48,2,19,1,2392139,2399357,7218,1,0,0,"C:/Data/corr_sacc/padded/JITT3_padded.asc"
"140",3,47,1,20,1,2594710,2597498,2788,0,0,1,"C:/Data/corr_sacc/padded/JITT3_padded.asc"
"141",3,38,1,21,1,2608763,2610958,2195,0,0,1,"C:/Data/corr_sacc/padded/JITT3_padded.asc"
"142",3,56,1,22,1,2635586,2639180,3594,1,0,0,"C:/Data/corr_sacc/padded/JITT3_padded.asc"
"143",3,54,2,23,1,2663019,2666056,3037,1,1,1,"C:/Data/corr_sacc/padded/JITT3_padded.asc"
"144",3,35,1,24,1,2676990,2679687,2697,0,0,1,"C:/Data/corr_sacc/padded/JITT3_padded.asc"
"145",3,6,2,25,1,2810829,2815737,4908,1,1,1,"C:/Data/corr_sacc/padded/JITT3_padded.asc"
"146",3,52,3,26,1,2845534,2850145,4611,1,1,1,"C:/Data/corr_sacc/padded/JITT3_padded.asc"
"147",3,58,3,27,1,2861804,2864673,2869,0,0,1,"C:/Data/corr_sacc/padded/JITT3_padded.asc"
"148",3,7,3,28,1,2874392,2877219,2827,1,1,1,"C:/Data/corr_sacc/padded/JITT3_padded.asc"
"149",3,25,3,29,1,2905487,2907754,2267,0,0,1,"C:/Data/corr_sacc/padded/JITT3_padded.asc"
"150",3,3,2,30,1,2919448,2922620,3172,1,1,1,"C:/Data/corr_sacc/padded/JITT3_padded.asc"
"151",3,2,1,31,1,2978018,2981867,3849,1,1,1,"C:/Data/corr_sacc/padded/JITT3_padded.asc"
"152",3,50,1,32,1,3005764,3008836,3072,1,1,1,"C:/Data/corr_sacc/padded/JITT3_padded.asc"
"153",3,9,2,33,1,3041131,3043659,2528,1,1,1,"C:/Data/corr_sacc/padded/JITT3_padded.asc"
"154",3,34,3,34,1,3058491,3061019,2528,0,0,1,"C:/Data/corr_sacc/padded/JITT3_padded.asc"
"155",3,45,2,35,1,3100057,3103708,3651,0,0,1,"C:/Data/corr_sacc/padded/JITT3_padded.asc"
"156",3,29,1,36,1,3114970,3117114,2144,0,0,1,"C:/Data/corr_sacc/padded/JITT3_padded.asc"
"157",3,15,2,37,1,3135816,3139726,3910,1,1,1,"C:/Data/corr_sacc/padded/JITT3_padded.asc"
"158",3,19,3,38,1,3497138,3499657,2519,1,1,1,"C:/Data/corr_sacc/padded/JITT3_padded.asc"
"159",3,30,2,39,1,3577446,3579886,2440,0,0,1,"C:/Data/corr_sacc/padded/JITT3_padded.asc"
"160",3,53,1,40,1,3601499,3604068,2569,0,0,1,"C:/Data/corr_sacc/padded/JITT3_padded.asc"
"161",3,51,2,41,1,3612686,3617520,4834,0,1,0,"C:/Data/corr_sacc/padded/JITT3_padded.asc"
"162",3,49,3,42,1,3633669,3637801,4132,0,0,1,"C:/Data/corr_sacc/padded/JITT3_padded.asc"
"163",3,33,2,43,1,3660885,3662847,1962,0,0,1,"C:/Data/corr_sacc/padded/JITT3_padded.asc"
"164",3,40,3,44,1,3675266,3677505,2239,0,0,1,"C:/Data/corr_sacc/padded/JITT3_padded.asc"
"165",3,17,1,45,1,3807166,3810761,3595,1,1,1,"C:/Data/corr_sacc/padded/JITT3_padded.asc"
"166",3,26,1,46,1,3858203,3860909,2706,0,0,1,"C:/Data/corr_sacc/padded/JITT3_padded.asc"
"167",3,55,3,47,1,3886228,3889061,2833,1,0,0,"C:/Data/corr_sacc/padded/JITT3_padded.asc"
"168",3,20,1,48,1,3901324,3904204,2880,1,0,0,"C:/Data/corr_sacc/padded/JITT3_padded.asc"
"169",3,44,1,49,1,3999325,4004482,5157,1,0,0,"C:/Data/corr_sacc/padded/JITT3_padded.asc"
"170",3,46,3,50,1,4017299,4022477,5178,1,0,0,"C:/Data/corr_sacc/padded/JITT3_padded.asc"
"171",3,41,1,51,1,4058402,4060829,2427,0,0,1,"C:/Data/corr_sacc/padded/JITT3_padded.asc"
"172",3,18,2,52,1,4074396,4077008,2612,1,1,1,"C:/Data/corr_sacc/padded/JITT3_padded.asc"
"173",3,11,1,53,1,4086180,4090151,3971,1,1,1,"C:/Data/corr_sacc/padded/JITT3_padded.asc"
"174",3,32,1,54,1,4140944,4144551,3607,0,0,1,"C:/Data/corr_sacc/padded/JITT3_padded.asc"
"175",3,42,2,55,1,4163883,4168254,4371,1,0,0,"C:/Data/corr_sacc/padded/JITT3_padded.asc"
"176",3,22,3,56,1,4247361,4250631,3270,0,0,1,"C:/Data/corr_sacc/padded/JITT3_padded.asc"
"177",3,21,2,57,1,4261619,4268159,6540,0,0,1,"C:/Data/corr_sacc/padded/JITT3_padded.asc"
"178",3,16,3,58,1,4348058,4350484,2426,1,1,1,"C:/Data/corr_sacc/padded/JITT3_padded.asc"
"179",3,57,2,59,1,4387236,4390568,3332,1,0,0,"C:/Data/corr_sacc/padded/JITT3_padded.asc"
"180",3,31,3,60,1,4405683,4408908,3225,0,0,1,"C:/Data/corr_sacc/padded/JITT3_padded.asc"
"181",4,2,2,1,1,5606283,5609579,3296,1,1,1,"C:/Data/corr_sacc/padded/JITT4_padded.asc"
"182",4,48,3,2,1,5684060,5687750,3690,1,1,1,"C:/Data/corr_sacc/padded/JITT4_padded.asc"
"183",4,10,1,3,1,5754913,5760495,5582,1,1,1,"C:/Data/corr_sacc/padded/JITT4_padded.asc"
"184",4,27,3,4,1,5770997,5773400,2403,0,0,1,"C:/Data/corr_sacc/padded/JITT4_padded.asc"
"185",4,57,3,5,1,5869841,5881102,11261,1,0,0,"C:/Data/corr_sacc/padded/JITT4_padded.asc"
"186",4,43,1,6,1,5891742,5894943,3201,0,0,1,"C:/Data/corr_sacc/padded/JITT4_padded.asc"
"187",4,1,1,7,1,5918806,5922313,3507,1,1,1,"C:/Data/corr_sacc/padded/JITT4_padded.asc"
"188",4,54,3,8,1,5931668,5934528,2860,1,1,1,"C:/Data/corr_sacc/padded/JITT4_padded.asc"
"189",4,7,1,9,1,5959801,5962507,2706,1,1,1,"C:/Data/corr_sacc/padded/JITT4_padded.asc"
"190",4,45,3,10,1,5996329,5998829,2500,0,0,1,"C:/Data/corr_sacc/padded/JITT4_padded.asc"
"191",4,18,3,11,1,6016091,6018919,2828,1,1,1,"C:/Data/corr_sacc/padded/JITT4_padded.asc"
"192",4,26,2,12,1,6032788,6035218,2430,0,0,1,"C:/Data/corr_sacc/padded/JITT4_padded.asc"
"193",4,35,2,13,1,6119030,6121392,2362,0,0,1,"C:/Data/corr_sacc/padded/JITT4_padded.asc"
"194",4,24,3,14,1,6153366,6156586,3220,0,0,1,"C:/Data/corr_sacc/padded/JITT4_padded.asc"
"195",4,23,2,15,1,6186471,6188616,2145,0,0,1,"C:/Data/corr_sacc/padded/JITT4_padded.asc"
"196",4,33,3,16,1,6210952,6212681,1729,0,0,1,"C:/Data/corr_sacc/padded/JITT4_padded.asc"
"197",4,5,2,17,1,6256074,6259139,3065,1,1,1,"C:/Data/corr_sacc/padded/JITT4_padded.asc"
"198",4,36,3,18,1,6298216,6300563,2347,0,0,1,"C:/Data/corr_sacc/padded/JITT4_padded.asc"
"199",4,44,2,19,1,6322019,6325483,3464,1,1,1,"C:/Data/corr_sacc/padded/JITT4_padded.asc"
"200",4,42,3,20,1,6530653,6532743,2090,1,1,1,"C:/Data/corr_sacc/padded/JITT4_padded.asc"
"201",4,8,2,21,1,6564659,6566727,2068,1,1,1,"C:/Data/corr_sacc/padded/JITT4_padded.asc"
"202",4,31,1,22,1,6576629,6578591,1962,0,0,1,"C:/Data/corr_sacc/padded/JITT4_padded.asc"
"203",4,39,3,23,1,6701984,6704855,2871,0,0,1,"C:/Data/corr_sacc/padded/JITT4_padded.asc"
"204",4,3,3,24,1,6726858,6730694,3836,1,1,1,"C:/Data/corr_sacc/padded/JITT4_padded.asc"
"205",4,4,1,25,1,6741996,6744455,2459,1,1,1,"C:/Data/corr_sacc/padded/JITT4_padded.asc"
"206",4,46,1,26,1,6785373,6787746,2373,1,1,1,"C:/Data/corr_sacc/padded/JITT4_padded.asc"
"207",4,59,2,27,1,6858109,6860297,2188,0,0,1,"C:/Data/corr_sacc/padded/JITT4_padded.asc"
"208",4,30,3,28,1,6893546,6896565,3019,0,0,1,"C:/Data/corr_sacc/padded/JITT4_padded.asc"
"209",4,58,1,29,1,6903074,6905497,2423,0,0,1,"C:/Data/corr_sacc/padded/JITT4_padded.asc"
"210",4,34,1,30,1,6942310,6944745,2435,0,0,1,"C:/Data/corr_sacc/padded/JITT4_padded.asc"
"211",4,56,2,31,1,6951032,6953490,2458,1,0,0,"C:/Data/corr_sacc/padded/JITT4_padded.asc"
"212",4,6,3,32,1,6964472,6966715,2243,1,1,1,"C:/Data/corr_sacc/padded/JITT4_padded.asc"
"213",4,52,1,33,1,6978685,6984695,6010,1,1,1,"C:/Data/corr_sacc/padded/JITT4_padded.asc"
"214",4,29,2,34,1,7216018,7218012,1994,0,0,1,"C:/Data/corr_sacc/padded/JITT4_padded.asc"
"215",4,51,3,35,1,7234652,7238108,3456,0,0,1,"C:/Data/corr_sacc/padded/JITT4_padded.asc"
"216",4,50,2,36,1,7282138,7285904,3766,1,1,1,"C:/Data/corr_sacc/padded/JITT4_padded.asc"
"217",4,55,1,37,1,7300872,7302694,1822,1,0,0,"C:/Data/corr_sacc/padded/JITT4_padded.asc"
"218",4,14,2,38,1,7310284,7312717,2433,1,1,1,"C:/Data/corr_sacc/padded/JITT4_padded.asc"
"219",4,11,2,39,1,7322727,7325118,2391,1,1,1,"C:/Data/corr_sacc/padded/JITT4_padded.asc"
"220",4,13,1,40,1,7367289,7369414,2125,1,1,1,"C:/Data/corr_sacc/padded/JITT4_padded.asc"
"221",4,53,2,41,1,7375940,7378245,2305,0,0,1,"C:/Data/corr_sacc/padded/JITT4_padded.asc"
"222",4,21,3,42,1,7401924,7404581,2657,0,0,1,"C:/Data/corr_sacc/padded/JITT4_padded.asc"
"223",4,38,2,43,1,7813472,7815559,2087,0,0,1,"C:/Data/corr_sacc/padded/JITT4_padded.asc"
"224",4,19,1,44,1,7864677,7867410,2733,1,1,1,"C:/Data/corr_sacc/padded/JITT4_padded.asc"
"225",4,41,2,45,1,7900417,7902827,2410,0,0,1,"C:/Data/corr_sacc/padded/JITT4_padded.asc"
"226",4,22,1,46,1,7912676,7915463,2787,0,0,1,"C:/Data/corr_sacc/padded/JITT4_padded.asc"
"227",4,20,2,47,1,7987578,7990172,2594,1,1,1,"C:/Data/corr_sacc/padded/JITT4_padded.asc"
"228",4,60,3,48,1,7996884,7999527,2643,0,0,1,"C:/Data/corr_sacc/padded/JITT4_padded.asc"
"229",4,40,1,49,1,8010635,8012908,2273,0,0,1,"C:/Data/corr_sacc/padded/JITT4_padded.asc"
"230",4,15,3,50,1,8237779,8239900,2121,1,1,1,"C:/Data/corr_sacc/padded/JITT4_padded.asc"
"231",4,47,2,51,1,8261344,8264575,3231,0,0,1,"C:/Data/corr_sacc/padded/JITT4_padded.asc"
"232",4,17,2,52,1,8365023,8367400,2377,1,1,1,"C:/Data/corr_sacc/padded/JITT4_padded.asc"
"233",4,37,1,53,1,8374262,8375972,1710,0,0,1,"C:/Data/corr_sacc/padded/JITT4_padded.asc"
"234",4,12,3,54,1,8383257,8386399,3142,1,1,1,"C:/Data/corr_sacc/padded/JITT4_padded.asc"
"235",4,9,3,55,1,8410397,8412514,2117,1,1,1,"C:/Data/corr_sacc/padded/JITT4_padded.asc"
"236",4,16,1,56,1,8444777,8447193,2416,1,1,1,"C:/Data/corr_sacc/padded/JITT4_padded.asc"
"237",4,32,2,57,1,8454510,8456409,1899,0,0,1,"C:/Data/corr_sacc/padded/JITT4_padded.asc"
"238",4,28,1,58,1,8467276,8469433,2157,0,0,1,"C:/Data/corr_sacc/padded/JITT4_padded.asc"
"239",4,49,1,59,1,8487502,8490181,2679,0,0,1,"C:/Data/corr_sacc/padded/JITT4_padded.asc"
"240",4,25,1,60,1,8498101,8499993,1892,0,0,1,"C:/Data/corr_sacc/padded/JITT4_padded.asc"
"241",5,39,1,1,1,9244962,9247177,2215,0,0,1,"C:/Data/corr_sacc/padded/JITT5_padded.asc"
"242",5,4,2,2,1,9278854,9281138,2284,1,1,1,"C:/Data/corr_sacc/padded/JITT5_padded.asc"
"243",5,15,1,3,1,9299004,9301117,2113,1,1,1,"C:/Data/corr_sacc/padded/JITT5_padded.asc"
"244",5,50,3,4,1,9315205,9317786,2581,1,1,1,"C:/Data/corr_sacc/padded/JITT5_padded.asc"
"245",5,26,3,5,1,9338655,9340483,1828,0,0,1,"C:/Data/corr_sacc/padded/JITT5_padded.asc"
"246",5,34,2,6,1,9360826,9363650,2824,0,0,1,"C:/Data/corr_sacc/padded/JITT5_padded.asc"
"247",5,60,1,7,1,9370251,9372135,1884,0,0,1,"C:/Data/corr_sacc/padded/JITT5_padded.asc"
"248",5,32,3,8,1,9406278,9408273,1995,0,0,1,"C:/Data/corr_sacc/padded/JITT5_padded.asc"
"249",5,35,3,9,1,9415031,9416724,1693,0,0,1,"C:/Data/corr_sacc/padded/JITT5_padded.asc"
"250",5,18,1,10,1,9446271,9448259,1988,1,1,1,"C:/Data/corr_sacc/padded/JITT5_padded.asc"
"251",5,41,3,11,1,9460401,9462187,1786,0,0,1,"C:/Data/corr_sacc/padded/JITT5_padded.asc"
"252",5,54,1,12,1,9476806,9478800,1994,1,1,1,"C:/Data/corr_sacc/padded/JITT5_padded.asc"
"253",5,33,1,13,1,9485314,9486684,1370,0,0,1,"C:/Data/corr_sacc/padded/JITT5_padded.asc"
"254",5,2,3,14,1,9500847,9502970,2123,1,1,1,"C:/Data/corr_sacc/padded/JITT5_padded.asc"
"255",5,56,3,15,1,9509074,9511667,2593,1,0,0,"C:/Data/corr_sacc/padded/JITT5_padded.asc"
"256",5,46,2,16,1,9519392,9521180,1788,1,1,1,"C:/Data/corr_sacc/padded/JITT5_padded.asc"
"257",5,43,2,17,1,9527247,9528739,1492,0,0,1,"C:/Data/corr_sacc/padded/JITT5_padded.asc"
"258",5,38,3,18,1,9543145,9544650,1505,0,0,1,"C:/Data/corr_sacc/padded/JITT5_padded.asc"
"259",5,58,2,19,1,9557799,9559637,1838,0,0,1,"C:/Data/corr_sacc/padded/JITT5_padded.asc"
"260",5,29,3,20,1,9585985,9587764,1779,0,0,1,"C:/Data/corr_sacc/padded/JITT5_padded.asc"
"261",5,5,3,21,1,9835888,9837667,1779,1,1,1,"C:/Data/corr_sacc/padded/JITT5_padded.asc"
"262",5,3,1,22,1,9851178,9853118,1940,1,1,1,"C:/Data/corr_sacc/padded/JITT5_padded.asc"
"263",5,16,2,23,1,9866548,9868679,2131,1,1,1,"C:/Data/corr_sacc/padded/JITT5_padded.asc"
"264",5,6,1,24,1,9901766,9903504,1738,1,1,1,"C:/Data/corr_sacc/padded/JITT5_padded.asc"
"265",5,8,3,25,1,9909665,9911406,1741,1,1,1,"C:/Data/corr_sacc/padded/JITT5_padded.asc"
"266",5,51,1,26,1,9949279,9951161,1882,0,0,1,"C:/Data/corr_sacc/padded/JITT5_padded.asc"
"267",5,13,2,27,1,9983531,9985400,1869,1,1,1,"C:/Data/corr_sacc/padded/JITT5_padded.asc"
"268",5,53,3,28,1,10024364,10026105,1741,0,0,1,"C:/Data/corr_sacc/padded/JITT5_padded.asc"
"269",5,30,1,29,1,10032837,10034579,1742,0,0,1,"C:/Data/corr_sacc/padded/JITT5_padded.asc"
"270",5,10,2,30,1,10042338,10044281,1943,1,1,1,"C:/Data/corr_sacc/padded/JITT5_padded.asc"
"271",5,40,2,31,1,10069733,10071290,1557,0,0,1,"C:/Data/corr_sacc/padded/JITT5_padded.asc"
"272",5,7,2,32,1,10077605,10079448,1843,1,1,1,"C:/Data/corr_sacc/padded/JITT5_padded.asc"
"273",5,19,2,33,1,10085416,10087032,1616,1,1,1,"C:/Data/corr_sacc/padded/JITT5_padded.asc"
"274",5,47,3,34,1,10094278,10096465,2187,0,0,1,"C:/Data/corr_sacc/padded/JITT5_padded.asc"
"275",5,11,3,35,1,10105148,10106978,1830,1,1,1,"C:/Data/corr_sacc/padded/JITT5_padded.asc"
"276",5,21,1,36,1,10133485,10135361,1876,0,0,1,"C:/Data/corr_sacc/padded/JITT5_padded.asc"
"277",5,45,1,37,1,10148416,10149993,1577,0,0,1,"C:/Data/corr_sacc/padded/JITT5_padded.asc"
"278",5,36,1,38,1,10196822,10198532,1710,0,0,1,"C:/Data/corr_sacc/padded/JITT5_padded.asc"
"279",5,20,3,39,1,10216467,10218174,1707,1,1,1,"C:/Data/corr_sacc/padded/JITT5_padded.asc"
"280",5,48,1,40,1,10238952,10241050,2098,1,1,1,"C:/Data/corr_sacc/padded/JITT5_padded.asc"
"281",5,24,1,41,1,10275930,10277390,1460,0,0,1,"C:/Data/corr_sacc/padded/JITT5_padded.asc"
"282",5,9,1,42,1,10472229,10474684,2455,1,1,1,"C:/Data/corr_sacc/padded/JITT5_padded.asc"
"283",5,25,2,43,1,10529587,10531470,1883,0,0,1,"C:/Data/corr_sacc/padded/JITT5_padded.asc"
"284",5,44,3,44,1,10557072,10559518,2446,1,1,1,"C:/Data/corr_sacc/padded/JITT5_padded.asc"
"285",5,37,2,45,1,10567322,10569045,1723,0,0,1,"C:/Data/corr_sacc/padded/JITT5_padded.asc"
"286",5,22,2,46,1,10583329,10585376,2047,0,0,1,"C:/Data/corr_sacc/padded/JITT5_padded.asc"
"287",5,57,1,47,1,10608591,10610511,1920,1,0,0,"C:/Data/corr_sacc/padded/JITT5_padded.asc"
"288",5,12,1,48,1,10624978,10626823,1845,1,1,1,"C:/Data/corr_sacc/padded/JITT5_padded.asc"
"289",5,59,3,49,1,10639106,10640870,1764,0,0,1,"C:/Data/corr_sacc/padded/JITT5_padded.asc"
"290",5,49,2,50,1,10653383,10656215,2832,0,0,1,"C:/Data/corr_sacc/padded/JITT5_padded.asc"
"291",5,17,3,51,1,10671011,10672545,1534,1,1,1,"C:/Data/corr_sacc/padded/JITT5_padded.asc"
"292",5,28,2,52,1,10683877,10685678,1801,0,0,1,"C:/Data/corr_sacc/padded/JITT5_padded.asc"
"293",5,42,1,53,1,10697126,10698983,1857,1,1,1,"C:/Data/corr_sacc/padded/JITT5_padded.asc"
"294",5,31,2,54,1,10711355,10712734,1379,0,0,1,"C:/Data/corr_sacc/padded/JITT5_padded.asc"
"295",5,1,2,55,1,10746619,10748871,2252,1,1,1,"C:/Data/corr_sacc/padded/JITT5_padded.asc"
"296",5,52,2,56,1,10755837,10758344,2507,1,1,1,"C:/Data/corr_sacc/padded/JITT5_padded.asc"
"297",5,55,2,57,1,10835720,10837159,1439,1,0,0,"C:/Data/corr_sacc/padded/JITT5_padded.asc"
"298",5,27,1,58,1,10858617,10859993,1376,0,0,1,"C:/Data/corr_sacc/padded/JITT5_padded.asc"
"299",5,14,3,59,1,10873956,10875844,1888,1,1,1,"C:/Data/corr_sacc/padded/JITT5_padded.asc"
"300",5,23,3,60,1,10898268,10899873,1605,0,0,1,"C:/Data/corr_sacc/padded/JITT5_padded.asc"
"301",6,19,3,1,1,13470214,13473600,3386,1,1,1,"C:/Data/corr_sacc/padded/JITT6_padded.asc"
"302",6,52,3,2,1,13486458,13491923,5465,1,1,1,"C:/Data/corr_sacc/padded/JITT6_padded.asc"
"303",6,5,1,3,1,13579557,13584906,5349,1,1,1,"C:/Data/corr_sacc/padded/JITT6_padded.asc"
"304",6,57,2,4,1,13786507,13791395,4888,1,1,1,"C:/Data/corr_sacc/padded/JITT6_padded.asc"
"305",6,3,2,5,1,13935444,13940921,5477,1,1,1,"C:/Data/corr_sacc/padded/JITT6_padded.asc"
"306",6,1,3,6,1,14038540,14041339,2799,1,1,1,"C:/Data/corr_sacc/padded/JITT6_padded.asc"
"307",6,14,1,7,1,14143045,14146377,3332,1,1,1,"C:/Data/corr_sacc/padded/JITT6_padded.asc"
"308",6,30,2,8,1,14160683,14164002,3319,0,0,1,"C:/Data/corr_sacc/padded/JITT6_padded.asc"
"309",6,40,3,9,1,14264689,14267029,2340,0,0,1,"C:/Data/corr_sacc/padded/JITT6_padded.asc"
"310",6,8,1,10,1,14373240,14375751,2511,1,1,1,"C:/Data/corr_sacc/padded/JITT6_padded.asc"
"311",6,13,3,11,1,14448421,14450981,2560,1,1,1,"C:/Data/corr_sacc/padded/JITT6_padded.asc"
"312",6,17,1,12,1,14609826,14612790,2964,1,1,1,"C:/Data/corr_sacc/padded/JITT6_padded.asc"
"313",6,10,3,13,1,14655781,14658941,3160,1,1,1,"C:/Data/corr_sacc/padded/JITT6_padded.asc"
"314",6,50,1,14,1,14723074,14725982,2908,1,1,1,"C:/Data/corr_sacc/padded/JITT6_padded.asc"
"315",6,6,2,15,1,14797622,14799751,2129,1,1,1,"C:/Data/corr_sacc/padded/JITT6_padded.asc"
"316",6,54,2,16,1,14808036,14810623,2587,1,1,1,"C:/Data/corr_sacc/padded/JITT6_padded.asc"
"317",6,39,2,17,1,14849390,14851998,2608,0,0,1,"C:/Data/corr_sacc/padded/JITT6_padded.asc"
"318",6,32,1,18,1,14875988,14878994,3006,0,0,1,"C:/Data/corr_sacc/padded/JITT6_padded.asc"
"319",6,25,3,19,1,14938245,14941381,3136,0,0,1,"C:/Data/corr_sacc/padded/JITT6_padded.asc"
"320",6,22,3,20,1,14960968,14963225,2257,0,0,1,"C:/Data/corr_sacc/padded/JITT6_padded.asc"
"321",6,60,2,21,1,14979608,14982018,2410,0,0,1,"C:/Data/corr_sacc/padded/JITT6_padded.asc"
"322",6,55,3,22,1,15155152,15157061,1909,1,0,0,"C:/Data/corr_sacc/padded/JITT6_padded.asc"
"323",6,21,2,23,1,15168753,15172558,3805,0,0,1,"C:/Data/corr_sacc/padded/JITT6_padded.asc"
"324",6,23,1,24,1,15202838,15204965,2127,0,0,1,"C:/Data/corr_sacc/padded/JITT6_padded.asc"
"325",6,37,3,25,1,15228700,15231548,2848,0,0,1,"C:/Data/corr_sacc/padded/JITT6_padded.asc"
"326",6,36,2,26,1,15251253,15253885,2632,0,0,1,"C:/Data/corr_sacc/padded/JITT6_padded.asc"
"327",6,53,1,27,1,15268947,15271247,2300,0,0,1,"C:/Data/corr_sacc/padded/JITT6_padded.asc"
"328",6,35,1,28,1,15389670,15392230,2560,0,0,1,"C:/Data/corr_sacc/padded/JITT6_padded.asc"
"329",6,7,3,29,1,15510705,15514583,3878,1,1,1,"C:/Data/corr_sacc/padded/JITT6_padded.asc"
"330",6,56,1,30,1,15522492,15525761,3269,1,0,0,"C:/Data/corr_sacc/padded/JITT6_padded.asc"
"331",6,16,3,31,1,15557868,15560256,2388,1,1,1,"C:/Data/corr_sacc/padded/JITT6_padded.asc"
"332",6,51,2,32,1,15745448,15747596,2148,0,0,1,"C:/Data/corr_sacc/padded/JITT6_padded.asc"
"333",6,2,1,33,1,15756688,15759409,2721,1,1,1,"C:/Data/corr_sacc/padded/JITT6_padded.asc"
"334",6,49,3,34,1,15787459,15790556,3097,0,0,1,"C:/Data/corr_sacc/padded/JITT6_padded.asc"
"335",6,29,1,35,1,15881896,15884356,2460,0,0,1,"C:/Data/corr_sacc/padded/JITT6_padded.asc"
"336",6,34,3,36,1,16376536,16380800,4264,0,0,1,"C:/Data/corr_sacc/padded/JITT6_padded.asc"
"337",6,31,3,37,1,16392506,16396507,4001,0,0,1,"C:/Data/corr_sacc/padded/JITT6_padded.asc"
"338",6,47,1,38,1,16403736,16406882,3146,0,0,1,"C:/Data/corr_sacc/padded/JITT6_padded.asc"
"339",6,46,3,39,1,16426335,16428913,2578,1,1,1,"C:/Data/corr_sacc/padded/JITT6_padded.asc"
"340",6,15,2,40,1,16538842,16541410,2568,1,1,1,"C:/Data/corr_sacc/padded/JITT6_padded.asc"
"341",6,41,1,41,1,16551342,16553669,2327,0,0,1,"C:/Data/corr_sacc/padded/JITT6_padded.asc"
"342",6,33,2,42,1,16575646,16578627,2981,0,0,1,"C:/Data/corr_sacc/padded/JITT6_padded.asc"
"343",6,4,3,43,1,16585614,16588201,2587,1,1,1,"C:/Data/corr_sacc/padded/JITT6_padded.asc"
"344",6,38,1,44,1,16608158,16611012,2854,0,0,1,"C:/Data/corr_sacc/padded/JITT6_padded.asc"
"345",6,58,3,45,1,16641186,16643530,2344,0,0,1,"C:/Data/corr_sacc/padded/JITT6_padded.asc"
"346",6,28,3,46,1,16662789,16665078,2289,0,0,1,"C:/Data/corr_sacc/padded/JITT6_padded.asc"
"347",6,9,2,47,1,16672081,16675259,3178,1,1,1,"C:/Data/corr_sacc/padded/JITT6_padded.asc"
"348",6,44,1,48,1,16721151,16723731,2580,1,1,1,"C:/Data/corr_sacc/padded/JITT6_padded.asc"
"349",6,42,2,49,1,16732709,16734980,2271,1,1,1,"C:/Data/corr_sacc/padded/JITT6_padded.asc"
"350",6,45,2,50,1,16782377,16785316,2939,0,0,1,"C:/Data/corr_sacc/padded/JITT6_padded.asc"
"351",6,12,2,51,1,16792843,16795316,2473,1,1,1,"C:/Data/corr_sacc/padded/JITT6_padded.asc"
"352",6,24,2,52,1,16804446,16806281,1835,0,0,1,"C:/Data/corr_sacc/padded/JITT6_padded.asc"
"353",6,26,1,53,1,16814064,16816268,2204,0,0,1,"C:/Data/corr_sacc/padded/JITT6_padded.asc"
"354",6,43,3,54,1,16839117,16841229,2112,0,0,1,"C:/Data/corr_sacc/padded/JITT6_padded.asc"
"355",6,18,2,55,1,16857368,16859703,2335,1,1,1,"C:/Data/corr_sacc/padded/JITT6_padded.asc"
"356",6,48,2,56,1,16891912,16894261,2349,1,1,1,"C:/Data/corr_sacc/padded/JITT6_padded.asc"
"357",6,11,1,57,1,16901435,16903501,2066,1,1,1,"C:/Data/corr_sacc/padded/JITT6_padded.asc"
"358",6,59,1,58,1,16910406,16914949,4543,0,0,1,"C:/Data/corr_sacc/padded/JITT6_padded.asc"
"359",6,27,2,59,1,16935860,16938035,2175,0,0,1,"C:/Data/corr_sacc/padded/JITT6_padded.asc"
"360",6,20,1,60,1,17005369,17007758,2389,1,1,1,"C:/Data/corr_sacc/padded/JITT6_padded.asc"
"361",7,41,2,1,1,17267027,17269481,2454,0,0,1,"C:/Data/corr_sacc/padded/JITT7_padded.asc"
"362",7,25,1,2,1,17290974,17294779,3805,0,0,1,"C:/Data/corr_sacc/padded/JITT7_padded.asc"
"363",7,14,2,3,1,17301668,17303531,1863,1,1,1,"C:/Data/corr_sacc/padded/JITT7_padded.asc"
"364",7,21,3,4,1,17324028,17327077,3049,0,0,1,"C:/Data/corr_sacc/padded/JITT7_padded.asc"
"365",7,11,2,5,1,17333854,17336545,2691,1,1,1,"C:/Data/corr_sacc/padded/JITT7_padded.asc"
"366",7,44,2,6,1,17345235,17347771,2536,1,1,1,"C:/Data/corr_sacc/padded/JITT7_padded.asc"
"367",7,42,3,7,1,17424906,17427250,2344,1,1,1,"C:/Data/corr_sacc/padded/JITT7_padded.asc"
"368",7,48,3,8,1,17443304,17445381,2077,1,1,1,"C:/Data/corr_sacc/padded/JITT7_padded.asc"
"369",7,46,1,9,1,17453780,17456399,2619,1,1,1,"C:/Data/corr_sacc/padded/JITT7_padded.asc"
"370",7,8,2,10,1,17476537,17479387,2850,1,1,1,"C:/Data/corr_sacc/padded/JITT7_padded.asc"
"371",7,43,1,11,1,17585979,17588085,2106,0,0,1,"C:/Data/corr_sacc/padded/JITT7_padded.asc"
"372",7,51,3,12,1,17621508,17623473,1965,0,0,1,"C:/Data/corr_sacc/padded/JITT7_padded.asc"
"373",7,40,1,13,1,17634238,17636238,2000,0,0,1,"C:/Data/corr_sacc/padded/JITT7_padded.asc"
"374",7,57,3,14,1,17687812,17691628,3816,1,0,0,"C:/Data/corr_sacc/padded/JITT7_padded.asc"
"375",7,60,3,15,1,17726904,17729167,2263,0,0,1,"C:/Data/corr_sacc/padded/JITT7_padded.asc"
"376",7,16,1,16,1,17751013,17752866,1853,1,1,1,"C:/Data/corr_sacc/padded/JITT7_padded.asc"
"377",7,50,2,17,1,17796906,17799205,2299,1,1,1,"C:/Data/corr_sacc/padded/JITT7_padded.asc"
"378",7,38,2,18,1,17883371,17885739,2368,0,0,1,"C:/Data/corr_sacc/padded/JITT7_padded.asc"
"379",7,23,2,19,1,17897397,17899991,2594,0,0,1,"C:/Data/corr_sacc/padded/JITT7_padded.asc"
"380",7,59,2,20,1,17924665,17927151,2486,0,0,1,"C:/Data/corr_sacc/padded/JITT7_padded.asc"
"381",7,24,3,21,1,17935879,17938119,2240,0,0,1,"C:/Data/corr_sacc/padded/JITT7_padded.asc"
"382",7,12,3,22,1,17947289,17949440,2151,1,1,1,"C:/Data/corr_sacc/padded/JITT7_padded.asc"
"383",7,54,3,23,1,17985800,17988656,2856,1,1,1,"C:/Data/corr_sacc/padded/JITT7_padded.asc"
"384",7,6,3,24,1,17996395,17998536,2141,1,1,1,"C:/Data/corr_sacc/padded/JITT7_padded.asc"
"385",7,55,1,25,1,18056350,18058167,1817,1,0,0,"C:/Data/corr_sacc/padded/JITT7_padded.asc"
"386",7,13,1,26,1,18069309,18071369,2060,1,1,1,"C:/Data/corr_sacc/padded/JITT7_padded.asc"
"387",7,39,3,27,1,18085370,18088073,2703,0,0,1,"C:/Data/corr_sacc/padded/JITT7_padded.asc"
"388",7,35,2,28,1,18104779,18106919,2140,0,0,1,"C:/Data/corr_sacc/padded/JITT7_padded.asc"
"389",7,26,2,29,1,18181885,18184329,2444,0,0,1,"C:/Data/corr_sacc/padded/JITT7_padded.asc"
"390",7,53,2,30,1,18238099,18239668,1569,0,0,1,"C:/Data/corr_sacc/padded/JITT7_padded.asc"
"391",7,15,3,31,1,18246982,18249161,2179,1,1,1,"C:/Data/corr_sacc/padded/JITT7_padded.asc"
"392",7,34,1,32,1,18275776,18278538,2762,0,0,1,"C:/Data/corr_sacc/padded/JITT7_padded.asc"
"393",7,58,1,33,1,18284894,18288207,3313,0,0,1,"C:/Data/corr_sacc/padded/JITT7_padded.asc"
"394",7,36,3,34,1,18310796,18313289,2493,0,0,1,"C:/Data/corr_sacc/padded/JITT7_padded.asc"
"395",7,27,3,35,1,18398719,18400963,2244,0,0,1,"C:/Data/corr_sacc/padded/JITT7_padded.asc"
"396",7,4,1,36,1,18413729,18417332,3603,1,1,1,"C:/Data/corr_sacc/padded/JITT7_padded.asc"
"397",7,33,3,37,1,18422890,18425000,2110,0,0,1,"C:/Data/corr_sacc/padded/JITT7_padded.asc"
"398",7,22,1,38,1,18472236,18475636,3400,0,0,1,"C:/Data/corr_sacc/padded/JITT7_padded.asc"
"399",7,19,1,39,1,18493884,18496253,2369,1,1,1,"C:/Data/corr_sacc/padded/JITT7_padded.asc"
"400",7,1,1,40,1,18505316,18508020,2704,1,1,1,"C:/Data/corr_sacc/padded/JITT7_padded.asc"
"401",7,20,2,41,1,18606675,18608486,1811,1,1,1,"C:/Data/corr_sacc/padded/JITT7_padded.asc"
"402",7,9,3,42,1,18618171,18620390,2219,1,1,1,"C:/Data/corr_sacc/padded/JITT7_padded.asc"
"403",7,45,3,43,1,18647480,18649322,1842,0,0,1,"C:/Data/corr_sacc/padded/JITT7_padded.asc"
"404",7,3,3,44,1,18665221,18667018,1797,1,1,1,"C:/Data/corr_sacc/padded/JITT7_padded.asc"
"405",7,2,2,45,1,18728903,18731126,2223,1,1,1,"C:/Data/corr_sacc/padded/JITT7_padded.asc"
"406",7,28,1,46,1,18845637,18848319,2682,0,0,1,"C:/Data/corr_sacc/padded/JITT7_padded.asc"
"407",7,32,2,47,1,18856321,18860976,4655,0,0,1,"C:/Data/corr_sacc/padded/JITT7_padded.asc"
"408",7,30,3,48,1,18897410,18899429,2019,0,0,1,"C:/Data/corr_sacc/padded/JITT7_padded.asc"
"409",7,47,2,49,1,18907660,18912842,5182,0,1,0,"C:/Data/corr_sacc/padded/JITT7_padded.asc"
"410",7,29,2,50,1,18920481,18923418,2937,0,0,1,"C:/Data/corr_sacc/padded/JITT7_padded.asc"
"411",7,17,2,51,1,18930967,18932705,1738,1,1,1,"C:/Data/corr_sacc/padded/JITT7_padded.asc"
"412",7,10,1,52,1,18942111,18944289,2178,1,1,1,"C:/Data/corr_sacc/padded/JITT7_padded.asc"
"413",7,56,2,53,1,19010314,19020763,10449,1,0,0,"C:/Data/corr_sacc/padded/JITT7_padded.asc"
"414",7,5,2,54,1,19034944,19037573,2629,1,1,1,"C:/Data/corr_sacc/padded/JITT7_padded.asc"
"415",7,7,1,55,1,19086506,19089168,2662,1,1,1,"C:/Data/corr_sacc/padded/JITT7_padded.asc"
"416",7,37,1,56,1,19103063,19104748,1685,0,0,1,"C:/Data/corr_sacc/padded/JITT7_padded.asc"
"417",7,52,1,57,1,19112455,19114987,2532,1,1,1,"C:/Data/corr_sacc/padded/JITT7_padded.asc"
"418",7,31,1,58,1,19132523,19134267,1744,0,0,1,"C:/Data/corr_sacc/padded/JITT7_padded.asc"
"419",7,18,3,59,1,19149447,19154243,4796,1,1,1,"C:/Data/corr_sacc/padded/JITT7_padded.asc"
"420",7,49,1,60,1,19219251,19221773,2522,0,0,1,"C:/Data/corr_sacc/padded/JITT7_padded.asc"
"421",8,6,1,1,1,3866929,3868501,1572,1,1,1,"C:/Data/corr_sacc/padded/JITT8_padded.asc"
"422",8,59,3,2,1,3882226,3884637,2411,0,0,1,"C:/Data/corr_sacc/padded/JITT8_padded.asc"
"423",8,20,3,3,1,3896679,3898057,1378,1,1,1,"C:/Data/corr_sacc/padded/JITT8_padded.asc"
"424",8,28,2,4,1,3922584,3924900,2316,0,0,1,"C:/Data/corr_sacc/padded/JITT8_padded.asc"
"425",8,3,1,5,1,3931932,3933345,1413,1,1,1,"C:/Data/corr_sacc/padded/JITT8_padded.asc"
"426",8,42,1,6,1,3941356,3943428,2072,1,1,1,"C:/Data/corr_sacc/padded/JITT8_padded.asc"
"427",8,48,1,7,1,3959454,3961542,2088,1,1,1,"C:/Data/corr_sacc/padded/JITT8_padded.asc"
"428",8,32,3,8,1,3971464,3973788,2324,0,0,1,"C:/Data/corr_sacc/padded/JITT8_padded.asc"
"429",8,50,3,9,1,3983925,3986395,2470,1,1,1,"C:/Data/corr_sacc/padded/JITT8_padded.asc"
"430",8,27,1,10,1,4005001,4006630,1629,0,0,1,"C:/Data/corr_sacc/padded/JITT8_padded.asc"
"431",8,30,1,11,1,4030570,4031947,1377,0,0,1,"C:/Data/corr_sacc/padded/JITT8_padded.asc"
"432",8,9,1,12,1,4066965,4068512,1547,1,1,1,"C:/Data/corr_sacc/padded/JITT8_padded.asc"
"433",8,29,3,13,1,4079980,4081574,1594,0,0,1,"C:/Data/corr_sacc/padded/JITT8_padded.asc"
"434",8,22,2,14,1,4111433,4113382,1949,0,0,1,"C:/Data/corr_sacc/padded/JITT8_padded.asc"
"435",8,40,2,15,1,4119862,4122094,2232,0,0,1,"C:/Data/corr_sacc/padded/JITT8_padded.asc"
"436",8,2,3,16,1,4131055,4133006,1951,1,1,1,"C:/Data/corr_sacc/padded/JITT8_padded.asc"
"437",8,36,1,17,1,4154231,4156754,2523,0,0,1,"C:/Data/corr_sacc/padded/JITT8_padded.asc"
"438",8,26,3,18,1,4163768,4165230,1462,0,0,1,"C:/Data/corr_sacc/padded/JITT8_padded.asc"
"439",8,51,1,19,1,4173748,4175134,1386,0,0,1,"C:/Data/corr_sacc/padded/JITT8_padded.asc"
"440",8,49,2,20,1,4185030,4187517,2487,0,0,1,"C:/Data/corr_sacc/padded/JITT8_padded.asc"
"441",8,33,1,21,1,4234291,4235663,1372,0,0,1,"C:/Data/corr_sacc/padded/JITT8_padded.asc"
"442",8,14,3,22,1,4254287,4256896,2609,1,1,1,"C:/Data/corr_sacc/padded/JITT8_padded.asc"
"443",8,45,1,23,1,4292181,4293657,1476,0,0,1,"C:/Data/corr_sacc/padded/JITT8_padded.asc"
"444",8,8,3,24,1,4312133,4314719,2586,1,1,1,"C:/Data/corr_sacc/padded/JITT8_padded.asc"
"445",8,47,3,25,1,4321344,4322936,1592,0,0,1,"C:/Data/corr_sacc/padded/JITT8_padded.asc"
"446",8,1,2,26,1,4496617,4498288,1671,1,1,1,"C:/Data/corr_sacc/padded/JITT8_padded.asc"
"447",8,10,2,27,1,4504566,4506051,1485,1,1,1,"C:/Data/corr_sacc/padded/JITT8_padded.asc"
"448",8,12,1,28,1,4524012,4525882,1870,1,1,1,"C:/Data/corr_sacc/padded/JITT8_padded.asc"
"449",8,11,3,29,1,4649640,4651572,1932,1,1,1,"C:/Data/corr_sacc/padded/JITT8_padded.asc"
"450",8,5,3,30,1,4659326,4661076,1750,1,1,1,"C:/Data/corr_sacc/padded/JITT8_padded.asc"
"451",8,15,1,31,1,4669455,4671215,1760,1,1,1,"C:/Data/corr_sacc/padded/JITT8_padded.asc"
"452",8,19,2,32,1,4708155,4711269,3114,1,1,1,"C:/Data/corr_sacc/padded/JITT8_padded.asc"
"453",8,13,2,33,1,4739422,4741516,2094,1,1,1,"C:/Data/corr_sacc/padded/JITT8_padded.asc"
"454",8,31,2,34,1,4765714,4767212,1498,0,0,1,"C:/Data/corr_sacc/padded/JITT8_padded.asc"
"455",8,21,1,35,1,4785801,4788601,2800,0,0,1,"C:/Data/corr_sacc/padded/JITT8_padded.asc"
"456",8,60,1,36,1,4796524,4798429,1905,0,0,1,"C:/Data/corr_sacc/padded/JITT8_padded.asc"
"457",8,39,1,37,1,4883291,4884951,1660,0,0,1,"C:/Data/corr_sacc/padded/JITT8_padded.asc"
"458",8,53,3,38,1,4911843,4913494,1651,0,0,1,"C:/Data/corr_sacc/padded/JITT8_padded.asc"
"459",8,16,2,39,1,4949605,4951287,1682,1,1,1,"C:/Data/corr_sacc/padded/JITT8_padded.asc"
"460",8,54,1,40,1,4967391,4968929,1538,1,1,1,"C:/Data/corr_sacc/padded/JITT8_padded.asc"
"461",8,23,3,41,1,4996775,4999135,2360,0,0,1,"C:/Data/corr_sacc/padded/JITT8_padded.asc"
"462",8,44,3,42,1,5230696,5232674,1978,1,1,1,"C:/Data/corr_sacc/padded/JITT8_padded.asc"
"463",8,17,3,43,1,5240728,5242346,1618,1,1,1,"C:/Data/corr_sacc/padded/JITT8_padded.asc"
"464",8,57,1,44,1,5249563,5253139,3576,1,0,0,"C:/Data/corr_sacc/padded/JITT8_padded.asc"
"465",8,41,3,45,1,5262257,5264035,1778,0,0,1,"C:/Data/corr_sacc/padded/JITT8_padded.asc"
"466",8,7,2,46,1,5303804,5305451,1647,1,1,1,"C:/Data/corr_sacc/padded/JITT8_padded.asc"
"467",8,56,3,47,1,5343816,5345715,1899,1,0,0,"C:/Data/corr_sacc/padded/JITT8_padded.asc"
"468",8,4,2,48,1,5410127,5412676,2549,1,1,1,"C:/Data/corr_sacc/padded/JITT8_padded.asc"
"469",8,38,3,49,1,5419437,5421163,1726,0,0,1,"C:/Data/corr_sacc/padded/JITT8_padded.asc"
"470",8,18,1,50,1,5450013,5451644,1631,1,1,1,"C:/Data/corr_sacc/padded/JITT8_padded.asc"
"471",8,35,3,51,1,5460774,5462808,2034,0,0,1,"C:/Data/corr_sacc/padded/JITT8_padded.asc"
"472",8,43,2,52,1,5487824,5489236,1412,0,0,1,"C:/Data/corr_sacc/padded/JITT8_padded.asc"
"473",8,34,2,53,1,5501736,5504101,2365,0,0,1,"C:/Data/corr_sacc/padded/JITT8_padded.asc"
"474",8,52,2,54,1,5559167,5561287,2120,1,1,1,"C:/Data/corr_sacc/padded/JITT8_padded.asc"
"475",8,55,2,55,1,5569315,5571063,1748,1,0,0,"C:/Data/corr_sacc/padded/JITT8_padded.asc"
"476",8,37,2,56,1,5577978,5579358,1380,0,0,1,"C:/Data/corr_sacc/padded/JITT8_padded.asc"
"477",8,25,2,57,1,5593046,5595182,2136,0,0,1,"C:/Data/corr_sacc/padded/JITT8_padded.asc"
"478",8,58,2,58,1,5622758,5624502,1744,0,0,1,"C:/Data/corr_sacc/padded/JITT8_padded.asc"
"479",8,46,2,59,1,5645903,5648366,2463,1,1,1,"C:/Data/corr_sacc/padded/JITT8_padded.asc"
"480",8,24,1,60,1,5699630,5701505,1875,0,0,1,"C:/Data/corr_sacc/padded/JITT8_padded.asc"
"481",9,15,2,1,1,298954,301043,2089,1,1,1,"C:/Data/corr_sacc/padded/JITT9_padded.asc"
"482",9,7,3,2,1,357331,362361,5030,1,1,1,"C:/Data/corr_sacc/padded/JITT9_padded.asc"
"483",9,45,2,3,1,406456,409029,2573,0,0,1,"C:/Data/corr_sacc/padded/JITT9_padded.asc"
"484",9,37,3,4,1,438632,441720,3088,0,0,1,"C:/Data/corr_sacc/padded/JITT9_padded.asc"
"485",9,24,2,5,1,480220,482437,2217,0,0,1,"C:/Data/corr_sacc/padded/JITT9_padded.asc"
"486",9,30,2,6,1,489795,491663,1868,0,0,1,"C:/Data/corr_sacc/padded/JITT9_padded.asc"
"487",9,54,2,7,1,532055,533989,1934,1,1,1,"C:/Data/corr_sacc/padded/JITT9_padded.asc"
"488",9,16,3,8,1,548556,550384,1828,1,1,1,"C:/Data/corr_sacc/padded/JITT9_padded.asc"
"489",9,36,2,9,1,570579,572886,2307,0,0,1,"C:/Data/corr_sacc/padded/JITT9_padded.asc"
"490",9,49,3,10,1,600001,602329,2328,0,0,1,"C:/Data/corr_sacc/padded/JITT9_padded.asc"
"491",9,14,1,11,1,629298,631256,1958,1,1,1,"C:/Data/corr_sacc/padded/JITT9_padded.asc"
"492",9,35,1,12,1,654362,656511,2149,0,0,1,"C:/Data/corr_sacc/padded/JITT9_padded.asc"
"493",9,58,3,13,1,728116,730277,2161,0,0,1,"C:/Data/corr_sacc/padded/JITT9_padded.asc"
"494",9,27,2,14,1,744189,746111,1922,0,0,1,"C:/Data/corr_sacc/padded/JITT9_padded.asc"
"495",9,9,2,15,1,833350,836328,2978,1,1,1,"C:/Data/corr_sacc/padded/JITT9_padded.asc"
"496",9,51,2,16,1,894932,897319,2387,0,0,1,"C:/Data/corr_sacc/padded/JITT9_padded.asc"
"497",9,5,1,17,1,926715,928960,2245,1,1,1,"C:/Data/corr_sacc/padded/JITT9_padded.asc"
"498",9,46,3,18,1,940462,943156,2694,1,1,1,"C:/Data/corr_sacc/padded/JITT9_padded.asc"
"499",9,32,1,19,1,990616,992480,1864,0,0,1,"C:/Data/corr_sacc/padded/JITT9_padded.asc"
"500",9,44,1,20,1,1062626,1065463,2837,1,1,1,"C:/Data/corr_sacc/padded/JITT9_padded.asc"
"501",9,56,1,21,1,1081440,1084596,3156,1,0,0,"C:/Data/corr_sacc/padded/JITT9_padded.asc"
"502",9,29,1,22,1,1095470,1097955,2485,0,0,1,"C:/Data/corr_sacc/padded/JITT9_padded.asc"
"503",9,8,1,23,1,1160806,1163322,2516,1,1,1,"C:/Data/corr_sacc/padded/JITT9_padded.asc"
"504",9,12,2,24,1,1171764,1174208,2444,1,1,1,"C:/Data/corr_sacc/padded/JITT9_padded.asc"
"505",9,59,1,25,1,1201343,1202913,1570,0,0,1,"C:/Data/corr_sacc/padded/JITT9_padded.asc"
"506",9,2,1,26,1,1210355,1213084,2729,1,1,1,"C:/Data/corr_sacc/padded/JITT9_padded.asc"
"507",9,22,3,27,1,1222076,1224069,1993,0,1,0,"C:/Data/corr_sacc/padded/JITT9_padded.asc"
"508",9,47,1,28,1,1254457,1257564,3107,0,0,1,"C:/Data/corr_sacc/padded/JITT9_padded.asc"
"509",9,20,1,29,1,1281148,1283070,1922,1,1,1,"C:/Data/corr_sacc/padded/JITT9_padded.asc"
"510",9,19,3,30,1,1342677,1344759,2082,1,1,1,"C:/Data/corr_sacc/padded/JITT9_padded.asc"
"511",9,38,1,31,1,1353929,1357005,3076,0,1,0,"C:/Data/corr_sacc/padded/JITT9_padded.asc"
"512",9,33,2,32,1,1366715,1368678,1963,0,0,1,"C:/Data/corr_sacc/padded/JITT9_padded.asc"
"513",9,41,1,33,1,1375072,1376941,1869,0,0,1,"C:/Data/corr_sacc/padded/JITT9_padded.asc"
"514",9,50,1,34,1,1394697,1396814,2117,1,0,0,"C:/Data/corr_sacc/padded/JITT9_padded.asc"
"515",9,53,1,35,1,1415459,1417168,1709,0,0,1,"C:/Data/corr_sacc/padded/JITT9_padded.asc"
"516",9,42,2,36,1,1450178,1452070,1892,1,1,1,"C:/Data/corr_sacc/padded/JITT9_padded.asc"
"517",9,43,3,37,1,1607926,1610496,2570,0,0,1,"C:/Data/corr_sacc/padded/JITT9_padded.asc"
"518",9,6,2,38,1,1645350,1646983,1633,1,1,1,"C:/Data/corr_sacc/padded/JITT9_padded.asc"
"519",9,52,3,39,1,1676053,1678970,2917,1,1,1,"C:/Data/corr_sacc/padded/JITT9_padded.asc"
"520",9,11,1,40,1,1692432,1694638,2206,1,1,1,"C:/Data/corr_sacc/padded/JITT9_padded.asc"
"521",9,26,1,41,1,1723591,1725568,1977,0,0,1,"C:/Data/corr_sacc/padded/JITT9_padded.asc"
"522",9,57,2,42,1,1734302,1737689,3387,1,0,0,"C:/Data/corr_sacc/padded/JITT9_padded.asc"
"523",9,48,2,43,1,1761865,1763993,2128,1,1,1,"C:/Data/corr_sacc/padded/JITT9_padded.asc"
"524",9,34,3,44,1,1782413,1784954,2541,0,0,1,"C:/Data/corr_sacc/padded/JITT9_padded.asc"
"525",9,3,2,45,1,1831921,1833970,2049,1,1,1,"C:/Data/corr_sacc/padded/JITT9_padded.asc"
"526",9,31,3,46,1,1849192,1851425,2233,0,0,1,"C:/Data/corr_sacc/padded/JITT9_padded.asc"
"527",9,1,3,47,1,1871892,1873874,1982,1,1,1,"C:/Data/corr_sacc/padded/JITT9_padded.asc"
"528",9,13,3,48,1,1881269,1882930,1661,1,1,1,"C:/Data/corr_sacc/padded/JITT9_padded.asc"
"529",9,21,2,49,1,1891267,1894754,3487,0,0,1,"C:/Data/corr_sacc/padded/JITT9_padded.asc"
"530",9,18,2,50,1,1901946,1904178,2232,1,1,1,"C:/Data/corr_sacc/padded/JITT9_padded.asc"
"531",9,60,2,51,1,1912464,1915258,2794,0,0,1,"C:/Data/corr_sacc/padded/JITT9_padded.asc"
"532",9,17,1,52,1,1921738,1923588,1850,1,1,1,"C:/Data/corr_sacc/padded/JITT9_padded.asc"
"533",9,23,1,53,1,1981641,1984251,2610,0,0,1,"C:/Data/corr_sacc/padded/JITT9_padded.asc"
"534",9,39,2,54,1,1992120,1994034,1914,0,0,1,"C:/Data/corr_sacc/padded/JITT9_padded.asc"
"535",9,25,3,55,1,2001572,2003169,1597,0,0,1,"C:/Data/corr_sacc/padded/JITT9_padded.asc"
"536",9,28,3,56,1,2014819,2017155,2336,0,0,1,"C:/Data/corr_sacc/padded/JITT9_padded.asc"
"537",9,4,3,57,1,2059727,2061731,2004,1,1,1,"C:/Data/corr_sacc/padded/JITT9_padded.asc"
"538",9,40,3,58,1,2106712,2108414,1702,0,0,1,"C:/Data/corr_sacc/padded/JITT9_padded.asc"
"539",9,55,3,59,1,2134781,2136705,1924,1,0,0,"C:/Data/corr_sacc/padded/JITT9_padded.asc"
"540",9,10,3,60,1,2145822,2147796,1974,1,1,1,"C:/Data/corr_sacc/padded/JITT9_padded.asc"
"541",10,9,3,1,1,5677961,5681767,3806,1,1,1,"C:/Data/corr_sacc/padded/JITT10_padded.asc"
"542",10,41,2,2,1,5701515,5703928,2413,0,0,1,"C:/Data/corr_sacc/padded/JITT10_padded.asc"
"543",10,50,2,3,1,5736375,5741569,5194,1,0,0,"C:/Data/corr_sacc/padded/JITT10_padded.asc"
"544",10,20,2,4,1,5752173,5754889,2716,1,1,1,"C:/Data/corr_sacc/padded/JITT10_padded.asc"
"545",10,13,1,5,1,5763637,5766206,2569,1,1,1,"C:/Data/corr_sacc/padded/JITT10_padded.asc"
"546",10,17,2,6,1,5838303,5840375,2072,1,1,1,"C:/Data/corr_sacc/padded/JITT10_padded.asc"
"547",10,10,1,7,1,5931733,5934321,2588,1,1,1,"C:/Data/corr_sacc/padded/JITT10_padded.asc"
"548",10,16,1,8,1,5944446,5951010,6564,1,1,1,"C:/Data/corr_sacc/padded/JITT10_padded.asc"
"549",10,27,3,9,1,6007177,6010250,3073,0,0,1,"C:/Data/corr_sacc/padded/JITT10_padded.asc"
"550",10,34,1,10,1,6081368,6088923,7555,0,0,1,"C:/Data/corr_sacc/padded/JITT10_padded.asc"
"551",10,12,3,11,1,6134360,6136868,2508,1,1,1,"C:/Data/corr_sacc/padded/JITT10_padded.asc"
"552",10,21,3,12,1,6164391,6167494,3103,0,1,0,"C:/Data/corr_sacc/padded/JITT10_padded.asc"
"553",10,2,2,13,1,6221264,6225460,4196,1,1,1,"C:/Data/corr_sacc/padded/JITT10_padded.asc"
"554",10,51,3,14,1,6258902,6262676,3774,0,0,1,"C:/Data/corr_sacc/padded/JITT10_padded.asc"
"555",10,38,2,15,1,6272023,6278180,6157,0,1,0,"C:/Data/corr_sacc/padded/JITT10_padded.asc"
"556",10,57,3,16,1,6286732,6292208,5476,1,0,0,"C:/Data/corr_sacc/padded/JITT10_padded.asc"
"557",10,35,2,17,1,6303480,6307805,4325,0,0,1,"C:/Data/corr_sacc/padded/JITT10_padded.asc"
"558",10,39,3,18,1,6319423,6322763,3340,0,0,1,"C:/Data/corr_sacc/padded/JITT10_padded.asc"
"559",10,28,1,19,1,6541202,6544727,3525,0,0,1,"C:/Data/corr_sacc/padded/JITT10_padded.asc"
"560",10,18,3,20,1,6586181,6588896,2715,1,1,1,"C:/Data/corr_sacc/padded/JITT10_padded.asc"
"561",10,48,3,21,1,6722923,6725442,2519,1,1,1,"C:/Data/corr_sacc/padded/JITT10_padded.asc"
"562",10,58,1,22,1,6747074,6750641,3567,0,0,1,"C:/Data/corr_sacc/padded/JITT10_padded.asc"
"563",10,59,2,23,1,6800148,6802921,2773,0,0,1,"C:/Data/corr_sacc/padded/JITT10_padded.asc"
"564",10,24,3,24,1,6829169,6835348,6179,0,0,1,"C:/Data/corr_sacc/padded/JITT10_padded.asc"
"565",10,46,1,25,1,6907673,6910611,2938,1,1,1,"C:/Data/corr_sacc/padded/JITT10_padded.asc"
"566",10,54,3,26,1,6942028,6944780,2752,1,1,1,"C:/Data/corr_sacc/padded/JITT10_padded.asc"
"567",10,26,2,27,1,6955171,6958415,3244,0,0,1,"C:/Data/corr_sacc/padded/JITT10_padded.asc"
"568",10,25,1,28,1,6992321,6996519,4198,0,0,1,"C:/Data/corr_sacc/padded/JITT10_padded.asc"
"569",10,22,1,29,1,7004654,7008693,4039,0,0,1,"C:/Data/corr_sacc/padded/JITT10_padded.asc"
"570",10,4,1,30,1,7029925,7032208,2283,1,1,1,"C:/Data/corr_sacc/padded/JITT10_padded.asc"
"571",10,43,1,31,1,7040021,7043348,3327,0,0,1,"C:/Data/corr_sacc/padded/JITT10_padded.asc"
"572",10,32,2,32,1,7112551,7117461,4910,0,0,1,"C:/Data/corr_sacc/padded/JITT10_padded.asc"
"573",10,3,3,33,1,7150639,7153219,2580,1,1,1,"C:/Data/corr_sacc/padded/JITT10_padded.asc"
"574",10,53,2,34,1,7171299,7173701,2402,0,0,1,"C:/Data/corr_sacc/padded/JITT10_padded.asc"
"575",10,15,3,35,1,7184529,7187329,2800,1,1,1,"C:/Data/corr_sacc/padded/JITT10_padded.asc"
"576",10,55,1,36,1,7194739,7197046,2307,1,0,0,"C:/Data/corr_sacc/padded/JITT10_padded.asc"
"577",10,1,1,37,1,7371829,7375720,3891,1,1,1,"C:/Data/corr_sacc/padded/JITT10_padded.asc"
"578",10,37,1,38,1,7387964,7390295,2331,0,0,1,"C:/Data/corr_sacc/padded/JITT10_padded.asc"
"579",10,7,1,39,1,7413958,7416426,2468,1,1,1,"C:/Data/corr_sacc/padded/JITT10_padded.asc"
"580",10,56,2,40,1,7486445,7493535,7090,1,0,0,"C:/Data/corr_sacc/padded/JITT10_padded.asc"
"581",10,60,3,41,1,7554121,7558865,4744,0,0,1,"C:/Data/corr_sacc/padded/JITT10_padded.asc"
"582",10,29,2,42,1,7596500,7599366,2866,0,0,1,"C:/Data/corr_sacc/padded/JITT10_padded.asc"
"583",10,33,3,43,1,7621953,7625578,3625,0,1,0,"C:/Data/corr_sacc/padded/JITT10_padded.asc"
"584",10,19,1,44,1,7637651,7641059,3408,1,1,1,"C:/Data/corr_sacc/padded/JITT10_padded.asc"
"585",10,8,2,45,1,7650241,7652989,2748,1,1,1,"C:/Data/corr_sacc/padded/JITT10_padded.asc"
"586",10,49,1,46,1,7681171,7687291,6120,0,0,1,"C:/Data/corr_sacc/padded/JITT10_padded.asc"
"587",10,42,3,47,1,7697113,7700330,3217,1,1,1,"C:/Data/corr_sacc/padded/JITT10_padded.asc"
"588",10,30,3,48,1,7891780,7894561,2781,0,0,1,"C:/Data/corr_sacc/padded/JITT10_padded.asc"
"589",10,11,2,49,1,7903325,7907271,3946,1,1,1,"C:/Data/corr_sacc/padded/JITT10_padded.asc"
"590",10,40,1,50,1,7927040,7930195,3155,0,0,1,"C:/Data/corr_sacc/padded/JITT10_padded.asc"
"591",10,14,2,51,1,7963678,7966201,2523,1,1,1,"C:/Data/corr_sacc/padded/JITT10_padded.asc"
"592",10,6,3,52,1,7979136,7983153,4017,1,1,1,"C:/Data/corr_sacc/padded/JITT10_padded.asc"
"593",10,44,2,53,1,8010459,8013901,3442,1,1,1,"C:/Data/corr_sacc/padded/JITT10_padded.asc"
"594",10,52,1,54,1,8027511,8030307,2796,1,1,1,"C:/Data/corr_sacc/padded/JITT10_padded.asc"
"595",10,5,2,55,1,8053676,8056117,2441,1,1,1,"C:/Data/corr_sacc/padded/JITT10_padded.asc"
"596",10,36,3,56,1,8073261,8075815,2554,0,0,1,"C:/Data/corr_sacc/padded/JITT10_padded.asc"
"597",10,31,1,57,1,8093951,8096142,2191,0,0,1,"C:/Data/corr_sacc/padded/JITT10_padded.asc"
"598",10,47,2,58,1,8118508,8123103,4595,0,0,1,"C:/Data/corr_sacc/padded/JITT10_padded.asc"
"599",10,23,2,59,1,8134268,8138088,3820,0,1,0,"C:/Data/corr_sacc/padded/JITT10_padded.asc"
"600",10,45,3,60,1,8179964,8182240,2276,0,0,1,"C:/Data/corr_sacc/padded/JITT10_padded.asc"
"601",11,30,1,1,1,7387709,7389383,1674,0,0,1,"C:/Data/corr_sacc/padded/JITT11_padded.asc"
"602",11,41,3,2,1,7486552,7488633,2081,0,0,1,"C:/Data/corr_sacc/padded/JITT11_padded.asc"
"603",11,21,1,3,1,7495660,7497258,1598,0,0,1,"C:/Data/corr_sacc/padded/JITT11_padded.asc"
"604",11,48,1,4,1,7512766,7514433,1667,1,1,1,"C:/Data/corr_sacc/padded/JITT11_padded.asc"
"605",11,8,3,5,1,7529248,7530848,1600,1,1,1,"C:/Data/corr_sacc/padded/JITT11_padded.asc"
"606",11,52,2,6,1,7552109,7554202,2093,1,1,1,"C:/Data/corr_sacc/padded/JITT11_padded.asc"
"607",11,47,3,7,1,7569462,7571277,1815,0,0,1,"C:/Data/corr_sacc/padded/JITT11_padded.asc"
"608",11,55,2,8,1,7577902,7579569,1667,1,0,0,"C:/Data/corr_sacc/padded/JITT11_padded.asc"
"609",11,46,2,9,1,7586579,7588265,1686,1,1,1,"C:/Data/corr_sacc/padded/JITT11_padded.asc"
"610",11,6,1,10,1,7602142,7603576,1434,1,1,1,"C:/Data/corr_sacc/padded/JITT11_padded.asc"
"611",11,2,3,11,1,7610229,7611760,1531,1,1,1,"C:/Data/corr_sacc/padded/JITT11_padded.asc"
"612",11,59,3,12,1,7629783,7631337,1554,0,0,1,"C:/Data/corr_sacc/padded/JITT11_padded.asc"
"613",11,17,3,13,1,7651363,7653174,1811,1,1,1,"C:/Data/corr_sacc/padded/JITT11_padded.asc"
"614",11,42,1,14,1,7665624,7667194,1570,1,1,1,"C:/Data/corr_sacc/padded/JITT11_padded.asc"
"615",11,40,2,15,1,7673909,7676608,2699,0,0,1,"C:/Data/corr_sacc/padded/JITT11_padded.asc"
"616",11,37,2,16,1,7685318,7686705,1387,0,0,1,"C:/Data/corr_sacc/padded/JITT11_padded.asc"
"617",11,5,3,17,1,7693958,7695823,1865,1,1,1,"C:/Data/corr_sacc/padded/JITT11_padded.asc"
"618",11,10,2,18,1,7702296,7706478,4182,1,1,1,"C:/Data/corr_sacc/padded/JITT11_padded.asc"
"619",11,15,1,19,1,7713293,7714863,1570,1,1,1,"C:/Data/corr_sacc/padded/JITT11_padded.asc"
"620",11,25,2,20,1,7774074,7775520,1446,0,0,1,"C:/Data/corr_sacc/padded/JITT11_padded.asc"
"621",11,38,3,21,1,7782547,7784155,1608,0,0,1,"C:/Data/corr_sacc/padded/JITT11_padded.asc"
"622",11,28,2,22,1,7805048,7806478,1430,0,0,1,"C:/Data/corr_sacc/padded/JITT11_padded.asc"
"623",11,11,3,23,1,7872575,7874652,2077,1,1,1,"C:/Data/corr_sacc/padded/JITT11_padded.asc"
"624",11,56,3,24,1,8124559,8126890,2331,1,0,0,"C:/Data/corr_sacc/padded/JITT11_padded.asc"
"625",11,31,2,25,1,8134710,8136206,1496,0,0,1,"C:/Data/corr_sacc/padded/JITT11_padded.asc"
"626",11,24,1,26,1,8148295,8149670,1375,0,0,1,"C:/Data/corr_sacc/padded/JITT11_padded.asc"
"627",11,32,3,27,1,8176001,8178035,2034,0,0,1,"C:/Data/corr_sacc/padded/JITT11_padded.asc"
"628",11,39,1,28,1,8206856,8208343,1487,0,0,1,"C:/Data/corr_sacc/padded/JITT11_padded.asc"
"629",11,53,3,29,1,8243056,8244425,1369,0,0,1,"C:/Data/corr_sacc/padded/JITT11_padded.asc"
"630",11,34,2,30,1,8251007,8252519,1512,0,0,1,"C:/Data/corr_sacc/padded/JITT11_padded.asc"
"631",11,36,1,31,1,8258764,8260136,1372,0,0,1,"C:/Data/corr_sacc/padded/JITT11_padded.asc"
"632",11,19,2,32,1,8267980,8270231,2251,1,1,1,"C:/Data/corr_sacc/padded/JITT11_padded.asc"
"633",11,58,2,33,1,8284046,8286236,2190,0,0,1,"C:/Data/corr_sacc/padded/JITT11_padded.asc"
"634",11,45,1,34,1,8299575,8301017,1442,0,0,1,"C:/Data/corr_sacc/padded/JITT11_padded.asc"
"635",11,9,1,35,1,8324492,8325867,1375,1,1,1,"C:/Data/corr_sacc/padded/JITT11_padded.asc"
"636",11,51,1,36,1,8430847,8432786,1939,0,0,1,"C:/Data/corr_sacc/padded/JITT11_padded.asc"
"637",11,14,3,37,1,8440783,8442155,1372,1,1,1,"C:/Data/corr_sacc/padded/JITT11_padded.asc"
"638",11,29,3,38,1,8453390,8454763,1373,0,0,1,"C:/Data/corr_sacc/padded/JITT11_padded.asc"
"639",11,20,3,39,1,8462669,8464062,1393,1,1,1,"C:/Data/corr_sacc/padded/JITT11_padded.asc"
"640",11,43,2,40,1,8483549,8484923,1374,0,0,1,"C:/Data/corr_sacc/padded/JITT11_padded.asc"
"641",11,26,3,41,1,8505127,8506513,1386,0,0,1,"C:/Data/corr_sacc/padded/JITT11_padded.asc"
"642",11,1,2,42,1,8757220,8759133,1913,1,1,1,"C:/Data/corr_sacc/padded/JITT11_padded.asc"
"643",11,35,3,43,1,8764559,8766206,1647,0,0,1,"C:/Data/corr_sacc/padded/JITT11_padded.asc"
"644",11,27,1,44,1,8857438,8858952,1514,0,0,1,"C:/Data/corr_sacc/padded/JITT11_padded.asc"
"645",11,12,1,45,1,8867123,8868823,1700,1,1,1,"C:/Data/corr_sacc/padded/JITT11_padded.asc"
"646",11,3,1,46,1,8874932,8876578,1646,1,1,1,"C:/Data/corr_sacc/padded/JITT11_padded.asc"
"647",11,22,2,47,1,8899610,8901287,1677,0,0,1,"C:/Data/corr_sacc/padded/JITT11_padded.asc"
"648",11,57,1,48,1,8920324,8922815,2491,1,0,0,"C:/Data/corr_sacc/padded/JITT11_padded.asc"
"649",11,16,2,49,1,8959540,8961128,1588,1,1,1,"C:/Data/corr_sacc/padded/JITT11_padded.asc"
"650",11,7,2,50,1,8967738,8969953,2215,1,1,1,"C:/Data/corr_sacc/padded/JITT11_padded.asc"
"651",11,50,3,51,1,8978282,8980880,2598,1,1,1,"C:/Data/corr_sacc/padded/JITT11_padded.asc"
"652",11,54,1,52,1,9003244,9004654,1410,1,1,1,"C:/Data/corr_sacc/padded/JITT11_padded.asc"
"653",11,4,2,53,1,9011250,9012620,1370,1,1,1,"C:/Data/corr_sacc/padded/JITT11_padded.asc"
"654",11,18,1,54,1,9045075,9047033,1958,1,1,1,"C:/Data/corr_sacc/padded/JITT11_padded.asc"
"655",11,44,3,55,1,9090438,9092537,2099,1,1,1,"C:/Data/corr_sacc/padded/JITT11_padded.asc"
"656",11,33,1,56,1,9099864,9101825,1961,0,0,1,"C:/Data/corr_sacc/padded/JITT11_padded.asc"
"657",11,60,1,57,1,9120967,9122573,1606,0,0,1,"C:/Data/corr_sacc/padded/JITT11_padded.asc"
"658",11,13,2,58,1,9147645,9149385,1740,1,1,1,"C:/Data/corr_sacc/padded/JITT11_padded.asc"
"659",11,49,2,59,1,9156520,9158233,1713,0,0,1,"C:/Data/corr_sacc/padded/JITT11_padded.asc"
"660",11,23,3,60,1,9202578,9203953,1375,0,0,1,"C:/Data/corr_sacc/padded/JITT11_padded.asc"
"661",12,13,3,1,1,11354412,11356391,1979,1,1,1,"C:/Data/corr_sacc/padded/JITT12_padded.asc"
"662",12,5,1,2,1,11382939,11384615,1676,1,1,1,"C:/Data/corr_sacc/padded/JITT12_padded.asc"
"663",12,55,3,3,1,11404846,11407203,2357,1,0,0,"C:/Data/corr_sacc/padded/JITT12_padded.asc"
"664",12,52,3,4,1,11437483,11439521,2038,1,1,1,"C:/Data/corr_sacc/padded/JITT12_padded.asc"
"665",12,45,2,5,1,11447168,11448747,1579,0,0,1,"C:/Data/corr_sacc/padded/JITT12_padded.asc"
"666",12,28,3,6,1,11464717,11466728,2011,0,0,1,"C:/Data/corr_sacc/padded/JITT12_padded.asc"
"667",12,9,2,7,1,11477144,11479061,1917,1,1,1,"C:/Data/corr_sacc/padded/JITT12_padded.asc"
"668",12,59,1,8,1,11504055,11505764,1709,0,0,1,"C:/Data/corr_sacc/padded/JITT12_padded.asc"
"669",12,19,3,9,1,11553524,11555292,1768,1,1,1,"C:/Data/corr_sacc/padded/JITT12_padded.asc"
"670",12,4,3,10,1,11563424,11565323,1899,1,1,1,"C:/Data/corr_sacc/padded/JITT12_padded.asc"
"671",12,51,2,11,1,11577616,11579287,1671,0,0,1,"C:/Data/corr_sacc/padded/JITT12_padded.asc"
"672",12,24,2,12,1,11593059,11594466,1407,0,0,1,"C:/Data/corr_sacc/padded/JITT12_padded.asc"
"673",12,1,3,13,1,11613560,11616014,2454,1,1,1,"C:/Data/corr_sacc/padded/JITT12_padded.asc"
"674",12,27,2,14,1,11658138,11659678,1540,0,0,1,"C:/Data/corr_sacc/padded/JITT12_padded.asc"
"675",12,36,2,15,1,11685512,11687234,1722,0,0,1,"C:/Data/corr_sacc/padded/JITT12_padded.asc"
"676",12,40,3,16,1,11750035,11751465,1430,0,0,1,"C:/Data/corr_sacc/padded/JITT12_padded.asc"
"677",12,25,3,17,1,11810692,11812900,2208,0,0,1,"C:/Data/corr_sacc/padded/JITT12_padded.asc"
"678",12,46,3,18,1,11822508,11826675,4167,1,1,1,"C:/Data/corr_sacc/padded/JITT12_padded.asc"
"679",12,6,2,19,1,11853828,11856746,2918,1,1,1,"C:/Data/corr_sacc/padded/JITT12_padded.asc"
"680",12,7,3,20,1,11863491,11866588,3097,1,1,1,"C:/Data/corr_sacc/padded/JITT12_padded.asc"
"681",12,38,1,21,1,11879367,11881300,1933,0,0,1,"C:/Data/corr_sacc/padded/JITT12_padded.asc"
"682",12,44,1,22,1,12002441,12004661,2220,1,1,1,"C:/Data/corr_sacc/padded/JITT12_padded.asc"
"683",12,49,3,23,1,12041594,12043998,2404,0,0,1,"C:/Data/corr_sacc/padded/JITT12_padded.asc"
"684",12,16,3,24,1,12065310,12067023,1713,1,1,1,"C:/Data/corr_sacc/padded/JITT12_padded.asc"
"685",12,21,2,25,1,12151775,12153745,1970,0,0,1,"C:/Data/corr_sacc/padded/JITT12_padded.asc"
"686",12,18,2,26,1,12177804,12179580,1776,1,1,1,"C:/Data/corr_sacc/padded/JITT12_padded.asc"
"687",12,8,1,27,1,12286139,12288088,1949,1,1,1,"C:/Data/corr_sacc/padded/JITT12_padded.asc"
"688",12,57,2,28,1,12319884,12323805,3921,1,0,0,"C:/Data/corr_sacc/padded/JITT12_padded.asc"
"689",12,15,2,29,1,12336718,12339257,2539,1,1,1,"C:/Data/corr_sacc/padded/JITT12_padded.asc"
"690",12,35,1,30,1,12350730,12353554,2824,0,0,1,"C:/Data/corr_sacc/padded/JITT12_padded.asc"
"691",12,54,2,31,1,12385649,12387764,2115,1,1,1,"C:/Data/corr_sacc/padded/JITT12_padded.asc"
"692",12,32,1,32,1,12401015,12404199,3184,0,0,1,"C:/Data/corr_sacc/padded/JITT12_padded.asc"
"693",12,22,3,33,1,12514906,12516987,2081,0,0,1,"C:/Data/corr_sacc/padded/JITT12_padded.asc"
"694",12,26,1,34,1,12552444,12554163,1719,0,0,1,"C:/Data/corr_sacc/padded/JITT12_padded.asc"
"695",12,34,3,35,1,12570547,12573040,2493,0,0,1,"C:/Data/corr_sacc/padded/JITT12_padded.asc"
"696",12,11,1,36,1,12618373,12620613,2240,1,1,1,"C:/Data/corr_sacc/padded/JITT12_padded.asc"
"697",12,39,2,37,1,12632978,12634987,2009,0,0,1,"C:/Data/corr_sacc/padded/JITT12_padded.asc"
"698",12,58,3,38,1,12706890,12709964,3074,0,0,1,"C:/Data/corr_sacc/padded/JITT12_padded.asc"
"699",12,10,3,39,1,12717060,12720485,3425,1,1,1,"C:/Data/corr_sacc/padded/JITT12_padded.asc"
"700",12,31,3,40,1,12908292,12910087,1795,0,0,1,"C:/Data/corr_sacc/padded/JITT12_padded.asc"
"701",12,33,2,41,1,12920592,12922927,2335,0,0,1,"C:/Data/corr_sacc/padded/JITT12_padded.asc"
"702",12,2,1,42,1,12930693,12933447,2754,1,1,1,"C:/Data/corr_sacc/padded/JITT12_padded.asc"
"703",12,42,2,43,1,12970208,12971852,1644,1,1,1,"C:/Data/corr_sacc/padded/JITT12_padded.asc"
"704",12,60,2,44,1,12980522,12984548,4026,0,0,1,"C:/Data/corr_sacc/padded/JITT12_padded.asc"
"705",12,48,2,45,1,12992569,12994256,1687,1,1,1,"C:/Data/corr_sacc/padded/JITT12_padded.asc"
"706",12,50,1,46,1,13067214,13069873,2659,1,1,1,"C:/Data/corr_sacc/padded/JITT12_padded.asc"
"707",12,20,1,47,1,13192850,13194762,1912,1,1,1,"C:/Data/corr_sacc/padded/JITT12_padded.asc"
"708",12,37,3,48,1,13240316,13241997,1681,0,0,1,"C:/Data/corr_sacc/padded/JITT12_padded.asc"
"709",12,30,2,49,1,13342614,13344316,1702,0,0,1,"C:/Data/corr_sacc/padded/JITT12_padded.asc"
"710",12,14,1,50,1,13353150,13354523,1373,1,1,1,"C:/Data/corr_sacc/padded/JITT12_padded.asc"
"711",12,29,1,51,1,13365565,13367026,1461,0,0,1,"C:/Data/corr_sacc/padded/JITT12_padded.asc"
"712",12,56,1,52,1,13420666,13422860,2194,1,0,0,"C:/Data/corr_sacc/padded/JITT12_padded.asc"
"713",12,41,1,53,1,13432786,13434425,1639,0,0,1,"C:/Data/corr_sacc/padded/JITT12_padded.asc"
"714",12,23,1,54,1,13445045,13448046,3001,0,0,1,"C:/Data/corr_sacc/padded/JITT12_padded.asc"
"715",12,12,2,55,1,13491207,13493356,2149,1,1,1,"C:/Data/corr_sacc/padded/JITT12_padded.asc"
"716",12,17,1,56,1,13501126,13502884,1758,1,1,1,"C:/Data/corr_sacc/padded/JITT12_padded.asc"
"717",12,53,1,57,1,13548403,13550983,2580,0,0,1,"C:/Data/corr_sacc/padded/JITT12_padded.asc"
"718",12,43,3,58,1,13563127,13564601,1474,0,0,1,"C:/Data/corr_sacc/padded/JITT12_padded.asc"
"719",12,47,1,59,1,13632062,13636502,4440,0,0,1,"C:/Data/corr_sacc/padded/JITT12_padded.asc"
"720",12,3,2,60,1,13648138,13650046,1908,1,1,1,"C:/Data/corr_sacc/padded/JITT12_padded.asc"
"721",13,20,2,1,1,14811798,14813876,2078,1,1,1,"C:/Data/corr_sacc/padded/JITT13_padded.asc"
"722",13,49,1,2,1,14820087,14822640,2553,0,0,1,"C:/Data/corr_sacc/padded/JITT13_padded.asc"
"723",13,11,2,3,1,14840250,14842749,2499,1,1,1,"C:/Data/corr_sacc/padded/JITT13_padded.asc"
"724",13,15,3,4,1,14871155,14873308,2153,1,1,1,"C:/Data/corr_sacc/padded/JITT13_padded.asc"
"725",13,7,1,5,1,14887256,14889501,2245,1,1,1,"C:/Data/corr_sacc/padded/JITT13_padded.asc"
"726",13,51,3,6,1,14924360,14926926,2566,0,0,1,"C:/Data/corr_sacc/padded/JITT13_padded.asc"
"727",13,27,3,7,1,14935824,14937652,1828,0,0,1,"C:/Data/corr_sacc/padded/JITT13_padded.asc"
"728",13,53,2,8,1,14954663,14956469,1806,0,0,1,"C:/Data/corr_sacc/padded/JITT13_padded.asc"
"729",13,47,2,9,1,14998611,15002127,3516,0,0,1,"C:/Data/corr_sacc/padded/JITT13_padded.asc"
"730",13,21,3,10,1,15008491,15010282,1791,0,0,1,"C:/Data/corr_sacc/padded/JITT13_padded.asc"
"731",13,13,1,11,1,15088902,15091141,2239,1,1,1,"C:/Data/corr_sacc/padded/JITT13_padded.asc"
"732",13,4,1,12,1,15116195,15118175,1980,1,1,1,"C:/Data/corr_sacc/padded/JITT13_padded.asc"
"733",13,43,1,13,1,15154856,15156902,2046,0,0,1,"C:/Data/corr_sacc/padded/JITT13_padded.asc"
"734",13,5,2,14,1,15183233,15185195,1962,1,1,1,"C:/Data/corr_sacc/padded/JITT13_padded.asc"
"735",13,12,3,15,1,15193301,15195054,1753,1,1,1,"C:/Data/corr_sacc/padded/JITT13_padded.asc"
"736",13,36,3,16,1,15202963,15206534,3571,0,0,1,"C:/Data/corr_sacc/padded/JITT13_padded.asc"
"737",13,54,3,17,1,15230223,15232068,1845,1,1,1,"C:/Data/corr_sacc/padded/JITT13_padded.asc"
"738",13,32,2,18,1,15242881,15244596,1715,0,0,1,"C:/Data/corr_sacc/padded/JITT13_padded.asc"
"739",13,19,1,19,1,15376982,15379304,2322,1,1,1,"C:/Data/corr_sacc/padded/JITT13_padded.asc"
"740",13,18,3,20,1,15405647,15407512,1865,1,1,1,"C:/Data/corr_sacc/padded/JITT13_padded.asc"
"741",13,39,3,21,1,15455072,15456810,1738,0,0,1,"C:/Data/corr_sacc/padded/JITT13_padded.asc"
"742",13,50,2,22,1,15471367,15473577,2210,1,1,1,"C:/Data/corr_sacc/padded/JITT13_padded.asc"
"743",13,8,2,23,1,15497720,15499625,1905,1,1,1,"C:/Data/corr_sacc/padded/JITT13_padded.asc"
"744",13,2,2,24,1,15518548,15521145,2597,1,1,1,"C:/Data/corr_sacc/padded/JITT13_padded.asc"
"745",13,33,3,25,1,15562821,15564425,1604,0,0,1,"C:/Data/corr_sacc/padded/JITT13_padded.asc"
"746",13,37,1,26,1,15571694,15573132,1438,0,0,1,"C:/Data/corr_sacc/padded/JITT13_padded.asc"
"747",13,57,3,27,1,15598845,15601443,2598,1,0,0,"C:/Data/corr_sacc/padded/JITT13_padded.asc"
"748",13,23,2,28,1,15634492,15636586,2094,0,0,1,"C:/Data/corr_sacc/padded/JITT13_padded.asc"
"749",13,6,3,29,1,15655598,15657099,1501,1,1,1,"C:/Data/corr_sacc/padded/JITT13_padded.asc"
"750",13,59,2,30,1,15663663,15666860,3197,0,0,1,"C:/Data/corr_sacc/padded/JITT13_padded.asc"
"751",13,42,3,31,1,15684319,15686015,1696,1,1,1,"C:/Data/corr_sacc/padded/JITT13_padded.asc"
"752",13,16,1,32,1,15713264,15715016,1752,1,1,1,"C:/Data/corr_sacc/padded/JITT13_padded.asc"
"753",13,30,3,33,1,15729569,15731340,1771,0,0,1,"C:/Data/corr_sacc/padded/JITT13_padded.asc"
"754",13,3,3,34,1,15775148,15777118,1970,1,1,1,"C:/Data/corr_sacc/padded/JITT13_padded.asc"
"755",13,58,1,35,1,15784798,15786685,1887,0,0,1,"C:/Data/corr_sacc/padded/JITT13_padded.asc"
"756",13,22,1,36,1,15798701,15801169,2468,0,0,1,"C:/Data/corr_sacc/padded/JITT13_padded.asc"
"757",13,46,1,37,1,15806362,15808772,2410,1,1,1,"C:/Data/corr_sacc/padded/JITT13_padded.asc"
"758",13,17,2,38,1,15821019,15823072,2053,1,1,1,"C:/Data/corr_sacc/padded/JITT13_padded.asc"
"759",13,45,3,39,1,16000317,16002183,1866,0,0,1,"C:/Data/corr_sacc/padded/JITT13_padded.asc"
"760",13,40,1,40,1,16015670,16017847,2177,0,0,1,"C:/Data/corr_sacc/padded/JITT13_padded.asc"
"761",13,24,3,41,1,16043072,16045239,2167,0,0,1,"C:/Data/corr_sacc/padded/JITT13_padded.asc"
"762",13,10,1,42,1,16061517,16063336,1819,1,1,1,"C:/Data/corr_sacc/padded/JITT13_padded.asc"
"763",13,41,2,43,1,16071273,16072679,1406,0,0,1,"C:/Data/corr_sacc/padded/JITT13_padded.asc"
"764",13,9,3,44,1,16079922,16081847,1925,1,1,1,"C:/Data/corr_sacc/padded/JITT13_padded.asc"
"765",13,28,1,45,1,16089829,16091415,1586,0,0,1,"C:/Data/corr_sacc/padded/JITT13_padded.asc"
"766",13,35,2,46,1,16116082,16117577,1495,0,0,1,"C:/Data/corr_sacc/padded/JITT13_padded.asc"
"767",13,29,2,47,1,16136755,16138285,1530,0,0,1,"C:/Data/corr_sacc/padded/JITT13_padded.asc"
"768",13,48,3,48,1,16175610,16177536,1926,1,1,1,"C:/Data/corr_sacc/padded/JITT13_padded.asc"
"769",13,44,2,49,1,16200553,16203025,2472,1,1,1,"C:/Data/corr_sacc/padded/JITT13_padded.asc"
"770",13,56,2,50,1,16210327,16211997,1670,1,0,0,"C:/Data/corr_sacc/padded/JITT13_padded.asc"
"771",13,25,1,51,1,16234361,16236166,1805,0,0,1,"C:/Data/corr_sacc/padded/JITT13_padded.asc"
"772",13,26,2,52,1,16242447,16245057,2610,0,0,1,"C:/Data/corr_sacc/padded/JITT13_padded.asc"
"773",13,52,1,53,1,16255620,16257892,2272,1,1,1,"C:/Data/corr_sacc/padded/JITT13_padded.asc"
"774",13,14,2,54,1,16270928,16272778,1850,1,1,1,"C:/Data/corr_sacc/padded/JITT13_padded.asc"
"775",13,34,1,55,1,16287624,16290520,2896,0,0,1,"C:/Data/corr_sacc/padded/JITT13_padded.asc"
"776",13,38,2,56,1,16302586,16304312,1726,0,0,1,"C:/Data/corr_sacc/padded/JITT13_padded.asc"
"777",13,55,1,57,1,16353140,16355104,1964,1,0,0,"C:/Data/corr_sacc/padded/JITT13_padded.asc"
"778",13,1,1,58,1,16400113,16402747,2634,1,1,1,"C:/Data/corr_sacc/padded/JITT13_padded.asc"
"779",13,60,3,59,1,16441028,16445573,4545,0,0,1,"C:/Data/corr_sacc/padded/JITT13_padded.asc"
"780",13,31,1,60,1,16501093,16502699,1606,0,0,1,"C:/Data/corr_sacc/padded/JITT13_padded.asc"
"781",14,51,1,1,1,15347667,15351052,3385,0,0,1,"C:/Data/corr_sacc/padded/JITT14_padded.asc"
"782",14,53,3,2,1,15362126,15364611,2485,0,0,1,"C:/Data/corr_sacc/padded/JITT14_padded.asc"
"783",14,22,2,3,1,15409498,15412512,3014,0,0,1,"C:/Data/corr_sacc/padded/JITT14_padded.asc"
"784",14,31,2,4,1,15425848,15427988,2140,0,0,1,"C:/Data/corr_sacc/padded/JITT14_padded.asc"
"785",14,57,1,5,1,15499054,15505348,6294,1,1,1,"C:/Data/corr_sacc/padded/JITT14_padded.asc"
"786",14,24,1,6,1,15661725,15664152,2427,0,0,1,"C:/Data/corr_sacc/padded/JITT14_padded.asc"
"787",14,3,1,7,1,15698219,15700550,2331,1,1,1,"C:/Data/corr_sacc/padded/JITT14_padded.asc"
"788",14,39,1,8,1,15707961,15709848,1887,0,0,1,"C:/Data/corr_sacc/padded/JITT14_padded.asc"
"789",14,5,3,9,1,15805828,15808408,2580,1,1,1,"C:/Data/corr_sacc/padded/JITT14_padded.asc"
"790",14,38,3,10,1,15834766,15839206,4440,0,0,1,"C:/Data/corr_sacc/padded/JITT14_padded.asc"
"791",14,1,2,11,1,15864883,15866902,2019,1,1,1,"C:/Data/corr_sacc/padded/JITT14_padded.asc"
"792",14,48,1,12,1,15927884,15929846,1962,1,1,1,"C:/Data/corr_sacc/padded/JITT14_padded.asc"
"793",14,60,1,13,1,15937218,15939735,2517,0,0,1,"C:/Data/corr_sacc/padded/JITT14_padded.asc"
"794",14,56,3,14,1,15950164,15959456,9292,1,0,0,"C:/Data/corr_sacc/padded/JITT14_padded.asc"
"795",14,16,2,15,1,15973519,15975577,2058,1,1,1,"C:/Data/corr_sacc/padded/JITT14_padded.asc"
"796",14,28,2,16,1,16083356,16085751,2395,0,0,1,"C:/Data/corr_sacc/padded/JITT14_padded.asc"
"797",14,47,3,17,1,16110833,16115969,5136,0,1,0,"C:/Data/corr_sacc/padded/JITT14_padded.asc"
"798",14,26,3,18,1,16174560,16177664,3104,0,0,1,"C:/Data/corr_sacc/padded/JITT14_padded.asc"
"799",14,4,2,19,1,16207800,16209827,2027,1,0,0,"C:/Data/corr_sacc/padded/JITT14_padded.asc"
"800",14,8,3,20,1,16253647,16255821,2174,1,1,1,"C:/Data/corr_sacc/padded/JITT14_padded.asc"
"801",14,17,3,21,1,16297181,16298963,1782,1,1,1,"C:/Data/corr_sacc/padded/JITT14_padded.asc"
"802",14,29,3,22,1,16322519,16326476,3957,0,0,1,"C:/Data/corr_sacc/padded/JITT14_padded.asc"
"803",14,11,3,23,1,16337685,16341039,3354,1,1,1,"C:/Data/corr_sacc/padded/JITT14_padded.asc"
"804",14,58,2,24,1,16353697,16355668,1971,0,0,1,"C:/Data/corr_sacc/padded/JITT14_padded.asc"
"805",14,49,2,25,1,16379975,16383756,3781,0,0,1,"C:/Data/corr_sacc/padded/JITT14_padded.asc"
"806",14,45,1,26,1,16415862,16419052,3190,0,0,1,"C:/Data/corr_sacc/padded/JITT14_padded.asc"
"807",14,42,1,27,1,16424943,16427801,2858,1,1,1,"C:/Data/corr_sacc/padded/JITT14_padded.asc"
"808",14,40,2,28,1,16435249,16436817,1568,0,0,1,"C:/Data/corr_sacc/padded/JITT14_padded.asc"
"809",14,52,2,29,1,16453292,16455261,1969,1,1,1,"C:/Data/corr_sacc/padded/JITT14_padded.asc"
"810",14,13,2,30,1,16468806,16470660,1854,1,1,1,"C:/Data/corr_sacc/padded/JITT14_padded.asc"
"811",14,37,2,31,1,16484826,16486483,1657,0,0,1,"C:/Data/corr_sacc/padded/JITT14_padded.asc"
"812",14,25,2,32,1,16506228,16509509,3281,0,0,1,"C:/Data/corr_sacc/padded/JITT14_padded.asc"
"813",14,18,1,33,1,16543828,16546021,2193,1,1,1,"C:/Data/corr_sacc/padded/JITT14_padded.asc"
"814",14,44,3,34,1,16575525,16577990,2465,1,1,1,"C:/Data/corr_sacc/padded/JITT14_padded.asc"
"815",14,20,3,35,1,16606565,16608237,1672,1,1,1,"C:/Data/corr_sacc/padded/JITT14_padded.asc"
"816",14,19,2,36,1,16615468,16617559,2091,1,1,1,"C:/Data/corr_sacc/padded/JITT14_padded.asc"
"817",14,36,1,37,1,16640593,16643110,2517,0,0,1,"C:/Data/corr_sacc/padded/JITT14_padded.asc"
"818",14,2,3,38,1,16659097,16661073,1976,1,1,1,"C:/Data/corr_sacc/padded/JITT14_padded.asc"
"819",14,41,3,39,1,16691920,16694599,2679,0,0,1,"C:/Data/corr_sacc/padded/JITT14_padded.asc"
"820",14,10,2,40,1,16726152,16728209,2057,1,1,1,"C:/Data/corr_sacc/padded/JITT14_padded.asc"
"821",14,59,3,41,1,16830990,16833672,2682,0,0,1,"C:/Data/corr_sacc/padded/JITT14_padded.asc"
"822",14,54,1,42,1,16840365,16843144,2779,1,1,1,"C:/Data/corr_sacc/padded/JITT14_padded.asc"
"823",14,30,1,43,1,16864189,16866209,2020,0,0,1,"C:/Data/corr_sacc/padded/JITT14_padded.asc"
"824",14,9,1,44,1,16878348,16880787,2439,1,1,1,"C:/Data/corr_sacc/padded/JITT14_padded.asc"
"825",14,32,3,45,1,16889409,16891360,1951,0,0,1,"C:/Data/corr_sacc/padded/JITT14_padded.asc"
"826",14,14,3,46,1,16907184,16908562,1378,1,1,1,"C:/Data/corr_sacc/padded/JITT14_padded.asc"
"827",14,34,2,47,1,16919541,16922748,3207,0,0,1,"C:/Data/corr_sacc/padded/JITT14_padded.asc"
"828",14,55,2,48,1,16943050,16946474,3424,1,0,0,"C:/Data/corr_sacc/padded/JITT14_padded.asc"
"829",14,23,3,49,1,17061879,17063958,2079,0,0,1,"C:/Data/corr_sacc/padded/JITT14_padded.asc"
"830",14,43,2,50,1,17085322,17088003,2681,0,0,1,"C:/Data/corr_sacc/padded/JITT14_padded.asc"
"831",14,12,1,51,1,17102490,17105476,2986,1,1,1,"C:/Data/corr_sacc/padded/JITT14_padded.asc"
"832",14,35,3,52,1,17143724,17145895,2171,0,0,1,"C:/Data/corr_sacc/padded/JITT14_padded.asc"
"833",14,33,1,53,1,17162384,17164062,1678,0,0,1,"C:/Data/corr_sacc/padded/JITT14_padded.asc"
"834",14,46,2,54,1,17248155,17250185,2030,1,1,1,"C:/Data/corr_sacc/padded/JITT14_padded.asc"
"835",14,27,1,55,1,17262329,17264615,2286,0,0,1,"C:/Data/corr_sacc/padded/JITT14_padded.asc"
"836",14,50,3,56,1,17270983,17273424,2441,1,1,1,"C:/Data/corr_sacc/padded/JITT14_padded.asc"
"837",14,21,1,57,1,17278807,17281017,2210,0,0,1,"C:/Data/corr_sacc/padded/JITT14_padded.asc"
"838",14,7,2,58,1,17288021,17290805,2784,1,1,1,"C:/Data/corr_sacc/padded/JITT14_padded.asc"
"839",14,6,1,59,1,17296657,17298235,1578,1,1,1,"C:/Data/corr_sacc/padded/JITT14_padded.asc"
"840",14,15,1,60,1,17358008,17359763,1755,1,1,1,"C:/Data/corr_sacc/padded/JITT14_padded.asc"
"841",15,23,1,1,1,17982676,17985397,2721,0,0,1,"C:/Data/corr_sacc/padded/JITT15_padded.asc"
"842",15,37,3,2,1,18014771,18017619,2848,0,0,1,"C:/Data/corr_sacc/padded/JITT15_padded.asc"
"843",15,57,2,3,1,18034874,18039271,4397,1,1,1,"C:/Data/corr_sacc/padded/JITT15_padded.asc"
"844",15,27,2,4,1,18067508,18070345,2837,0,0,1,"C:/Data/corr_sacc/padded/JITT15_padded.asc"
"845",15,45,2,5,1,18088570,18091015,2445,0,0,1,"C:/Data/corr_sacc/padded/JITT15_padded.asc"
"846",15,11,1,6,1,18197692,18200609,2917,1,1,1,"C:/Data/corr_sacc/padded/JITT15_padded.asc"
"847",15,50,1,7,1,18210507,18213327,2820,1,1,1,"C:/Data/corr_sacc/padded/JITT15_padded.asc"
"848",15,12,2,8,1,18221118,18223480,2362,1,1,1,"C:/Data/corr_sacc/padded/JITT15_padded.asc"
"849",15,54,2,9,1,18243926,18246594,2668,1,1,1,"C:/Data/corr_sacc/padded/JITT15_padded.asc"
"850",15,36,2,10,1,18285172,18288345,3173,0,0,1,"C:/Data/corr_sacc/padded/JITT15_padded.asc"
"851",15,6,2,11,1,18320027,18321760,1733,1,1,1,"C:/Data/corr_sacc/padded/JITT15_padded.asc"
"852",15,38,1,12,1,18356722,18359164,2442,0,0,1,"C:/Data/corr_sacc/padded/JITT15_padded.asc"
"853",15,58,3,13,1,18372640,18375184,2544,0,0,1,"C:/Data/corr_sacc/padded/JITT15_padded.asc"
"854",15,49,3,14,1,18383234,18385279,2045,0,0,1,"C:/Data/corr_sacc/padded/JITT15_padded.asc"
"855",15,55,3,15,1,18392979,18395409,2430,1,0,0,"C:/Data/corr_sacc/padded/JITT15_padded.asc"
"856",15,25,3,16,1,18412663,18415407,2744,0,0,1,"C:/Data/corr_sacc/padded/JITT15_padded.asc"
"857",15,30,2,17,1,18487128,18490261,3133,0,0,1,"C:/Data/corr_sacc/padded/JITT15_padded.asc"
"858",15,44,1,18,1,18499894,18503091,3197,1,1,1,"C:/Data/corr_sacc/padded/JITT15_padded.asc"
"859",15,8,1,19,1,18580702,18582922,2220,1,1,1,"C:/Data/corr_sacc/padded/JITT15_padded.asc"
"860",15,31,3,20,1,18618910,18620746,1836,0,0,1,"C:/Data/corr_sacc/padded/JITT15_padded.asc"
"861",15,20,1,21,1,18634649,18636548,1899,1,1,1,"C:/Data/corr_sacc/padded/JITT15_padded.asc"
"862",15,7,3,22,1,18749635,18752098,2463,1,1,1,"C:/Data/corr_sacc/padded/JITT15_padded.asc"
"863",15,17,1,23,1,18759633,18762092,2459,1,1,1,"C:/Data/corr_sacc/padded/JITT15_padded.asc"
"864",15,59,1,24,1,18772844,18774684,1840,0,0,1,"C:/Data/corr_sacc/padded/JITT15_padded.asc"
"865",15,2,1,25,1,18788531,18790918,2387,1,1,1,"C:/Data/corr_sacc/padded/JITT15_padded.asc"
"866",15,32,1,26,1,18835760,18837653,1893,0,0,1,"C:/Data/corr_sacc/padded/JITT15_padded.asc"
"867",15,35,1,27,1,18870847,18874089,3242,0,1,0,"C:/Data/corr_sacc/padded/JITT15_padded.asc"
"868",15,33,2,28,1,18880472,18881894,1422,0,0,1,"C:/Data/corr_sacc/padded/JITT15_padded.asc"
"869",15,56,1,29,1,18903016,18905467,2451,1,0,0,"C:/Data/corr_sacc/padded/JITT15_padded.asc"
"870",15,16,3,30,1,18937152,18939932,2780,1,1,1,"C:/Data/corr_sacc/padded/JITT15_padded.asc"
"871",15,26,1,31,1,18946254,18948990,2736,0,0,1,"C:/Data/corr_sacc/padded/JITT15_padded.asc"
"872",15,29,1,32,1,18970615,18972385,1770,0,0,1,"C:/Data/corr_sacc/padded/JITT15_padded.asc"
"873",15,10,3,33,1,18987732,18990708,2976,1,1,1,"C:/Data/corr_sacc/padded/JITT15_padded.asc"
"874",15,48,2,34,1,19010576,19012900,2324,1,1,1,"C:/Data/corr_sacc/padded/JITT15_padded.asc"
"875",15,19,3,35,1,19033659,19035439,1780,1,1,1,"C:/Data/corr_sacc/padded/JITT15_padded.asc"
"876",15,40,3,36,1,19049792,19051680,1888,0,0,1,"C:/Data/corr_sacc/padded/JITT15_padded.asc"
"877",15,14,1,37,1,19058932,19061626,2694,1,1,1,"C:/Data/corr_sacc/padded/JITT15_padded.asc"
"878",15,46,3,38,1,19202269,19204135,1866,1,1,1,"C:/Data/corr_sacc/padded/JITT15_padded.asc"
"879",15,51,2,39,1,19211503,19213609,2106,0,0,1,"C:/Data/corr_sacc/padded/JITT15_padded.asc"
"880",15,3,2,40,1,19251883,19254028,2145,1,1,1,"C:/Data/corr_sacc/padded/JITT15_padded.asc"
"881",15,9,2,41,1,19280690,19282890,2200,1,1,1,"C:/Data/corr_sacc/padded/JITT15_padded.asc"
"882",15,28,3,42,1,19312287,19313930,1643,0,0,1,"C:/Data/corr_sacc/padded/JITT15_padded.asc"
"883",15,53,1,43,1,19319310,19321633,2323,0,0,1,"C:/Data/corr_sacc/padded/JITT15_padded.asc"
"884",15,47,1,44,1,19374820,19377147,2327,0,0,1,"C:/Data/corr_sacc/padded/JITT15_padded.asc"
"885",15,13,3,45,1,19396775,19398528,1753,1,1,1,"C:/Data/corr_sacc/padded/JITT15_padded.asc"
"886",15,34,3,46,1,19413928,19417631,3703,0,0,1,"C:/Data/corr_sacc/padded/JITT15_padded.asc"
"887",15,42,2,47,1,19423953,19426378,2425,1,1,1,"C:/Data/corr_sacc/padded/JITT15_padded.asc"
"888",15,24,2,48,1,19490524,19492197,1673,0,0,1,"C:/Data/corr_sacc/padded/JITT15_padded.asc"
"889",15,1,3,49,1,19512866,19514884,2018,1,1,1,"C:/Data/corr_sacc/padded/JITT15_padded.asc"
"890",15,4,3,50,1,19528481,19530485,2004,1,1,1,"C:/Data/corr_sacc/padded/JITT15_padded.asc"
"891",15,15,2,51,1,19543706,19545720,2014,1,1,1,"C:/Data/corr_sacc/padded/JITT15_padded.asc"
"892",15,18,2,52,1,19553159,19555067,1908,1,1,1,"C:/Data/corr_sacc/padded/JITT15_padded.asc"
"893",15,60,2,53,1,19576611,19578317,1706,0,0,1,"C:/Data/corr_sacc/padded/JITT15_padded.asc"
"894",15,43,3,54,1,19584538,19586181,1643,0,0,1,"C:/Data/corr_sacc/padded/JITT15_padded.asc"
"895",15,21,2,55,1,19593212,19595537,2325,0,0,1,"C:/Data/corr_sacc/padded/JITT15_padded.asc"
"896",15,39,2,56,1,19618272,19619886,1614,0,0,1,"C:/Data/corr_sacc/padded/JITT15_padded.asc"
"897",15,41,1,57,1,19633818,19635341,1523,0,0,1,"C:/Data/corr_sacc/padded/JITT15_padded.asc"
"898",15,5,1,58,1,19658754,19661629,2875,1,1,1,"C:/Data/corr_sacc/padded/JITT15_padded.asc"
"899",15,22,3,59,1,19667722,19672560,4838,0,0,1,"C:/Data/corr_sacc/padded/JITT15_padded.asc"
"900",15,52,3,60,1,19679637,19681758,2121,1,1,1,"C:/Data/corr_sacc/padded/JITT15_padded.asc"
"901",16,37,1,1,1,1271151,1273012,1861,0,0,1,"C:/Data/corr_sacc/padded/JITT16_padded.asc"
"902",16,33,3,2,1,1288999,1290726,1727,0,0,1,"C:/Data/corr_sacc/padded/JITT16_padded.asc"
"903",16,14,2,3,1,1316549,1318503,1954,1,1,1,"C:/Data/corr_sacc/padded/JITT16_padded.asc"
"904",16,50,2,4,1,1333636,1335549,1913,1,1,1,"C:/Data/corr_sacc/padded/JITT16_padded.asc"
"905",16,52,1,5,1,1358139,1360394,2255,1,1,1,"C:/Data/corr_sacc/padded/JITT16_padded.asc"
"906",16,60,3,6,1,1377265,1378992,1727,0,0,1,"C:/Data/corr_sacc/padded/JITT16_padded.asc"
"907",16,10,1,7,1,1505695,1508901,3206,1,1,1,"C:/Data/corr_sacc/padded/JITT16_padded.asc"
"908",16,53,2,8,1,1544022,1545644,1622,0,0,1,"C:/Data/corr_sacc/padded/JITT16_padded.asc"
"909",16,7,1,9,1,1584275,1587183,2908,1,1,1,"C:/Data/corr_sacc/padded/JITT16_padded.asc"
"910",16,23,2,10,1,1601053,1602719,1666,0,0,1,"C:/Data/corr_sacc/padded/JITT16_padded.asc"
"911",16,9,3,11,1,1624553,1626727,2174,1,1,1,"C:/Data/corr_sacc/padded/JITT16_padded.asc"
"912",16,13,1,12,1,1635935,1637566,1631,1,1,1,"C:/Data/corr_sacc/padded/JITT16_padded.asc"
"913",16,35,2,13,1,1655187,1657039,1852,0,0,1,"C:/Data/corr_sacc/padded/JITT16_padded.asc"
"914",16,16,1,14,1,1669161,1672547,3386,1,1,1,"C:/Data/corr_sacc/padded/JITT16_padded.asc"
"915",16,15,3,15,1,1686978,1688888,1910,1,1,1,"C:/Data/corr_sacc/padded/JITT16_padded.asc"
"916",16,51,3,16,1,1707240,1709018,1778,0,0,1,"C:/Data/corr_sacc/padded/JITT16_padded.asc"
"917",16,41,2,17,1,1736097,1737632,1535,0,0,1,"C:/Data/corr_sacc/padded/JITT16_padded.asc"
"918",16,42,3,18,1,1921852,1924115,2263,1,1,1,"C:/Data/corr_sacc/padded/JITT16_padded.asc"
"919",16,40,1,19,1,1940865,1942931,2066,0,0,1,"C:/Data/corr_sacc/padded/JITT16_padded.asc"
"920",16,55,1,20,1,1960621,1962265,1644,1,0,0,"C:/Data/corr_sacc/padded/JITT16_padded.asc"
"921",16,25,1,21,1,2022286,2024026,1740,0,0,1,"C:/Data/corr_sacc/padded/JITT16_padded.asc"
"922",16,18,3,22,1,2039459,2041099,1640,1,1,1,"C:/Data/corr_sacc/padded/JITT16_padded.asc"
"923",16,31,1,23,1,2077693,2079313,1620,0,0,1,"C:/Data/corr_sacc/padded/JITT16_padded.asc"
"924",16,46,1,24,1,2160142,2162155,2013,1,1,1,"C:/Data/corr_sacc/padded/JITT16_padded.asc"
"925",16,6,3,25,1,2181025,2182621,1596,1,1,1,"C:/Data/corr_sacc/padded/JITT16_padded.asc"
"926",16,11,2,26,1,2196077,2198198,2121,1,1,1,"C:/Data/corr_sacc/padded/JITT16_padded.asc"
"927",16,4,1,27,1,2239959,2241838,1879,1,1,1,"C:/Data/corr_sacc/padded/JITT16_padded.asc"
"928",16,24,3,28,1,2273707,2275168,1461,0,0,1,"C:/Data/corr_sacc/padded/JITT16_padded.asc"
"929",16,12,3,29,1,2281859,2283535,1676,1,1,1,"C:/Data/corr_sacc/padded/JITT16_padded.asc"
"930",16,17,2,30,1,2299616,2301144,1528,1,1,1,"C:/Data/corr_sacc/padded/JITT16_padded.asc"
"931",16,59,2,31,1,2309052,2311191,2139,0,0,1,"C:/Data/corr_sacc/padded/JITT16_padded.asc"
"932",16,48,3,32,1,2326361,2328678,2317,1,1,1,"C:/Data/corr_sacc/padded/JITT16_padded.asc"
"933",16,5,2,33,1,2343544,2345846,2302,1,1,1,"C:/Data/corr_sacc/padded/JITT16_padded.asc"
"934",16,22,1,34,1,2370009,2372005,1996,0,0,1,"C:/Data/corr_sacc/padded/JITT16_padded.asc"
"935",16,19,1,35,1,2412790,2414951,2161,1,1,1,"C:/Data/corr_sacc/padded/JITT16_padded.asc"
"936",16,29,2,36,1,2438793,2440503,1710,0,0,1,"C:/Data/corr_sacc/padded/JITT16_padded.asc"
"937",16,57,3,37,1,2455961,2460504,4543,1,0,0,"C:/Data/corr_sacc/padded/JITT16_padded.asc"
"938",16,21,3,38,1,2630338,2632371,2033,0,0,1,"C:/Data/corr_sacc/padded/JITT16_padded.asc"
"939",16,8,2,39,1,2666849,2669082,2233,1,1,1,"C:/Data/corr_sacc/padded/JITT16_padded.asc"
"940",16,43,1,40,1,2700759,2702596,1837,0,0,1,"C:/Data/corr_sacc/padded/JITT16_padded.asc"
"941",16,30,3,41,1,2756004,2757659,1655,0,0,1,"C:/Data/corr_sacc/padded/JITT16_padded.asc"
"942",16,56,2,42,1,2782305,2784964,2659,1,0,0,"C:/Data/corr_sacc/padded/JITT16_padded.asc"
"943",16,54,3,43,1,2795329,2797116,1787,1,1,1,"C:/Data/corr_sacc/padded/JITT16_padded.asc"
"944",16,36,3,44,1,2803632,2805898,2266,0,0,1,"C:/Data/corr_sacc/padded/JITT16_padded.asc"
"945",16,1,1,45,1,2813680,2816118,2438,1,1,1,"C:/Data/corr_sacc/padded/JITT16_padded.asc"
"946",16,49,1,46,1,2823297,2825179,1882,0,0,1,"C:/Data/corr_sacc/padded/JITT16_padded.asc"
"947",16,20,2,47,1,2833125,2834894,1769,1,1,1,"C:/Data/corr_sacc/padded/JITT16_padded.asc"
"948",16,44,2,48,1,2841956,2843918,1962,1,1,1,"C:/Data/corr_sacc/padded/JITT16_padded.asc"
"949",16,34,1,49,1,2906766,2909130,2364,0,0,1,"C:/Data/corr_sacc/padded/JITT16_padded.asc"
"950",16,26,2,50,1,2931497,2933205,1708,0,0,1,"C:/Data/corr_sacc/padded/JITT16_padded.asc"
"951",16,38,2,51,1,2977886,2981170,3284,0,0,1,"C:/Data/corr_sacc/padded/JITT16_padded.asc"
"952",16,39,3,52,1,2987208,2988579,1371,0,0,1,"C:/Data/corr_sacc/padded/JITT16_padded.asc"
"953",16,28,1,53,1,3001813,3003669,1856,0,0,1,"C:/Data/corr_sacc/padded/JITT16_padded.asc"
"954",16,45,3,54,1,3027783,3030085,2302,0,0,1,"C:/Data/corr_sacc/padded/JITT16_padded.asc"
"955",16,27,3,55,1,3052990,3054669,1679,0,0,1,"C:/Data/corr_sacc/padded/JITT16_padded.asc"
"956",16,58,1,56,1,3069067,3070734,1667,0,0,1,"C:/Data/corr_sacc/padded/JITT16_padded.asc"
"957",16,47,2,57,1,3092492,3094183,1691,0,0,1,"C:/Data/corr_sacc/padded/JITT16_padded.asc"
"958",16,3,3,58,1,3146233,3148790,2557,1,1,1,"C:/Data/corr_sacc/padded/JITT16_padded.asc"
"959",16,2,2,59,1,3157261,3159847,2586,1,1,1,"C:/Data/corr_sacc/padded/JITT16_padded.asc"
"960",16,32,2,60,1,3205493,3207329,1836,0,0,1,"C:/Data/corr_sacc/padded/JITT16_padded.asc"
"961",17,1,2,1,1,7451218,7454613,3395,1,1,1,"C:/Data/corr_sacc/padded/JITT17_padded.asc"
"962",17,14,3,2,1,7466755,7468398,1643,1,1,1,"C:/Data/corr_sacc/padded/JITT17_padded.asc"
"963",17,29,3,3,1,7485085,7486709,1624,0,0,1,"C:/Data/corr_sacc/padded/JITT17_padded.asc"
"964",17,6,1,4,1,7495943,7498035,2092,1,1,1,"C:/Data/corr_sacc/padded/JITT17_padded.asc"
"965",17,33,1,5,1,7507052,7508707,1655,0,0,1,"C:/Data/corr_sacc/padded/JITT17_padded.asc"
"966",17,20,3,6,1,7544670,7546469,1799,1,1,1,"C:/Data/corr_sacc/padded/JITT17_padded.asc"
"967",17,7,2,7,1,7585931,7587909,1978,1,1,1,"C:/Data/corr_sacc/padded/JITT17_padded.asc"
"968",17,19,2,8,1,7607098,7608678,1580,1,1,1,"C:/Data/corr_sacc/padded/JITT17_padded.asc"
"969",17,60,1,9,1,7633758,7635829,2071,0,0,1,"C:/Data/corr_sacc/padded/JITT17_padded.asc"
"970",17,58,2,10,1,7649965,7651950,1985,0,0,1,"C:/Data/corr_sacc/padded/JITT17_padded.asc"
"971",17,39,1,11,1,7666686,7668347,1661,0,0,1,"C:/Data/corr_sacc/padded/JITT17_padded.asc"
"972",17,3,1,12,1,7697150,7699016,1866,1,1,1,"C:/Data/corr_sacc/padded/JITT17_padded.asc"
"973",17,18,1,13,1,7719888,7721799,1911,1,1,1,"C:/Data/corr_sacc/padded/JITT17_padded.asc"
"974",17,35,3,14,1,7739877,7741576,1699,0,0,1,"C:/Data/corr_sacc/padded/JITT17_padded.asc"
"975",17,43,2,15,1,7749440,7750896,1456,0,0,1,"C:/Data/corr_sacc/padded/JITT17_padded.asc"
"976",17,37,2,16,1,7758343,7760118,1775,0,0,1,"C:/Data/corr_sacc/padded/JITT17_padded.asc"
"977",17,30,1,17,1,7781598,7783141,1543,0,0,1,"C:/Data/corr_sacc/padded/JITT17_padded.asc"
"978",17,38,3,18,1,7805083,7807240,2157,0,0,1,"C:/Data/corr_sacc/padded/JITT17_padded.asc"
"979",17,51,1,19,1,7821014,7822986,1972,0,0,1,"C:/Data/corr_sacc/padded/JITT17_padded.asc"
"980",17,2,3,20,1,7837210,7839144,1934,1,1,1,"C:/Data/corr_sacc/padded/JITT17_padded.asc"
"981",17,22,2,21,1,7855924,7857637,1713,0,0,1,"C:/Data/corr_sacc/padded/JITT17_padded.asc"
"982",17,15,1,22,1,7863266,7866790,3524,1,1,1,"C:/Data/corr_sacc/padded/JITT17_padded.asc"
"983",17,59,3,23,1,7969521,7971147,1626,0,0,1,"C:/Data/corr_sacc/padded/JITT17_padded.asc"
"984",17,57,1,24,1,7978027,7981792,3765,1,0,0,"C:/Data/corr_sacc/padded/JITT17_padded.asc"
"985",17,25,2,25,1,8005980,8007729,1749,0,0,1,"C:/Data/corr_sacc/padded/JITT17_padded.asc"
"986",17,44,3,26,1,8044444,8046851,2407,1,1,1,"C:/Data/corr_sacc/padded/JITT17_padded.asc"
"987",17,11,3,27,1,8102128,8104468,2340,1,1,1,"C:/Data/corr_sacc/padded/JITT17_padded.asc"
"988",17,46,2,28,1,8111939,8114438,2499,1,1,1,"C:/Data/corr_sacc/padded/JITT17_padded.asc"
"989",17,56,3,29,1,8121931,8126186,4255,1,0,0,"C:/Data/corr_sacc/padded/JITT17_padded.asc"
"990",17,54,1,30,1,8139406,8141408,2002,1,1,1,"C:/Data/corr_sacc/padded/JITT17_padded.asc"
"991",17,21,1,31,1,8169907,8173947,4040,0,0,1,"C:/Data/corr_sacc/padded/JITT17_padded.asc"
"992",17,42,1,32,1,8181329,8182855,1526,1,1,1,"C:/Data/corr_sacc/padded/JITT17_padded.asc"
"993",17,5,3,33,1,8206510,8208454,1944,1,1,1,"C:/Data/corr_sacc/padded/JITT17_padded.asc"
"994",17,4,2,34,1,8247693,8250098,2405,1,1,1,"C:/Data/corr_sacc/padded/JITT17_padded.asc"
"995",17,31,2,35,1,8258943,8260526,1583,0,0,1,"C:/Data/corr_sacc/padded/JITT17_padded.asc"
"996",17,49,2,36,1,8286867,8289387,2520,0,0,1,"C:/Data/corr_sacc/padded/JITT17_padded.asc"
"997",17,48,1,37,1,8395315,8397640,2325,1,1,1,"C:/Data/corr_sacc/padded/JITT17_padded.asc"
"998",17,26,3,38,1,8406026,8407979,1953,0,1,0,"C:/Data/corr_sacc/padded/JITT17_padded.asc"
"999",17,45,1,39,1,8417173,8419495,2322,0,0,1,"C:/Data/corr_sacc/padded/JITT17_padded.asc"
"1000",17,53,3,40,1,8488749,8490637,1888,0,0,1,"C:/Data/corr_sacc/padded/JITT17_padded.asc"
"1001",17,9,1,41,1,8542123,8544133,2010,1,1,1,"C:/Data/corr_sacc/padded/JITT17_padded.asc"
"1002",17,55,2,42,1,8601029,8602678,1649,1,0,0,"C:/Data/corr_sacc/padded/JITT17_padded.asc"
"1003",17,50,3,43,1,8608824,8611472,2648,1,1,1,"C:/Data/corr_sacc/padded/JITT17_padded.asc"
"1004",17,40,2,44,1,8647398,8649019,1621,0,0,1,"C:/Data/corr_sacc/padded/JITT17_padded.asc"
"1005",17,17,3,45,1,8712772,8714424,1652,1,1,1,"C:/Data/corr_sacc/padded/JITT17_padded.asc"
"1006",17,12,1,46,1,8723591,8725135,1544,1,1,1,"C:/Data/corr_sacc/padded/JITT17_padded.asc"
"1007",17,13,2,47,1,8751401,8753088,1687,1,1,1,"C:/Data/corr_sacc/padded/JITT17_padded.asc"
"1008",17,16,2,48,1,8762244,8763881,1637,1,1,1,"C:/Data/corr_sacc/padded/JITT17_padded.asc"
"1009",17,47,3,49,1,8777951,8785188,7237,0,1,0,"C:/Data/corr_sacc/padded/JITT17_padded.asc"
"1010",17,41,3,50,1,8791299,8794122,2823,0,0,1,"C:/Data/corr_sacc/padded/JITT17_padded.asc"
"1011",17,8,3,51,1,8813630,8816158,2528,1,1,1,"C:/Data/corr_sacc/padded/JITT17_padded.asc"
"1012",17,34,2,52,1,8831117,8832746,1629,0,0,1,"C:/Data/corr_sacc/padded/JITT17_padded.asc"
"1013",17,27,1,53,1,8849950,8851418,1468,0,0,1,"C:/Data/corr_sacc/padded/JITT17_padded.asc"
"1014",17,10,2,54,1,8879492,8882775,3283,1,0,0,"C:/Data/corr_sacc/padded/JITT17_padded.asc"
"1015",17,52,2,55,1,8890163,8893153,2990,1,1,1,"C:/Data/corr_sacc/padded/JITT17_padded.asc"
"1016",17,32,3,56,1,8935865,8937543,1678,0,0,1,"C:/Data/corr_sacc/padded/JITT17_padded.asc"
"1017",17,24,1,57,1,8951280,8953186,1906,0,0,1,"C:/Data/corr_sacc/padded/JITT17_padded.asc"
"1018",17,36,1,58,1,8972705,8974532,1827,0,0,1,"C:/Data/corr_sacc/padded/JITT17_padded.asc"
"1019",17,28,2,59,1,8985550,8987815,2265,0,0,1,"C:/Data/corr_sacc/padded/JITT17_padded.asc"
"1020",17,23,3,60,1,8994924,8996787,1863,0,0,1,"C:/Data/corr_sacc/padded/JITT17_padded.asc"
"1021",18,59,1,1,1,11469101,11471309,2208,0,0,1,"C:/Data/corr_sacc/padded/JITT18_padded.asc"
"1022",18,21,2,2,1,11490783,11492894,2111,0,0,1,"C:/Data/corr_sacc/padded/JITT18_padded.asc"
"1023",18,29,1,3,1,11558497,11560543,2046,0,0,1,"C:/Data/corr_sacc/padded/JITT18_padded.asc"
"1024",18,45,2,4,1,11571525,11573609,2084,0,0,1,"C:/Data/corr_sacc/padded/JITT18_padded.asc"
"1025",18,13,3,5,1,11595678,11597838,2160,1,1,1,"C:/Data/corr_sacc/padded/JITT18_padded.asc"
"1026",18,5,1,6,1,11644879,11648086,3207,1,1,1,"C:/Data/corr_sacc/padded/JITT18_padded.asc"
"1027",18,24,2,7,1,11658652,11660498,1846,0,0,1,"C:/Data/corr_sacc/padded/JITT18_padded.asc"
"1028",18,38,1,8,1,11695471,11697438,1967,0,0,1,"C:/Data/corr_sacc/padded/JITT18_padded.asc"
"1029",18,50,1,9,1,11718167,11721158,2991,1,1,1,"C:/Data/corr_sacc/padded/JITT18_padded.asc"
"1030",18,60,2,10,1,11729639,11731953,2314,0,0,1,"C:/Data/corr_sacc/padded/JITT18_padded.asc"
"1031",18,7,3,11,1,11750130,11752136,2006,1,1,1,"C:/Data/corr_sacc/padded/JITT18_padded.asc"
"1032",18,1,3,12,1,11776685,11780051,3366,1,1,1,"C:/Data/corr_sacc/padded/JITT18_padded.asc"
"1033",18,10,3,13,1,11803164,11805200,2036,1,1,1,"C:/Data/corr_sacc/padded/JITT18_padded.asc"
"1034",18,31,3,14,1,11840021,11842320,2299,0,0,1,"C:/Data/corr_sacc/padded/JITT18_padded.asc"
"1035",18,55,3,15,1,11879003,11880837,1834,1,0,0,"C:/Data/corr_sacc/padded/JITT18_padded.asc"
"1036",18,27,2,16,1,12001955,12003875,1920,0,0,1,"C:/Data/corr_sacc/padded/JITT18_padded.asc"
"1037",18,15,2,17,1,12050194,12052279,2085,1,1,1,"C:/Data/corr_sacc/padded/JITT18_padded.asc"
"1038",18,46,3,18,1,12191145,12193619,2474,1,1,1,"C:/Data/corr_sacc/padded/JITT18_padded.asc"
"1039",18,3,2,19,1,12201106,12203458,2352,1,1,1,"C:/Data/corr_sacc/padded/JITT18_padded.asc"
"1040",18,52,3,20,1,12216519,12219340,2821,1,1,1,"C:/Data/corr_sacc/padded/JITT18_padded.asc"
"1041",18,14,1,21,1,12246295,12248120,1825,1,1,1,"C:/Data/corr_sacc/padded/JITT18_padded.asc"
"1042",18,20,1,22,1,12315846,12317732,1886,1,1,1,"C:/Data/corr_sacc/padded/JITT18_padded.asc"
"1043",18,41,1,23,1,12333012,12334469,1457,0,0,1,"C:/Data/corr_sacc/padded/JITT18_padded.asc"
"1044",18,11,1,24,1,12343992,12347373,3381,1,1,1,"C:/Data/corr_sacc/padded/JITT18_padded.asc"
"1045",18,43,3,25,1,12386813,12388668,1855,0,0,1,"C:/Data/corr_sacc/padded/JITT18_padded.asc"
"1046",18,51,2,26,1,12407883,12409730,1847,0,0,1,"C:/Data/corr_sacc/padded/JITT18_padded.asc"
"1047",18,57,2,27,1,12424503,12427928,3425,1,0,0,"C:/Data/corr_sacc/padded/JITT18_padded.asc"
"1048",18,34,3,28,1,12465545,12469310,3765,0,1,0,"C:/Data/corr_sacc/padded/JITT18_padded.asc"
"1049",18,6,2,29,1,12532692,12534810,2118,1,1,1,"C:/Data/corr_sacc/padded/JITT18_padded.asc"
"1050",18,49,3,30,1,12573792,12577986,4194,0,0,1,"C:/Data/corr_sacc/padded/JITT18_padded.asc"
"1051",18,56,1,31,1,12591532,12593671,2139,1,0,0,"C:/Data/corr_sacc/padded/JITT18_padded.asc"
"1052",18,28,3,32,1,12603392,12605382,1990,0,0,1,"C:/Data/corr_sacc/padded/JITT18_padded.asc"
"1053",18,18,2,33,1,12644429,12646560,2131,1,1,1,"C:/Data/corr_sacc/padded/JITT18_padded.asc"
"1054",18,44,1,34,1,12678823,12681592,2769,1,1,1,"C:/Data/corr_sacc/padded/JITT18_padded.asc"
"1055",18,30,2,35,1,12697027,12699186,2159,0,0,1,"C:/Data/corr_sacc/padded/JITT18_padded.asc"
"1056",18,12,2,36,1,12706614,12708433,1819,1,1,1,"C:/Data/corr_sacc/padded/JITT18_padded.asc"
"1057",18,54,2,37,1,12724782,12727115,2333,1,1,1,"C:/Data/corr_sacc/padded/JITT18_padded.asc"
"1058",18,35,1,38,1,12964952,12967600,2648,0,0,1,"C:/Data/corr_sacc/padded/JITT18_padded.asc"
"1059",18,42,2,39,1,12983337,12986182,2845,1,1,1,"C:/Data/corr_sacc/padded/JITT18_padded.asc"
"1060",18,48,2,40,1,13000584,13003629,3045,1,1,1,"C:/Data/corr_sacc/padded/JITT18_padded.asc"
"1061",18,22,3,41,1,13012377,13014508,2131,0,0,1,"C:/Data/corr_sacc/padded/JITT18_padded.asc"
"1062",18,32,1,42,1,13031771,13034749,2978,0,0,1,"C:/Data/corr_sacc/padded/JITT18_padded.asc"
"1063",18,23,1,43,1,13054753,13057528,2775,0,0,1,"C:/Data/corr_sacc/padded/JITT18_padded.asc"
"1064",18,17,1,44,1,13077265,13078724,1459,1,1,1,"C:/Data/corr_sacc/padded/JITT18_padded.asc"
"1065",18,19,3,45,1,13086256,13088053,1797,1,1,1,"C:/Data/corr_sacc/padded/JITT18_padded.asc"
"1066",18,8,1,46,1,13104469,13107582,3113,1,1,1,"C:/Data/corr_sacc/padded/JITT18_padded.asc"
"1067",18,25,3,47,1,13132956,13135245,2289,0,0,1,"C:/Data/corr_sacc/padded/JITT18_padded.asc"
"1068",18,26,1,48,1,13143691,13145588,1897,0,0,1,"C:/Data/corr_sacc/padded/JITT18_padded.asc"
"1069",18,36,2,49,1,13169981,13172197,2216,0,0,1,"C:/Data/corr_sacc/padded/JITT18_padded.asc"
"1070",18,37,3,50,1,13204829,13207254,2425,0,0,1,"C:/Data/corr_sacc/padded/JITT18_padded.asc"
"1071",18,33,2,51,1,13214347,13215982,1635,0,0,1,"C:/Data/corr_sacc/padded/JITT18_padded.asc"
"1072",18,16,3,52,1,13235786,13237846,2060,1,1,1,"C:/Data/corr_sacc/padded/JITT18_padded.asc"
"1073",18,9,2,53,1,13254233,13256412,2179,1,1,1,"C:/Data/corr_sacc/padded/JITT18_padded.asc"
"1074",18,47,1,54,1,13321879,13324383,2504,0,0,1,"C:/Data/corr_sacc/padded/JITT18_padded.asc"
"1075",18,40,3,55,1,13332470,13334510,2040,0,0,1,"C:/Data/corr_sacc/padded/JITT18_padded.asc"
"1076",18,58,3,56,1,13349722,13352255,2533,0,0,1,"C:/Data/corr_sacc/padded/JITT18_padded.asc"
"1077",18,39,2,57,1,13374916,13377122,2206,0,0,1,"C:/Data/corr_sacc/padded/JITT18_padded.asc"
"1078",18,2,1,58,1,13439520,13441888,2368,1,1,1,"C:/Data/corr_sacc/padded/JITT18_padded.asc"
"1079",18,4,3,59,1,13447611,13449620,2009,1,1,1,"C:/Data/corr_sacc/padded/JITT18_padded.asc"
"1080",18,53,1,60,1,13497219,13500817,3598,0,0,1,"C:/Data/corr_sacc/padded/JITT18_padded.asc"
"1081",19,48,3,1,1,293653,296762,3109,1,1,1,"C:/Data/corr_sacc/padded/JITT19_padded.asc"
"1082",19,2,2,2,1,360566,365106,4540,1,1,1,"C:/Data/corr_sacc/padded/JITT19_padded.asc"
"1083",19,53,2,3,1,386785,389620,2835,0,0,1,"C:/Data/corr_sacc/padded/JITT19_padded.asc"
"1084",19,47,2,4,1,639860,646188,6328,0,1,0,"C:/Data/corr_sacc/padded/JITT19_padded.asc"
"1085",19,6,3,5,1,655004,656931,1927,1,0,0,"C:/Data/corr_sacc/padded/JITT19_padded.asc"
"1086",19,30,3,6,1,708956,716578,7622,0,1,0,"C:/Data/corr_sacc/padded/JITT19_padded.asc"
"1087",19,43,1,7,1,726811,728876,2065,0,0,1,"C:/Data/corr_sacc/padded/JITT19_padded.asc"
"1088",19,32,2,8,1,738328,740558,2230,0,0,1,"C:/Data/corr_sacc/padded/JITT19_padded.asc"
"1089",19,20,2,9,1,749717,751612,1895,1,1,1,"C:/Data/corr_sacc/padded/JITT19_padded.asc"
"1090",19,9,3,10,1,812196,815512,3316,1,0,0,"C:/Data/corr_sacc/padded/JITT19_padded.asc"
"1091",19,36,3,11,1,822118,824524,2406,0,0,1,"C:/Data/corr_sacc/padded/JITT19_padded.asc"
"1092",19,5,2,12,1,830690,836710,6020,1,0,0,"C:/Data/corr_sacc/padded/JITT19_padded.asc"
"1093",19,13,1,13,1,893737,902352,8615,1,1,1,"C:/Data/corr_sacc/padded/JITT19_padded.asc"
"1094",19,56,2,14,1,954421,957307,2886,1,0,0,"C:/Data/corr_sacc/padded/JITT19_padded.asc"
"1095",19,33,3,15,1,990430,992671,2241,0,0,1,"C:/Data/corr_sacc/padded/JITT19_padded.asc"
"1096",19,23,2,16,1,1184141,1191377,7236,0,0,1,"C:/Data/corr_sacc/padded/JITT19_padded.asc"
"1097",19,26,2,17,1,1253989,1257376,3387,0,0,1,"C:/Data/corr_sacc/padded/JITT19_padded.asc"
"1098",19,50,2,18,1,1275139,1280236,5097,1,1,1,"C:/Data/corr_sacc/padded/JITT19_padded.asc"
"1099",19,42,3,19,1,1338236,1341002,2766,1,1,1,"C:/Data/corr_sacc/padded/JITT19_padded.asc"
"1100",19,45,3,20,1,1387212,1398195,10983,0,1,0,"C:/Data/corr_sacc/padded/JITT19_padded.asc"
"1101",19,38,2,21,1,1432613,1438866,6253,0,0,1,"C:/Data/corr_sacc/padded/JITT19_padded.asc"
"1102",19,57,3,22,1,1445809,1458883,13074,1,1,1,"C:/Data/corr_sacc/padded/JITT19_padded.asc"
"1103",19,34,1,23,1,1491725,1495997,4272,0,0,1,"C:/Data/corr_sacc/padded/JITT19_padded.asc"
"1104",19,39,3,24,1,1511558,1513683,2125,0,0,1,"C:/Data/corr_sacc/padded/JITT19_padded.asc"
"1105",19,41,2,25,1,1668645,1670485,1840,0,0,1,"C:/Data/corr_sacc/padded/JITT19_padded.asc"
"1106",19,52,1,26,1,1680529,1684663,4134,1,1,1,"C:/Data/corr_sacc/padded/JITT19_padded.asc"
"1107",19,46,1,27,1,1694493,1696725,2232,1,1,1,"C:/Data/corr_sacc/padded/JITT19_padded.asc"
"1108",19,37,1,28,1,1705077,1707362,2285,0,1,0,"C:/Data/corr_sacc/padded/JITT19_padded.asc"
"1109",19,49,1,29,1,1724593,1727230,2637,0,0,1,"C:/Data/corr_sacc/padded/JITT19_padded.asc"
"1110",19,27,3,30,1,1734871,1736709,1838,0,0,1,"C:/Data/corr_sacc/padded/JITT19_padded.asc"
"1111",19,16,1,31,1,1752425,1759200,6775,1,0,0,"C:/Data/corr_sacc/padded/JITT19_padded.asc"
"1112",19,24,3,32,1,1777662,1779978,2316,0,0,1,"C:/Data/corr_sacc/padded/JITT19_padded.asc"
"1113",19,11,2,33,1,1792184,1793943,1759,1,1,1,"C:/Data/corr_sacc/padded/JITT19_padded.asc"
"1114",19,55,1,34,1,1819322,1821767,2445,1,0,0,"C:/Data/corr_sacc/padded/JITT19_padded.asc"
"1115",19,28,1,35,1,1842177,1844208,2031,0,1,0,"C:/Data/corr_sacc/padded/JITT19_padded.asc"
"1116",19,22,1,36,1,2017278,2020575,3297,0,1,0,"C:/Data/corr_sacc/padded/JITT19_padded.asc"
"1117",19,4,1,37,1,2049470,2053336,3866,1,0,0,"C:/Data/corr_sacc/padded/JITT19_padded.asc"
"1118",19,15,3,38,1,2067768,2069553,1785,1,1,1,"C:/Data/corr_sacc/padded/JITT19_padded.asc"
"1119",19,31,1,39,1,2097021,2098929,1908,0,0,1,"C:/Data/corr_sacc/padded/JITT19_padded.asc"
"1120",19,51,3,40,1,2108774,2111178,2404,0,0,1,"C:/Data/corr_sacc/padded/JITT19_padded.asc"
"1121",19,25,1,41,1,2148153,2149818,1665,0,0,1,"C:/Data/corr_sacc/padded/JITT19_padded.asc"
"1122",19,3,3,42,1,2155375,2157344,1969,1,1,1,"C:/Data/corr_sacc/padded/JITT19_padded.asc"
"1123",19,58,1,43,1,2325383,2327612,2229,0,0,1,"C:/Data/corr_sacc/padded/JITT19_padded.asc"
"1124",19,54,3,44,1,2381691,2383669,1978,1,1,1,"C:/Data/corr_sacc/padded/JITT19_padded.asc"
"1125",19,7,1,45,1,2390931,2393065,2134,1,1,1,"C:/Data/corr_sacc/padded/JITT19_padded.asc"
"1126",19,17,2,46,1,2401072,2402977,1905,1,0,0,"C:/Data/corr_sacc/padded/JITT19_padded.asc"
"1127",19,19,1,47,1,2415510,2417367,1857,1,1,1,"C:/Data/corr_sacc/padded/JITT19_padded.asc"
"1128",19,60,3,48,1,2430780,2432633,1853,0,0,1,"C:/Data/corr_sacc/padded/JITT19_padded.asc"
"1129",19,8,2,49,1,2442559,2446933,4374,1,1,1,"C:/Data/corr_sacc/padded/JITT19_padded.asc"
"1130",19,35,2,50,1,2467352,2470045,2693,0,0,1,"C:/Data/corr_sacc/padded/JITT19_padded.asc"
"1131",19,12,3,51,1,2494445,2496838,2393,1,1,1,"C:/Data/corr_sacc/padded/JITT19_padded.asc"
"1132",19,21,3,52,1,2546984,2551317,4333,0,1,0,"C:/Data/corr_sacc/padded/JITT19_padded.asc"
"1133",19,18,3,53,1,2680128,2683175,3047,1,0,0,"C:/Data/corr_sacc/padded/JITT19_padded.asc"
"1134",19,1,1,54,1,2711229,2714263,3034,1,1,1,"C:/Data/corr_sacc/padded/JITT19_padded.asc"
"1135",19,29,2,55,1,2733354,2736327,2973,0,0,1,"C:/Data/corr_sacc/padded/JITT19_padded.asc"
"1136",19,14,2,56,1,2781942,2785170,3228,1,0,0,"C:/Data/corr_sacc/padded/JITT19_padded.asc"
"1137",19,44,2,57,1,2823966,2827272,3306,1,0,0,"C:/Data/corr_sacc/padded/JITT19_padded.asc"
"1138",19,40,1,58,1,2870206,2871911,1705,0,0,1,"C:/Data/corr_sacc/padded/JITT19_padded.asc"
"1139",19,59,2,59,1,2878932,2881472,2540,0,0,1,"C:/Data/corr_sacc/padded/JITT19_padded.asc"
"1140",19,10,1,60,1,2889401,2892145,2744,1,1,1,"C:/Data/corr_sacc/padded/JITT19_padded.asc"
"1141",20,59,3,1,1,8121680,8124117,2437,0,0,1,"C:/Data/corr_sacc/padded/JITT20_padded.asc"
"1142",20,8,3,2,1,8141830,8143747,1917,1,1,1,"C:/Data/corr_sacc/padded/JITT20_padded.asc"
"1143",20,15,1,3,1,8154913,8157869,2956,1,1,1,"C:/Data/corr_sacc/padded/JITT20_padded.asc"
"1144",20,48,1,4,1,8166804,8169052,2248,1,1,1,"C:/Data/corr_sacc/padded/JITT20_padded.asc"
"1145",20,60,1,5,1,8200240,8202400,2160,0,0,1,"C:/Data/corr_sacc/padded/JITT20_padded.asc"
"1146",20,27,1,6,1,8222249,8224413,2164,0,0,1,"C:/Data/corr_sacc/padded/JITT20_padded.asc"
"1147",20,44,3,7,1,8233493,8236089,2596,1,1,1,"C:/Data/corr_sacc/padded/JITT20_padded.asc"
"1148",20,33,1,8,1,8246269,8248108,1839,0,0,1,"C:/Data/corr_sacc/padded/JITT20_padded.asc"
"1149",20,41,3,9,1,8263594,8265779,2185,0,0,1,"C:/Data/corr_sacc/padded/JITT20_padded.asc"
"1150",20,49,2,10,1,8307409,8310060,2651,0,0,1,"C:/Data/corr_sacc/padded/JITT20_padded.asc"
"1151",20,37,2,11,1,8341481,8343252,1771,0,0,1,"C:/Data/corr_sacc/padded/JITT20_padded.asc"
"1152",20,26,3,12,1,8350788,8353412,2624,0,0,1,"C:/Data/corr_sacc/padded/JITT20_padded.asc"
"1153",20,23,3,13,1,8370180,8372013,1833,0,0,1,"C:/Data/corr_sacc/padded/JITT20_padded.asc"
"1154",20,54,1,14,1,8381591,8383812,2221,1,1,1,"C:/Data/corr_sacc/padded/JITT20_padded.asc"
"1155",20,30,1,15,1,8411828,8413710,1882,0,0,1,"C:/Data/corr_sacc/padded/JITT20_padded.asc"
"1156",20,39,1,16,1,8436907,8438969,2062,0,0,1,"C:/Data/corr_sacc/padded/JITT20_padded.asc"
"1157",20,10,2,17,1,8447486,8450150,2664,1,1,1,"C:/Data/corr_sacc/padded/JITT20_padded.asc"
"1158",20,3,1,18,1,8456801,8459547,2746,1,1,1,"C:/Data/corr_sacc/padded/JITT20_padded.asc"
"1159",20,11,3,19,1,8472638,8474751,2113,1,1,1,"C:/Data/corr_sacc/padded/JITT20_padded.asc"
"1160",20,57,1,20,1,8481158,8484127,2969,1,0,0,"C:/Data/corr_sacc/padded/JITT20_padded.asc"
"1161",20,7,2,21,1,8504264,8506198,1934,1,1,1,"C:/Data/corr_sacc/padded/JITT20_padded.asc"
"1162",20,31,2,22,1,8526867,8528662,1795,0,0,1,"C:/Data/corr_sacc/padded/JITT20_padded.asc"
"1163",20,38,3,23,1,8545315,8547481,2166,0,0,1,"C:/Data/corr_sacc/padded/JITT20_padded.asc"
"1164",20,2,3,24,1,8555856,8558344,2488,1,1,1,"C:/Data/corr_sacc/padded/JITT20_padded.asc"
"1165",20,6,1,25,1,8588014,8590006,1992,1,1,1,"C:/Data/corr_sacc/padded/JITT20_padded.asc"
"1166",20,4,2,26,1,8844901,8846981,2080,1,1,1,"C:/Data/corr_sacc/padded/JITT20_padded.asc"
"1167",20,29,3,27,1,8874731,8877009,2278,0,0,1,"C:/Data/corr_sacc/padded/JITT20_padded.asc"
"1168",20,9,1,28,1,8883494,8886322,2828,1,1,1,"C:/Data/corr_sacc/padded/JITT20_padded.asc"
"1169",20,58,2,29,1,8899826,8901747,1921,0,0,1,"C:/Data/corr_sacc/padded/JITT20_padded.asc"
"1170",20,42,1,30,1,8925554,8927578,2024,1,1,1,"C:/Data/corr_sacc/padded/JITT20_padded.asc"
"1171",20,43,2,31,1,8951361,8953798,2437,0,0,1,"C:/Data/corr_sacc/padded/JITT20_padded.asc"
"1172",20,51,1,32,1,8981608,8983628,2020,0,0,1,"C:/Data/corr_sacc/padded/JITT20_padded.asc"
"1173",20,12,1,33,1,9019541,9021986,2445,1,1,1,"C:/Data/corr_sacc/padded/JITT20_padded.asc"
"1174",20,19,2,34,1,9047691,9049755,2064,1,1,1,"C:/Data/corr_sacc/padded/JITT20_padded.asc"
"1175",20,25,2,35,1,9151910,9154060,2150,0,0,1,"C:/Data/corr_sacc/padded/JITT20_padded.asc"
"1176",20,16,2,36,1,9170702,9174708,4006,1,1,1,"C:/Data/corr_sacc/padded/JITT20_padded.asc"
"1177",20,21,1,37,1,9189786,9191664,1878,0,0,1,"C:/Data/corr_sacc/padded/JITT20_padded.asc"
"1178",20,20,3,38,1,9201037,9203290,2253,1,1,1,"C:/Data/corr_sacc/padded/JITT20_padded.asc"
"1179",20,32,3,39,1,9239779,9241614,1835,0,0,1,"C:/Data/corr_sacc/padded/JITT20_padded.asc"
"1180",20,46,2,40,1,9249932,9252457,2525,1,1,1,"C:/Data/corr_sacc/padded/JITT20_padded.asc"
"1181",20,14,3,41,1,9293316,9295478,2162,1,1,1,"C:/Data/corr_sacc/padded/JITT20_padded.asc"
"1182",20,45,1,42,1,9313427,9315582,2155,0,0,1,"C:/Data/corr_sacc/padded/JITT20_padded.asc"
"1183",20,35,3,43,1,9334361,9336395,2034,0,0,1,"C:/Data/corr_sacc/padded/JITT20_padded.asc"
"1184",20,24,1,44,1,9357936,9360630,2694,0,0,1,"C:/Data/corr_sacc/padded/JITT20_padded.asc"
"1185",20,55,2,45,1,9377619,9381689,4070,1,0,0,"C:/Data/corr_sacc/padded/JITT20_padded.asc"
"1186",20,22,2,46,1,9597449,9601112,3663,0,0,1,"C:/Data/corr_sacc/padded/JITT20_padded.asc"
"1187",20,1,2,47,1,9620956,9624073,3117,1,1,1,"C:/Data/corr_sacc/padded/JITT20_padded.asc"
"1188",20,5,3,48,1,9655861,9658824,2963,1,1,1,"C:/Data/corr_sacc/padded/JITT20_padded.asc"
"1189",20,18,1,49,1,9666583,9668559,1976,1,1,1,"C:/Data/corr_sacc/padded/JITT20_padded.asc"
"1190",20,36,1,50,1,9748926,9751858,2932,0,0,1,"C:/Data/corr_sacc/padded/JITT20_padded.asc"
"1191",20,40,2,51,1,9757185,9759243,2058,0,0,1,"C:/Data/corr_sacc/padded/JITT20_padded.asc"
"1192",20,34,2,52,1,9801299,9803816,2517,0,0,1,"C:/Data/corr_sacc/padded/JITT20_padded.asc"
"1193",20,47,3,53,1,9809337,9813107,3770,0,0,1,"C:/Data/corr_sacc/padded/JITT20_padded.asc"
"1194",20,50,3,54,1,9842905,9845680,2775,1,0,0,"C:/Data/corr_sacc/padded/JITT20_padded.asc"
"1195",20,17,3,55,1,9860203,9862970,2767,1,1,1,"C:/Data/corr_sacc/padded/JITT20_padded.asc"
"1196",20,56,3,56,1,9890586,9892693,2107,1,0,0,"C:/Data/corr_sacc/padded/JITT20_padded.asc"
"1197",20,28,2,57,1,9990521,9993526,3005,0,0,1,"C:/Data/corr_sacc/padded/JITT20_padded.asc"
"1198",20,52,2,58,1,10013246,10016548,3302,1,1,1,"C:/Data/corr_sacc/padded/JITT20_padded.asc"
"1199",20,13,2,59,1,10077533,10081052,3519,1,1,1,"C:/Data/corr_sacc/padded/JITT20_padded.asc"
"1200",20,53,3,60,1,10113524,10115493,1969,0,0,1,"C:/Data/corr_sacc/padded/JITT20_padded.asc"
"1201",21,18,2,1,1,10853436,10856971,3535,1,1,1,"C:/Data/corr_sacc/padded/JITT21_padded.asc"
"1202",21,40,3,2,1,10870401,10871778,1377,0,0,1,"C:/Data/corr_sacc/padded/JITT21_padded.asc"
"1203",21,24,2,3,1,10884421,10885795,1374,0,0,1,"C:/Data/corr_sacc/padded/JITT21_padded.asc"
"1204",21,9,2,4,1,10898719,10900309,1590,1,1,1,"C:/Data/corr_sacc/padded/JITT21_padded.asc"
"1205",21,25,3,5,1,10915769,10917141,1372,0,0,1,"C:/Data/corr_sacc/padded/JITT21_padded.asc"
"1206",21,3,2,6,1,10946910,10948854,1944,1,1,1,"C:/Data/corr_sacc/padded/JITT21_padded.asc"
"1207",21,33,2,7,1,10962185,10964353,2168,0,0,1,"C:/Data/corr_sacc/padded/JITT21_padded.asc"
"1208",21,32,1,8,1,10972490,10973902,1412,0,0,1,"C:/Data/corr_sacc/padded/JITT21_padded.asc"
"1209",21,14,1,9,1,11036482,11038082,1600,1,1,1,"C:/Data/corr_sacc/padded/JITT21_padded.asc"
"1210",21,60,2,10,1,11050232,11052155,1923,0,0,1,"C:/Data/corr_sacc/padded/JITT21_padded.asc"
"1211",21,26,1,11,1,11070251,11071805,1554,0,0,1,"C:/Data/corr_sacc/padded/JITT21_padded.asc"
"1212",21,56,1,12,1,11121755,11124457,2702,1,0,0,"C:/Data/corr_sacc/padded/JITT21_padded.asc"
"1213",21,41,1,13,1,11183992,11185512,1520,0,0,1,"C:/Data/corr_sacc/padded/JITT21_padded.asc"
"1214",21,35,1,14,1,11191890,11193705,1815,0,0,1,"C:/Data/corr_sacc/padded/JITT21_padded.asc"
"1215",21,58,3,15,1,11198495,11200434,1939,0,0,1,"C:/Data/corr_sacc/padded/JITT21_padded.asc"
"1216",21,49,3,16,1,11205994,11207851,1857,0,0,1,"C:/Data/corr_sacc/padded/JITT21_padded.asc"
"1217",21,19,3,17,1,11378618,11381180,2562,1,1,1,"C:/Data/corr_sacc/padded/JITT21_padded.asc"
"1218",21,20,1,18,1,11428892,11430713,1821,1,1,1,"C:/Data/corr_sacc/padded/JITT21_padded.asc"
"1219",21,47,1,19,1,11443383,11446111,2728,0,0,1,"C:/Data/corr_sacc/padded/JITT21_padded.asc"
"1220",21,50,1,20,1,11466918,11468940,2022,1,1,1,"C:/Data/corr_sacc/padded/JITT21_padded.asc"
"1221",21,6,2,21,1,11488190,11489659,1469,1,1,1,"C:/Data/corr_sacc/padded/JITT21_padded.asc"
"1222",21,51,2,22,1,11528814,11531419,2605,0,0,1,"C:/Data/corr_sacc/padded/JITT21_padded.asc"
"1223",21,38,1,23,1,11538918,11541502,2584,0,0,1,"C:/Data/corr_sacc/padded/JITT21_padded.asc"
"1224",21,7,3,24,1,11553025,11555907,2882,1,1,1,"C:/Data/corr_sacc/padded/JITT21_padded.asc"
"1225",21,43,3,25,1,11569348,11570821,1473,0,0,1,"C:/Data/corr_sacc/padded/JITT21_padded.asc"
"1226",21,11,1,26,1,11576398,11578620,2222,1,1,1,"C:/Data/corr_sacc/padded/JITT21_padded.asc"
"1227",21,10,3,27,1,11584917,11588813,3896,1,1,1,"C:/Data/corr_sacc/padded/JITT21_padded.asc"
"1228",21,2,1,28,1,11596316,11598602,2286,1,1,1,"C:/Data/corr_sacc/padded/JITT21_padded.asc"
"1229",21,28,3,29,1,11618450,11619847,1397,0,0,1,"C:/Data/corr_sacc/padded/JITT21_padded.asc"
"1230",21,23,1,30,1,11630450,11632253,1803,0,0,1,"C:/Data/corr_sacc/padded/JITT21_padded.asc"
"1231",21,13,3,31,1,11645856,11647573,1717,1,1,1,"C:/Data/corr_sacc/padded/JITT21_padded.asc"
"1232",21,27,2,32,1,11656128,11657812,1684,0,0,1,"C:/Data/corr_sacc/padded/JITT21_padded.asc"
"1233",21,59,1,33,1,11684380,11686161,1781,0,0,1,"C:/Data/corr_sacc/padded/JITT21_padded.asc"
"1234",21,22,3,34,1,11692028,11693595,1567,0,0,1,"C:/Data/corr_sacc/padded/JITT21_padded.asc"
"1235",21,34,3,35,1,11713344,11714933,1589,0,0,1,"C:/Data/corr_sacc/padded/JITT21_padded.asc"
"1236",21,42,2,36,1,11721883,11723758,1875,1,1,1,"C:/Data/corr_sacc/padded/JITT21_padded.asc"
"1237",21,45,2,37,1,11735425,11737030,1605,0,0,1,"C:/Data/corr_sacc/padded/JITT21_padded.asc"
"1238",21,4,3,38,1,11753557,11755271,1714,1,1,1,"C:/Data/corr_sacc/padded/JITT21_padded.asc"
"1239",21,29,1,39,1,11763390,11765113,1723,0,0,1,"C:/Data/corr_sacc/padded/JITT21_padded.asc"
"1240",21,48,2,40,1,11792863,11794552,1689,1,1,1,"C:/Data/corr_sacc/padded/JITT21_padded.asc"
"1241",21,5,1,41,1,11815289,11816846,1557,1,1,1,"C:/Data/corr_sacc/padded/JITT21_padded.asc"
"1242",21,52,3,42,1,11845558,11847318,1760,1,1,1,"C:/Data/corr_sacc/padded/JITT21_padded.asc"
"1243",21,21,2,43,1,12011982,12014123,2141,0,0,1,"C:/Data/corr_sacc/padded/JITT21_padded.asc"
"1244",21,39,2,44,1,12041503,12042994,1491,0,0,1,"C:/Data/corr_sacc/padded/JITT21_padded.asc"
"1245",21,16,3,45,1,12049499,12051199,1700,1,1,1,"C:/Data/corr_sacc/padded/JITT21_padded.asc"
"1246",21,12,2,46,1,12070991,12073138,2147,1,1,1,"C:/Data/corr_sacc/padded/JITT21_padded.asc"
"1247",21,36,2,47,1,12118826,12120761,1935,0,0,1,"C:/Data/corr_sacc/padded/JITT21_padded.asc"
"1248",21,17,1,48,1,12136006,12137604,1598,1,1,1,"C:/Data/corr_sacc/padded/JITT21_padded.asc"
"1249",21,1,3,49,1,12196992,12198875,1883,1,1,1,"C:/Data/corr_sacc/padded/JITT21_padded.asc"
"1250",21,54,2,50,1,12206402,12208092,1690,1,1,1,"C:/Data/corr_sacc/padded/JITT21_padded.asc"
"1251",21,30,2,51,1,12256346,12257831,1485,0,0,1,"C:/Data/corr_sacc/padded/JITT21_padded.asc"
"1252",21,44,1,52,1,12272358,12274725,2367,1,1,1,"C:/Data/corr_sacc/padded/JITT21_padded.asc"
"1253",21,37,3,53,1,12281869,12283239,1370,0,0,1,"C:/Data/corr_sacc/padded/JITT21_padded.asc"
"1254",21,57,2,54,1,12296987,12300043,3056,1,0,0,"C:/Data/corr_sacc/padded/JITT21_padded.asc"
"1255",21,15,2,55,1,12315955,12317459,1504,1,1,1,"C:/Data/corr_sacc/padded/JITT21_padded.asc"
"1256",21,53,1,56,1,12356965,12358333,1368,0,0,1,"C:/Data/corr_sacc/padded/JITT21_padded.asc"
"1257",21,55,3,57,1,12389960,12391464,1504,1,0,0,"C:/Data/corr_sacc/padded/JITT21_padded.asc"
"1258",21,31,3,58,1,12402797,12404315,1518,0,0,1,"C:/Data/corr_sacc/padded/JITT21_padded.asc"
"1259",21,8,1,59,1,12411542,12413083,1541,1,1,1,"C:/Data/corr_sacc/padded/JITT21_padded.asc"
"1260",21,46,3,60,1,12451719,12453684,1965,1,1,1,"C:/Data/corr_sacc/padded/JITT21_padded.asc"
"1261",22,41,2,1,1,17809748,17812593,2845,0,0,1,"C:/Data/corr_sacc/padded/JITT22_padded.asc"
"1262",22,43,1,2,1,17876442,17880190,3748,0,0,1,"C:/Data/corr_sacc/padded/JITT22_padded.asc"
"1263",22,3,3,3,1,17899618,17901532,1914,1,1,1,"C:/Data/corr_sacc/padded/JITT22_padded.asc"
"1264",22,47,2,4,1,17910594,17913659,3065,0,0,1,"C:/Data/corr_sacc/padded/JITT22_padded.asc"
"1265",22,19,1,5,1,17922391,17924234,1843,1,1,1,"C:/Data/corr_sacc/padded/JITT22_padded.asc"
"1266",22,37,1,6,1,17932974,17934621,1647,0,0,1,"C:/Data/corr_sacc/padded/JITT22_padded.asc"
"1267",22,35,2,7,1,17951257,17952977,1720,0,0,1,"C:/Data/corr_sacc/padded/JITT22_padded.asc"
"1268",22,7,1,8,1,17962736,17964930,2194,1,1,1,"C:/Data/corr_sacc/padded/JITT22_padded.asc"
"1269",22,27,3,9,1,18009523,18011383,1860,0,0,1,"C:/Data/corr_sacc/padded/JITT22_padded.asc"
"1270",22,42,3,10,1,18108796,18110332,1536,1,0,0,"C:/Data/corr_sacc/padded/JITT22_padded.asc"
"1271",22,40,1,11,1,18145117,18146555,1438,0,0,1,"C:/Data/corr_sacc/padded/JITT22_padded.asc"
"1272",22,39,3,12,1,18162791,18164405,1614,0,0,1,"C:/Data/corr_sacc/padded/JITT22_padded.asc"
"1273",22,54,3,13,1,18222021,18224064,2043,1,1,1,"C:/Data/corr_sacc/padded/JITT22_padded.asc"
"1274",22,1,1,14,1,18244958,18246879,1921,1,1,1,"C:/Data/corr_sacc/padded/JITT22_padded.asc"
"1275",22,60,3,15,1,18258596,18260342,1746,0,0,1,"C:/Data/corr_sacc/padded/JITT22_padded.asc"
"1276",22,29,2,16,1,18270867,18272325,1458,0,0,1,"C:/Data/corr_sacc/padded/JITT22_padded.asc"
"1277",22,10,1,17,1,18302601,18304453,1852,1,1,1,"C:/Data/corr_sacc/padded/JITT22_padded.asc"
"1278",22,44,2,18,1,18359394,18362014,2620,1,1,1,"C:/Data/corr_sacc/padded/JITT22_padded.asc"
"1279",22,46,1,19,1,18372499,18374311,1812,1,1,1,"C:/Data/corr_sacc/padded/JITT22_padded.asc"
"1280",22,23,2,20,1,18387094,18389015,1921,0,0,1,"C:/Data/corr_sacc/padded/JITT22_padded.asc"
"1281",22,34,1,21,1,18489845,18491829,1984,0,0,1,"C:/Data/corr_sacc/padded/JITT22_padded.asc"
"1282",22,28,1,22,1,18500340,18502641,2301,0,0,1,"C:/Data/corr_sacc/padded/JITT22_padded.asc"
"1283",22,5,2,23,1,18558180,18559758,1578,1,1,1,"C:/Data/corr_sacc/padded/JITT22_padded.asc"
"1284",22,11,2,24,1,18616752,18618656,1904,1,1,1,"C:/Data/corr_sacc/padded/JITT22_padded.asc"
"1285",22,58,1,25,1,18627578,18629330,1752,0,0,1,"C:/Data/corr_sacc/padded/JITT22_padded.asc"
"1286",22,8,2,26,1,18644239,18646712,2473,1,1,1,"C:/Data/corr_sacc/padded/JITT22_padded.asc"
"1287",22,14,2,27,1,18685555,18687344,1789,1,1,1,"C:/Data/corr_sacc/padded/JITT22_padded.asc"
"1288",22,45,3,28,1,18698444,18699909,1465,0,0,1,"C:/Data/corr_sacc/padded/JITT22_padded.asc"
"1289",22,59,2,29,1,18707053,18708692,1639,0,0,1,"C:/Data/corr_sacc/padded/JITT22_padded.asc"
"1290",22,56,2,30,1,18758672,18760248,1576,1,0,0,"C:/Data/corr_sacc/padded/JITT22_padded.asc"
"1291",22,31,1,31,1,18772140,18773993,1853,0,0,1,"C:/Data/corr_sacc/padded/JITT22_padded.asc"
"1292",22,21,3,32,1,18806698,18808282,1584,0,0,1,"C:/Data/corr_sacc/padded/JITT22_padded.asc"
"1293",22,49,1,33,1,18844633,18846868,2235,0,0,1,"C:/Data/corr_sacc/padded/JITT22_padded.asc"
"1294",22,33,3,34,1,18882003,18883635,1632,0,0,1,"C:/Data/corr_sacc/padded/JITT22_padded.asc"
"1295",22,9,3,35,1,18900149,18901836,1687,1,0,0,"C:/Data/corr_sacc/padded/JITT22_padded.asc"
"1296",22,13,1,36,1,18907481,18909575,2094,1,1,1,"C:/Data/corr_sacc/padded/JITT22_padded.asc"
"1297",22,51,3,37,1,18932379,18933971,1592,0,0,1,"C:/Data/corr_sacc/padded/JITT22_padded.asc"
"1298",22,38,2,38,1,18970188,18972390,2202,0,1,0,"C:/Data/corr_sacc/padded/JITT22_padded.asc"
"1299",22,12,3,39,1,19106412,19108086,1674,1,1,1,"C:/Data/corr_sacc/padded/JITT22_padded.asc"
"1300",22,17,2,40,1,19129167,19130750,1583,1,1,1,"C:/Data/corr_sacc/padded/JITT22_padded.asc"
"1301",22,4,1,41,1,19227714,19229697,1983,1,1,1,"C:/Data/corr_sacc/padded/JITT22_padded.asc"
"1302",22,36,3,42,1,19255215,19257950,2735,0,0,1,"C:/Data/corr_sacc/padded/JITT22_padded.asc"
"1303",22,52,1,43,1,19275799,19277589,1790,1,1,1,"C:/Data/corr_sacc/padded/JITT22_padded.asc"
"1304",22,22,1,44,1,19294483,19296768,2285,0,1,0,"C:/Data/corr_sacc/padded/JITT22_padded.asc"
"1305",22,32,2,45,1,19308534,19310320,1786,0,0,1,"C:/Data/corr_sacc/padded/JITT22_padded.asc"
"1306",22,18,3,46,1,19373332,19375738,2406,1,1,1,"C:/Data/corr_sacc/padded/JITT22_padded.asc"
"1307",22,24,3,47,1,19405235,19406635,1400,0,0,1,"C:/Data/corr_sacc/padded/JITT22_padded.asc"
"1308",22,50,2,48,1,19430877,19433248,2371,1,1,1,"C:/Data/corr_sacc/padded/JITT22_padded.asc"
"1309",22,55,1,49,1,19473067,19474801,1734,1,0,0,"C:/Data/corr_sacc/padded/JITT22_padded.asc"
"1310",22,30,3,50,1,19481657,19483420,1763,0,0,1,"C:/Data/corr_sacc/padded/JITT22_padded.asc"
"1311",22,6,3,51,1,19494424,19496024,1600,1,0,0,"C:/Data/corr_sacc/padded/JITT22_padded.asc"
"1312",22,26,2,52,1,19507310,19508961,1651,0,1,0,"C:/Data/corr_sacc/padded/JITT22_padded.asc"
"1313",22,57,3,53,1,19550197,19551935,1738,1,0,0,"C:/Data/corr_sacc/padded/JITT22_padded.asc"
"1314",22,53,2,54,1,19572329,19573698,1369,0,1,0,"C:/Data/corr_sacc/padded/JITT22_padded.asc"
"1315",22,48,3,55,1,19578727,19580809,2082,1,1,1,"C:/Data/corr_sacc/padded/JITT22_padded.asc"
"1316",22,15,3,56,1,19592659,19594826,2167,1,1,1,"C:/Data/corr_sacc/padded/JITT22_padded.asc"
"1317",22,2,2,57,1,19606741,19608116,1375,1,1,1,"C:/Data/corr_sacc/padded/JITT22_padded.asc"
"1318",22,20,2,58,1,19628175,19629851,1676,1,1,1,"C:/Data/corr_sacc/padded/JITT22_padded.asc"
"1319",22,25,1,59,1,19641990,19643848,1858,0,0,1,"C:/Data/corr_sacc/padded/JITT22_padded.asc"
"1320",22,16,1,60,1,19653514,19655138,1624,1,1,1,"C:/Data/corr_sacc/padded/JITT22_padded.asc"
"1321",23,35,3,1,1,21924670,21926574,1904,0,0,1,"C:/Data/corr_sacc/padded/JITT23_padded.asc"
"1322",23,50,3,2,1,21937798,21939945,2147,1,1,1,"C:/Data/corr_sacc/padded/JITT23_padded.asc"
"1323",23,49,2,3,1,21991363,21993531,2168,0,0,1,"C:/Data/corr_sacc/padded/JITT23_padded.asc"
"1324",23,29,3,4,1,22006327,22008083,1756,0,0,1,"C:/Data/corr_sacc/padded/JITT23_padded.asc"
"1325",23,30,1,5,1,22029849,22031220,1371,0,0,1,"C:/Data/corr_sacc/padded/JITT23_padded.asc"
"1326",23,20,3,6,1,22084804,22087051,2247,1,1,1,"C:/Data/corr_sacc/padded/JITT23_padded.asc"
"1327",23,1,2,7,1,22094477,22096979,2502,1,1,1,"C:/Data/corr_sacc/padded/JITT23_padded.asc"
"1328",23,19,2,8,1,22172440,22174204,1764,1,1,1,"C:/Data/corr_sacc/padded/JITT23_padded.asc"
"1329",23,40,2,9,1,22179595,22180969,1374,0,0,1,"C:/Data/corr_sacc/padded/JITT23_padded.asc"
"1330",23,28,2,10,1,22270676,22272611,1935,0,0,1,"C:/Data/corr_sacc/padded/JITT23_padded.asc"
"1331",23,44,3,11,1,22288409,22290243,1834,1,1,1,"C:/Data/corr_sacc/padded/JITT23_padded.asc"
"1332",23,53,3,12,1,22298117,22299828,1711,0,0,1,"C:/Data/corr_sacc/padded/JITT23_padded.asc"
"1333",23,42,1,13,1,22308330,22311373,3043,1,1,1,"C:/Data/corr_sacc/padded/JITT23_padded.asc"
"1334",23,58,2,14,1,22317937,22319610,1673,0,0,1,"C:/Data/corr_sacc/padded/JITT23_padded.asc"
"1335",23,34,2,15,1,22358393,22360900,2507,0,1,0,"C:/Data/corr_sacc/padded/JITT23_padded.asc"
"1336",23,12,1,16,1,22621997,22624142,2145,1,1,1,"C:/Data/corr_sacc/padded/JITT23_padded.asc"
"1337",23,14,3,17,1,22633136,22634782,1646,1,1,1,"C:/Data/corr_sacc/padded/JITT23_padded.asc"
"1338",23,41,3,18,1,22657283,22658974,1691,0,0,1,"C:/Data/corr_sacc/padded/JITT23_padded.asc"
"1339",23,24,1,19,1,22712852,22715440,2588,0,0,1,"C:/Data/corr_sacc/padded/JITT23_padded.asc"
"1340",23,6,1,20,1,22730518,22732402,1884,1,1,1,"C:/Data/corr_sacc/padded/JITT23_padded.asc"
"1341",23,43,2,21,1,22738689,22740977,2288,0,0,1,"C:/Data/corr_sacc/padded/JITT23_padded.asc"
"1342",23,47,3,22,1,22842516,22845627,3111,0,1,0,"C:/Data/corr_sacc/padded/JITT23_padded.asc"
"1343",23,18,1,23,1,22852190,22855026,2836,1,1,1,"C:/Data/corr_sacc/padded/JITT23_padded.asc"
"1344",23,46,2,24,1,22870935,22874209,3274,1,1,1,"C:/Data/corr_sacc/padded/JITT23_padded.asc"
"1345",23,3,1,25,1,22881098,22883482,2384,1,1,1,"C:/Data/corr_sacc/padded/JITT23_padded.asc"
"1346",23,4,2,26,1,22896252,22898059,1807,1,1,1,"C:/Data/corr_sacc/padded/JITT23_padded.asc"
"1347",23,9,1,27,1,22927819,22929682,1863,1,1,1,"C:/Data/corr_sacc/padded/JITT23_padded.asc"
"1348",23,36,1,28,1,22978273,22982179,3906,0,0,1,"C:/Data/corr_sacc/padded/JITT23_padded.asc"
"1349",23,57,1,29,1,23055530,23061806,6276,1,0,0,"C:/Data/corr_sacc/padded/JITT23_padded.asc"
"1350",23,23,3,30,1,23067741,23069523,1782,0,0,1,"C:/Data/corr_sacc/padded/JITT23_padded.asc"
"1351",23,21,1,31,1,23090032,23093637,3605,0,0,1,"C:/Data/corr_sacc/padded/JITT23_padded.asc"
"1352",23,26,3,32,1,23105928,23107546,1618,0,0,1,"C:/Data/corr_sacc/padded/JITT23_padded.asc"
"1353",23,7,2,33,1,23115652,23118007,2355,1,1,1,"C:/Data/corr_sacc/padded/JITT23_padded.asc"
"1354",23,48,1,34,1,23134037,23135595,1558,1,1,1,"C:/Data/corr_sacc/padded/JITT23_padded.asc"
"1355",23,39,1,35,1,23141184,23142646,1462,0,0,1,"C:/Data/corr_sacc/padded/JITT23_padded.asc"
"1356",23,38,3,36,1,23167718,23169497,1779,0,0,1,"C:/Data/corr_sacc/padded/JITT23_padded.asc"
"1357",23,45,1,37,1,23194945,23196613,1668,0,0,1,"C:/Data/corr_sacc/padded/JITT23_padded.asc"
"1358",23,15,1,38,1,23422028,23423916,1888,1,1,1,"C:/Data/corr_sacc/padded/JITT23_padded.asc"
"1359",23,59,3,39,1,23443301,23445671,2370,0,0,1,"C:/Data/corr_sacc/padded/JITT23_padded.asc"
"1360",23,51,1,40,1,23450997,23452685,1688,0,0,1,"C:/Data/corr_sacc/padded/JITT23_padded.asc"
"1361",23,13,2,41,1,23460515,23462310,1795,1,1,1,"C:/Data/corr_sacc/padded/JITT23_padded.asc"
"1362",23,2,3,42,1,23509045,23510836,1791,1,1,1,"C:/Data/corr_sacc/padded/JITT23_padded.asc"
"1363",23,37,2,43,1,23518064,23519628,1564,0,0,1,"C:/Data/corr_sacc/padded/JITT23_padded.asc"
"1364",23,56,3,44,1,23527306,23530252,2946,1,0,0,"C:/Data/corr_sacc/padded/JITT23_padded.asc"
"1365",23,52,2,45,1,23565162,23567522,2360,1,1,1,"C:/Data/corr_sacc/padded/JITT23_padded.asc"
"1366",23,32,3,46,1,23573546,23575415,1869,0,0,1,"C:/Data/corr_sacc/padded/JITT23_padded.asc"
"1367",23,27,1,47,1,23588914,23590488,1574,0,0,1,"C:/Data/corr_sacc/padded/JITT23_padded.asc"
"1368",23,8,3,48,1,23609322,23611404,2082,1,1,1,"C:/Data/corr_sacc/padded/JITT23_padded.asc"
"1369",23,16,2,49,1,23620954,23622658,1704,1,1,1,"C:/Data/corr_sacc/padded/JITT23_padded.asc"
"1370",23,5,3,50,1,23645470,23647352,1882,1,1,1,"C:/Data/corr_sacc/padded/JITT23_padded.asc"
"1371",23,25,2,51,1,23695659,23697417,1758,0,0,1,"C:/Data/corr_sacc/padded/JITT23_padded.asc"
"1372",23,33,1,52,1,23730781,23732314,1533,0,0,1,"C:/Data/corr_sacc/padded/JITT23_padded.asc"
"1373",23,17,3,53,1,23744420,23746216,1796,1,1,1,"C:/Data/corr_sacc/padded/JITT23_padded.asc"
"1374",23,54,1,54,1,23758077,23759697,1620,1,1,1,"C:/Data/corr_sacc/padded/JITT23_padded.asc"
"1375",23,22,2,55,1,23781245,23783404,2159,0,0,1,"C:/Data/corr_sacc/padded/JITT23_padded.asc"
"1376",23,60,1,56,1,23788948,23790342,1394,0,0,1,"C:/Data/corr_sacc/padded/JITT23_padded.asc"
"1377",23,55,2,57,1,23822733,23824175,1442,1,0,0,"C:/Data/corr_sacc/padded/JITT23_padded.asc"
"1378",23,10,2,58,1,23875672,23878100,2428,1,1,1,"C:/Data/corr_sacc/padded/JITT23_padded.asc"
"1379",23,11,3,59,1,23890154,23892550,2396,1,1,1,"C:/Data/corr_sacc/padded/JITT23_padded.asc"
"1380",23,31,2,60,1,23911551,23913187,1636,0,0,1,"C:/Data/corr_sacc/padded/JITT23_padded.asc"
"1381",24,24,2,1,1,759829,761413,1584,0,0,1,"C:/Data/corr_sacc/padded/JITT24_padded.asc"
"1382",24,51,2,2,1,774666,777127,2461,0,0,1,"C:/Data/corr_sacc/padded/JITT24_padded.asc"
"1383",24,27,2,3,1,808116,811288,3172,0,0,1,"C:/Data/corr_sacc/padded/JITT24_padded.asc"
"1384",24,40,3,4,1,879419,881182,1763,0,0,1,"C:/Data/corr_sacc/padded/JITT24_padded.asc"
"1385",24,48,2,5,1,892988,895375,2387,1,1,1,"C:/Data/corr_sacc/padded/JITT24_padded.asc"
"1386",24,17,1,6,1,950753,953216,2463,1,1,1,"C:/Data/corr_sacc/padded/JITT24_padded.asc"
"1387",24,33,2,7,1,972964,974337,1373,0,0,1,"C:/Data/corr_sacc/padded/JITT24_padded.asc"
"1388",24,6,2,8,1,988174,989546,1372,1,1,1,"C:/Data/corr_sacc/padded/JITT24_padded.asc"
"1389",24,47,1,9,1,1006427,1008138,1711,0,0,1,"C:/Data/corr_sacc/padded/JITT24_padded.asc"
"1390",24,52,3,10,1,1019552,1023014,3462,1,1,1,"C:/Data/corr_sacc/padded/JITT24_padded.asc"
"1391",24,20,1,11,1,1029023,1030517,1494,1,1,1,"C:/Data/corr_sacc/padded/JITT24_padded.asc"
"1392",24,50,1,12,1,1046096,1049652,3556,1,1,1,"C:/Data/corr_sacc/padded/JITT24_padded.asc"
"1393",24,2,1,13,1,1066435,1068414,1979,1,1,1,"C:/Data/corr_sacc/padded/JITT24_padded.asc"
"1394",24,37,3,14,1,1074696,1076191,1495,0,0,1,"C:/Data/corr_sacc/padded/JITT24_padded.asc"
"1395",24,29,1,15,1,1116050,1117704,1654,0,0,1,"C:/Data/corr_sacc/padded/JITT24_padded.asc"
"1396",24,43,3,16,1,1134676,1136109,1433,0,0,1,"C:/Data/corr_sacc/padded/JITT24_padded.asc"
"1397",24,15,2,17,1,1147979,1149902,1923,1,1,1,"C:/Data/corr_sacc/padded/JITT24_padded.asc"
"1398",24,55,3,18,1,1175269,1177280,2011,1,0,0,"C:/Data/corr_sacc/padded/JITT24_padded.asc"
"1399",24,60,2,19,1,1405737,1407744,2007,0,0,1,"C:/Data/corr_sacc/padded/JITT24_padded.asc"
"1400",24,34,3,20,1,1427450,1430265,2815,0,0,1,"C:/Data/corr_sacc/padded/JITT24_padded.asc"
"1401",24,56,1,21,1,1442431,1444330,1899,1,0,0,"C:/Data/corr_sacc/padded/JITT24_padded.asc"
"1402",24,10,3,22,1,1477193,1479083,1890,1,1,1,"C:/Data/corr_sacc/padded/JITT24_padded.asc"
"1403",24,16,3,23,1,1510330,1511937,1607,1,1,1,"C:/Data/corr_sacc/padded/JITT24_padded.asc"
"1404",24,18,2,24,1,1517599,1519201,1602,1,1,1,"C:/Data/corr_sacc/padded/JITT24_padded.asc"
"1405",24,31,3,25,1,1534344,1535713,1369,0,0,1,"C:/Data/corr_sacc/padded/JITT24_padded.asc"
"1406",24,53,1,26,1,1560091,1561929,1838,0,0,1,"C:/Data/corr_sacc/padded/JITT24_padded.asc"
"1407",24,12,2,27,1,1582915,1584665,1750,1,1,1,"C:/Data/corr_sacc/padded/JITT24_padded.asc"
"1408",24,39,2,28,1,1613193,1614684,1491,0,0,1,"C:/Data/corr_sacc/padded/JITT24_padded.asc"
"1409",24,1,3,29,1,1645270,1647137,1867,1,1,1,"C:/Data/corr_sacc/padded/JITT24_padded.asc"
"1410",24,13,3,30,1,1670711,1672098,1387,1,1,1,"C:/Data/corr_sacc/padded/JITT24_padded.asc"
"1411",24,38,1,31,1,1678809,1680330,1521,0,0,1,"C:/Data/corr_sacc/padded/JITT24_padded.asc"
"1412",24,21,2,32,1,1689427,1690802,1375,0,0,1,"C:/Data/corr_sacc/padded/JITT24_padded.asc"
"1413",24,19,3,33,1,1770745,1772539,1794,1,1,1,"C:/Data/corr_sacc/padded/JITT24_padded.asc"
"1414",24,46,3,34,1,1795109,1797199,2090,1,1,1,"C:/Data/corr_sacc/padded/JITT24_padded.asc"
"1415",24,49,3,35,1,1818900,1821640,2740,0,0,1,"C:/Data/corr_sacc/padded/JITT24_padded.asc"
"1416",24,57,2,36,1,1837870,1840469,2599,1,0,0,"C:/Data/corr_sacc/padded/JITT24_padded.asc"
"1417",24,25,3,37,1,1866990,1868396,1406,0,0,1,"C:/Data/corr_sacc/padded/JITT24_padded.asc"
"1418",24,3,2,38,1,1963917,1965870,1953,1,1,1,"C:/Data/corr_sacc/padded/JITT24_padded.asc"
"1419",24,36,2,39,1,1984764,1986484,1720,0,0,1,"C:/Data/corr_sacc/padded/JITT24_padded.asc"
"1420",24,22,3,40,1,1995296,1997157,1861,0,0,1,"C:/Data/corr_sacc/padded/JITT24_padded.asc"
"1421",24,41,1,41,1,2004241,2005702,1461,0,0,1,"C:/Data/corr_sacc/padded/JITT24_padded.asc"
"1422",24,58,3,42,1,2030155,2032638,2483,0,0,1,"C:/Data/corr_sacc/padded/JITT24_padded.asc"
"1423",24,4,3,43,1,2038723,2040686,1963,1,1,1,"C:/Data/corr_sacc/padded/JITT24_padded.asc"
"1424",24,7,3,44,1,2058751,2060751,2000,1,1,1,"C:/Data/corr_sacc/padded/JITT24_padded.asc"
"1425",24,9,2,45,1,2086062,2087727,1665,1,1,1,"C:/Data/corr_sacc/padded/JITT24_padded.asc"
"1426",24,26,1,46,1,2133501,2135792,2291,0,0,1,"C:/Data/corr_sacc/padded/JITT24_padded.asc"
"1427",24,59,1,47,1,2158497,2159992,1495,0,0,1,"C:/Data/corr_sacc/padded/JITT24_padded.asc"
"1428",24,44,1,48,1,2172548,2175568,3020,1,1,1,"C:/Data/corr_sacc/padded/JITT24_padded.asc"
"1429",24,14,1,49,1,2181354,2182968,1614,1,1,1,"C:/Data/corr_sacc/padded/JITT24_padded.asc"
"1430",24,45,2,50,1,2206980,2208351,1371,0,0,1,"C:/Data/corr_sacc/padded/JITT24_padded.asc"
"1431",24,42,2,51,1,2244760,2247616,2856,1,1,1,"C:/Data/corr_sacc/padded/JITT24_padded.asc"
"1432",24,32,1,52,1,2273374,2274745,1371,0,0,1,"C:/Data/corr_sacc/padded/JITT24_padded.asc"
"1433",24,23,1,53,1,2302702,2304077,1375,0,0,1,"C:/Data/corr_sacc/padded/JITT24_padded.asc"
"1434",24,28,3,54,1,2317864,2319572,1708,0,0,1,"C:/Data/corr_sacc/padded/JITT24_padded.asc"
"1435",24,8,1,55,1,2360583,2362620,2037,1,1,1,"C:/Data/corr_sacc/padded/JITT24_padded.asc"
"1436",24,5,1,56,1,2371937,2373417,1480,1,1,1,"C:/Data/corr_sacc/padded/JITT24_padded.asc"
"1437",24,54,2,57,1,2382880,2385496,2616,1,1,1,"C:/Data/corr_sacc/padded/JITT24_padded.asc"
"1438",24,30,2,58,1,2397695,2399067,1372,0,0,1,"C:/Data/corr_sacc/padded/JITT24_padded.asc"
"1439",24,11,1,59,1,2405313,2406722,1409,1,1,1,"C:/Data/corr_sacc/padded/JITT24_padded.asc"
"1440",24,35,1,60,1,2425157,2426681,1524,0,0,1,"C:/Data/corr_sacc/padded/JITT24_padded.asc"
"1441",25,24,3,1,1,4209267,4211045,1778,0,0,1,"C:/Data/corr_sacc/padded/JITT25_padded.asc"
"1442",25,12,3,2,1,4218734,4220975,2241,1,1,1,"C:/Data/corr_sacc/padded/JITT25_padded.asc"
"1443",25,37,1,3,1,4306431,4308871,2440,0,0,1,"C:/Data/corr_sacc/padded/JITT25_padded.asc"
"1444",25,55,1,4,1,4318173,4319934,1761,1,0,0,"C:/Data/corr_sacc/padded/JITT25_padded.asc"
"1445",25,5,2,5,1,4343126,4345918,2792,1,1,1,"C:/Data/corr_sacc/padded/JITT25_padded.asc"
"1446",25,53,2,6,1,4353882,4355360,1478,0,0,1,"C:/Data/corr_sacc/padded/JITT25_padded.asc"
"1447",25,33,3,7,1,4391211,4392863,1652,0,0,1,"C:/Data/corr_sacc/padded/JITT25_padded.asc"
"1448",25,7,1,8,1,4416302,4418023,1721,1,1,1,"C:/Data/corr_sacc/padded/JITT25_padded.asc"
"1449",25,11,2,9,1,4457645,4459855,2210,1,1,1,"C:/Data/corr_sacc/padded/JITT25_padded.asc"
"1450",25,47,2,10,1,4478576,4481215,2639,0,0,1,"C:/Data/corr_sacc/padded/JITT25_padded.asc"
"1451",25,40,1,11,1,4511702,4513479,1777,0,0,1,"C:/Data/corr_sacc/padded/JITT25_padded.asc"
"1452",25,49,1,12,1,4521934,4523329,1395,0,0,1,"C:/Data/corr_sacc/padded/JITT25_padded.asc"
"1453",25,35,2,13,1,4532259,4533911,1652,0,0,1,"C:/Data/corr_sacc/padded/JITT25_padded.asc"
"1454",25,13,1,14,1,4581720,4583417,1697,1,1,1,"C:/Data/corr_sacc/padded/JITT25_padded.asc"
"1455",25,1,1,15,1,4652539,4654616,2077,1,1,1,"C:/Data/corr_sacc/padded/JITT25_padded.asc"
"1456",25,38,2,16,1,4662370,4664602,2232,0,0,1,"C:/Data/corr_sacc/padded/JITT25_padded.asc"
"1457",25,41,2,17,1,4698347,4699881,1534,0,0,1,"C:/Data/corr_sacc/padded/JITT25_padded.asc"
"1458",25,6,3,18,1,4708914,4712177,3263,1,1,1,"C:/Data/corr_sacc/padded/JITT25_padded.asc"
"1459",25,9,3,19,1,4719631,4721409,1778,1,1,1,"C:/Data/corr_sacc/padded/JITT25_padded.asc"
"1460",25,46,1,20,1,4740951,4742676,1725,1,1,1,"C:/Data/corr_sacc/padded/JITT25_padded.asc"
"1461",25,23,2,21,1,4749626,4751088,1462,0,0,1,"C:/Data/corr_sacc/padded/JITT25_padded.asc"
"1462",25,14,2,22,1,4762625,4764178,1553,1,1,1,"C:/Data/corr_sacc/padded/JITT25_padded.asc"
"1463",25,58,1,23,1,4918269,4919874,1605,0,0,1,"C:/Data/corr_sacc/padded/JITT25_padded.asc"
"1464",25,54,3,24,1,4950196,4952124,1928,1,1,1,"C:/Data/corr_sacc/padded/JITT25_padded.asc"
"1465",25,51,3,25,1,4962940,4965891,2951,0,0,1,"C:/Data/corr_sacc/padded/JITT25_padded.asc"
"1466",25,3,3,26,1,5000917,5002515,1598,1,1,1,"C:/Data/corr_sacc/padded/JITT25_padded.asc"
"1467",25,16,1,27,1,5012152,5013835,1683,1,1,1,"C:/Data/corr_sacc/padded/JITT25_padded.asc"
"1468",25,48,3,28,1,5023329,5025492,2163,1,1,1,"C:/Data/corr_sacc/padded/JITT25_padded.asc"
"1469",25,2,2,29,1,5047769,5049860,2091,1,1,1,"C:/Data/corr_sacc/padded/JITT25_padded.asc"
"1470",25,4,1,30,1,5076633,5078468,1835,1,1,1,"C:/Data/corr_sacc/padded/JITT25_padded.asc"
"1471",25,36,3,31,1,5127726,5129170,1444,0,0,1,"C:/Data/corr_sacc/padded/JITT25_padded.asc"
"1472",25,44,2,32,1,5153139,5155109,1970,1,1,1,"C:/Data/corr_sacc/padded/JITT25_padded.asc"
"1473",25,22,1,33,1,5254513,5255974,1461,0,0,1,"C:/Data/corr_sacc/padded/JITT25_padded.asc"
"1474",25,57,3,34,1,5300195,5303092,2897,1,0,0,"C:/Data/corr_sacc/padded/JITT25_padded.asc"
"1475",25,31,1,35,1,5364285,5365843,1558,0,0,1,"C:/Data/corr_sacc/padded/JITT25_padded.asc"
"1476",25,28,1,36,1,5400581,5402040,1459,0,0,1,"C:/Data/corr_sacc/padded/JITT25_padded.asc"
"1477",25,26,2,37,1,5421986,5423528,1542,0,0,1,"C:/Data/corr_sacc/padded/JITT25_padded.asc"
"1478",25,52,1,38,1,5446655,5449729,3074,1,1,1,"C:/Data/corr_sacc/padded/JITT25_padded.asc"
"1479",25,59,2,39,1,5457430,5458904,1474,0,0,1,"C:/Data/corr_sacc/padded/JITT25_padded.asc"
"1480",25,42,3,40,1,5511220,5513033,1813,1,1,1,"C:/Data/corr_sacc/padded/JITT25_padded.asc"
"1481",25,50,2,41,1,5708157,5710275,2118,1,1,1,"C:/Data/corr_sacc/padded/JITT25_padded.asc"
"1482",25,18,3,42,1,5745864,5748021,2157,1,1,1,"C:/Data/corr_sacc/padded/JITT25_padded.asc"
"1483",25,60,3,43,1,5814096,5815611,1515,0,0,1,"C:/Data/corr_sacc/padded/JITT25_padded.asc"
"1484",25,30,3,44,1,5825751,5827167,1416,0,0,1,"C:/Data/corr_sacc/padded/JITT25_padded.asc"
"1485",25,27,3,45,1,5835421,5837288,1867,0,0,1,"C:/Data/corr_sacc/padded/JITT25_padded.asc"
"1486",25,34,1,46,1,5847478,5849892,2414,0,0,1,"C:/Data/corr_sacc/padded/JITT25_padded.asc"
"1487",25,39,3,47,1,5882122,5883540,1418,0,0,1,"C:/Data/corr_sacc/padded/JITT25_padded.asc"
"1488",25,56,2,48,1,5899993,5902192,2199,1,0,0,"C:/Data/corr_sacc/padded/JITT25_padded.asc"
"1489",25,43,1,49,1,5943654,5945161,1507,0,0,1,"C:/Data/corr_sacc/padded/JITT25_padded.asc"
"1490",25,20,2,50,1,5951516,5953606,2090,1,1,1,"C:/Data/corr_sacc/padded/JITT25_padded.asc"
"1491",25,21,3,51,1,6015457,6017063,1606,0,0,1,"C:/Data/corr_sacc/padded/JITT25_padded.asc"
"1492",25,15,3,52,1,6034294,6035685,1391,1,1,1,"C:/Data/corr_sacc/padded/JITT25_padded.asc"
"1493",25,29,2,53,1,6054466,6057024,2558,0,0,1,"C:/Data/corr_sacc/padded/JITT25_padded.asc"
"1494",25,19,1,54,1,6084539,6086444,1905,1,1,1,"C:/Data/corr_sacc/padded/JITT25_padded.asc"
"1495",25,10,1,55,1,6121358,6127989,6631,1,0,0,"C:/Data/corr_sacc/padded/JITT25_padded.asc"
"1496",25,25,1,56,1,6153194,6154597,1403,0,0,1,"C:/Data/corr_sacc/padded/JITT25_padded.asc"
"1497",25,17,2,57,1,6215074,6216447,1373,1,1,1,"C:/Data/corr_sacc/padded/JITT25_padded.asc"
"1498",25,8,2,58,1,6260173,6263546,3373,1,1,1,"C:/Data/corr_sacc/padded/JITT25_padded.asc"
"1499",25,45,3,59,1,6281712,6283321,1609,0,0,1,"C:/Data/corr_sacc/padded/JITT25_padded.asc"
"1500",25,32,2,60,1,6312839,6314362,1523,0,0,1,"C:/Data/corr_sacc/padded/JITT25_padded.asc"
"1501",26,45,1,1,1,11055505,11057469,1964,0,0,1,"C:/Data/corr_sacc/padded/JITT26_padded.asc"
"1502",26,38,3,2,1,11075846,11078328,2482,0,0,1,"C:/Data/corr_sacc/padded/JITT26_padded.asc"
"1503",26,26,3,3,1,11119395,11122493,3098,0,0,1,"C:/Data/corr_sacc/padded/JITT26_padded.asc"
"1504",26,59,3,4,1,11148977,11151283,2306,0,0,1,"C:/Data/corr_sacc/padded/JITT26_padded.asc"
"1505",26,41,3,5,1,11158560,11160641,2081,0,0,1,"C:/Data/corr_sacc/padded/JITT26_padded.asc"
"1506",26,5,3,6,1,11169506,11171698,2192,1,1,1,"C:/Data/corr_sacc/padded/JITT26_padded.asc"
"1507",26,48,1,7,1,11181285,11183284,1999,1,1,1,"C:/Data/corr_sacc/padded/JITT26_padded.asc"
"1508",26,37,2,8,1,11205230,11207310,2080,0,0,1,"C:/Data/corr_sacc/padded/JITT26_padded.asc"
"1509",26,54,1,9,1,11214799,11216649,1850,1,1,1,"C:/Data/corr_sacc/padded/JITT26_padded.asc"
"1510",26,46,2,10,1,11261683,11264636,2953,1,1,1,"C:/Data/corr_sacc/padded/JITT26_padded.asc"
"1511",26,20,3,11,1,11273047,11274547,1500,1,1,1,"C:/Data/corr_sacc/padded/JITT26_padded.asc"
"1512",26,60,1,12,1,11360295,11362810,2515,0,0,1,"C:/Data/corr_sacc/padded/JITT26_padded.asc"
"1513",26,34,2,13,1,11379420,11381780,2360,0,1,0,"C:/Data/corr_sacc/padded/JITT26_padded.asc"
"1514",26,35,3,14,1,11391563,11393700,2137,0,0,1,"C:/Data/corr_sacc/padded/JITT26_padded.asc"
"1515",26,31,2,15,1,11410251,11412111,1860,0,0,1,"C:/Data/corr_sacc/padded/JITT26_padded.asc"
"1516",26,1,2,16,1,11452604,11454708,2104,1,1,1,"C:/Data/corr_sacc/padded/JITT26_padded.asc"
"1517",26,39,1,17,1,11461213,11463005,1792,0,0,1,"C:/Data/corr_sacc/padded/JITT26_padded.asc"
"1518",26,29,3,18,1,11502466,11504109,1643,0,0,1,"C:/Data/corr_sacc/padded/JITT26_padded.asc"
"1519",26,21,1,19,1,11513970,11515724,1754,0,0,1,"C:/Data/corr_sacc/padded/JITT26_padded.asc"
"1520",26,42,1,20,1,11548883,11550789,1906,1,1,1,"C:/Data/corr_sacc/padded/JITT26_padded.asc"
"1521",26,4,2,21,1,11560800,11562519,1719,1,1,1,"C:/Data/corr_sacc/padded/JITT26_padded.asc"
"1522",26,19,2,22,1,11583055,11584623,1568,1,1,1,"C:/Data/corr_sacc/padded/JITT26_padded.asc"
"1523",26,30,1,23,1,11636475,11638087,1612,0,0,1,"C:/Data/corr_sacc/padded/JITT26_padded.asc"
"1524",26,27,1,24,1,11646136,11647901,1765,0,0,1,"C:/Data/corr_sacc/padded/JITT26_padded.asc"
"1525",26,55,2,25,1,11654376,11655824,1448,1,0,0,"C:/Data/corr_sacc/padded/JITT26_padded.asc"
"1526",26,15,1,26,1,11745694,11747728,2034,1,1,1,"C:/Data/corr_sacc/padded/JITT26_padded.asc"
"1527",26,13,2,27,1,11756473,11758074,1601,1,1,1,"C:/Data/corr_sacc/padded/JITT26_padded.asc"
"1528",26,28,2,28,1,11768180,11770488,2308,0,0,1,"C:/Data/corr_sacc/padded/JITT26_padded.asc"
"1529",26,33,1,29,1,11806663,11808219,1556,0,0,1,"C:/Data/corr_sacc/padded/JITT26_padded.asc"
"1530",26,56,3,30,1,11819008,11820727,1719,1,0,0,"C:/Data/corr_sacc/padded/JITT26_padded.asc"
"1531",26,6,1,31,1,11837875,11839545,1670,1,1,1,"C:/Data/corr_sacc/padded/JITT26_padded.asc"
"1532",26,7,2,32,1,11899153,11901296,2143,1,1,1,"C:/Data/corr_sacc/padded/JITT26_padded.asc"
"1533",26,9,1,33,1,11918333,11920033,1700,1,1,1,"C:/Data/corr_sacc/padded/JITT26_padded.asc"
"1534",26,10,2,34,1,11935836,11938265,2429,1,1,1,"C:/Data/corr_sacc/padded/JITT26_padded.asc"
"1535",26,2,3,35,1,11996503,11998153,1650,1,1,1,"C:/Data/corr_sacc/padded/JITT26_padded.asc"
"1536",26,53,3,36,1,12040960,12043420,2460,0,0,1,"C:/Data/corr_sacc/padded/JITT26_padded.asc"
"1537",26,23,3,37,1,12051359,12052762,1403,0,0,1,"C:/Data/corr_sacc/padded/JITT26_padded.asc"
"1538",26,14,3,38,1,12072353,12073803,1450,1,1,1,"C:/Data/corr_sacc/padded/JITT26_padded.asc"
"1539",26,3,1,39,1,12089346,12091982,2636,1,0,0,"C:/Data/corr_sacc/padded/JITT26_padded.asc"
"1540",26,51,1,40,1,12099555,12101147,1592,0,0,1,"C:/Data/corr_sacc/padded/JITT26_padded.asc"
"1541",26,40,2,41,1,12107792,12109296,1504,0,0,1,"C:/Data/corr_sacc/padded/JITT26_padded.asc"
"1542",26,18,1,42,1,12146290,12147884,1594,1,1,1,"C:/Data/corr_sacc/padded/JITT26_padded.asc"
"1543",26,50,3,43,1,12159182,12161170,1988,1,1,1,"C:/Data/corr_sacc/padded/JITT26_padded.asc"
"1544",26,12,1,44,1,12186881,12188412,1531,1,1,1,"C:/Data/corr_sacc/padded/JITT26_padded.asc"
"1545",26,24,1,45,1,12206688,12208060,1372,0,0,1,"C:/Data/corr_sacc/padded/JITT26_padded.asc"
"1546",26,58,2,46,1,12236243,12238539,2296,0,0,1,"C:/Data/corr_sacc/padded/JITT26_padded.asc"
"1547",26,57,1,47,1,12291106,12295142,4036,1,0,0,"C:/Data/corr_sacc/padded/JITT26_padded.asc"
"1548",26,25,2,48,1,12585248,12587240,1992,0,0,1,"C:/Data/corr_sacc/padded/JITT26_padded.asc"
"1549",26,32,3,49,1,12617305,12619754,2449,0,0,1,"C:/Data/corr_sacc/padded/JITT26_padded.asc"
"1550",26,49,2,50,1,12655145,12657745,2600,0,0,1,"C:/Data/corr_sacc/padded/JITT26_padded.asc"
"1551",26,52,2,51,1,12707064,12709561,2497,1,1,1,"C:/Data/corr_sacc/padded/JITT26_padded.asc"
"1552",26,43,2,52,1,12719246,12720705,1459,0,0,1,"C:/Data/corr_sacc/padded/JITT26_padded.asc"
"1553",26,22,2,53,1,12817297,12819138,1841,0,0,1,"C:/Data/corr_sacc/padded/JITT26_padded.asc"
"1554",26,17,3,54,1,12829704,12831235,1531,1,1,1,"C:/Data/corr_sacc/padded/JITT26_padded.asc"
"1555",26,47,3,55,1,12902671,12905898,3227,0,0,1,"C:/Data/corr_sacc/padded/JITT26_padded.asc"
"1556",26,11,3,56,1,12963249,12964930,1681,1,1,1,"C:/Data/corr_sacc/padded/JITT26_padded.asc"
"1557",26,44,3,57,1,12976159,12978756,2597,1,1,1,"C:/Data/corr_sacc/padded/JITT26_padded.asc"
"1558",26,36,1,58,1,13020380,13023427,3047,0,0,1,"C:/Data/corr_sacc/padded/JITT26_padded.asc"
"1559",26,16,2,59,1,13043222,13045164,1942,1,1,1,"C:/Data/corr_sacc/padded/JITT26_padded.asc"
"1560",26,8,3,60,1,13150871,13153493,2622,1,1,1,"C:/Data/corr_sacc/padded/JITT26_padded.asc"
"1561",27,24,2,1,1,14791626,14793765,2139,0,0,1,"C:/Data/corr_sacc/padded/JITT27_padded.asc"
"1562",27,36,2,2,1,14806980,14808662,1682,0,0,1,"C:/Data/corr_sacc/padded/JITT27_padded.asc"
"1563",27,4,3,3,1,14850448,14853025,2577,1,1,1,"C:/Data/corr_sacc/padded/JITT27_padded.asc"
"1564",27,8,1,4,1,14877536,14879366,1830,1,1,1,"C:/Data/corr_sacc/padded/JITT27_padded.asc"
"1565",27,15,2,5,1,14901573,14904276,2703,1,1,1,"C:/Data/corr_sacc/padded/JITT27_padded.asc"
"1566",27,54,2,6,1,14930844,14933225,2381,1,1,1,"C:/Data/corr_sacc/padded/JITT27_padded.asc"
"1567",27,46,3,7,1,14948622,14951554,2932,1,0,0,"C:/Data/corr_sacc/padded/JITT27_padded.asc"
"1568",27,22,3,8,1,15025482,15030563,5081,0,0,1,"C:/Data/corr_sacc/padded/JITT27_padded.asc"
"1569",27,37,3,9,1,15077287,15080349,3062,0,0,1,"C:/Data/corr_sacc/padded/JITT27_padded.asc"
"1570",27,5,1,10,1,15099443,15105968,6525,1,1,1,"C:/Data/corr_sacc/padded/JITT27_padded.asc"
"1571",27,26,1,11,1,15156330,15161538,5208,0,0,1,"C:/Data/corr_sacc/padded/JITT27_padded.asc"
"1572",27,21,2,12,1,15173474,15177984,4510,0,1,0,"C:/Data/corr_sacc/padded/JITT27_padded.asc"
"1573",27,14,1,13,1,15183447,15185521,2074,1,1,1,"C:/Data/corr_sacc/padded/JITT27_padded.asc"
"1574",27,56,1,14,1,15214162,15216747,2585,1,0,0,"C:/Data/corr_sacc/padded/JITT27_padded.asc"
"1575",27,18,2,15,1,15359035,15361621,2586,1,1,1,"C:/Data/corr_sacc/padded/JITT27_padded.asc"
"1576",27,23,1,16,1,15366670,15370012,3342,0,0,1,"C:/Data/corr_sacc/padded/JITT27_padded.asc"
"1577",27,55,3,17,1,15398705,15401769,3064,1,0,0,"C:/Data/corr_sacc/padded/JITT27_padded.asc"
"1578",27,50,1,18,1,15409074,15411027,1953,1,1,1,"C:/Data/corr_sacc/padded/JITT27_padded.asc"
"1579",27,44,1,19,1,15435417,15438033,2616,1,1,1,"C:/Data/corr_sacc/padded/JITT27_padded.asc"
"1580",27,43,3,20,1,15443035,15444988,1953,0,0,1,"C:/Data/corr_sacc/padded/JITT27_padded.asc"
"1581",27,7,3,21,1,15475471,15477637,2166,1,1,1,"C:/Data/corr_sacc/padded/JITT27_padded.asc"
"1582",27,32,1,22,1,15495485,15497040,1555,0,0,1,"C:/Data/corr_sacc/padded/JITT27_padded.asc"
"1583",27,30,2,23,1,15559952,15565246,5294,0,0,1,"C:/Data/corr_sacc/padded/JITT27_padded.asc"
"1584",27,12,2,24,1,15659035,15660957,1922,1,1,1,"C:/Data/corr_sacc/padded/JITT27_padded.asc"
"1585",27,13,3,25,1,15666464,15668120,1656,1,1,1,"C:/Data/corr_sacc/padded/JITT27_padded.asc"
"1586",27,48,2,26,1,15686538,15688576,2038,1,1,1,"C:/Data/corr_sacc/padded/JITT27_padded.asc"
"1587",27,49,3,27,1,15698097,15700931,2834,0,0,1,"C:/Data/corr_sacc/padded/JITT27_padded.asc"
"1588",27,3,2,28,1,15746868,15749194,2326,1,1,1,"C:/Data/corr_sacc/padded/JITT27_padded.asc"
"1589",27,2,1,29,1,15758182,15762873,4691,1,1,1,"C:/Data/corr_sacc/padded/JITT27_padded.asc"
"1590",27,42,2,30,1,15828135,15830791,2656,1,1,1,"C:/Data/corr_sacc/padded/JITT27_padded.asc"
"1591",27,16,3,31,1,15841478,15843120,1642,1,1,1,"C:/Data/corr_sacc/padded/JITT27_padded.asc"
"1592",27,45,2,32,1,15875901,15877767,1866,0,0,1,"C:/Data/corr_sacc/padded/JITT27_padded.asc"
"1593",27,51,2,33,1,15890580,15892210,1630,0,0,1,"C:/Data/corr_sacc/padded/JITT27_padded.asc"
"1594",27,28,3,34,1,15916560,15919440,2880,0,0,1,"C:/Data/corr_sacc/padded/JITT27_padded.asc"
"1595",27,58,3,35,1,15948964,15952765,3801,0,0,1,"C:/Data/corr_sacc/padded/JITT27_padded.asc"
"1596",27,38,1,36,1,16141942,16145396,3454,0,0,1,"C:/Data/corr_sacc/padded/JITT27_padded.asc"
"1597",27,11,1,37,1,16228530,16231148,2618,1,1,1,"C:/Data/corr_sacc/padded/JITT27_padded.asc"
"1598",27,33,2,38,1,16270466,16274532,4066,0,0,1,"C:/Data/corr_sacc/padded/JITT27_padded.asc"
"1599",27,19,3,39,1,16287201,16290465,3264,1,1,1,"C:/Data/corr_sacc/padded/JITT27_padded.asc"
"1600",27,57,2,40,1,16301813,16307018,5205,1,0,0,"C:/Data/corr_sacc/padded/JITT27_padded.asc"
"1601",27,39,2,41,1,16330004,16332107,2103,0,0,1,"C:/Data/corr_sacc/padded/JITT27_padded.asc"
"1602",27,59,1,42,1,16337524,16340252,2728,0,0,1,"C:/Data/corr_sacc/padded/JITT27_padded.asc"
"1603",27,27,2,43,1,16369122,16372322,3200,0,0,1,"C:/Data/corr_sacc/padded/JITT27_padded.asc"
"1604",27,52,3,44,1,16378932,16381900,2968,1,1,1,"C:/Data/corr_sacc/padded/JITT27_padded.asc"
"1605",27,10,3,45,1,16405231,16407610,2379,1,0,0,"C:/Data/corr_sacc/padded/JITT27_padded.asc"
"1606",27,29,1,46,1,16477407,16479454,2047,0,0,1,"C:/Data/corr_sacc/padded/JITT27_padded.asc"
"1607",27,20,1,47,1,16504426,16506687,2261,1,1,1,"C:/Data/corr_sacc/padded/JITT27_padded.asc"
"1608",27,35,1,48,1,16513747,16515654,1907,0,0,1,"C:/Data/corr_sacc/padded/JITT27_padded.asc"
"1609",27,9,2,49,1,16526155,16528567,2412,1,1,1,"C:/Data/corr_sacc/padded/JITT27_padded.asc"
"1610",27,40,3,50,1,16542545,16543918,1373,0,0,1,"C:/Data/corr_sacc/padded/JITT27_padded.asc"
"1611",27,41,1,51,1,16556006,16559198,3192,0,0,1,"C:/Data/corr_sacc/padded/JITT27_padded.asc"
"1612",27,53,1,52,1,16587466,16589399,1933,0,0,1,"C:/Data/corr_sacc/padded/JITT27_padded.asc"
"1613",27,17,1,53,1,16611110,16612794,1684,1,1,1,"C:/Data/corr_sacc/padded/JITT27_padded.asc"
"1614",27,60,2,54,1,16645460,16647786,2326,0,0,1,"C:/Data/corr_sacc/padded/JITT27_padded.asc"
"1615",27,6,2,55,1,16670855,16672596,1741,1,1,1,"C:/Data/corr_sacc/padded/JITT27_padded.asc"
"1616",27,25,3,56,1,16719410,16720984,1574,0,0,1,"C:/Data/corr_sacc/padded/JITT27_padded.asc"
"1617",27,47,1,57,1,16729688,16732251,2563,0,0,1,"C:/Data/corr_sacc/padded/JITT27_padded.asc"
"1618",27,34,3,58,1,16749932,16752145,2213,0,0,1,"C:/Data/corr_sacc/padded/JITT27_padded.asc"
"1619",27,31,3,59,1,16782234,16785217,2983,0,0,1,"C:/Data/corr_sacc/padded/JITT27_padded.asc"
"1620",27,1,3,60,1,16790718,16793954,3236,1,1,1,"C:/Data/corr_sacc/padded/JITT27_padded.asc"
"1621",28,11,2,1,1,18104913,18109084,4171,1,1,1,"C:/Data/corr_sacc/padded/JITT28_padded.asc"
"1622",28,48,3,2,1,18136635,18141575,4940,1,1,1,"C:/Data/corr_sacc/padded/JITT28_padded.asc"
"1623",28,20,2,3,1,18149590,18152632,3042,1,1,1,"C:/Data/corr_sacc/padded/JITT28_padded.asc"
"1624",28,4,1,4,1,18162397,18165498,3101,1,0,0,"C:/Data/corr_sacc/padded/JITT28_padded.asc"
"1625",28,10,1,5,1,18189557,18192346,2789,1,1,1,"C:/Data/corr_sacc/padded/JITT28_padded.asc"
"1626",28,5,2,6,1,18237465,18240281,2816,1,1,1,"C:/Data/corr_sacc/padded/JITT28_padded.asc"
"1627",28,21,3,7,1,18286773,18289330,2557,0,0,1,"C:/Data/corr_sacc/padded/JITT28_padded.asc"
"1628",28,18,3,8,1,18315089,18318831,3742,1,1,1,"C:/Data/corr_sacc/padded/JITT28_padded.asc"
"1629",28,22,1,9,1,18340102,18343018,2916,0,0,1,"C:/Data/corr_sacc/padded/JITT28_padded.asc"
"1630",28,31,1,10,1,18359378,18361233,1855,0,0,1,"C:/Data/corr_sacc/padded/JITT28_padded.asc"
"1631",28,54,3,11,1,18370106,18372920,2814,1,1,1,"C:/Data/corr_sacc/padded/JITT28_padded.asc"
"1632",28,12,3,12,1,18399457,18402023,2566,1,1,1,"C:/Data/corr_sacc/padded/JITT28_padded.asc"
"1633",28,53,2,13,1,18414194,18415976,1782,0,0,1,"C:/Data/corr_sacc/padded/JITT28_padded.asc"
"1634",28,56,2,14,1,18426227,18429850,3623,1,0,0,"C:/Data/corr_sacc/padded/JITT28_padded.asc"
"1635",28,57,3,15,1,18446273,18451739,5466,1,0,0,"C:/Data/corr_sacc/padded/JITT28_padded.asc"
"1636",28,8,2,16,1,18474067,18476600,2533,1,1,1,"C:/Data/corr_sacc/padded/JITT28_padded.asc"
"1637",28,30,3,17,1,18484007,18486081,2074,0,0,1,"C:/Data/corr_sacc/padded/JITT28_padded.asc"
"1638",28,41,2,18,1,18492345,18494042,1697,0,0,1,"C:/Data/corr_sacc/padded/JITT28_padded.asc"
"1639",28,50,2,19,1,18538098,18540599,2501,1,1,1,"C:/Data/corr_sacc/padded/JITT28_padded.asc"
"1640",28,58,1,20,1,18576032,18578329,2297,0,0,1,"C:/Data/corr_sacc/padded/JITT28_padded.asc"
"1641",28,51,3,21,1,18607416,18609906,2490,0,0,1,"C:/Data/corr_sacc/padded/JITT28_padded.asc"
"1642",28,9,3,22,1,18765167,18767516,2349,1,1,1,"C:/Data/corr_sacc/padded/JITT28_padded.asc"
"1643",28,15,3,23,1,18777686,18779782,2096,1,1,1,"C:/Data/corr_sacc/padded/JITT28_padded.asc"
"1644",28,59,2,24,1,18786677,18788631,1954,0,0,1,"C:/Data/corr_sacc/padded/JITT28_padded.asc"
"1645",28,35,2,25,1,18796644,18799924,3280,0,0,1,"C:/Data/corr_sacc/padded/JITT28_padded.asc"
"1646",28,43,1,26,1,18820669,18822803,2134,0,0,1,"C:/Data/corr_sacc/padded/JITT28_padded.asc"
"1647",28,55,1,27,1,18859149,18861045,1896,1,0,0,"C:/Data/corr_sacc/padded/JITT28_padded.asc"
"1648",28,23,2,28,1,18876214,18878181,1967,0,0,1,"C:/Data/corr_sacc/padded/JITT28_padded.asc"
"1649",28,1,1,29,1,18900240,18904019,3779,1,1,1,"C:/Data/corr_sacc/padded/JITT28_padded.asc"
"1650",28,33,3,30,1,18919948,18921647,1699,0,0,1,"C:/Data/corr_sacc/padded/JITT28_padded.asc"
"1651",28,60,3,31,1,18931907,18935307,3400,0,0,1,"C:/Data/corr_sacc/padded/JITT28_padded.asc"
"1652",28,3,3,32,1,18965798,18967975,2177,1,1,1,"C:/Data/corr_sacc/padded/JITT28_padded.asc"
"1653",28,7,1,33,1,18976049,18980050,4001,1,1,1,"C:/Data/corr_sacc/padded/JITT28_padded.asc"
"1654",28,14,2,34,1,18992954,18994553,1599,1,1,1,"C:/Data/corr_sacc/padded/JITT28_padded.asc"
"1655",28,19,1,35,1,19037832,19040907,3075,1,1,1,"C:/Data/corr_sacc/padded/JITT28_padded.asc"
"1656",28,32,2,36,1,19072678,19074683,2005,0,0,1,"C:/Data/corr_sacc/padded/JITT28_padded.asc"
"1657",28,42,3,37,1,19176539,19178552,2013,1,1,1,"C:/Data/corr_sacc/padded/JITT28_padded.asc"
"1658",28,24,3,38,1,19210023,19212008,1985,0,0,1,"C:/Data/corr_sacc/padded/JITT28_padded.asc"
"1659",28,47,2,39,1,19225330,19229993,4663,0,0,1,"C:/Data/corr_sacc/padded/JITT28_padded.asc"
"1660",28,13,1,40,1,19281383,19283824,2441,1,1,1,"C:/Data/corr_sacc/padded/JITT28_padded.asc"
"1661",28,27,3,41,1,19300881,19302675,1794,0,0,1,"C:/Data/corr_sacc/padded/JITT28_padded.asc"
"1662",28,34,1,42,1,19476460,19481235,4775,0,0,1,"C:/Data/corr_sacc/padded/JITT28_padded.asc"
"1663",28,38,2,43,1,19506317,19508018,1701,0,0,1,"C:/Data/corr_sacc/padded/JITT28_padded.asc"
"1664",28,46,1,44,1,19551374,19554941,3567,1,1,1,"C:/Data/corr_sacc/padded/JITT28_padded.asc"
"1665",28,16,1,45,1,19568882,19571148,2266,1,1,1,"C:/Data/corr_sacc/padded/JITT28_padded.asc"
"1666",28,6,3,46,1,19631963,19633956,1993,1,1,1,"C:/Data/corr_sacc/padded/JITT28_padded.asc"
"1667",28,29,2,47,1,19671511,19673196,1685,0,0,1,"C:/Data/corr_sacc/padded/JITT28_padded.asc"
"1668",28,44,2,48,1,19700626,19703080,2454,1,1,1,"C:/Data/corr_sacc/padded/JITT28_padded.asc"
"1669",28,25,1,49,1,19757766,19759696,1930,0,0,1,"C:/Data/corr_sacc/padded/JITT28_padded.asc"
"1670",28,36,3,50,1,19768537,19770596,2059,0,0,1,"C:/Data/corr_sacc/padded/JITT28_padded.asc"
"1671",28,26,2,51,1,19843307,19845403,2096,0,0,1,"C:/Data/corr_sacc/padded/JITT28_padded.asc"
"1672",28,40,1,52,1,19855800,19857455,1655,0,0,1,"C:/Data/corr_sacc/padded/JITT28_padded.asc"
"1673",28,2,2,53,1,19883474,19887960,4486,1,1,1,"C:/Data/corr_sacc/padded/JITT28_padded.asc"
"1674",28,45,3,54,1,19901922,19904175,2253,0,0,1,"C:/Data/corr_sacc/padded/JITT28_padded.asc"
"1675",28,52,1,55,1,19931484,19934429,2945,1,1,1,"C:/Data/corr_sacc/padded/JITT28_padded.asc"
"1676",28,49,1,56,1,20003755,20006823,3068,0,0,1,"C:/Data/corr_sacc/padded/JITT28_padded.asc"
"1677",28,28,1,57,1,20016443,20018512,2069,0,0,1,"C:/Data/corr_sacc/padded/JITT28_padded.asc"
"1678",28,37,1,58,1,20037710,20039839,2129,0,0,1,"C:/Data/corr_sacc/padded/JITT28_padded.asc"
"1679",28,39,3,59,1,20049629,20051507,1878,0,0,1,"C:/Data/corr_sacc/padded/JITT28_padded.asc"
"1680",28,17,2,60,1,20058762,20061055,2293,1,1,1,"C:/Data/corr_sacc/padded/JITT28_padded.asc"
"1681",29,45,1,1,1,936070,938666,2596,0,0,1,"C:/Data/corr_sacc/padded/JITT29_padded.asc"
"1682",29,5,3,2,1,954378,956873,2495,1,1,1,"C:/Data/corr_sacc/padded/JITT29_padded.asc"
"1683",29,27,1,3,1,963879,966319,2440,0,0,1,"C:/Data/corr_sacc/padded/JITT29_padded.asc"
"1684",29,38,3,4,1,990903,997825,6922,0,0,1,"C:/Data/corr_sacc/padded/JITT29_padded.asc"
"1685",29,6,1,5,1,1015505,1017575,2070,1,1,1,"C:/Data/corr_sacc/padded/JITT29_padded.asc"
"1686",29,26,3,6,1,1034004,1036505,2501,0,0,1,"C:/Data/corr_sacc/padded/JITT29_padded.asc"
"1687",29,42,1,7,1,1051537,1053663,2126,1,1,1,"C:/Data/corr_sacc/padded/JITT29_padded.asc"
"1688",29,25,2,8,1,1094698,1096943,2245,0,0,1,"C:/Data/corr_sacc/padded/JITT29_padded.asc"
"1689",29,18,1,9,1,1105565,1109936,4371,1,1,1,"C:/Data/corr_sacc/padded/JITT29_padded.asc"
"1690",29,22,2,10,1,1124001,1127711,3710,0,0,1,"C:/Data/corr_sacc/padded/JITT29_padded.asc"
"1691",29,9,1,11,1,1135201,1137833,2632,1,1,1,"C:/Data/corr_sacc/padded/JITT29_padded.asc"
"1692",29,39,1,12,1,1157992,1160072,2080,0,0,1,"C:/Data/corr_sacc/padded/JITT29_padded.asc"
"1693",29,32,3,13,1,1220736,1222840,2104,0,0,1,"C:/Data/corr_sacc/padded/JITT29_padded.asc"
"1694",29,52,2,14,1,1241471,1245817,4346,1,1,1,"C:/Data/corr_sacc/padded/JITT29_padded.asc"
"1695",29,21,1,15,1,1264719,1266832,2113,0,0,1,"C:/Data/corr_sacc/padded/JITT29_padded.asc"
"1696",29,7,2,16,1,1276047,1279035,2988,1,1,1,"C:/Data/corr_sacc/padded/JITT29_padded.asc"
"1697",29,54,1,17,1,1295418,1298385,2967,1,1,1,"C:/Data/corr_sacc/padded/JITT29_padded.asc"
"1698",29,40,2,18,1,1313840,1316281,2441,0,0,1,"C:/Data/corr_sacc/padded/JITT29_padded.asc"
"1699",29,50,3,19,1,1325435,1331252,5817,1,0,0,"C:/Data/corr_sacc/padded/JITT29_padded.asc"
"1700",29,49,2,20,1,1355884,1359849,3965,0,0,1,"C:/Data/corr_sacc/padded/JITT29_padded.asc"
"1701",29,4,2,21,1,1380615,1382795,2180,1,1,1,"C:/Data/corr_sacc/padded/JITT29_padded.asc"
"1702",29,48,1,22,1,1400250,1404426,4176,1,1,1,"C:/Data/corr_sacc/padded/JITT29_padded.asc"
"1703",29,35,3,23,1,1553281,1555742,2461,0,0,1,"C:/Data/corr_sacc/padded/JITT29_padded.asc"
"1704",29,28,2,24,1,1571315,1572999,1684,0,0,1,"C:/Data/corr_sacc/padded/JITT29_padded.asc"
"1705",29,23,3,25,1,1602549,1604251,1702,0,0,1,"C:/Data/corr_sacc/padded/JITT29_padded.asc"
"1706",29,55,2,26,1,1632608,1635180,2572,1,0,0,"C:/Data/corr_sacc/padded/JITT29_padded.asc"
"1707",29,24,1,27,1,1665323,1667522,2199,0,0,1,"C:/Data/corr_sacc/padded/JITT29_padded.asc"
"1708",29,33,1,28,1,1673636,1676333,2697,0,0,1,"C:/Data/corr_sacc/padded/JITT29_padded.asc"
"1709",29,60,1,29,1,1732179,1734709,2530,0,0,1,"C:/Data/corr_sacc/padded/JITT29_padded.asc"
"1710",29,17,3,30,1,1792560,1794848,2288,1,1,1,"C:/Data/corr_sacc/padded/JITT29_padded.asc"
"1711",29,37,2,31,1,1830833,1833516,2683,0,0,1,"C:/Data/corr_sacc/padded/JITT29_padded.asc"
"1712",29,34,2,32,1,1870168,1872854,2686,0,1,0,"C:/Data/corr_sacc/padded/JITT29_padded.asc"
"1713",29,8,3,33,1,1880353,1882719,2366,1,1,1,"C:/Data/corr_sacc/padded/JITT29_padded.asc"
"1714",29,20,3,34,1,1931178,1932987,1809,1,1,1,"C:/Data/corr_sacc/padded/JITT29_padded.asc"
"1715",29,29,3,35,1,1946376,1948440,2064,0,0,1,"C:/Data/corr_sacc/padded/JITT29_padded.asc"
"1716",29,2,3,36,1,1971584,1977800,6216,1,1,1,"C:/Data/corr_sacc/padded/JITT29_padded.asc"
"1717",29,11,3,37,1,1985227,1987740,2513,1,1,1,"C:/Data/corr_sacc/padded/JITT29_padded.asc"
"1718",29,12,1,38,1,2012133,2014128,1995,1,1,1,"C:/Data/corr_sacc/padded/JITT29_padded.asc"
"1719",29,1,2,39,1,2054552,2058898,4346,1,1,1,"C:/Data/corr_sacc/padded/JITT29_padded.asc"
"1720",29,31,2,40,1,2069280,2071848,2568,0,0,1,"C:/Data/corr_sacc/padded/JITT29_padded.asc"
"1721",29,57,1,41,1,2279829,2285978,6149,1,0,0,"C:/Data/corr_sacc/padded/JITT29_padded.asc"
"1722",29,3,1,42,1,2313381,2315898,2517,1,1,1,"C:/Data/corr_sacc/padded/JITT29_padded.asc"
"1723",29,43,2,43,1,2329926,2332547,2621,0,0,1,"C:/Data/corr_sacc/padded/JITT29_padded.asc"
"1724",29,13,2,44,1,2339051,2341034,1983,1,1,1,"C:/Data/corr_sacc/padded/JITT29_padded.asc"
"1725",29,19,2,45,1,2386507,2388755,2248,1,1,1,"C:/Data/corr_sacc/padded/JITT29_padded.asc"
"1726",29,56,3,46,1,2395841,2399900,4059,1,0,0,"C:/Data/corr_sacc/padded/JITT29_padded.asc"
"1727",29,53,3,47,1,2439748,2442334,2586,0,0,1,"C:/Data/corr_sacc/padded/JITT29_padded.asc"
"1728",29,16,2,48,1,2459192,2461326,2134,1,1,1,"C:/Data/corr_sacc/padded/JITT29_padded.asc"
"1729",29,46,2,49,1,2481033,2483460,2427,1,1,1,"C:/Data/corr_sacc/padded/JITT29_padded.asc"
"1730",29,15,1,50,1,2495834,2499623,3789,1,1,1,"C:/Data/corr_sacc/padded/JITT29_padded.asc"
"1731",29,41,3,51,1,2506326,2508060,1734,0,0,1,"C:/Data/corr_sacc/padded/JITT29_padded.asc"
"1732",29,51,1,52,1,2533674,2536588,2914,0,0,1,"C:/Data/corr_sacc/padded/JITT29_padded.asc"
"1733",29,36,1,53,1,2562233,2565342,3109,0,0,1,"C:/Data/corr_sacc/padded/JITT29_padded.asc"
"1734",29,10,2,54,1,2583180,2585835,2655,1,1,1,"C:/Data/corr_sacc/padded/JITT29_padded.asc"
"1735",29,47,3,55,1,2628749,2634894,6145,0,1,0,"C:/Data/corr_sacc/padded/JITT29_padded.asc"
"1736",29,30,1,56,1,2667216,2669523,2307,0,0,1,"C:/Data/corr_sacc/padded/JITT29_padded.asc"
"1737",29,59,3,57,1,2706724,2709057,2333,0,0,1,"C:/Data/corr_sacc/padded/JITT29_padded.asc"
"1738",29,58,2,58,1,2721254,2724036,2782,0,0,1,"C:/Data/corr_sacc/padded/JITT29_padded.asc"
"1739",29,14,3,59,1,2740461,2743623,3162,1,1,1,"C:/Data/corr_sacc/padded/JITT29_padded.asc"
"1740",29,44,3,60,1,2757804,2760415,2611,1,1,1,"C:/Data/corr_sacc/padded/JITT29_padded.asc"
"1741",30,36,2,1,1,4685579,4687794,2215,0,0,1,"C:/Data/corr_sacc/padded/JITT30_padded.asc"
"1742",30,38,1,2,1,4705582,4707452,1870,0,0,1,"C:/Data/corr_sacc/padded/JITT30_padded.asc"
"1743",30,9,2,3,1,4714796,4716777,1981,1,1,1,"C:/Data/corr_sacc/padded/JITT30_padded.asc"
"1744",30,23,1,4,1,4727855,4729847,1992,0,0,1,"C:/Data/corr_sacc/padded/JITT30_padded.asc"
"1745",30,35,1,5,1,4739164,4740975,1811,0,0,1,"C:/Data/corr_sacc/padded/JITT30_padded.asc"
"1746",30,4,3,6,1,4856637,4859083,2446,1,1,1,"C:/Data/corr_sacc/padded/JITT30_padded.asc"
"1747",30,20,1,7,1,4880887,4883447,2560,1,1,1,"C:/Data/corr_sacc/padded/JITT30_padded.asc"
"1748",30,33,2,8,1,4893960,4895444,1484,0,0,1,"C:/Data/corr_sacc/padded/JITT30_padded.asc"
"1749",30,58,3,9,1,4969645,4971605,1960,0,0,1,"C:/Data/corr_sacc/padded/JITT30_padded.asc"
"1750",30,25,3,10,1,5023734,5025306,1572,0,0,1,"C:/Data/corr_sacc/padded/JITT30_padded.asc"
"1751",30,28,3,11,1,5061095,5062975,1880,0,0,1,"C:/Data/corr_sacc/padded/JITT30_padded.asc"
"1752",30,17,1,12,1,5074565,5076152,1587,1,1,1,"C:/Data/corr_sacc/padded/JITT30_padded.asc"
"1753",30,51,2,13,1,5088047,5089745,1698,0,0,1,"C:/Data/corr_sacc/padded/JITT30_padded.asc"
"1754",30,19,3,14,1,5095435,5096941,1506,1,1,1,"C:/Data/corr_sacc/padded/JITT30_padded.asc"
"1755",30,47,1,15,1,5243151,5249400,6249,0,1,0,"C:/Data/corr_sacc/padded/JITT30_padded.asc"
"1756",30,43,3,16,1,5257144,5259280,2136,0,0,1,"C:/Data/corr_sacc/padded/JITT30_padded.asc"
"1757",30,48,2,17,1,5459988,5461650,1662,1,1,1,"C:/Data/corr_sacc/padded/JITT30_padded.asc"
"1758",30,18,2,18,1,5483951,5486446,2495,1,1,1,"C:/Data/corr_sacc/padded/JITT30_padded.asc"
"1759",30,46,3,19,1,5494117,5495778,1661,1,1,1,"C:/Data/corr_sacc/padded/JITT30_padded.asc"
"1760",30,27,2,20,1,5501436,5502954,1518,0,0,1,"C:/Data/corr_sacc/padded/JITT30_padded.asc"
"1761",30,44,1,21,1,5508436,5511049,2613,1,1,1,"C:/Data/corr_sacc/padded/JITT30_padded.asc"
"1762",30,24,2,22,1,5535138,5536546,1408,0,0,1,"C:/Data/corr_sacc/padded/JITT30_padded.asc"
"1763",30,40,3,23,1,5556688,5558171,1483,0,0,1,"C:/Data/corr_sacc/padded/JITT30_padded.asc"
"1764",30,41,1,24,1,5563671,5565204,1533,0,0,1,"C:/Data/corr_sacc/padded/JITT30_padded.asc"
"1765",30,52,3,25,1,5573478,5575346,1868,1,1,1,"C:/Data/corr_sacc/padded/JITT30_padded.asc"
"1766",30,60,2,26,1,5585569,5587269,1700,0,0,1,"C:/Data/corr_sacc/padded/JITT30_padded.asc"
"1767",30,49,3,27,1,5592795,5594493,1698,0,0,1,"C:/Data/corr_sacc/padded/JITT30_padded.asc"
"1768",30,22,3,28,1,5628441,5629992,1551,0,0,1,"C:/Data/corr_sacc/padded/JITT30_padded.asc"
"1769",30,37,3,29,1,5635798,5637495,1697,0,0,1,"C:/Data/corr_sacc/padded/JITT30_padded.asc"
"1770",30,15,2,30,1,5687740,5689643,1903,1,1,1,"C:/Data/corr_sacc/padded/JITT30_padded.asc"
"1771",30,54,2,31,1,5699806,5702222,2416,1,1,1,"C:/Data/corr_sacc/padded/JITT30_padded.asc"
"1772",30,50,1,32,1,5727025,5730506,3481,1,1,1,"C:/Data/corr_sacc/padded/JITT30_padded.asc"
"1773",30,26,1,33,1,5773160,5774645,1485,0,0,1,"C:/Data/corr_sacc/padded/JITT30_padded.asc"
"1774",30,42,2,34,1,5799749,5801259,1510,1,1,1,"C:/Data/corr_sacc/padded/JITT30_padded.asc"
"1775",30,45,2,35,1,5808012,5809616,1604,0,0,1,"C:/Data/corr_sacc/padded/JITT30_padded.asc"
"1776",30,5,1,36,1,5831771,5833332,1561,1,1,1,"C:/Data/corr_sacc/padded/JITT30_padded.asc"
"1777",30,53,1,37,1,5840495,5841866,1371,0,0,1,"C:/Data/corr_sacc/padded/JITT30_padded.asc"
"1778",30,7,3,38,1,5861184,5863314,2130,1,1,1,"C:/Data/corr_sacc/padded/JITT30_padded.asc"
"1779",30,8,1,39,1,5878307,5879998,1691,1,1,1,"C:/Data/corr_sacc/padded/JITT30_padded.asc"
"1780",30,12,2,40,1,5902071,5903528,1457,1,1,1,"C:/Data/corr_sacc/padded/JITT30_padded.asc"
"1781",30,10,3,41,1,6156437,6162449,6012,1,0,0,"C:/Data/corr_sacc/padded/JITT30_padded.asc"
"1782",30,2,1,42,1,6169323,6171517,2194,1,1,1,"C:/Data/corr_sacc/padded/JITT30_padded.asc"
"1783",30,57,2,43,1,6179753,6182031,2278,1,0,0,"C:/Data/corr_sacc/padded/JITT30_padded.asc"
"1784",30,6,2,44,1,6189896,6192633,2737,1,1,1,"C:/Data/corr_sacc/padded/JITT30_padded.asc"
"1785",30,30,2,45,1,6199686,6201105,1419,0,0,1,"C:/Data/corr_sacc/padded/JITT30_padded.asc"
"1786",30,59,1,46,1,6243304,6244913,1609,0,0,1,"C:/Data/corr_sacc/padded/JITT30_padded.asc"
"1787",30,39,2,47,1,6257853,6259465,1612,0,0,1,"C:/Data/corr_sacc/padded/JITT30_padded.asc"
"1788",30,32,1,48,1,6283622,6285241,1619,0,0,1,"C:/Data/corr_sacc/padded/JITT30_padded.asc"
"1789",30,16,3,49,1,6292131,6295037,2906,1,1,1,"C:/Data/corr_sacc/padded/JITT30_padded.asc"
"1790",30,14,1,50,1,6301101,6302922,1821,1,1,1,"C:/Data/corr_sacc/padded/JITT30_padded.asc"
"1791",30,29,1,51,1,6308675,6310045,1370,0,0,1,"C:/Data/corr_sacc/padded/JITT30_padded.asc"
"1792",30,55,3,52,1,6353025,6354562,1537,1,0,0,"C:/Data/corr_sacc/padded/JITT30_padded.asc"
"1793",30,11,1,53,1,6397152,6399388,2236,1,1,1,"C:/Data/corr_sacc/padded/JITT30_padded.asc"
"1794",30,34,3,54,1,6413206,6416355,3149,0,0,1,"C:/Data/corr_sacc/padded/JITT30_padded.asc"
"1795",30,3,2,55,1,6441451,6443148,1697,1,1,1,"C:/Data/corr_sacc/padded/JITT30_padded.asc"
"1796",30,1,3,56,1,6463056,6465018,1962,1,1,1,"C:/Data/corr_sacc/padded/JITT30_padded.asc"
"1797",30,31,3,57,1,6507489,6508933,1444,0,0,1,"C:/Data/corr_sacc/padded/JITT30_padded.asc"
"1798",30,56,1,58,1,6516705,6520129,3424,1,0,0,"C:/Data/corr_sacc/padded/JITT30_padded.asc"
"1799",30,13,3,59,1,6533266,6534640,1374,1,1,1,"C:/Data/corr_sacc/padded/JITT30_padded.asc"
"1800",30,21,2,60,1,6572090,6574651,2561,0,0,1,"C:/Data/corr_sacc/padded/JITT30_padded.asc"
"1801",31,52,1,1,1,7915614,7919397,3783,1,1,1,"C:/Data/corr_sacc/padded/JITT31_padded.asc"
"1802",31,58,1,2,1,7929775,7933019,3244,0,0,1,"C:/Data/corr_sacc/padded/JITT31_padded.asc"
"1803",31,38,2,3,1,7959416,7961028,1612,0,0,1,"C:/Data/corr_sacc/padded/JITT31_padded.asc"
"1804",31,6,3,4,1,7995953,7997876,1923,1,1,1,"C:/Data/corr_sacc/padded/JITT31_padded.asc"
"1805",31,4,1,5,1,8061936,8063765,1829,1,1,1,"C:/Data/corr_sacc/padded/JITT31_padded.asc"
"1806",31,59,2,6,1,8078494,8080502,2008,0,1,0,"C:/Data/corr_sacc/padded/JITT31_padded.asc"
"1807",31,55,1,7,1,8088853,8090494,1641,1,0,0,"C:/Data/corr_sacc/padded/JITT31_padded.asc"
"1808",31,21,3,8,1,8106191,8108478,2287,0,0,1,"C:/Data/corr_sacc/padded/JITT31_padded.asc"
"1809",31,22,1,9,1,8134176,8135787,1611,0,0,1,"C:/Data/corr_sacc/padded/JITT31_padded.asc"
"1810",31,10,1,10,1,8147599,8149632,2033,1,1,1,"C:/Data/corr_sacc/padded/JITT31_padded.asc"
"1811",31,29,2,11,1,8157825,8159372,1547,0,0,1,"C:/Data/corr_sacc/padded/JITT31_padded.asc"
"1812",31,25,1,12,1,8193411,8194998,1587,0,0,1,"C:/Data/corr_sacc/padded/JITT31_padded.asc"
"1813",31,39,3,13,1,8218282,8220181,1899,0,0,1,"C:/Data/corr_sacc/padded/JITT31_padded.asc"
"1814",31,47,2,14,1,8240308,8241960,1652,0,0,1,"C:/Data/corr_sacc/padded/JITT31_padded.asc"
"1815",31,5,2,15,1,8260649,8262575,1926,1,1,1,"C:/Data/corr_sacc/padded/JITT31_padded.asc"
"1816",31,42,3,16,1,8318495,8320078,1583,1,1,1,"C:/Data/corr_sacc/padded/JITT31_padded.asc"
"1817",31,11,2,17,1,8326336,8328042,1706,1,1,1,"C:/Data/corr_sacc/padded/JITT31_padded.asc"
"1818",31,46,1,18,1,8338771,8340441,1670,1,1,1,"C:/Data/corr_sacc/padded/JITT31_padded.asc"
"1819",31,36,3,19,1,8347350,8349461,2111,0,0,1,"C:/Data/corr_sacc/padded/JITT31_padded.asc"
"1820",31,24,3,20,1,8377351,8379223,1872,0,0,1,"C:/Data/corr_sacc/padded/JITT31_padded.asc"
"1821",31,26,2,21,1,8392836,8394774,1938,0,0,1,"C:/Data/corr_sacc/padded/JITT31_padded.asc"
"1822",31,43,1,22,1,8461459,8463471,2012,0,0,1,"C:/Data/corr_sacc/padded/JITT31_padded.asc"
"1823",31,2,2,23,1,8500201,8502240,2039,1,1,1,"C:/Data/corr_sacc/padded/JITT31_padded.asc"
"1824",31,56,2,24,1,8516733,8518755,2022,1,0,0,"C:/Data/corr_sacc/padded/JITT31_padded.asc"
"1825",31,37,1,25,1,8566607,8569320,2713,0,0,1,"C:/Data/corr_sacc/padded/JITT31_padded.asc"
"1826",31,40,1,26,1,8584048,8586226,2178,0,0,1,"C:/Data/corr_sacc/padded/JITT31_padded.asc"
"1827",31,28,1,27,1,8616190,8617603,1413,0,0,1,"C:/Data/corr_sacc/padded/JITT31_padded.asc"
"1828",31,45,3,28,1,8625356,8626730,1374,0,0,1,"C:/Data/corr_sacc/padded/JITT31_padded.asc"
"1829",31,41,2,29,1,8638434,8640208,1774,0,0,1,"C:/Data/corr_sacc/padded/JITT31_padded.asc"
"1830",31,23,2,30,1,8646477,8647848,1371,0,0,1,"C:/Data/corr_sacc/padded/JITT31_padded.asc"
"1831",31,15,3,31,1,8686481,8688033,1552,1,1,1,"C:/Data/corr_sacc/padded/JITT31_padded.asc"
"1832",31,16,1,32,1,8736965,8738657,1692,1,1,1,"C:/Data/corr_sacc/padded/JITT31_padded.asc"
"1833",31,51,3,33,1,8766785,8769477,2692,0,0,1,"C:/Data/corr_sacc/padded/JITT31_padded.asc"
"1834",31,49,1,34,1,8777241,8778730,1489,0,0,1,"C:/Data/corr_sacc/padded/JITT31_padded.asc"
"1835",31,32,2,35,1,8788569,8790170,1601,0,0,1,"C:/Data/corr_sacc/padded/JITT31_padded.asc"
"1836",31,44,2,36,1,8797012,8798786,1774,1,1,1,"C:/Data/corr_sacc/padded/JITT31_padded.asc"
"1837",31,14,2,37,1,8806872,8808244,1372,1,1,1,"C:/Data/corr_sacc/padded/JITT31_padded.asc"
"1838",31,12,3,38,1,8876986,8878451,1465,1,1,1,"C:/Data/corr_sacc/padded/JITT31_padded.asc"
"1839",31,31,1,39,1,8915572,8916955,1383,0,0,1,"C:/Data/corr_sacc/padded/JITT31_padded.asc"
"1840",31,19,1,40,1,8936984,8938354,1370,1,1,1,"C:/Data/corr_sacc/padded/JITT31_padded.asc"
"1841",31,30,3,41,1,8955879,8957347,1468,0,0,1,"C:/Data/corr_sacc/padded/JITT31_padded.asc"
"1842",31,9,3,42,1,8965538,8967572,2034,1,1,1,"C:/Data/corr_sacc/padded/JITT31_padded.asc"
"1843",31,8,2,43,1,9002462,9003868,1406,1,1,1,"C:/Data/corr_sacc/padded/JITT31_padded.asc"
"1844",31,1,1,44,1,9016726,9018292,1566,1,1,1,"C:/Data/corr_sacc/padded/JITT31_padded.asc"
"1845",31,33,3,45,1,9026249,9028444,2195,0,0,1,"C:/Data/corr_sacc/padded/JITT31_padded.asc"
"1846",31,20,2,46,1,9192396,9194321,1925,1,1,1,"C:/Data/corr_sacc/padded/JITT31_padded.asc"
"1847",31,3,3,47,1,9240470,9242071,1601,1,1,1,"C:/Data/corr_sacc/padded/JITT31_padded.asc"
"1848",31,60,3,48,1,9282653,9284521,1868,0,0,1,"C:/Data/corr_sacc/padded/JITT31_padded.asc"
"1849",31,18,3,49,1,9294100,9295900,1800,1,1,1,"C:/Data/corr_sacc/padded/JITT31_padded.asc"
"1850",31,48,3,50,1,9325477,9326876,1399,1,1,1,"C:/Data/corr_sacc/padded/JITT31_padded.asc"
"1851",31,7,1,51,1,9341003,9343147,2144,1,1,1,"C:/Data/corr_sacc/padded/JITT31_padded.asc"
"1852",31,57,3,52,1,9449133,9452233,3100,1,0,0,"C:/Data/corr_sacc/padded/JITT31_padded.asc"
"1853",31,53,2,53,1,9490701,9492264,1563,0,0,1,"C:/Data/corr_sacc/padded/JITT31_padded.asc"
"1854",31,27,3,54,1,9500522,9501985,1463,0,0,1,"C:/Data/corr_sacc/padded/JITT31_padded.asc"
"1855",31,54,3,55,1,9510029,9511530,1501,1,1,1,"C:/Data/corr_sacc/padded/JITT31_padded.asc"
"1856",31,50,2,56,1,9566117,9568009,1892,1,1,1,"C:/Data/corr_sacc/padded/JITT31_padded.asc"
"1857",31,35,2,57,1,9617711,9622267,4556,0,0,1,"C:/Data/corr_sacc/padded/JITT31_padded.asc"
"1858",31,13,1,58,1,9630820,9632877,2057,1,1,1,"C:/Data/corr_sacc/padded/JITT31_padded.asc"
"1859",31,17,2,59,1,9659221,9660639,1418,1,1,1,"C:/Data/corr_sacc/padded/JITT31_padded.asc"
"1860",31,34,1,60,1,9668291,9670660,2369,0,0,1,"C:/Data/corr_sacc/padded/JITT31_padded.asc"
"1861",32,21,1,1,1,18752209,18755021,2812,0,0,1,"C:/Data/corr_sacc/padded/JITT32_padded.asc"
"1862",32,45,1,2,1,18782682,18784775,2093,0,0,1,"C:/Data/corr_sacc/padded/JITT32_padded.asc"
"1863",32,6,1,3,1,18799862,18801797,1935,1,1,1,"C:/Data/corr_sacc/padded/JITT32_padded.asc"
"1864",32,20,3,4,1,18815190,18816996,1806,1,1,1,"C:/Data/corr_sacc/padded/JITT32_padded.asc"
"1865",32,48,1,5,1,18852656,18854657,2001,1,1,1,"C:/Data/corr_sacc/padded/JITT32_padded.asc"
"1866",32,47,3,6,1,18866709,18868829,2120,0,0,1,"C:/Data/corr_sacc/padded/JITT32_padded.asc"
"1867",32,30,1,7,1,18889463,18891495,2032,0,0,1,"C:/Data/corr_sacc/padded/JITT32_padded.asc"
"1868",32,26,3,8,1,18898791,18901044,2253,0,0,1,"C:/Data/corr_sacc/padded/JITT32_padded.asc"
"1869",32,9,1,9,1,18907090,18910747,3657,1,1,1,"C:/Data/corr_sacc/padded/JITT32_padded.asc"
"1870",32,4,2,10,1,18924545,18926765,2220,1,1,1,"C:/Data/corr_sacc/padded/JITT32_padded.asc"
"1871",32,18,1,11,1,18934820,18937317,2497,1,1,1,"C:/Data/corr_sacc/padded/JITT32_padded.asc"
"1872",32,22,2,12,1,18950559,18952605,2046,0,0,1,"C:/Data/corr_sacc/padded/JITT32_padded.asc"
"1873",32,31,2,13,1,18969944,18972022,2078,0,0,1,"C:/Data/corr_sacc/padded/JITT32_padded.asc"
"1874",32,43,2,14,1,19004229,19006510,2281,0,0,1,"C:/Data/corr_sacc/padded/JITT32_padded.asc"
"1875",32,25,2,15,1,19020781,19023317,2536,0,0,1,"C:/Data/corr_sacc/padded/JITT32_padded.asc"
"1876",32,23,3,16,1,19044137,19046184,2047,0,0,1,"C:/Data/corr_sacc/padded/JITT32_padded.asc"
"1877",32,15,1,17,1,19061604,19064278,2674,1,1,1,"C:/Data/corr_sacc/padded/JITT32_padded.asc"
"1878",32,1,2,18,1,19112546,19115187,2641,1,1,1,"C:/Data/corr_sacc/padded/JITT32_padded.asc"
"1879",32,8,3,19,1,19123689,19126350,2661,1,1,1,"C:/Data/corr_sacc/padded/JITT32_padded.asc"
"1880",32,44,3,20,1,19139798,19143508,3710,1,1,1,"C:/Data/corr_sacc/padded/JITT32_padded.asc"
"1881",32,2,3,21,1,19298038,19300523,2485,1,1,1,"C:/Data/corr_sacc/padded/JITT32_padded.asc"
"1882",32,59,3,22,1,19319933,19322241,2308,0,0,1,"C:/Data/corr_sacc/padded/JITT32_padded.asc"
"1883",32,58,2,23,1,19390830,19392814,1984,0,0,1,"C:/Data/corr_sacc/padded/JITT32_padded.asc"
"1884",32,56,3,24,1,19407919,19410184,2265,1,0,0,"C:/Data/corr_sacc/padded/JITT32_padded.asc"
"1885",32,7,2,25,1,19440498,19442954,2456,1,1,1,"C:/Data/corr_sacc/padded/JITT32_padded.asc"
"1886",32,27,1,26,1,19493748,19496100,2352,0,0,1,"C:/Data/corr_sacc/padded/JITT32_padded.asc"
"1887",32,29,3,27,1,19502847,19504859,2012,0,0,1,"C:/Data/corr_sacc/padded/JITT32_padded.asc"
"1888",32,54,1,28,1,19514862,19517451,2589,1,1,1,"C:/Data/corr_sacc/padded/JITT32_padded.asc"
"1889",32,52,2,29,1,19523569,19526595,3026,1,1,1,"C:/Data/corr_sacc/padded/JITT32_padded.asc"
"1890",32,40,2,30,1,19551320,19553205,1885,0,0,1,"C:/Data/corr_sacc/padded/JITT32_padded.asc"
"1891",32,13,2,31,1,19579544,19582756,3212,1,1,1,"C:/Data/corr_sacc/padded/JITT32_padded.asc"
"1892",32,17,3,32,1,19589065,19590934,1869,1,1,1,"C:/Data/corr_sacc/padded/JITT32_padded.asc"
"1893",32,16,2,33,1,19604165,19606862,2697,1,1,1,"C:/Data/corr_sacc/padded/JITT32_padded.asc"
"1894",32,51,1,34,1,19623306,19625476,2170,0,0,1,"C:/Data/corr_sacc/padded/JITT32_padded.asc"
"1895",32,34,2,35,1,19668737,19670845,2108,0,0,1,"C:/Data/corr_sacc/padded/JITT32_padded.asc"
"1896",32,42,1,36,1,19692209,19694369,2160,1,1,1,"C:/Data/corr_sacc/padded/JITT32_padded.asc"
"1897",32,46,2,37,1,19720997,19723214,2217,1,1,1,"C:/Data/corr_sacc/padded/JITT32_padded.asc"
"1898",32,14,3,38,1,19887445,19888991,1546,1,1,1,"C:/Data/corr_sacc/padded/JITT32_padded.asc"
"1899",32,19,2,39,1,19895450,19897914,2464,1,1,1,"C:/Data/corr_sacc/padded/JITT32_padded.asc"
"1900",32,10,2,40,1,19924886,19926830,1944,1,1,1,"C:/Data/corr_sacc/padded/JITT32_padded.asc"
"1901",32,28,2,41,1,19933665,19935702,2037,0,0,1,"C:/Data/corr_sacc/padded/JITT32_padded.asc"
"1902",32,60,1,42,1,19961572,19963871,2299,0,0,1,"C:/Data/corr_sacc/padded/JITT32_padded.asc"
"1903",32,53,3,43,1,19974875,19976860,1985,0,0,1,"C:/Data/corr_sacc/padded/JITT32_padded.asc"
"1904",32,39,1,44,1,19983249,19985359,2110,0,0,1,"C:/Data/corr_sacc/padded/JITT32_padded.asc"
"1905",32,33,1,45,1,20019185,20020937,1752,0,0,1,"C:/Data/corr_sacc/padded/JITT32_padded.asc"
"1906",32,57,1,46,1,20027235,20030567,3332,1,0,0,"C:/Data/corr_sacc/padded/JITT32_padded.asc"
"1907",32,11,3,47,1,20078256,20081770,3514,1,1,1,"C:/Data/corr_sacc/padded/JITT32_padded.asc"
"1908",32,35,3,48,1,20090280,20092335,2055,0,0,1,"C:/Data/corr_sacc/padded/JITT32_padded.asc"
"1909",32,32,3,49,1,20118430,20121383,2953,0,0,1,"C:/Data/corr_sacc/padded/JITT32_padded.asc"
"1910",32,12,1,50,1,20127804,20129800,1996,1,1,1,"C:/Data/corr_sacc/padded/JITT32_padded.asc"
"1911",32,24,1,51,1,20137615,20139351,1736,0,0,1,"C:/Data/corr_sacc/padded/JITT32_padded.asc"
"1912",32,3,1,52,1,20164800,20168234,3434,1,1,1,"C:/Data/corr_sacc/padded/JITT32_padded.asc"
"1913",32,55,2,53,1,20188092,20190245,2153,1,0,0,"C:/Data/corr_sacc/padded/JITT32_padded.asc"
"1914",32,37,2,54,1,20195653,20197474,1821,0,0,1,"C:/Data/corr_sacc/padded/JITT32_padded.asc"
"1915",32,36,1,55,1,20204207,20206009,1802,0,0,1,"C:/Data/corr_sacc/padded/JITT32_padded.asc"
"1916",32,50,3,56,1,20225353,20227829,2476,1,1,1,"C:/Data/corr_sacc/padded/JITT32_padded.asc"
"1917",32,5,3,57,1,20240081,20242976,2895,1,1,1,"C:/Data/corr_sacc/padded/JITT32_padded.asc"
"1918",32,38,3,58,1,20255513,20257233,1720,0,0,1,"C:/Data/corr_sacc/padded/JITT32_padded.asc"
"1919",32,49,2,59,1,20264224,20266986,2762,0,0,1,"C:/Data/corr_sacc/padded/JITT32_padded.asc"
"1920",32,41,3,60,1,20279454,20281194,1740,0,0,1,"C:/Data/corr_sacc/padded/JITT32_padded.asc"
"1921",33,4,3,1,1,22282900,22286744,3844,1,1,1,"C:/Data/corr_sacc/padded/JITT33_padded.asc"
"1922",33,35,1,2,1,22410584,22413795,3211,0,0,1,"C:/Data/corr_sacc/padded/JITT33_padded.asc"
"1923",33,54,2,3,1,22606957,22610691,3734,1,1,1,"C:/Data/corr_sacc/padded/JITT33_padded.asc"
"1924",33,11,1,4,1,22631724,22639492,7768,1,1,1,"C:/Data/corr_sacc/padded/JITT33_padded.asc"
"1925",33,56,1,5,1,22733759,22740235,6476,1,0,0,"C:/Data/corr_sacc/padded/JITT33_padded.asc"
"1926",33,46,3,6,1,22752216,22755645,3429,1,1,1,"C:/Data/corr_sacc/padded/JITT33_padded.asc"
"1927",33,50,1,7,1,22810150,22817863,7713,1,0,0,"C:/Data/corr_sacc/padded/JITT33_padded.asc"
"1928",33,39,2,8,1,22858790,22862160,3370,0,0,1,"C:/Data/corr_sacc/padded/JITT33_padded.asc"
"1929",33,2,1,9,1,22968933,22972988,4055,1,1,1,"C:/Data/corr_sacc/padded/JITT33_padded.asc"
"1930",33,16,3,10,1,22981838,22986345,4507,1,1,1,"C:/Data/corr_sacc/padded/JITT33_padded.asc"
"1931",33,22,3,11,1,22998253,23001728,3475,0,0,1,"C:/Data/corr_sacc/padded/JITT33_padded.asc"
"1932",33,40,3,12,1,23026318,23028907,2589,0,0,1,"C:/Data/corr_sacc/padded/JITT33_padded.asc"
"1933",33,42,2,13,1,23056394,23060862,4468,1,1,1,"C:/Data/corr_sacc/padded/JITT33_padded.asc"
"1934",33,52,3,14,1,23093323,23099567,6244,1,1,1,"C:/Data/corr_sacc/padded/JITT33_padded.asc"
"1935",33,44,1,15,1,23113568,23117297,3729,1,1,1,"C:/Data/corr_sacc/padded/JITT33_padded.asc"
"1936",33,58,3,16,1,23154145,23156997,2852,0,0,1,"C:/Data/corr_sacc/padded/JITT33_padded.asc"
"1937",33,23,1,17,1,23253670,23256952,3282,0,0,1,"C:/Data/corr_sacc/padded/JITT33_padded.asc"
"1938",33,27,2,18,1,23292237,23294559,2322,0,0,1,"C:/Data/corr_sacc/padded/JITT33_padded.asc"
"1939",33,1,3,19,1,23309672,23314473,4801,1,1,1,"C:/Data/corr_sacc/padded/JITT33_padded.asc"
"1940",33,55,3,20,1,23332341,23334829,2488,1,0,0,"C:/Data/corr_sacc/padded/JITT33_padded.asc"
"1941",33,19,3,21,1,23352644,23355830,3186,1,1,1,"C:/Data/corr_sacc/padded/JITT33_padded.asc"
"1942",33,53,1,22,1,23372769,23375194,2425,0,0,1,"C:/Data/corr_sacc/padded/JITT33_padded.asc"
"1943",33,43,3,23,1,23426344,23428944,2600,0,0,1,"C:/Data/corr_sacc/padded/JITT33_padded.asc"
"1944",33,24,2,24,1,23473512,23475801,2289,0,0,1,"C:/Data/corr_sacc/padded/JITT33_padded.asc"
"1945",33,49,3,25,1,23499202,23502516,3314,0,0,1,"C:/Data/corr_sacc/padded/JITT33_padded.asc"
"1946",33,12,2,26,1,23540427,23543579,3152,1,1,1,"C:/Data/corr_sacc/padded/JITT33_padded.asc"
"1947",33,3,2,27,1,23573448,23576821,3373,1,1,1,"C:/Data/corr_sacc/padded/JITT33_padded.asc"
"1948",33,33,2,28,1,23583140,23585475,2335,0,0,1,"C:/Data/corr_sacc/padded/JITT33_padded.asc"
"1949",33,20,1,29,1,23596543,23598951,2408,1,1,1,"C:/Data/corr_sacc/padded/JITT33_padded.asc"
"1950",33,36,2,30,1,23732599,23735596,2997,0,0,1,"C:/Data/corr_sacc/padded/JITT33_padded.asc"
"1951",33,8,1,31,1,23748037,23751631,3594,1,1,1,"C:/Data/corr_sacc/padded/JITT33_padded.asc"
"1952",33,5,1,32,1,23822055,23825246,3191,1,1,1,"C:/Data/corr_sacc/padded/JITT33_padded.asc"
"1953",33,45,2,33,1,23836052,23838454,2402,0,0,1,"C:/Data/corr_sacc/padded/JITT33_padded.asc"
"1954",33,7,3,34,1,23850380,23857943,7563,1,1,1,"C:/Data/corr_sacc/padded/JITT33_padded.asc"
"1955",33,48,2,35,1,23866578,23871189,4611,1,1,1,"C:/Data/corr_sacc/padded/JITT33_padded.asc"
"1956",33,15,2,36,1,23880584,23885327,4743,1,1,1,"C:/Data/corr_sacc/padded/JITT33_padded.asc"
"1957",33,14,1,37,1,23934230,23936879,2649,1,1,1,"C:/Data/corr_sacc/padded/JITT33_padded.asc"
"1958",33,38,1,38,1,24013267,24016058,2791,0,0,1,"C:/Data/corr_sacc/padded/JITT33_padded.asc"
"1959",33,17,1,39,1,24089282,24092137,2855,1,1,1,"C:/Data/corr_sacc/padded/JITT33_padded.asc"
"1960",33,13,3,40,1,24129563,24133073,3510,1,1,1,"C:/Data/corr_sacc/padded/JITT33_padded.asc"
"1961",33,9,2,41,1,24160737,24164418,3681,1,1,1,"C:/Data/corr_sacc/padded/JITT33_padded.asc"
"1962",33,25,3,42,1,24201489,24204651,3162,0,0,1,"C:/Data/corr_sacc/padded/JITT33_padded.asc"
"1963",33,41,1,43,1,24222662,24225225,2563,0,0,1,"C:/Data/corr_sacc/padded/JITT33_padded.asc"
"1964",33,60,2,44,1,24388823,24391459,2636,0,0,1,"C:/Data/corr_sacc/padded/JITT33_padded.asc"
"1965",33,47,1,45,1,24410987,24415139,4152,0,0,1,"C:/Data/corr_sacc/padded/JITT33_padded.asc"
"1966",33,28,3,46,1,24425055,24427485,2430,0,0,1,"C:/Data/corr_sacc/padded/JITT33_padded.asc"
"1967",33,18,2,47,1,24462141,24465182,3041,1,1,1,"C:/Data/corr_sacc/padded/JITT33_padded.asc"
"1968",33,34,3,48,1,24483016,24485849,2833,0,0,1,"C:/Data/corr_sacc/padded/JITT33_padded.asc"
"1969",33,30,2,49,1,24494494,24498717,4223,0,0,1,"C:/Data/corr_sacc/padded/JITT33_padded.asc"
"1970",33,59,1,50,1,24676684,24679529,2845,0,0,1,"C:/Data/corr_sacc/padded/JITT33_padded.asc"
"1971",33,32,1,51,1,24713676,24717085,3409,0,0,1,"C:/Data/corr_sacc/padded/JITT33_padded.asc"
"1972",33,26,1,52,1,24768367,24771113,2746,0,0,1,"C:/Data/corr_sacc/padded/JITT33_padded.asc"
"1973",33,37,3,53,1,24822191,24825343,3152,0,0,1,"C:/Data/corr_sacc/padded/JITT33_padded.asc"
"1974",33,51,2,54,1,24832242,24834952,2710,0,0,1,"C:/Data/corr_sacc/padded/JITT33_padded.asc"
"1975",33,10,3,55,1,24881507,24887290,5783,1,1,1,"C:/Data/corr_sacc/padded/JITT33_padded.asc"
"1976",33,57,2,56,1,24921094,24928129,7035,1,0,0,"C:/Data/corr_sacc/padded/JITT33_padded.asc"
"1977",33,21,2,57,1,24949116,24952020,2904,0,0,1,"C:/Data/corr_sacc/padded/JITT33_padded.asc"
"1978",33,29,1,58,1,25071282,25073946,2664,0,0,1,"C:/Data/corr_sacc/padded/JITT33_padded.asc"
"1979",33,31,3,59,1,25084227,25086539,2312,0,0,1,"C:/Data/corr_sacc/padded/JITT33_padded.asc"
"1980",33,6,2,60,1,25098343,25101682,3339,1,1,1,"C:/Data/corr_sacc/padded/JITT33_padded.asc"
"1981",34,9,3,1,1,402259,404665,2406,1,1,1,"C:/Data/corr_sacc/padded/JITT34_padded.asc"
"1982",34,58,1,2,1,410098,412117,2019,0,0,1,"C:/Data/corr_sacc/padded/JITT34_padded.asc"
"1983",34,8,2,3,1,433833,435707,1874,1,1,1,"C:/Data/corr_sacc/padded/JITT34_padded.asc"
"1984",34,39,3,4,1,441254,442898,1644,0,0,1,"C:/Data/corr_sacc/padded/JITT34_padded.asc"
"1985",34,23,2,5,1,449705,451287,1582,0,0,1,"C:/Data/corr_sacc/padded/JITT34_padded.asc"
"1986",34,33,3,6,1,464532,466260,1728,0,0,1,"C:/Data/corr_sacc/padded/JITT34_padded.asc"
"1987",34,22,1,7,1,489001,490865,1864,0,0,1,"C:/Data/corr_sacc/padded/JITT34_padded.asc"
"1988",34,54,3,8,1,594952,597181,2229,1,1,1,"C:/Data/corr_sacc/padded/JITT34_padded.asc"
"1989",34,30,3,9,1,603417,604929,1512,0,0,1,"C:/Data/corr_sacc/padded/JITT34_padded.asc"
"1990",34,56,2,10,1,624254,626330,2076,1,0,0,"C:/Data/corr_sacc/padded/JITT34_padded.asc"
"1991",34,3,3,11,1,664277,666060,1783,1,1,1,"C:/Data/corr_sacc/padded/JITT34_padded.asc"
"1992",34,7,1,12,1,671869,674362,2493,1,1,1,"C:/Data/corr_sacc/padded/JITT34_padded.asc"
"1993",34,20,2,13,1,693399,695097,1698,1,1,1,"C:/Data/corr_sacc/padded/JITT34_padded.asc"
"1994",34,42,3,14,1,712416,714170,1754,1,1,1,"C:/Data/corr_sacc/padded/JITT34_padded.asc"
"1995",34,10,1,15,1,736790,739611,2821,1,1,1,"C:/Data/corr_sacc/padded/JITT34_padded.asc"
"1996",34,46,1,16,1,749720,751490,1770,1,1,1,"C:/Data/corr_sacc/padded/JITT34_padded.asc"
"1997",34,52,1,17,1,758391,760339,1948,1,1,1,"C:/Data/corr_sacc/padded/JITT34_padded.asc"
"1998",34,36,3,18,1,781648,784252,2604,0,0,1,"C:/Data/corr_sacc/padded/JITT34_padded.asc"
"1999",34,45,3,19,1,896985,899371,2386,0,0,1,"C:/Data/corr_sacc/padded/JITT34_padded.asc"
"2000",34,40,1,20,1,970246,971785,1539,0,0,1,"C:/Data/corr_sacc/padded/JITT34_padded.asc"
"2001",34,29,2,21,1,992026,993734,1708,0,0,1,"C:/Data/corr_sacc/padded/JITT34_padded.asc"
"2002",34,11,2,22,1,998922,1000426,1504,1,1,1,"C:/Data/corr_sacc/padded/JITT34_padded.asc"
"2003",34,12,3,23,1,1053856,1056078,2222,1,1,1,"C:/Data/corr_sacc/padded/JITT34_padded.asc"
"2004",34,24,3,24,1,1064118,1065909,1791,0,0,1,"C:/Data/corr_sacc/padded/JITT34_padded.asc"
"2005",34,50,2,25,1,1162855,1165486,2631,1,1,1,"C:/Data/corr_sacc/padded/JITT34_padded.asc"
"2006",34,48,3,26,1,1213295,1215426,2131,1,1,1,"C:/Data/corr_sacc/padded/JITT34_padded.asc"
"2007",34,19,1,27,1,1228387,1229863,1476,1,1,1,"C:/Data/corr_sacc/padded/JITT34_padded.asc"
"2008",34,25,1,28,1,1257184,1258774,1590,0,0,1,"C:/Data/corr_sacc/padded/JITT34_padded.asc"
"2009",34,27,3,29,1,1266660,1268031,1371,0,0,1,"C:/Data/corr_sacc/padded/JITT34_padded.asc"
"2010",34,49,1,30,1,1283365,1285239,1874,0,0,1,"C:/Data/corr_sacc/padded/JITT34_padded.asc"
"2011",34,17,2,31,1,1291687,1293376,1689,1,1,1,"C:/Data/corr_sacc/padded/JITT34_padded.asc"
"2012",34,13,1,32,1,1300097,1301760,1663,1,1,1,"C:/Data/corr_sacc/padded/JITT34_padded.asc"
"2013",34,57,3,33,1,1339142,1342415,3273,1,0,0,"C:/Data/corr_sacc/padded/JITT34_padded.asc"
"2014",34,18,3,34,1,1350446,1352042,1596,1,1,1,"C:/Data/corr_sacc/padded/JITT34_padded.asc"
"2015",34,59,2,35,1,1372567,1374720,2153,0,0,1,"C:/Data/corr_sacc/padded/JITT34_padded.asc"
"2016",34,28,1,36,1,1382205,1383968,1763,0,0,1,"C:/Data/corr_sacc/padded/JITT34_padded.asc"
"2017",34,15,3,37,1,1389244,1390863,1619,1,1,1,"C:/Data/corr_sacc/padded/JITT34_padded.asc"
"2018",34,35,2,38,1,1396658,1398433,1775,0,0,1,"C:/Data/corr_sacc/padded/JITT34_padded.asc"
"2019",34,6,3,39,1,1510239,1511834,1595,1,1,1,"C:/Data/corr_sacc/padded/JITT34_padded.asc"
"2020",34,47,2,40,1,1540759,1545474,4715,0,1,0,"C:/Data/corr_sacc/padded/JITT34_padded.asc"
"2021",34,38,2,41,1,1555382,1557301,1919,0,0,1,"C:/Data/corr_sacc/padded/JITT34_padded.asc"
"2022",34,14,2,42,1,1571849,1573434,1585,1,1,1,"C:/Data/corr_sacc/padded/JITT34_padded.asc"
"2023",34,37,1,43,1,1614498,1617042,2544,0,0,1,"C:/Data/corr_sacc/padded/JITT34_padded.asc"
"2024",34,5,2,44,1,1623734,1625250,1516,1,1,1,"C:/Data/corr_sacc/padded/JITT34_padded.asc"
"2025",34,16,1,45,1,1640584,1642659,2075,1,1,1,"C:/Data/corr_sacc/padded/JITT34_padded.asc"
"2026",34,21,3,46,1,1652430,1653827,1397,0,0,1,"C:/Data/corr_sacc/padded/JITT34_padded.asc"
"2027",34,41,2,47,1,1661339,1664552,3213,0,0,1,"C:/Data/corr_sacc/padded/JITT34_padded.asc"
"2028",34,44,2,48,1,1720127,1722244,2117,1,1,1,"C:/Data/corr_sacc/padded/JITT34_padded.asc"
"2029",34,53,2,49,1,1738277,1739907,1630,0,0,1,"C:/Data/corr_sacc/padded/JITT34_padded.asc"
"2030",34,55,1,50,1,1775224,1776636,1412,1,0,0,"C:/Data/corr_sacc/padded/JITT34_padded.asc"
"2031",34,1,1,51,1,1803216,1805220,2004,1,1,1,"C:/Data/corr_sacc/padded/JITT34_padded.asc"
"2032",34,2,2,52,1,1830852,1832670,1818,1,1,1,"C:/Data/corr_sacc/padded/JITT34_padded.asc"
"2033",34,60,3,53,1,1838254,1840100,1846,0,0,1,"C:/Data/corr_sacc/padded/JITT34_padded.asc"
"2034",34,51,3,54,1,1850375,1852116,1741,0,0,1,"C:/Data/corr_sacc/padded/JITT34_padded.asc"
"2035",34,31,1,55,1,1869389,1871125,1736,0,0,1,"C:/Data/corr_sacc/padded/JITT34_padded.asc"
"2036",34,26,2,56,1,1881714,1883823,2109,0,0,1,"C:/Data/corr_sacc/padded/JITT34_padded.asc"
"2037",34,34,1,57,1,1910095,1912302,2207,0,0,1,"C:/Data/corr_sacc/padded/JITT34_padded.asc"
"2038",34,32,2,58,1,1956978,1958639,1661,0,0,1,"C:/Data/corr_sacc/padded/JITT34_padded.asc"
"2039",34,43,1,59,1,1966006,1967502,1496,0,0,1,"C:/Data/corr_sacc/padded/JITT34_padded.asc"
"2040",34,4,1,60,1,1977405,1978943,1538,1,1,1,"C:/Data/corr_sacc/padded/JITT34_padded.asc"
"2041",35,40,2,1,1,4497766,4500536,2770,0,0,1,"C:/Data/corr_sacc/padded/JITT35_padded.asc"
"2042",35,24,1,2,1,4553091,4554984,1893,0,0,1,"C:/Data/corr_sacc/padded/JITT35_padded.asc"
"2043",35,14,3,3,1,4574989,4576965,1976,1,1,1,"C:/Data/corr_sacc/padded/JITT35_padded.asc"
"2044",35,28,2,4,1,4588673,4591055,2382,0,0,1,"C:/Data/corr_sacc/padded/JITT35_padded.asc"
"2045",35,12,1,5,1,4614922,4617239,2317,1,1,1,"C:/Data/corr_sacc/padded/JITT35_padded.asc"
"2046",35,18,1,6,1,4632836,4636247,3411,1,1,1,"C:/Data/corr_sacc/padded/JITT35_padded.asc"
"2047",35,10,2,7,1,4682517,4686578,4061,1,1,1,"C:/Data/corr_sacc/padded/JITT35_padded.asc"
"2048",35,44,3,8,1,4704666,4707137,2471,1,1,1,"C:/Data/corr_sacc/padded/JITT35_padded.asc"
"2049",35,41,3,9,1,4713642,4717044,3402,0,0,1,"C:/Data/corr_sacc/padded/JITT35_padded.asc"
"2050",35,26,3,10,1,4755114,4758041,2927,0,0,1,"C:/Data/corr_sacc/padded/JITT35_padded.asc"
"2051",35,42,1,11,1,4768193,4772209,4016,1,1,1,"C:/Data/corr_sacc/padded/JITT35_padded.asc"
"2052",35,13,2,12,1,4782624,4784623,1999,1,1,1,"C:/Data/corr_sacc/padded/JITT35_padded.asc"
"2053",35,22,2,13,1,4793544,4796369,2825,0,0,1,"C:/Data/corr_sacc/padded/JITT35_padded.asc"
"2054",35,29,3,14,1,4831780,4833241,1461,0,0,1,"C:/Data/corr_sacc/padded/JITT35_padded.asc"
"2055",35,53,3,15,1,4858070,4859539,1469,0,0,1,"C:/Data/corr_sacc/padded/JITT35_padded.asc"
"2056",35,11,3,16,1,4899692,4901946,2254,1,1,1,"C:/Data/corr_sacc/padded/JITT35_padded.asc"
"2057",35,2,3,17,1,4928240,4932834,4594,1,1,1,"C:/Data/corr_sacc/padded/JITT35_padded.asc"
"2058",35,32,3,18,1,4955233,4959996,4763,0,0,1,"C:/Data/corr_sacc/padded/JITT35_padded.asc"
"2059",35,33,1,19,1,5062647,5066036,3389,0,0,1,"C:/Data/corr_sacc/padded/JITT35_padded.asc"
"2060",35,35,3,20,1,5238264,5240519,2255,0,0,1,"C:/Data/corr_sacc/padded/JITT35_padded.asc"
"2061",35,8,3,21,1,5264228,5266332,2104,1,1,1,"C:/Data/corr_sacc/padded/JITT35_padded.asc"
"2062",35,27,1,22,1,5307708,5309573,1865,0,0,1,"C:/Data/corr_sacc/padded/JITT35_padded.asc"
"2063",35,3,1,23,1,5334564,5336821,2257,1,1,1,"C:/Data/corr_sacc/padded/JITT35_padded.asc"
"2064",35,43,2,24,1,5347626,5349490,1864,0,0,1,"C:/Data/corr_sacc/padded/JITT35_padded.asc"
"2065",35,15,1,25,1,5434364,5436638,2274,1,1,1,"C:/Data/corr_sacc/padded/JITT35_padded.asc"
"2066",35,6,1,26,1,5459406,5461082,1676,1,1,1,"C:/Data/corr_sacc/padded/JITT35_padded.asc"
"2067",35,57,1,27,1,5470622,5474531,3909,1,0,0,"C:/Data/corr_sacc/padded/JITT35_padded.asc"
"2068",35,47,3,28,1,5482117,5486456,4339,0,0,1,"C:/Data/corr_sacc/padded/JITT35_padded.asc"
"2069",35,30,1,29,1,5523970,5526087,2117,0,0,1,"C:/Data/corr_sacc/padded/JITT35_padded.asc"
"2070",35,52,2,30,1,5555224,5559019,3795,1,1,1,"C:/Data/corr_sacc/padded/JITT35_padded.asc"
"2071",35,25,2,31,1,5571959,5575652,3693,0,0,1,"C:/Data/corr_sacc/padded/JITT35_padded.asc"
"2072",35,9,1,32,1,5591267,5592969,1702,1,1,1,"C:/Data/corr_sacc/padded/JITT35_padded.asc"
"2073",35,37,2,33,1,5633399,5635219,1820,0,0,1,"C:/Data/corr_sacc/padded/JITT35_padded.asc"
"2074",35,46,2,34,1,5653254,5656769,3515,1,1,1,"C:/Data/corr_sacc/padded/JITT35_padded.asc"
"2075",35,49,2,35,1,5680499,5682653,2154,0,0,1,"C:/Data/corr_sacc/padded/JITT35_padded.asc"
"2076",35,56,3,36,1,5724725,5727636,2911,1,0,0,"C:/Data/corr_sacc/padded/JITT35_padded.asc"
"2077",35,16,2,37,1,5755114,5757308,2194,1,1,1,"C:/Data/corr_sacc/padded/JITT35_padded.asc"
"2078",35,7,2,38,1,5818514,5820718,2204,1,1,1,"C:/Data/corr_sacc/padded/JITT35_padded.asc"
"2079",35,34,2,39,1,5828928,5833292,4364,0,0,1,"C:/Data/corr_sacc/padded/JITT35_padded.asc"
"2080",35,20,3,40,1,5863644,5865587,1943,1,1,1,"C:/Data/corr_sacc/padded/JITT35_padded.asc"
"2081",35,31,2,41,1,5911685,5913204,1519,0,0,1,"C:/Data/corr_sacc/padded/JITT35_padded.asc"
"2082",35,23,3,42,1,6090368,6091832,1464,0,0,1,"C:/Data/corr_sacc/padded/JITT35_padded.asc"
"2083",35,51,1,43,1,6096542,6098206,1664,0,0,1,"C:/Data/corr_sacc/padded/JITT35_padded.asc"
"2084",35,59,3,44,1,6116978,6118769,1791,0,0,1,"C:/Data/corr_sacc/padded/JITT35_padded.asc"
"2085",35,45,1,45,1,6144122,6147013,2891,0,0,1,"C:/Data/corr_sacc/padded/JITT35_padded.asc"
"2086",35,21,1,46,1,6200323,6203147,2824,0,0,1,"C:/Data/corr_sacc/padded/JITT35_padded.asc"
"2087",35,50,3,47,1,6213606,6220407,6801,1,1,1,"C:/Data/corr_sacc/padded/JITT35_padded.asc"
"2088",35,60,1,48,1,6279148,6280944,1796,0,0,1,"C:/Data/corr_sacc/padded/JITT35_padded.asc"
"2089",35,17,3,49,1,6336168,6337865,1697,1,1,1,"C:/Data/corr_sacc/padded/JITT35_padded.asc"
"2090",35,5,3,50,1,6413962,6416404,2442,1,1,1,"C:/Data/corr_sacc/padded/JITT35_padded.asc"
"2091",35,1,2,51,1,6436776,6439122,2346,1,1,1,"C:/Data/corr_sacc/padded/JITT35_padded.asc"
"2092",35,55,2,52,1,6458444,6464429,5985,1,1,1,"C:/Data/corr_sacc/padded/JITT35_padded.asc"
"2093",35,4,2,53,1,6540813,6543379,2566,1,1,1,"C:/Data/corr_sacc/padded/JITT35_padded.asc"
"2094",35,19,2,54,1,6586018,6589603,3585,1,1,1,"C:/Data/corr_sacc/padded/JITT35_padded.asc"
"2095",35,38,3,55,1,6599062,6601289,2227,0,0,1,"C:/Data/corr_sacc/padded/JITT35_padded.asc"
"2096",35,54,1,56,1,6615094,6619645,4551,1,0,0,"C:/Data/corr_sacc/padded/JITT35_padded.asc"
"2097",35,58,2,57,1,6647816,6650496,2680,0,0,1,"C:/Data/corr_sacc/padded/JITT35_padded.asc"
"2098",35,36,1,58,1,6692126,6694612,2486,0,0,1,"C:/Data/corr_sacc/padded/JITT35_padded.asc"
"2099",35,48,1,59,1,6724134,6726276,2142,1,1,1,"C:/Data/corr_sacc/padded/JITT35_padded.asc"
"2100",35,39,1,60,1,6758121,6759868,1747,0,0,1,"C:/Data/corr_sacc/padded/JITT35_padded.asc"
"2101",36,54,2,1,1,11220246,11223511,3265,1,1,1,"C:/Data/corr_sacc/padded/JITT36_padded.asc"
"2102",36,39,2,2,1,11238724,11241236,2512,0,0,1,"C:/Data/corr_sacc/padded/JITT36_padded.asc"
"2103",36,28,3,3,1,11258200,11260353,2153,0,0,1,"C:/Data/corr_sacc/padded/JITT36_padded.asc"
"2104",36,6,2,4,1,11304494,11306464,1970,1,1,1,"C:/Data/corr_sacc/padded/JITT36_padded.asc"
"2105",36,58,3,5,1,11323102,11325047,1945,0,0,1,"C:/Data/corr_sacc/padded/JITT36_padded.asc"
"2106",36,53,1,6,1,11366317,11368081,1764,0,0,1,"C:/Data/corr_sacc/padded/JITT36_padded.asc"
"2107",36,11,1,7,1,11395912,11397955,2043,1,1,1,"C:/Data/corr_sacc/padded/JITT36_padded.asc"
"2108",36,41,1,8,1,11416725,11418537,1812,0,0,1,"C:/Data/corr_sacc/padded/JITT36_padded.asc"
"2109",36,7,3,9,1,11433125,11434867,1742,1,1,1,"C:/Data/corr_sacc/padded/JITT36_padded.asc"
"2110",36,35,1,10,1,11492366,11494150,1784,0,0,1,"C:/Data/corr_sacc/padded/JITT36_padded.asc"
"2111",36,44,1,11,1,11522651,11524712,2061,1,1,1,"C:/Data/corr_sacc/padded/JITT36_padded.asc"
"2112",36,17,1,12,1,11538537,11540097,1560,1,1,1,"C:/Data/corr_sacc/padded/JITT36_padded.asc"
"2113",36,10,3,13,1,11560268,11562066,1798,1,1,1,"C:/Data/corr_sacc/padded/JITT36_padded.asc"
"2114",36,50,1,14,1,11603420,11607906,4486,1,1,1,"C:/Data/corr_sacc/padded/JITT36_padded.asc"
"2115",36,32,1,15,1,11706738,11708708,1970,0,0,1,"C:/Data/corr_sacc/padded/JITT36_padded.asc"
"2116",36,12,2,16,1,11724555,11726739,2184,1,1,1,"C:/Data/corr_sacc/padded/JITT36_padded.asc"
"2117",36,51,2,17,1,11765292,11766969,1677,0,0,1,"C:/Data/corr_sacc/padded/JITT36_padded.asc"
"2118",36,33,2,18,1,11855833,11857745,1912,0,0,1,"C:/Data/corr_sacc/padded/JITT36_padded.asc"
"2119",36,5,1,19,1,11865084,11868652,3568,1,1,1,"C:/Data/corr_sacc/padded/JITT36_padded.asc"
"2120",36,46,3,20,1,11886888,11892022,5134,1,1,1,"C:/Data/corr_sacc/padded/JITT36_padded.asc"
"2121",36,31,3,21,1,11897601,11898970,1369,0,0,1,"C:/Data/corr_sacc/padded/JITT36_padded.asc"
"2122",36,40,3,22,1,11915057,11916606,1549,0,0,1,"C:/Data/corr_sacc/padded/JITT36_padded.asc"
"2123",36,24,2,23,1,11931001,11932693,1692,0,0,1,"C:/Data/corr_sacc/padded/JITT36_padded.asc"
"2124",36,8,1,24,1,11941135,11943340,2205,1,1,1,"C:/Data/corr_sacc/padded/JITT36_padded.asc"
"2125",36,48,2,25,1,11955838,11957808,1970,1,1,1,"C:/Data/corr_sacc/padded/JITT36_padded.asc"
"2126",36,14,1,26,1,11969853,11971277,1424,1,1,1,"C:/Data/corr_sacc/padded/JITT36_padded.asc"
"2127",36,52,3,27,1,12024404,12026722,2318,1,1,1,"C:/Data/corr_sacc/padded/JITT36_padded.asc"
"2128",36,26,1,28,1,12040746,12042407,1661,0,0,1,"C:/Data/corr_sacc/padded/JITT36_padded.asc"
"2129",36,18,2,29,1,12048196,12050001,1805,1,1,1,"C:/Data/corr_sacc/padded/JITT36_padded.asc"
"2130",36,3,2,30,1,12055833,12059000,3167,1,0,0,"C:/Data/corr_sacc/padded/JITT36_padded.asc"
"2131",36,20,1,31,1,12066235,12067726,1491,1,1,1,"C:/Data/corr_sacc/padded/JITT36_padded.asc"
"2132",36,42,2,32,1,12074267,12075943,1676,1,1,1,"C:/Data/corr_sacc/padded/JITT36_padded.asc"
"2133",36,29,1,33,1,12081534,12083295,1761,0,0,1,"C:/Data/corr_sacc/padded/JITT36_padded.asc"
"2134",36,59,1,34,1,12118040,12119767,1727,0,0,1,"C:/Data/corr_sacc/padded/JITT36_padded.asc"
"2135",36,13,3,35,1,12126554,12128027,1473,1,1,1,"C:/Data/corr_sacc/padded/JITT36_padded.asc"
"2136",36,23,1,36,1,12145875,12147576,1701,0,0,1,"C:/Data/corr_sacc/padded/JITT36_padded.asc"
"2137",36,21,2,37,1,12160411,12163114,2703,0,0,1,"C:/Data/corr_sacc/padded/JITT36_padded.asc"
"2138",36,4,3,38,1,12175729,12180052,4323,1,1,1,"C:/Data/corr_sacc/padded/JITT36_padded.asc"
"2139",36,30,2,39,1,12350928,12352666,1738,0,0,1,"C:/Data/corr_sacc/padded/JITT36_padded.asc"
"2140",36,22,3,40,1,12382138,12384137,1999,0,0,1,"C:/Data/corr_sacc/padded/JITT36_padded.asc"
"2141",36,16,3,41,1,12409213,12410979,1766,1,1,1,"C:/Data/corr_sacc/padded/JITT36_padded.asc"
"2142",36,36,2,42,1,12423999,12426454,2455,0,0,1,"C:/Data/corr_sacc/padded/JITT36_padded.asc"
"2143",36,19,3,43,1,12450400,12452124,1724,1,1,1,"C:/Data/corr_sacc/padded/JITT36_padded.asc"
"2144",36,45,2,44,1,12457591,12459084,1493,0,0,1,"C:/Data/corr_sacc/padded/JITT36_padded.asc"
"2145",36,60,2,45,1,12464365,12466219,1854,0,0,1,"C:/Data/corr_sacc/padded/JITT36_padded.asc"
"2146",36,9,2,46,1,12477433,12479404,1971,1,1,1,"C:/Data/corr_sacc/padded/JITT36_padded.asc"
"2147",36,37,3,47,1,12486831,12488371,1540,0,0,1,"C:/Data/corr_sacc/padded/JITT36_padded.asc"
"2148",36,43,3,48,1,12516758,12518383,1625,0,0,1,"C:/Data/corr_sacc/padded/JITT36_padded.asc"
"2149",36,49,3,49,1,12537455,12539584,2129,0,0,1,"C:/Data/corr_sacc/padded/JITT36_padded.asc"
"2150",36,1,3,50,1,12583350,12585397,2047,1,1,1,"C:/Data/corr_sacc/padded/JITT36_padded.asc"
"2151",36,47,1,51,1,12590378,12593066,2688,0,0,1,"C:/Data/corr_sacc/padded/JITT36_padded.asc"
"2152",36,34,3,52,1,12604483,12606323,1840,0,0,1,"C:/Data/corr_sacc/padded/JITT36_padded.asc"
"2153",36,27,2,53,1,12611857,12614068,2211,0,0,1,"C:/Data/corr_sacc/padded/JITT36_padded.asc"
"2154",36,15,2,54,1,12619667,12621444,1777,1,1,1,"C:/Data/corr_sacc/padded/JITT36_padded.asc"
"2155",36,25,3,55,1,12626664,12628164,1500,0,0,1,"C:/Data/corr_sacc/padded/JITT36_padded.asc"
"2156",36,56,1,56,1,12666340,12668263,1923,1,0,0,"C:/Data/corr_sacc/padded/JITT36_padded.asc"
"2157",36,57,2,57,1,12673804,12677846,4042,1,0,0,"C:/Data/corr_sacc/padded/JITT36_padded.asc"
"2158",36,38,1,58,1,12712985,12714993,2008,0,0,1,"C:/Data/corr_sacc/padded/JITT36_padded.asc"
"2159",36,2,1,59,1,12766442,12769177,2735,1,1,1,"C:/Data/corr_sacc/padded/JITT36_padded.asc"
"2160",36,55,3,60,1,12775046,12776543,1497,1,0,0,"C:/Data/corr_sacc/padded/JITT36_padded.asc"
"2161",37,45,3,1,1,14982706,14984489,1783,0,0,1,"C:/Data/corr_sacc/padded/JITT37_padded.asc"
"2162",37,28,1,2,1,14997139,14998877,1738,0,0,1,"C:/Data/corr_sacc/padded/JITT37_padded.asc"
"2163",37,39,3,3,1,15016073,15017958,1885,0,0,1,"C:/Data/corr_sacc/padded/JITT37_padded.asc"
"2164",37,52,1,4,1,15032436,15036731,4295,1,0,0,"C:/Data/corr_sacc/padded/JITT37_padded.asc"
"2165",37,54,3,5,1,15066538,15068221,1683,1,1,1,"C:/Data/corr_sacc/padded/JITT37_padded.asc"
"2166",37,10,1,6,1,15088176,15089908,1732,1,1,1,"C:/Data/corr_sacc/padded/JITT37_padded.asc"
"2167",37,3,3,7,1,15117019,15118580,1561,1,1,1,"C:/Data/corr_sacc/padded/JITT37_padded.asc"
"2168",37,40,1,8,1,15190655,15192157,1502,0,0,1,"C:/Data/corr_sacc/padded/JITT37_padded.asc"
"2169",37,29,2,9,1,15227735,15229653,1918,0,0,1,"C:/Data/corr_sacc/padded/JITT37_padded.asc"
"2170",37,2,2,10,1,15240806,15242791,1985,1,1,1,"C:/Data/corr_sacc/padded/JITT37_padded.asc"
"2171",37,32,2,11,1,15261660,15263294,1634,0,0,1,"C:/Data/corr_sacc/padded/JITT37_padded.asc"
"2172",37,26,2,12,1,15287597,15290285,2688,0,0,1,"C:/Data/corr_sacc/padded/JITT37_padded.asc"
"2173",37,43,1,13,1,15307702,15309950,2248,0,0,1,"C:/Data/corr_sacc/padded/JITT37_padded.asc"
"2174",37,22,1,14,1,15332775,15335174,2399,0,0,1,"C:/Data/corr_sacc/padded/JITT37_padded.asc"
"2175",37,25,1,15,1,15344748,15346494,1746,0,0,1,"C:/Data/corr_sacc/padded/JITT37_padded.asc"
"2176",37,6,3,16,1,15363889,15366842,2953,1,0,0,"C:/Data/corr_sacc/padded/JITT37_padded.asc"
"2177",37,53,2,17,1,15371449,15373097,1648,0,0,1,"C:/Data/corr_sacc/padded/JITT37_padded.asc"
"2178",37,33,3,18,1,15466049,15467700,1651,0,0,1,"C:/Data/corr_sacc/padded/JITT37_padded.asc"
"2179",37,57,3,19,1,15506647,15509992,3345,1,1,1,"C:/Data/corr_sacc/padded/JITT37_padded.asc"
"2180",37,4,1,20,1,15518044,15520075,2031,1,1,1,"C:/Data/corr_sacc/padded/JITT37_padded.asc"
"2181",37,18,3,21,1,15534256,15535824,1568,1,1,1,"C:/Data/corr_sacc/padded/JITT37_padded.asc"
"2182",37,30,3,22,1,15540992,15542579,1587,0,0,1,"C:/Data/corr_sacc/padded/JITT37_padded.asc"
"2183",37,7,1,23,1,15588514,15590369,1855,1,1,1,"C:/Data/corr_sacc/padded/JITT37_padded.asc"
"2184",37,20,2,24,1,15597178,15599257,2079,1,1,1,"C:/Data/corr_sacc/padded/JITT37_padded.asc"
"2185",37,16,1,25,1,15626847,15628585,1738,1,1,1,"C:/Data/corr_sacc/padded/JITT37_padded.asc"
"2186",37,34,1,26,1,15634951,15636820,1869,0,0,1,"C:/Data/corr_sacc/padded/JITT37_padded.asc"
"2187",37,38,2,27,1,15648880,15651138,2258,0,1,0,"C:/Data/corr_sacc/padded/JITT37_padded.asc"
"2188",37,23,2,28,1,15655702,15657929,2227,0,0,1,"C:/Data/corr_sacc/padded/JITT37_padded.asc"
"2189",37,27,3,29,1,15666896,15669193,2297,0,1,0,"C:/Data/corr_sacc/padded/JITT37_padded.asc"
"2190",37,8,2,30,1,15695895,15698218,2323,1,1,1,"C:/Data/corr_sacc/padded/JITT37_padded.asc"
"2191",37,55,1,31,1,15704396,15706009,1613,1,0,0,"C:/Data/corr_sacc/padded/JITT37_padded.asc"
"2192",37,35,2,32,1,15753378,15755490,2112,0,0,1,"C:/Data/corr_sacc/padded/JITT37_padded.asc"
"2193",37,49,1,33,1,15773875,15775771,1896,0,1,0,"C:/Data/corr_sacc/padded/JITT37_padded.asc"
"2194",37,21,3,34,1,15785759,15788651,2892,0,1,0,"C:/Data/corr_sacc/padded/JITT37_padded.asc"
"2195",37,9,3,35,1,15796068,15797439,1371,1,1,1,"C:/Data/corr_sacc/padded/JITT37_padded.asc"
"2196",37,56,2,36,1,15802163,15803634,1471,1,0,0,"C:/Data/corr_sacc/padded/JITT37_padded.asc"
"2197",37,42,3,37,1,15837582,15841758,4176,1,1,1,"C:/Data/corr_sacc/padded/JITT37_padded.asc"
"2198",37,44,2,38,1,15860881,15862918,2037,1,1,1,"C:/Data/corr_sacc/padded/JITT37_padded.asc"
"2199",37,31,1,39,1,15875843,15878907,3064,0,0,1,"C:/Data/corr_sacc/padded/JITT37_padded.asc"
"2200",37,48,3,40,1,15885843,15887214,1371,1,1,1,"C:/Data/corr_sacc/padded/JITT37_padded.asc"
"2201",37,37,1,41,1,15893519,15895579,2060,0,0,1,"C:/Data/corr_sacc/padded/JITT37_padded.asc"
"2202",37,58,1,42,1,16112638,16115857,3219,0,1,0,"C:/Data/corr_sacc/padded/JITT37_padded.asc"
"2203",37,5,2,43,1,16122445,16125830,3385,1,0,0,"C:/Data/corr_sacc/padded/JITT37_padded.asc"
"2204",37,24,3,44,1,16132401,16135384,2983,0,0,1,"C:/Data/corr_sacc/padded/JITT37_padded.asc"
"2205",37,47,2,45,1,16155685,16162175,6490,0,0,1,"C:/Data/corr_sacc/padded/JITT37_padded.asc"
"2206",37,12,3,46,1,16170133,16179662,9529,1,1,1,"C:/Data/corr_sacc/padded/JITT37_padded.asc"
"2207",37,41,2,47,1,16223055,16224982,1927,0,0,1,"C:/Data/corr_sacc/padded/JITT37_padded.asc"
"2208",37,17,2,48,1,16245471,16246843,1372,1,0,0,"C:/Data/corr_sacc/padded/JITT37_padded.asc"
"2209",37,11,2,49,1,16257672,16259279,1607,1,1,1,"C:/Data/corr_sacc/padded/JITT37_padded.asc"
"2210",37,46,1,50,1,16265146,16267409,2263,1,1,1,"C:/Data/corr_sacc/padded/JITT37_padded.asc"
"2211",37,51,3,51,1,16310394,16312912,2518,0,0,1,"C:/Data/corr_sacc/padded/JITT37_padded.asc"
"2212",37,1,1,52,1,16319541,16321177,1636,1,1,1,"C:/Data/corr_sacc/padded/JITT37_padded.asc"
"2213",37,19,1,53,1,16358501,16361490,2989,1,1,1,"C:/Data/corr_sacc/padded/JITT37_padded.asc"
"2214",37,13,1,54,1,16399604,16401548,1944,1,1,1,"C:/Data/corr_sacc/padded/JITT37_padded.asc"
"2215",37,50,2,55,1,16416660,16418513,1853,1,1,1,"C:/Data/corr_sacc/padded/JITT37_padded.asc"
"2216",37,60,3,56,1,16436169,16438322,2153,0,0,1,"C:/Data/corr_sacc/padded/JITT37_padded.asc"
"2217",37,15,3,57,1,16468294,16471051,2757,1,1,1,"C:/Data/corr_sacc/padded/JITT37_padded.asc"
"2218",37,59,2,58,1,16485266,16486930,1664,0,0,1,"C:/Data/corr_sacc/padded/JITT37_padded.asc"
"2219",37,14,2,59,1,16524210,16526090,1880,1,1,1,"C:/Data/corr_sacc/padded/JITT37_padded.asc"
"2220",37,36,3,60,1,16532548,16534724,2176,0,0,1,"C:/Data/corr_sacc/padded/JITT37_padded.asc"
"2221",38,3,1,1,1,17277079,17281603,4524,1,1,1,"C:/Data/corr_sacc/padded/JITT38_padded.asc"
"2222",38,44,3,2,1,17291454,17294546,3092,1,1,1,"C:/Data/corr_sacc/padded/JITT38_padded.asc"
"2223",38,47,3,3,1,17329685,17334644,4959,0,0,1,"C:/Data/corr_sacc/padded/JITT38_padded.asc"
"2224",38,13,2,4,1,17344800,17346963,2163,1,1,1,"C:/Data/corr_sacc/padded/JITT38_padded.asc"
"2225",38,6,1,5,1,17411472,17414027,2555,1,1,1,"C:/Data/corr_sacc/padded/JITT38_padded.asc"
"2226",38,45,1,6,1,17441695,17444098,2403,0,0,1,"C:/Data/corr_sacc/padded/JITT38_padded.asc"
"2227",38,39,1,7,1,17477245,17479509,2264,0,0,1,"C:/Data/corr_sacc/padded/JITT38_padded.asc"
"2228",38,48,1,8,1,17537909,17540548,2639,1,1,1,"C:/Data/corr_sacc/padded/JITT38_padded.asc"
"2229",38,51,1,9,1,17565369,17567398,2029,0,0,1,"C:/Data/corr_sacc/padded/JITT38_padded.asc"
"2230",38,11,3,10,1,17575947,17579676,3729,1,1,1,"C:/Data/corr_sacc/padded/JITT38_padded.asc"
"2231",38,10,2,11,1,17587569,17590315,2746,1,1,1,"C:/Data/corr_sacc/padded/JITT38_padded.asc"
"2232",38,26,3,12,1,17656979,17660085,3106,0,0,1,"C:/Data/corr_sacc/padded/JITT38_padded.asc"
"2233",38,50,3,13,1,17756423,17759421,2998,1,1,1,"C:/Data/corr_sacc/padded/JITT38_padded.asc"
"2234",38,52,2,14,1,17862278,17866128,3850,1,1,1,"C:/Data/corr_sacc/padded/JITT38_padded.asc"
"2235",38,38,3,15,1,17877051,17879870,2819,0,0,1,"C:/Data/corr_sacc/padded/JITT38_padded.asc"
"2236",38,29,3,16,1,17889065,17890647,1582,0,0,1,"C:/Data/corr_sacc/padded/JITT38_padded.asc"
"2237",38,37,2,17,1,17908266,17913123,4857,0,0,1,"C:/Data/corr_sacc/padded/JITT38_padded.asc"
"2238",38,2,3,18,1,17940112,17942177,2065,1,1,1,"C:/Data/corr_sacc/padded/JITT38_padded.asc"
"2239",38,35,3,19,1,17956906,17958929,2023,0,0,1,"C:/Data/corr_sacc/padded/JITT38_padded.asc"
"2240",38,49,2,20,1,17965666,17969770,4104,0,0,1,"C:/Data/corr_sacc/padded/JITT38_padded.asc"
"2241",38,8,3,21,1,18028835,18030461,1626,1,1,1,"C:/Data/corr_sacc/padded/JITT38_padded.asc"
"2242",38,59,3,22,1,18061497,18063725,2228,0,0,1,"C:/Data/corr_sacc/padded/JITT38_padded.asc"
"2243",38,60,1,23,1,18090772,18093440,2668,0,0,1,"C:/Data/corr_sacc/padded/JITT38_padded.asc"
"2244",38,27,1,24,1,18216279,18217898,1619,0,0,1,"C:/Data/corr_sacc/padded/JITT38_padded.asc"
"2245",38,18,1,25,1,18340346,18342921,2575,1,0,0,"C:/Data/corr_sacc/padded/JITT38_padded.asc"
"2246",38,43,2,26,1,18397630,18399749,2119,0,0,1,"C:/Data/corr_sacc/padded/JITT38_padded.asc"
"2247",38,15,1,27,1,18429281,18432063,2782,1,1,1,"C:/Data/corr_sacc/padded/JITT38_padded.asc"
"2248",38,20,3,28,1,18441666,18443389,1723,1,1,1,"C:/Data/corr_sacc/padded/JITT38_padded.asc"
"2249",38,53,3,29,1,18471980,18473731,1751,0,0,1,"C:/Data/corr_sacc/padded/JITT38_padded.asc"
"2250",38,25,2,30,1,18503787,18507134,3347,0,0,1,"C:/Data/corr_sacc/padded/JITT38_padded.asc"
"2251",38,21,1,31,1,18541593,18543693,2100,0,0,1,"C:/Data/corr_sacc/padded/JITT38_padded.asc"
"2252",38,54,1,32,1,18562155,18565071,2916,1,1,1,"C:/Data/corr_sacc/padded/JITT38_padded.asc"
"2253",38,9,1,33,1,18597132,18599383,2251,1,1,1,"C:/Data/corr_sacc/padded/JITT38_padded.asc"
"2254",38,12,1,34,1,18607985,18610593,2608,1,1,1,"C:/Data/corr_sacc/padded/JITT38_padded.asc"
"2255",38,17,3,35,1,18648524,18650438,1914,1,1,1,"C:/Data/corr_sacc/padded/JITT38_padded.asc"
"2256",38,57,1,36,1,18671605,18675176,3571,1,0,0,"C:/Data/corr_sacc/padded/JITT38_padded.asc"
"2257",38,36,1,37,1,18686968,18688806,1838,0,0,1,"C:/Data/corr_sacc/padded/JITT38_padded.asc"
"2258",38,33,1,38,1,18713817,18715763,1946,0,0,1,"C:/Data/corr_sacc/padded/JITT38_padded.asc"
"2259",38,34,2,39,1,18757329,18759925,2596,0,0,1,"C:/Data/corr_sacc/padded/JITT38_padded.asc"
"2260",38,42,1,40,1,18766965,18769665,2700,1,1,1,"C:/Data/corr_sacc/padded/JITT38_padded.asc"
"2261",38,46,2,41,1,18912762,18915065,2303,1,1,1,"C:/Data/corr_sacc/padded/JITT38_padded.asc"
"2262",38,16,2,42,1,19035495,19037491,1996,1,1,1,"C:/Data/corr_sacc/padded/JITT38_padded.asc"
"2263",38,22,2,43,1,19056424,19059279,2855,0,0,1,"C:/Data/corr_sacc/padded/JITT38_padded.asc"
"2264",38,23,3,44,1,19087282,19089380,2098,0,0,1,"C:/Data/corr_sacc/padded/JITT38_padded.asc"
"2265",38,14,3,45,1,19096962,19098740,1778,1,1,1,"C:/Data/corr_sacc/padded/JITT38_padded.asc"
"2266",38,56,3,46,1,19105676,19107507,1831,1,0,0,"C:/Data/corr_sacc/padded/JITT38_padded.asc"
"2267",38,5,3,47,1,19149408,19151364,1956,1,1,1,"C:/Data/corr_sacc/padded/JITT38_padded.asc"
"2268",38,7,2,48,1,19165149,19167868,2719,1,1,1,"C:/Data/corr_sacc/padded/JITT38_padded.asc"
"2269",38,4,2,49,1,19176712,19178180,1468,1,1,1,"C:/Data/corr_sacc/padded/JITT38_padded.asc"
"2270",38,58,2,50,1,19194281,19196396,2115,0,0,1,"C:/Data/corr_sacc/padded/JITT38_padded.asc"
"2271",38,1,2,51,1,19334443,19336887,2444,1,1,1,"C:/Data/corr_sacc/padded/JITT38_padded.asc"
"2272",38,32,3,52,1,19370274,19372485,2211,0,0,1,"C:/Data/corr_sacc/padded/JITT38_padded.asc"
"2273",38,40,2,53,1,19387247,19388646,1399,0,0,1,"C:/Data/corr_sacc/padded/JITT38_padded.asc"
"2274",38,30,1,54,1,19395940,19397797,1857,0,0,1,"C:/Data/corr_sacc/padded/JITT38_padded.asc"
"2275",38,41,3,55,1,19425742,19427464,1722,0,0,1,"C:/Data/corr_sacc/padded/JITT38_padded.asc"
"2276",38,31,2,56,1,19444796,19446799,2003,0,0,1,"C:/Data/corr_sacc/padded/JITT38_padded.asc"
"2277",38,24,1,57,1,19455480,19457016,1536,0,0,1,"C:/Data/corr_sacc/padded/JITT38_padded.asc"
"2278",38,55,2,58,1,19464516,19466334,1818,1,0,0,"C:/Data/corr_sacc/padded/JITT38_padded.asc"
"2279",38,19,2,59,1,19471306,19473599,2293,1,1,1,"C:/Data/corr_sacc/padded/JITT38_padded.asc"
"2280",38,28,2,60,1,19493958,19496080,2122,0,0,1,"C:/Data/corr_sacc/padded/JITT38_padded.asc"
"2281",39,19,3,1,1,25635462,25637443,1981,1,1,1,"C:/Data/corr_sacc/padded/JITT39_padded.asc"
"2282",39,48,2,2,1,25642087,25643764,1677,1,1,1,"C:/Data/corr_sacc/padded/JITT39_padded.asc"
"2283",39,55,3,3,1,25649766,25651540,1774,1,0,0,"C:/Data/corr_sacc/padded/JITT39_padded.asc"
"2284",39,35,1,4,1,25659276,25660959,1683,0,0,1,"C:/Data/corr_sacc/padded/JITT39_padded.asc"
"2285",39,12,2,5,1,25668452,25670463,2011,1,1,1,"C:/Data/corr_sacc/padded/JITT39_padded.asc"
"2286",39,51,2,6,1,25678522,25680228,1706,0,0,1,"C:/Data/corr_sacc/padded/JITT39_padded.asc"
"2287",39,44,1,7,1,25726206,25728463,2257,1,1,1,"C:/Data/corr_sacc/padded/JITT39_padded.asc"
"2288",39,32,1,8,1,25765013,25766630,1617,0,0,1,"C:/Data/corr_sacc/padded/JITT39_padded.asc"
"2289",39,15,2,9,1,25796447,25798149,1702,1,1,1,"C:/Data/corr_sacc/padded/JITT39_padded.asc"
"2290",39,14,1,10,1,25847657,25849692,2035,1,1,1,"C:/Data/corr_sacc/padded/JITT39_padded.asc"
"2291",39,53,1,11,1,25854483,25855890,1407,0,0,1,"C:/Data/corr_sacc/padded/JITT39_padded.asc"
"2292",39,39,2,12,1,25869523,25871029,1506,0,0,1,"C:/Data/corr_sacc/padded/JITT39_padded.asc"
"2293",39,21,2,13,1,25901601,25903454,1853,0,0,1,"C:/Data/corr_sacc/padded/JITT39_padded.asc"
"2294",39,45,2,14,1,25931250,25933710,2460,0,0,1,"C:/Data/corr_sacc/padded/JITT39_padded.asc"
"2295",39,16,3,15,1,25954360,25955901,1541,1,1,1,"C:/Data/corr_sacc/padded/JITT39_padded.asc"
"2296",39,36,2,16,1,25966314,25967711,1397,0,0,1,"C:/Data/corr_sacc/padded/JITT39_padded.asc"
"2297",39,27,2,17,1,26179352,26181057,1705,0,0,1,"C:/Data/corr_sacc/padded/JITT39_padded.asc"
"2298",39,41,1,18,1,26188833,26190282,1449,0,0,1,"C:/Data/corr_sacc/padded/JITT39_padded.asc"
"2299",39,42,2,19,1,26224177,26225546,1369,1,1,1,"C:/Data/corr_sacc/padded/JITT39_padded.asc"
"2300",39,7,3,20,1,26252351,26254395,2044,1,1,1,"C:/Data/corr_sacc/padded/JITT39_padded.asc"
"2301",39,50,1,21,1,26261310,26263338,2028,1,1,1,"C:/Data/corr_sacc/padded/JITT39_padded.asc"
"2302",39,17,1,22,1,26304153,26305957,1804,1,1,1,"C:/Data/corr_sacc/padded/JITT39_padded.asc"
"2303",39,10,3,23,1,26335281,26337377,2096,1,1,1,"C:/Data/corr_sacc/padded/JITT39_padded.asc"
"2304",39,29,1,24,1,26344223,26346170,1947,0,0,1,"C:/Data/corr_sacc/padded/JITT39_padded.asc"
"2305",39,54,2,25,1,26367440,26369290,1850,1,1,1,"C:/Data/corr_sacc/padded/JITT39_padded.asc"
"2306",39,58,3,26,1,26400832,26403046,2214,0,0,1,"C:/Data/corr_sacc/padded/JITT39_padded.asc"
"2307",39,60,2,27,1,26429936,26432508,2572,0,0,1,"C:/Data/corr_sacc/padded/JITT39_padded.asc"
"2308",39,26,1,28,1,26439641,26441273,1632,0,0,1,"C:/Data/corr_sacc/padded/JITT39_padded.asc"
"2309",39,46,3,29,1,26450085,26452067,1982,1,1,1,"C:/Data/corr_sacc/padded/JITT39_padded.asc"
"2310",39,49,3,30,1,26578104,26580188,2084,0,0,1,"C:/Data/corr_sacc/padded/JITT39_padded.asc"
"2311",39,22,3,31,1,26626431,26628144,1713,0,0,1,"C:/Data/corr_sacc/padded/JITT39_padded.asc"
"2312",39,23,1,32,1,26654819,26656188,1369,0,0,1,"C:/Data/corr_sacc/padded/JITT39_padded.asc"
"2313",39,52,3,33,1,26663370,26666317,2947,1,1,1,"C:/Data/corr_sacc/padded/JITT39_padded.asc"
"2314",39,20,1,34,1,26674044,26675716,1672,1,1,1,"C:/Data/corr_sacc/padded/JITT39_padded.asc"
"2315",39,13,3,35,1,26705480,26707048,1568,1,1,1,"C:/Data/corr_sacc/padded/JITT39_padded.asc"
"2316",39,11,1,36,1,26876666,26878167,1501,1,1,1,"C:/Data/corr_sacc/padded/JITT39_padded.asc"
"2317",39,2,1,37,1,26928366,26930001,1635,1,1,1,"C:/Data/corr_sacc/padded/JITT39_padded.asc"
"2318",39,47,1,38,1,26961714,26963777,2063,0,0,1,"C:/Data/corr_sacc/padded/JITT39_padded.asc"
"2319",39,59,1,39,1,26976891,26978394,1503,0,0,1,"C:/Data/corr_sacc/padded/JITT39_padded.asc"
"2320",39,3,2,40,1,27007128,27008872,1744,1,1,1,"C:/Data/corr_sacc/padded/JITT39_padded.asc"
"2321",39,56,1,41,1,27024608,27027033,2425,1,0,0,"C:/Data/corr_sacc/padded/JITT39_padded.asc"
"2322",39,5,1,42,1,27033757,27035195,1438,1,1,1,"C:/Data/corr_sacc/padded/JITT39_padded.asc"
"2323",39,8,1,43,1,27061843,27063355,1512,1,1,1,"C:/Data/corr_sacc/padded/JITT39_padded.asc"
"2324",39,40,3,44,1,27088972,27090364,1392,0,0,1,"C:/Data/corr_sacc/padded/JITT39_padded.asc"
"2325",39,25,3,45,1,27097263,27098632,1369,0,0,1,"C:/Data/corr_sacc/padded/JITT39_padded.asc"
"2326",39,31,3,46,1,27129116,27131362,2246,0,0,1,"C:/Data/corr_sacc/padded/JITT39_padded.asc"
"2327",39,33,2,47,1,27139735,27141290,1555,0,0,1,"C:/Data/corr_sacc/padded/JITT39_padded.asc"
"2328",39,38,1,48,1,27162550,27164167,1617,0,0,1,"C:/Data/corr_sacc/padded/JITT39_padded.asc"
"2329",39,6,2,49,1,27271206,27272964,1758,1,1,1,"C:/Data/corr_sacc/padded/JITT39_padded.asc"
"2330",39,37,3,50,1,27284123,27287475,3352,0,0,1,"C:/Data/corr_sacc/padded/JITT39_padded.asc"
"2331",39,18,2,51,1,27296867,27298235,1368,1,1,1,"C:/Data/corr_sacc/padded/JITT39_padded.asc"
"2332",39,34,3,52,1,27306018,27308076,2058,0,0,1,"C:/Data/corr_sacc/padded/JITT39_padded.asc"
"2333",39,1,3,53,1,27315483,27317028,1545,1,1,1,"C:/Data/corr_sacc/padded/JITT39_padded.asc"
"2334",39,24,2,54,1,27337493,27339012,1519,0,0,1,"C:/Data/corr_sacc/padded/JITT39_padded.asc"
"2335",39,9,2,55,1,27348288,27349851,1563,1,1,1,"C:/Data/corr_sacc/padded/JITT39_padded.asc"
"2336",39,43,3,56,1,27359160,27360646,1486,0,0,1,"C:/Data/corr_sacc/padded/JITT39_padded.asc"
"2337",39,57,2,57,1,27367776,27370272,2496,1,0,0,"C:/Data/corr_sacc/padded/JITT39_padded.asc"
"2338",39,28,3,58,1,27376592,27378375,1783,0,0,1,"C:/Data/corr_sacc/padded/JITT39_padded.asc"
"2339",39,30,2,59,1,27386465,27388266,1801,0,0,1,"C:/Data/corr_sacc/padded/JITT39_padded.asc"
"2340",39,4,3,60,1,27393984,27395510,1526,1,1,1,"C:/Data/corr_sacc/padded/JITT39_padded.asc"
"2341",40,55,1,1,1,1037805,1039980,2175,1,0,0,"C:/Data/corr_sacc/padded/JITT40_padded.asc"
"2342",40,51,3,2,1,1056108,1058027,1919,0,0,1,"C:/Data/corr_sacc/padded/JITT40_padded.asc"
"2343",40,53,2,3,1,1097146,1099074,1928,0,0,1,"C:/Data/corr_sacc/padded/JITT40_padded.asc"
"2344",40,11,2,4,1,1106709,1108948,2239,1,1,1,"C:/Data/corr_sacc/padded/JITT40_padded.asc"
"2345",40,22,1,5,1,1128391,1130326,1935,0,0,1,"C:/Data/corr_sacc/padded/JITT40_padded.asc"
"2346",40,15,3,6,1,1136905,1138972,2067,1,1,1,"C:/Data/corr_sacc/padded/JITT40_padded.asc"
"2347",40,33,3,7,1,1182887,1184428,1541,0,0,1,"C:/Data/corr_sacc/padded/JITT40_padded.asc"
"2348",40,5,2,8,1,1196717,1199070,2353,1,1,1,"C:/Data/corr_sacc/padded/JITT40_padded.asc"
"2349",40,21,3,9,1,1247676,1249835,2159,0,0,1,"C:/Data/corr_sacc/padded/JITT40_padded.asc"
"2350",40,1,1,10,1,1287018,1290224,3206,1,1,1,"C:/Data/corr_sacc/padded/JITT40_padded.asc"
"2351",40,36,3,11,1,1298960,1300909,1949,0,0,1,"C:/Data/corr_sacc/padded/JITT40_padded.asc"
"2352",40,2,2,12,1,1318666,1321445,2779,1,1,1,"C:/Data/corr_sacc/padded/JITT40_padded.asc"
"2353",40,16,1,13,1,1327254,1329052,1798,1,1,1,"C:/Data/corr_sacc/padded/JITT40_padded.asc"
"2354",40,24,3,14,1,1346027,1348116,2089,0,0,1,"C:/Data/corr_sacc/padded/JITT40_padded.asc"
"2355",40,60,3,15,1,1364041,1366602,2561,0,0,1,"C:/Data/corr_sacc/padded/JITT40_padded.asc"
"2356",40,46,1,16,1,1374947,1377789,2842,1,1,1,"C:/Data/corr_sacc/padded/JITT40_padded.asc"
"2357",40,27,3,17,1,1384713,1387083,2370,0,0,1,"C:/Data/corr_sacc/padded/JITT40_padded.asc"
"2358",40,6,3,18,1,1394845,1396502,1657,1,1,1,"C:/Data/corr_sacc/padded/JITT40_padded.asc"
"2359",40,43,1,19,1,1406675,1408279,1604,0,0,1,"C:/Data/corr_sacc/padded/JITT40_padded.asc"
"2360",40,34,1,20,1,1610736,1613168,2432,0,1,0,"C:/Data/corr_sacc/padded/JITT40_padded.asc"
"2361",40,47,2,21,1,1625951,1628168,2217,0,1,0,"C:/Data/corr_sacc/padded/JITT40_padded.asc"
"2362",40,48,3,22,1,1636101,1637675,1574,1,1,1,"C:/Data/corr_sacc/padded/JITT40_padded.asc"
"2363",40,9,3,23,1,1643671,1645308,1637,1,1,1,"C:/Data/corr_sacc/padded/JITT40_padded.asc"
"2364",40,56,2,24,1,1652159,1654720,2561,1,0,0,"C:/Data/corr_sacc/padded/JITT40_padded.asc"
"2365",40,8,2,25,1,1693933,1696814,2881,1,1,1,"C:/Data/corr_sacc/padded/JITT40_padded.asc"
"2366",40,29,2,26,1,1776658,1778410,1752,0,0,1,"C:/Data/corr_sacc/padded/JITT40_padded.asc"
"2367",40,40,1,27,1,1785817,1788054,2237,0,0,1,"C:/Data/corr_sacc/padded/JITT40_padded.asc"
"2368",40,4,1,28,1,1808401,1810275,1874,1,1,1,"C:/Data/corr_sacc/padded/JITT40_padded.asc"
"2369",40,32,2,29,1,1819394,1821810,2416,0,0,1,"C:/Data/corr_sacc/padded/JITT40_padded.asc"
"2370",40,14,2,30,1,1840606,1843012,2406,1,1,1,"C:/Data/corr_sacc/padded/JITT40_padded.asc"
"2371",40,44,2,31,1,1848145,1851114,2969,1,1,1,"C:/Data/corr_sacc/padded/JITT40_padded.asc"
"2372",40,30,3,32,1,1877611,1879139,1528,0,0,1,"C:/Data/corr_sacc/padded/JITT40_padded.asc"
"2373",40,17,2,33,1,1885280,1886857,1577,1,1,1,"C:/Data/corr_sacc/padded/JITT40_padded.asc"
"2374",40,57,3,34,1,1907222,1914928,7706,1,1,1,"C:/Data/corr_sacc/padded/JITT40_padded.asc"
"2375",40,41,2,35,1,1949332,1951772,2440,0,0,1,"C:/Data/corr_sacc/padded/JITT40_padded.asc"
"2376",40,7,1,36,1,1957806,1961295,3489,1,1,1,"C:/Data/corr_sacc/padded/JITT40_padded.asc"
"2377",40,19,1,37,1,1981603,1984436,2833,1,1,1,"C:/Data/corr_sacc/padded/JITT40_padded.asc"
"2378",40,26,2,38,1,1989833,1992339,2506,0,0,1,"C:/Data/corr_sacc/padded/JITT40_padded.asc"
"2379",40,39,3,39,1,2001001,2002933,1932,0,0,1,"C:/Data/corr_sacc/padded/JITT40_padded.asc"
"2380",40,12,3,40,1,2038212,2040551,2339,1,1,1,"C:/Data/corr_sacc/padded/JITT40_padded.asc"
"2381",40,37,1,41,1,2044740,2046553,1813,0,0,1,"C:/Data/corr_sacc/padded/JITT40_padded.asc"
"2382",40,50,2,42,1,2052583,2055477,2894,1,1,1,"C:/Data/corr_sacc/padded/JITT40_padded.asc"
"2383",40,35,2,43,1,2244712,2246574,1862,0,0,1,"C:/Data/corr_sacc/padded/JITT40_padded.asc"
"2384",40,38,2,44,1,2264177,2266245,2068,0,0,1,"C:/Data/corr_sacc/padded/JITT40_padded.asc"
"2385",40,58,1,45,1,2270411,2272494,2083,0,0,1,"C:/Data/corr_sacc/padded/JITT40_padded.asc"
"2386",40,25,1,46,1,2279574,2282921,3347,0,0,1,"C:/Data/corr_sacc/padded/JITT40_padded.asc"
"2387",40,45,3,47,1,2288655,2290855,2200,0,0,1,"C:/Data/corr_sacc/padded/JITT40_padded.asc"
"2388",40,20,2,48,1,2342544,2344840,2296,1,1,1,"C:/Data/corr_sacc/padded/JITT40_padded.asc"
"2389",40,10,1,49,1,2361818,2363856,2038,1,1,1,"C:/Data/corr_sacc/padded/JITT40_padded.asc"
"2390",40,3,3,50,1,2431842,2434375,2533,1,1,1,"C:/Data/corr_sacc/padded/JITT40_padded.asc"
"2391",40,31,1,51,1,2444098,2445465,1367,0,0,1,"C:/Data/corr_sacc/padded/JITT40_padded.asc"
"2392",40,42,3,52,1,2462303,2465752,3449,1,1,1,"C:/Data/corr_sacc/padded/JITT40_padded.asc"
"2393",40,28,1,53,1,2472350,2475001,2651,0,0,1,"C:/Data/corr_sacc/padded/JITT40_padded.asc"
"2394",40,52,1,54,1,2484236,2486032,1796,1,1,1,"C:/Data/corr_sacc/padded/JITT40_padded.asc"
"2395",40,18,3,55,1,2512643,2514866,2223,1,1,1,"C:/Data/corr_sacc/padded/JITT40_padded.asc"
"2396",40,54,3,56,1,2520418,2522608,2190,1,1,1,"C:/Data/corr_sacc/padded/JITT40_padded.asc"
"2397",40,59,2,57,1,2548924,2550690,1766,0,0,1,"C:/Data/corr_sacc/padded/JITT40_padded.asc"
"2398",40,49,1,58,1,2570962,2573328,2366,0,0,1,"C:/Data/corr_sacc/padded/JITT40_padded.asc"
"2399",40,23,2,59,1,2580314,2581925,1611,0,0,1,"C:/Data/corr_sacc/padded/JITT40_padded.asc"
"2400",40,13,1,60,1,2603509,2605816,2307,1,1,1,"C:/Data/corr_sacc/padded/JITT40_padded.asc"
"2401",41,40,3,1,1,1638105,1640800,2695,0,0,1,"C:/Data/corr_sacc/padded/JITT42_padded.asc"
"2402",41,57,2,2,1,1659226,1667579,8353,1,0,0,"C:/Data/corr_sacc/padded/JITT42_padded.asc"
"2403",41,6,2,3,1,1695475,1697463,1988,1,1,1,"C:/Data/corr_sacc/padded/JITT42_padded.asc"
"2404",41,3,2,4,1,1753252,1755747,2495,1,1,1,"C:/Data/corr_sacc/padded/JITT42_padded.asc"
"2405",41,4,3,5,1,1783110,1786185,3075,1,1,1,"C:/Data/corr_sacc/padded/JITT42_padded.asc"
"2406",41,50,1,6,1,1880235,1882514,2279,1,1,1,"C:/Data/corr_sacc/padded/JITT42_padded.asc"
"2407",41,28,3,7,1,1956129,1958264,2135,0,0,1,"C:/Data/corr_sacc/padded/JITT42_padded.asc"
"2408",41,34,3,8,1,1979831,1983228,3397,0,0,1,"C:/Data/corr_sacc/padded/JITT42_padded.asc"
"2409",41,47,1,9,1,1998955,2001628,2673,0,0,1,"C:/Data/corr_sacc/padded/JITT42_padded.asc"
"2410",41,1,3,10,1,2156359,2160824,4465,1,1,1,"C:/Data/corr_sacc/padded/JITT42_padded.asc"
"2411",41,31,3,11,1,2220446,2222989,2543,0,0,1,"C:/Data/corr_sacc/padded/JITT42_padded.asc"
"2412",41,26,1,12,1,2229084,2231560,2476,0,0,1,"C:/Data/corr_sacc/padded/JITT42_padded.asc"
"2413",41,14,1,13,1,2529595,2531782,2187,1,1,1,"C:/Data/corr_sacc/padded/JITT42_padded.asc"
"2414",41,54,2,14,1,2542687,2544711,2024,1,1,1,"C:/Data/corr_sacc/padded/JITT42_padded.asc"
"2415",41,7,3,15,1,2564704,2568145,3441,1,1,1,"C:/Data/corr_sacc/padded/JITT42_padded.asc"
"2416",41,55,3,16,1,2584554,2587710,3156,1,0,0,"C:/Data/corr_sacc/padded/JITT42_padded.asc"
"2417",41,37,3,17,1,2607798,2610328,2530,0,0,1,"C:/Data/corr_sacc/padded/JITT42_padded.asc"
"2418",41,41,1,18,1,2617415,2619734,2319,0,0,1,"C:/Data/corr_sacc/padded/JITT42_padded.asc"
"2419",41,45,2,19,1,2660718,2663623,2905,0,0,1,"C:/Data/corr_sacc/padded/JITT42_padded.asc"
"2420",41,36,2,20,1,2682229,2684948,2719,0,0,1,"C:/Data/corr_sacc/padded/JITT42_padded.asc"
"2421",41,2,1,21,1,2737845,2740473,2628,1,0,0,"C:/Data/corr_sacc/padded/JITT42_padded.asc"
"2422",41,43,3,22,1,2782097,2785842,3745,0,0,1,"C:/Data/corr_sacc/padded/JITT42_padded.asc"
"2423",41,18,2,23,1,2835352,2838834,3482,1,1,1,"C:/Data/corr_sacc/padded/JITT42_padded.asc"
"2424",41,15,2,24,1,2851118,2853732,2614,1,1,1,"C:/Data/corr_sacc/padded/JITT42_padded.asc"
"2425",41,25,3,25,1,2882320,2886099,3779,0,0,1,"C:/Data/corr_sacc/padded/JITT42_padded.asc"
"2426",41,44,1,26,1,2895799,2898706,2907,1,1,1,"C:/Data/corr_sacc/padded/JITT42_padded.asc"
"2427",41,42,2,27,1,2917114,2919010,1896,1,1,1,"C:/Data/corr_sacc/padded/JITT42_padded.asc"
"2428",41,30,2,28,1,2943800,2946384,2584,0,0,1,"C:/Data/corr_sacc/padded/JITT42_padded.asc"
"2429",41,12,2,29,1,2960839,2963335,2496,1,1,1,"C:/Data/corr_sacc/padded/JITT42_padded.asc"
"2430",41,49,3,30,1,3044003,3046507,2504,0,0,1,"C:/Data/corr_sacc/padded/JITT42_padded.asc"
"2431",41,29,1,31,1,3085718,3087845,2127,0,0,1,"C:/Data/corr_sacc/padded/JITT42_padded.asc"
"2432",41,8,1,32,1,3108661,3110668,2007,1,1,1,"C:/Data/corr_sacc/padded/JITT42_padded.asc"
"2433",41,53,1,33,1,3120617,3122719,2102,0,0,1,"C:/Data/corr_sacc/padded/JITT42_padded.asc"
"2434",41,22,3,34,1,3149624,3152275,2651,0,0,1,"C:/Data/corr_sacc/padded/JITT42_padded.asc"
"2435",41,11,1,35,1,3324002,3327159,3157,1,1,1,"C:/Data/corr_sacc/padded/JITT42_padded.asc"
"2436",41,27,2,36,1,3336104,3338494,2390,0,0,1,"C:/Data/corr_sacc/padded/JITT42_padded.asc"
"2437",41,38,1,37,1,3346498,3349927,3429,0,0,1,"C:/Data/corr_sacc/padded/JITT42_padded.asc"
"2438",41,17,1,38,1,3357183,3359053,1870,1,1,1,"C:/Data/corr_sacc/padded/JITT42_padded.asc"
"2439",41,60,2,39,1,3374382,3376446,2064,0,0,1,"C:/Data/corr_sacc/padded/JITT42_padded.asc"
"2440",41,9,2,40,1,3406021,3408270,2249,1,1,1,"C:/Data/corr_sacc/padded/JITT42_padded.asc"
"2441",41,46,3,41,1,3420988,3423456,2468,1,1,1,"C:/Data/corr_sacc/padded/JITT42_padded.asc"
"2442",41,23,1,42,1,3442199,3444361,2162,0,0,1,"C:/Data/corr_sacc/padded/JITT42_padded.asc"
"2443",41,19,3,43,1,3455457,3457700,2243,1,1,1,"C:/Data/corr_sacc/padded/JITT42_padded.asc"
"2444",41,24,2,44,1,3475043,3476823,1780,0,0,1,"C:/Data/corr_sacc/padded/JITT42_padded.asc"
"2445",41,48,2,45,1,3494157,3496543,2386,1,1,1,"C:/Data/corr_sacc/padded/JITT42_padded.asc"
"2446",41,16,3,46,1,3507901,3511841,3940,1,1,1,"C:/Data/corr_sacc/padded/JITT42_padded.asc"
"2447",41,20,1,47,1,3552675,3554447,1772,1,1,1,"C:/Data/corr_sacc/padded/JITT42_padded.asc"
"2448",41,10,3,48,1,3573391,3576097,2706,1,1,1,"C:/Data/corr_sacc/padded/JITT42_padded.asc"
"2449",41,51,2,49,1,3589864,3592418,2554,0,0,1,"C:/Data/corr_sacc/padded/JITT42_padded.asc"
"2450",41,35,1,50,1,3626847,3630341,3494,0,0,1,"C:/Data/corr_sacc/padded/JITT42_padded.asc"
"2451",41,21,2,51,1,3638313,3640360,2047,0,0,1,"C:/Data/corr_sacc/padded/JITT42_padded.asc"
"2452",41,33,2,52,1,3692014,3693954,1940,0,0,1,"C:/Data/corr_sacc/padded/JITT42_padded.asc"
"2453",41,39,2,53,1,3733465,3735755,2290,0,0,1,"C:/Data/corr_sacc/padded/JITT42_padded.asc"
"2454",41,58,3,54,1,3783033,3785019,1986,0,0,1,"C:/Data/corr_sacc/padded/JITT42_padded.asc"
"2455",41,5,1,55,1,3794305,3796603,2298,1,1,1,"C:/Data/corr_sacc/padded/JITT42_padded.asc"
"2456",41,56,1,56,1,3838044,3842283,4239,1,0,0,"C:/Data/corr_sacc/padded/JITT42_padded.asc"
"2457",41,13,3,57,1,3854030,3856051,2021,1,1,1,"C:/Data/corr_sacc/padded/JITT42_padded.asc"
"2458",41,52,3,58,1,3880199,3883032,2833,1,1,1,"C:/Data/corr_sacc/padded/JITT42_padded.asc"
"2459",41,32,1,59,1,3911072,3913752,2680,0,0,1,"C:/Data/corr_sacc/padded/JITT42_padded.asc"
"2460",41,59,1,60,1,3920091,3921773,1682,0,0,1,"C:/Data/corr_sacc/padded/JITT42_padded.asc"
"2461",42,14,2,1,1,6705725,6707529,1804,1,1,1,"C:/Data/corr_sacc/padded/JITT43_padded.asc"
"2462",42,55,1,2,1,6714670,6717138,2468,1,0,0,"C:/Data/corr_sacc/padded/JITT43_padded.asc"
"2463",42,5,2,3,1,6736609,6738873,2264,1,0,0,"C:/Data/corr_sacc/padded/JITT43_padded.asc"
"2464",42,28,1,4,1,6778524,6782651,4127,0,1,0,"C:/Data/corr_sacc/padded/JITT43_padded.asc"
"2465",42,53,2,5,1,6794519,6796726,2207,0,0,1,"C:/Data/corr_sacc/padded/JITT43_padded.asc"
"2466",42,33,3,6,1,6813049,6815114,2065,0,0,1,"C:/Data/corr_sacc/padded/JITT43_padded.asc"
"2467",42,41,2,7,1,6855842,6858162,2320,0,0,1,"C:/Data/corr_sacc/padded/JITT43_padded.asc"
"2468",42,31,1,8,1,6878904,6882162,3258,0,0,1,"C:/Data/corr_sacc/padded/JITT43_padded.asc"
"2469",42,35,2,9,1,6903733,6906306,2573,0,0,1,"C:/Data/corr_sacc/padded/JITT43_padded.asc"
"2470",42,26,2,10,1,6951911,6953514,1603,0,0,1,"C:/Data/corr_sacc/padded/JITT43_padded.asc"
"2471",42,4,1,11,1,6960101,6963110,3009,1,1,1,"C:/Data/corr_sacc/padded/JITT43_padded.asc"
"2472",42,34,1,12,1,6993596,6996003,2407,0,0,1,"C:/Data/corr_sacc/padded/JITT43_padded.asc"
"2473",42,25,1,13,1,7009904,7012504,2600,0,0,1,"C:/Data/corr_sacc/padded/JITT43_padded.asc"
"2474",42,11,2,14,1,7032741,7034687,1946,1,1,1,"C:/Data/corr_sacc/padded/JITT43_padded.asc"
"2475",42,12,3,15,1,7048309,7051307,2998,1,0,0,"C:/Data/corr_sacc/padded/JITT43_padded.asc"
"2476",42,42,3,16,1,7224505,7226908,2403,1,1,1,"C:/Data/corr_sacc/padded/JITT43_padded.asc"
"2477",42,8,2,17,1,7274856,7277650,2794,1,1,1,"C:/Data/corr_sacc/padded/JITT43_padded.asc"
"2478",42,52,1,18,1,7304915,7308134,3219,1,1,1,"C:/Data/corr_sacc/padded/JITT43_padded.asc"
"2479",42,30,3,19,1,7331284,7334327,3043,0,1,0,"C:/Data/corr_sacc/padded/JITT43_padded.asc"
"2480",42,43,1,20,1,7363309,7365989,2680,0,0,1,"C:/Data/corr_sacc/padded/JITT43_padded.asc"
"2481",42,16,1,21,1,7380547,7383303,2756,1,1,1,"C:/Data/corr_sacc/padded/JITT43_padded.asc"
"2482",42,10,1,22,1,7390347,7392822,2475,1,1,1,"C:/Data/corr_sacc/padded/JITT43_padded.asc"
"2483",42,24,3,23,1,7399666,7403116,3450,0,1,0,"C:/Data/corr_sacc/padded/JITT43_padded.asc"
"2484",42,18,3,24,1,7410478,7412369,1891,1,0,0,"C:/Data/corr_sacc/padded/JITT43_padded.asc"
"2485",42,9,3,25,1,7419436,7421886,2450,1,0,0,"C:/Data/corr_sacc/padded/JITT43_padded.asc"
"2486",42,6,3,26,1,7429448,7431752,2304,1,1,1,"C:/Data/corr_sacc/padded/JITT43_padded.asc"
"2487",42,19,1,27,1,7469630,7471545,1915,1,1,1,"C:/Data/corr_sacc/padded/JITT43_padded.asc"
"2488",42,1,1,28,1,7479116,7481528,2412,1,1,1,"C:/Data/corr_sacc/padded/JITT43_padded.asc"
"2489",42,37,1,29,1,7505908,7508816,2908,0,1,0,"C:/Data/corr_sacc/padded/JITT43_padded.asc"
"2490",42,48,3,30,1,7516268,7518280,2012,1,1,1,"C:/Data/corr_sacc/padded/JITT43_padded.asc"
"2491",42,7,1,31,1,7550729,7553242,2513,1,1,1,"C:/Data/corr_sacc/padded/JITT43_padded.asc"
"2492",42,60,3,32,1,7559617,7562011,2394,0,1,0,"C:/Data/corr_sacc/padded/JITT43_padded.asc"
"2493",42,21,3,33,1,7570652,7573052,2400,0,0,1,"C:/Data/corr_sacc/padded/JITT43_padded.asc"
"2494",42,58,1,34,1,7579511,7582962,3451,0,0,1,"C:/Data/corr_sacc/padded/JITT43_padded.asc"
"2495",42,49,1,35,1,7599709,7602649,2940,0,1,0,"C:/Data/corr_sacc/padded/JITT43_padded.asc"
"2496",42,46,1,36,1,7608887,7611921,3034,1,1,1,"C:/Data/corr_sacc/padded/JITT43_padded.asc"
"2497",42,3,3,37,1,7636993,7639465,2472,1,1,1,"C:/Data/corr_sacc/padded/JITT43_padded.asc"
"2498",42,56,2,38,1,7652029,7654793,2764,1,0,0,"C:/Data/corr_sacc/padded/JITT43_padded.asc"
"2499",42,22,1,39,1,7771741,7774723,2982,0,0,1,"C:/Data/corr_sacc/padded/JITT43_padded.asc"
"2500",42,57,3,40,1,7786934,7789508,2574,1,0,0,"C:/Data/corr_sacc/padded/JITT43_padded.asc"
"2501",42,27,3,41,1,7795293,7797131,1838,0,0,1,"C:/Data/corr_sacc/padded/JITT43_padded.asc"
"2502",42,54,3,42,1,7809905,7812099,2194,1,1,1,"C:/Data/corr_sacc/padded/JITT43_padded.asc"
"2503",42,36,3,43,1,7830692,7832540,1848,0,0,1,"C:/Data/corr_sacc/padded/JITT43_padded.asc"
"2504",42,29,2,44,1,7844608,7846785,2177,0,1,0,"C:/Data/corr_sacc/padded/JITT43_padded.asc"
"2505",42,40,1,45,1,7852894,7854851,1957,0,0,1,"C:/Data/corr_sacc/padded/JITT43_padded.asc"
"2506",42,17,2,46,1,7920464,7923988,3524,1,1,1,"C:/Data/corr_sacc/padded/JITT43_padded.asc"
"2507",42,23,2,47,1,7931519,7934003,2484,0,0,1,"C:/Data/corr_sacc/padded/JITT43_padded.asc"
"2508",42,15,3,48,1,7945259,7948003,2744,1,1,1,"C:/Data/corr_sacc/padded/JITT43_padded.asc"
"2509",42,13,1,49,1,7954533,7956868,2335,1,0,0,"C:/Data/corr_sacc/padded/JITT43_padded.asc"
"2510",42,2,2,50,1,7990767,7992941,2174,1,1,1,"C:/Data/corr_sacc/padded/JITT43_padded.asc"
"2511",42,44,2,51,1,8030086,8032951,2865,1,1,1,"C:/Data/corr_sacc/padded/JITT43_padded.asc"
"2512",42,38,2,52,1,8040471,8042790,2319,0,1,0,"C:/Data/corr_sacc/padded/JITT43_padded.asc"
"2513",42,20,2,53,1,8095522,8098015,2493,1,0,0,"C:/Data/corr_sacc/padded/JITT43_padded.asc"
"2514",42,59,2,54,1,8114070,8117049,2979,0,0,1,"C:/Data/corr_sacc/padded/JITT43_padded.asc"
"2515",42,50,2,55,1,8156874,8160974,4100,1,1,1,"C:/Data/corr_sacc/padded/JITT43_padded.asc"
"2516",42,45,3,56,1,8172247,8174806,2559,0,0,1,"C:/Data/corr_sacc/padded/JITT43_padded.asc"
"2517",42,51,3,57,1,8191094,8194229,3135,0,0,1,"C:/Data/corr_sacc/padded/JITT43_padded.asc"
"2518",42,39,3,58,1,8199470,8201381,1911,0,0,1,"C:/Data/corr_sacc/padded/JITT43_padded.asc"
"2519",42,47,2,59,1,8208003,8211318,3315,0,0,1,"C:/Data/corr_sacc/padded/JITT43_padded.asc"
"2520",42,32,2,60,1,8218221,8220651,2430,0,0,1,"C:/Data/corr_sacc/padded/JITT43_padded.asc"
"2521",43,46,2,1,1,302059,303722,1663,1,1,1,"C:/Data/corr_sacc/padded/JITT44_padded.asc"
"2522",43,50,3,2,1,312558,314387,1829,1,1,1,"C:/Data/corr_sacc/padded/JITT44_padded.asc"
"2523",43,57,1,3,1,327971,330507,2536,1,0,0,"C:/Data/corr_sacc/padded/JITT44_padded.asc"
"2524",43,8,3,4,1,347155,348956,1801,1,1,1,"C:/Data/corr_sacc/padded/JITT44_padded.asc"
"2525",43,58,2,5,1,384679,386590,1911,0,0,1,"C:/Data/corr_sacc/padded/JITT44_padded.asc"
"2526",43,7,2,6,1,416299,418021,1722,1,1,1,"C:/Data/corr_sacc/padded/JITT44_padded.asc"
"2527",43,26,3,7,1,439448,441044,1596,0,0,1,"C:/Data/corr_sacc/padded/JITT44_padded.asc"
"2528",43,13,2,8,1,455523,457041,1518,1,1,1,"C:/Data/corr_sacc/padded/JITT44_padded.asc"
"2529",43,43,2,9,1,481244,482741,1497,0,0,1,"C:/Data/corr_sacc/padded/JITT44_padded.asc"
"2530",43,41,3,10,1,540713,542088,1375,0,0,1,"C:/Data/corr_sacc/padded/JITT44_padded.asc"
"2531",43,40,2,11,1,576534,578117,1583,0,0,1,"C:/Data/corr_sacc/padded/JITT44_padded.asc"
"2532",43,33,1,12,1,627097,628483,1386,0,0,1,"C:/Data/corr_sacc/padded/JITT44_padded.asc"
"2533",43,60,1,13,1,638665,640528,1863,0,0,1,"C:/Data/corr_sacc/padded/JITT44_padded.asc"
"2534",43,49,2,14,1,653289,655772,2483,0,0,1,"C:/Data/corr_sacc/padded/JITT44_padded.asc"
"2535",43,45,1,15,1,702812,704638,1826,0,0,1,"C:/Data/corr_sacc/padded/JITT44_padded.asc"
"2536",43,21,1,16,1,741012,742576,1564,0,0,1,"C:/Data/corr_sacc/padded/JITT44_padded.asc"
"2537",43,14,3,17,1,850650,852196,1546,1,1,1,"C:/Data/corr_sacc/padded/JITT44_padded.asc"
"2538",43,23,3,18,1,904893,906559,1666,0,0,1,"C:/Data/corr_sacc/padded/JITT44_padded.asc"
"2539",43,22,2,19,1,937269,939314,2045,0,0,1,"C:/Data/corr_sacc/padded/JITT44_padded.asc"
"2540",43,11,3,20,1,953673,955920,2247,1,1,1,"C:/Data/corr_sacc/padded/JITT44_padded.asc"
"2541",43,55,2,21,1,962050,963573,1523,1,0,0,"C:/Data/corr_sacc/padded/JITT44_padded.asc"
"2542",43,4,2,22,1,970668,972623,1955,1,1,1,"C:/Data/corr_sacc/padded/JITT44_padded.asc"
"2543",43,27,1,23,1,999904,1001905,2001,0,0,1,"C:/Data/corr_sacc/padded/JITT44_padded.asc"
"2544",43,44,3,24,1,1051923,1054400,2477,1,1,1,"C:/Data/corr_sacc/padded/JITT44_padded.asc"
"2545",43,9,1,25,1,1100076,1101468,1392,1,1,1,"C:/Data/corr_sacc/padded/JITT44_padded.asc"
"2546",43,56,3,26,1,1141530,1157554,16024,1,1,1,"C:/Data/corr_sacc/padded/JITT44_padded.asc"
"2547",43,19,2,27,1,1245888,1247347,1459,1,1,1,"C:/Data/corr_sacc/padded/JITT44_padded.asc"
"2548",43,18,1,28,1,1258311,1259953,1642,1,1,1,"C:/Data/corr_sacc/padded/JITT44_padded.asc"
"2549",43,52,2,29,1,1267776,1269394,1618,1,1,1,"C:/Data/corr_sacc/padded/JITT44_padded.asc"
"2550",43,54,1,30,1,1301203,1302858,1655,1,1,1,"C:/Data/corr_sacc/padded/JITT44_padded.asc"
"2551",43,29,3,31,1,1328507,1329875,1368,0,0,1,"C:/Data/corr_sacc/padded/JITT44_padded.asc"
"2552",43,39,1,32,1,1335390,1336812,1422,0,0,1,"C:/Data/corr_sacc/padded/JITT44_padded.asc"
"2553",43,53,3,33,1,1344318,1345892,1574,0,0,1,"C:/Data/corr_sacc/padded/JITT44_padded.asc"
"2554",43,42,1,34,1,1477385,1478786,1401,1,1,1,"C:/Data/corr_sacc/padded/JITT44_padded.asc"
"2555",43,47,3,35,1,1490283,1492885,2602,0,0,1,"C:/Data/corr_sacc/padded/JITT44_padded.asc"
"2556",43,3,1,36,1,1504883,1507004,2121,1,1,1,"C:/Data/corr_sacc/padded/JITT44_padded.asc"
"2557",43,48,1,37,1,1523431,1526070,2639,1,1,1,"C:/Data/corr_sacc/padded/JITT44_padded.asc"
"2558",43,35,3,38,1,1538059,1539636,1577,0,0,1,"C:/Data/corr_sacc/padded/JITT44_padded.asc"
"2559",43,25,2,39,1,1553039,1554558,1519,0,0,1,"C:/Data/corr_sacc/padded/JITT44_padded.asc"
"2560",43,12,1,40,1,1588026,1590592,2566,1,1,1,"C:/Data/corr_sacc/padded/JITT44_padded.asc"
"2561",43,20,3,41,1,1606388,1608589,2201,1,1,1,"C:/Data/corr_sacc/padded/JITT44_padded.asc"
"2562",43,6,1,42,1,1623234,1625274,2040,1,1,1,"C:/Data/corr_sacc/padded/JITT44_padded.asc"
"2563",43,17,3,43,1,1631354,1633112,1758,1,1,1,"C:/Data/corr_sacc/padded/JITT44_padded.asc"
"2564",43,1,2,44,1,1710394,1713314,2920,1,1,1,"C:/Data/corr_sacc/padded/JITT44_padded.asc"
"2565",43,37,2,45,1,1721435,1722928,1493,0,0,1,"C:/Data/corr_sacc/padded/JITT44_padded.asc"
"2566",43,24,1,46,1,1730982,1732639,1657,0,0,1,"C:/Data/corr_sacc/padded/JITT44_padded.asc"
"2567",43,28,2,47,1,1756828,1758367,1539,0,0,1,"C:/Data/corr_sacc/padded/JITT44_padded.asc"
"2568",43,30,1,48,1,1765179,1767048,1869,0,0,1,"C:/Data/corr_sacc/padded/JITT44_padded.asc"
"2569",43,5,3,49,1,1789956,1792175,2219,1,1,1,"C:/Data/corr_sacc/padded/JITT44_padded.asc"
"2570",43,15,1,50,1,1801038,1802766,1728,1,1,1,"C:/Data/corr_sacc/padded/JITT44_padded.asc"
"2571",43,59,3,51,1,1811709,1813089,1380,0,0,1,"C:/Data/corr_sacc/padded/JITT44_padded.asc"
"2572",43,10,2,52,1,1845596,1847378,1782,1,1,1,"C:/Data/corr_sacc/padded/JITT44_padded.asc"
"2573",43,2,3,53,1,1853280,1854704,1424,1,1,1,"C:/Data/corr_sacc/padded/JITT44_padded.asc"
"2574",43,32,3,54,1,1876580,1878203,1623,0,0,1,"C:/Data/corr_sacc/padded/JITT44_padded.asc"
"2575",43,16,2,55,1,1890361,1892497,2136,1,1,1,"C:/Data/corr_sacc/padded/JITT44_padded.asc"
"2576",43,31,2,56,1,1904799,1906168,1369,0,0,1,"C:/Data/corr_sacc/padded/JITT44_padded.asc"
"2577",43,34,2,57,1,1914486,1915854,1368,0,0,1,"C:/Data/corr_sacc/padded/JITT44_padded.asc"
"2578",43,36,1,58,1,1923023,1924393,1370,0,0,1,"C:/Data/corr_sacc/padded/JITT44_padded.asc"
"2579",43,38,3,59,1,1931747,1933898,2151,0,0,1,"C:/Data/corr_sacc/padded/JITT44_padded.asc"
"2580",43,51,1,60,1,1948106,1949625,1519,0,0,1,"C:/Data/corr_sacc/padded/JITT44_padded.asc"
"2581",44,25,3,1,1,5265986,5270651,4665,0,0,1,"C:/Data/corr_sacc/padded/JITT45_padded.asc"
"2582",44,53,1,2,1,5341243,5344526,3283,0,0,1,"C:/Data/corr_sacc/padded/JITT45_padded.asc"
"2583",44,21,2,3,1,5395348,5399013,3665,0,0,1,"C:/Data/corr_sacc/padded/JITT45_padded.asc"
"2584",44,15,2,4,1,5426298,5428523,2225,1,1,1,"C:/Data/corr_sacc/padded/JITT45_padded.asc"
"2585",44,22,3,5,1,5453835,5456053,2218,0,0,1,"C:/Data/corr_sacc/padded/JITT45_padded.asc"
"2586",44,19,3,6,1,5470437,5473130,2693,1,1,1,"C:/Data/corr_sacc/padded/JITT45_padded.asc"
"2587",44,38,1,7,1,5488229,5490596,2367,0,0,1,"C:/Data/corr_sacc/padded/JITT45_padded.asc"
"2588",44,27,2,8,1,5558837,5561037,2200,0,0,1,"C:/Data/corr_sacc/padded/JITT45_padded.asc"
"2589",44,41,1,9,1,5592321,5596929,4608,0,0,1,"C:/Data/corr_sacc/padded/JITT45_padded.asc"
"2590",44,7,3,10,1,5630532,5634824,4292,1,1,1,"C:/Data/corr_sacc/padded/JITT45_padded.asc"
"2591",44,1,3,11,1,5687421,5692945,5524,1,1,1,"C:/Data/corr_sacc/padded/JITT45_padded.asc"
"2592",44,58,3,12,1,5718404,5721527,3123,0,0,1,"C:/Data/corr_sacc/padded/JITT45_padded.asc"
"2593",44,18,2,13,1,5987768,5995036,7268,1,1,1,"C:/Data/corr_sacc/padded/JITT45_padded.asc"
"2594",44,20,1,14,1,6036234,6039353,3119,1,1,1,"C:/Data/corr_sacc/padded/JITT45_padded.asc"
"2595",44,44,1,15,1,6083622,6088202,4580,1,1,1,"C:/Data/corr_sacc/padded/JITT45_padded.asc"
"2596",44,10,3,16,1,6111114,6115556,4442,1,1,1,"C:/Data/corr_sacc/padded/JITT45_padded.asc"
"2597",44,12,2,17,1,6193752,6196588,2836,1,1,1,"C:/Data/corr_sacc/padded/JITT45_padded.asc"
"2598",44,26,1,18,1,6248748,6252985,4237,0,0,1,"C:/Data/corr_sacc/padded/JITT45_padded.asc"
"2599",44,4,3,19,1,6417353,6424367,7014,1,0,0,"C:/Data/corr_sacc/padded/JITT45_padded.asc"
"2600",44,47,1,20,1,6435509,6450658,15149,0,0,1,"C:/Data/corr_sacc/padded/JITT45_padded.asc"
"2601",44,31,3,21,1,6465539,6468867,3328,0,0,1,"C:/Data/corr_sacc/padded/JITT45_padded.asc"
"2602",44,45,2,22,1,6484919,6489667,4748,0,0,1,"C:/Data/corr_sacc/padded/JITT45_padded.asc"
"2603",44,52,3,23,1,6555105,6558055,2950,1,1,1,"C:/Data/corr_sacc/padded/JITT45_padded.asc"
"2604",44,56,1,24,1,6584821,6590177,5356,1,0,0,"C:/Data/corr_sacc/padded/JITT45_padded.asc"
"2605",44,51,2,25,1,6623412,6626787,3375,0,0,1,"C:/Data/corr_sacc/padded/JITT45_padded.asc"
"2606",44,36,2,26,1,6660382,6664804,4422,0,0,1,"C:/Data/corr_sacc/padded/JITT45_padded.asc"
"2607",44,13,3,27,1,6677266,6681494,4228,1,1,1,"C:/Data/corr_sacc/padded/JITT45_padded.asc"
"2608",44,54,2,28,1,6751112,6758505,7393,1,0,0,"C:/Data/corr_sacc/padded/JITT45_padded.asc"
"2609",44,6,2,29,1,6791742,6795141,3399,1,1,1,"C:/Data/corr_sacc/padded/JITT45_padded.asc"
"2610",44,60,2,30,1,6820557,6823194,2637,0,0,1,"C:/Data/corr_sacc/padded/JITT45_padded.asc"
"2611",44,59,1,31,1,6941523,6944308,2785,0,0,1,"C:/Data/corr_sacc/padded/JITT45_padded.asc"
"2612",44,14,1,32,1,7002433,7005429,2996,1,1,1,"C:/Data/corr_sacc/padded/JITT45_padded.asc"
"2613",44,11,1,33,1,7023782,7033968,10186,1,1,1,"C:/Data/corr_sacc/padded/JITT45_padded.asc"
"2614",44,42,2,34,1,7104736,7107689,2953,1,1,1,"C:/Data/corr_sacc/padded/JITT45_padded.asc"
"2615",44,16,3,35,1,7136004,7139109,3105,1,1,1,"C:/Data/corr_sacc/padded/JITT45_padded.asc"
"2616",44,46,3,36,1,7168245,7171517,3272,1,1,1,"C:/Data/corr_sacc/padded/JITT45_padded.asc"
"2617",44,57,2,37,1,7250809,7255391,4582,1,0,0,"C:/Data/corr_sacc/padded/JITT45_padded.asc"
"2618",44,2,1,38,1,7277174,7284343,7169,1,0,0,"C:/Data/corr_sacc/padded/JITT45_padded.asc"
"2619",44,43,3,39,1,7296209,7298974,2765,0,0,1,"C:/Data/corr_sacc/padded/JITT45_padded.asc"
"2620",44,30,2,40,1,7318993,7323067,4074,0,0,1,"C:/Data/corr_sacc/padded/JITT45_padded.asc"
"2621",44,28,3,41,1,7381096,7385320,4224,0,0,1,"C:/Data/corr_sacc/padded/JITT45_padded.asc"
"2622",44,55,3,42,1,7441813,7443976,2163,1,0,0,"C:/Data/corr_sacc/padded/JITT45_padded.asc"
"2623",44,33,2,43,1,7476324,7478121,1797,0,0,1,"C:/Data/corr_sacc/padded/JITT45_padded.asc"
"2624",44,29,1,44,1,7488266,7490067,1801,0,0,1,"C:/Data/corr_sacc/padded/JITT45_padded.asc"
"2625",44,32,1,45,1,7664435,7667957,3522,0,0,1,"C:/Data/corr_sacc/padded/JITT45_padded.asc"
"2626",44,35,1,46,1,7739596,7741756,2160,0,0,1,"C:/Data/corr_sacc/padded/JITT45_padded.asc"
"2627",44,5,1,47,1,7753903,7756676,2773,1,1,1,"C:/Data/corr_sacc/padded/JITT45_padded.asc"
"2628",44,50,1,48,1,7768770,7775116,6346,1,1,1,"C:/Data/corr_sacc/padded/JITT45_padded.asc"
"2629",44,40,3,49,1,7858395,7860364,1969,0,0,1,"C:/Data/corr_sacc/padded/JITT45_padded.asc"
"2630",44,23,1,50,1,7883900,7886368,2468,0,0,1,"C:/Data/corr_sacc/padded/JITT45_padded.asc"
"2631",44,3,2,51,1,7900040,7911379,11339,1,0,0,"C:/Data/corr_sacc/padded/JITT45_padded.asc"
"2632",44,48,2,52,1,8054992,8058735,3743,1,1,1,"C:/Data/corr_sacc/padded/JITT45_padded.asc"
"2633",44,39,2,53,1,8127914,8130470,2556,0,0,1,"C:/Data/corr_sacc/padded/JITT45_padded.asc"
"2634",44,17,1,54,1,8262052,8264018,1966,1,1,1,"C:/Data/corr_sacc/padded/JITT45_padded.asc"
"2635",44,49,3,55,1,8368899,8372031,3132,0,0,1,"C:/Data/corr_sacc/padded/JITT45_padded.asc"
"2636",44,37,3,56,1,8417575,8420059,2484,0,0,1,"C:/Data/corr_sacc/padded/JITT45_padded.asc"
"2637",44,24,2,57,1,8450683,8453202,2519,0,0,1,"C:/Data/corr_sacc/padded/JITT45_padded.asc"
"2638",44,34,3,58,1,8646782,8650061,3279,0,0,1,"C:/Data/corr_sacc/padded/JITT45_padded.asc"
"2639",44,8,1,59,1,8686162,8690605,4443,1,1,1,"C:/Data/corr_sacc/padded/JITT45_padded.asc"
"2640",44,9,2,60,1,8700961,8704236,3275,1,1,1,"C:/Data/corr_sacc/padded/JITT45_padded.asc"
"2641",45,45,3,1,1,367128,369457,2329,0,0,1,"C:/Data/corr_sacc/padded/JITT46_padded.asc"
"2642",45,32,2,2,1,396305,398257,1952,0,0,1,"C:/Data/corr_sacc/padded/JITT46_padded.asc"
"2643",45,55,1,3,1,413906,417011,3105,1,0,0,"C:/Data/corr_sacc/padded/JITT46_padded.asc"
"2644",45,39,3,4,1,465732,468299,2567,0,0,1,"C:/Data/corr_sacc/padded/JITT46_padded.asc"
"2645",45,30,3,5,1,546546,550067,3521,0,0,1,"C:/Data/corr_sacc/padded/JITT46_padded.asc"
"2646",45,40,1,6,1,584799,586860,2061,0,0,1,"C:/Data/corr_sacc/padded/JITT46_padded.asc"
"2647",45,46,1,7,1,607839,610149,2310,1,1,1,"C:/Data/corr_sacc/padded/JITT46_padded.asc"
"2648",45,16,1,8,1,617266,619751,2485,1,1,1,"C:/Data/corr_sacc/padded/JITT46_padded.asc"
"2649",45,5,2,9,1,645794,648532,2738,1,1,1,"C:/Data/corr_sacc/padded/JITT46_padded.asc"
"2650",45,53,2,10,1,656289,657946,1657,0,0,1,"C:/Data/corr_sacc/padded/JITT46_padded.asc"
"2651",45,47,2,11,1,666677,670379,3702,0,0,1,"C:/Data/corr_sacc/padded/JITT46_padded.asc"
"2652",45,26,2,12,1,699081,702028,2947,0,0,1,"C:/Data/corr_sacc/padded/JITT46_padded.asc"
"2653",45,38,2,13,1,786448,788746,2298,0,0,1,"C:/Data/corr_sacc/padded/JITT46_padded.asc"
"2654",45,4,1,14,1,808664,810963,2299,1,1,1,"C:/Data/corr_sacc/padded/JITT46_padded.asc"
"2655",45,54,3,15,1,828021,830237,2216,1,1,1,"C:/Data/corr_sacc/padded/JITT46_padded.asc"
"2656",45,22,1,16,1,858418,861340,2922,0,0,1,"C:/Data/corr_sacc/padded/JITT46_padded.asc"
"2657",45,6,3,17,1,872561,873964,1403,1,1,1,"C:/Data/corr_sacc/padded/JITT46_padded.asc"
"2658",45,24,3,18,1,902895,904792,1897,0,0,1,"C:/Data/corr_sacc/padded/JITT46_padded.asc"
"2659",45,34,1,19,1,1245527,1247427,1900,0,0,1,"C:/Data/corr_sacc/padded/JITT46_padded.asc"
"2660",45,48,3,20,1,1262259,1264281,2022,1,1,1,"C:/Data/corr_sacc/padded/JITT46_padded.asc"
"2661",45,60,3,21,1,1293666,1295648,1982,0,0,1,"C:/Data/corr_sacc/padded/JITT46_padded.asc"
"2662",45,59,2,22,1,1308197,1309936,1739,0,0,1,"C:/Data/corr_sacc/padded/JITT46_padded.asc"
"2663",45,14,2,23,1,1328988,1330681,1693,1,1,1,"C:/Data/corr_sacc/padded/JITT46_padded.asc"
"2664",45,13,1,24,1,1380802,1384131,3329,1,1,1,"C:/Data/corr_sacc/padded/JITT46_padded.asc"
"2665",45,11,2,25,1,1394540,1399211,4671,1,1,1,"C:/Data/corr_sacc/padded/JITT46_padded.asc"
"2666",45,36,3,26,1,1413916,1416218,2302,0,0,1,"C:/Data/corr_sacc/padded/JITT46_padded.asc"
"2667",45,18,3,27,1,1499204,1501478,2274,1,1,1,"C:/Data/corr_sacc/padded/JITT46_padded.asc"
"2668",45,58,1,28,1,1531192,1533466,2274,0,0,1,"C:/Data/corr_sacc/padded/JITT46_padded.asc"
"2669",45,42,3,29,1,1555685,1559196,3511,1,1,1,"C:/Data/corr_sacc/padded/JITT46_padded.asc"
"2670",45,43,1,30,1,1568536,1570164,1628,0,0,1,"C:/Data/corr_sacc/padded/JITT46_padded.asc"
"2671",45,15,3,31,1,1629829,1632660,2831,1,1,1,"C:/Data/corr_sacc/padded/JITT46_padded.asc"
"2672",45,41,2,32,1,1647254,1649004,1750,0,0,1,"C:/Data/corr_sacc/padded/JITT46_padded.asc"
"2673",45,51,3,33,1,1707190,1711080,3890,0,0,1,"C:/Data/corr_sacc/padded/JITT46_padded.asc"
"2674",45,56,2,34,1,1743748,1747186,3438,1,0,0,"C:/Data/corr_sacc/padded/JITT46_padded.asc"
"2675",45,20,2,35,1,1767157,1768720,1563,1,1,1,"C:/Data/corr_sacc/padded/JITT46_padded.asc"
"2676",45,27,3,36,1,1773328,1774848,1520,0,0,1,"C:/Data/corr_sacc/padded/JITT46_padded.asc"
"2677",45,21,3,37,1,1865175,1867029,1854,0,0,1,"C:/Data/corr_sacc/padded/JITT46_padded.asc"
"2678",45,31,1,38,1,1879323,1880886,1563,0,0,1,"C:/Data/corr_sacc/padded/JITT46_padded.asc"
"2679",45,19,1,39,1,1944186,1946222,2036,1,1,1,"C:/Data/corr_sacc/padded/JITT46_padded.asc"
"2680",45,29,2,40,1,1973693,1975640,1947,0,0,1,"C:/Data/corr_sacc/padded/JITT46_padded.asc"
"2681",45,49,1,41,1,1981585,1983765,2180,0,0,1,"C:/Data/corr_sacc/padded/JITT46_padded.asc"
"2682",45,25,1,42,1,1989520,1991967,2447,0,0,1,"C:/Data/corr_sacc/padded/JITT46_padded.asc"
"2683",45,7,1,43,1,1998790,2001263,2473,1,1,1,"C:/Data/corr_sacc/padded/JITT46_padded.asc"
"2684",45,17,2,44,1,2026831,2028631,1800,1,1,1,"C:/Data/corr_sacc/padded/JITT46_padded.asc"
"2685",45,35,2,45,1,2053807,2055888,2081,0,0,1,"C:/Data/corr_sacc/padded/JITT46_padded.asc"
"2686",45,2,2,46,1,2061835,2063913,2078,1,1,1,"C:/Data/corr_sacc/padded/JITT46_padded.asc"
"2687",45,9,3,47,1,2069439,2071281,1842,1,1,1,"C:/Data/corr_sacc/padded/JITT46_padded.asc"
"2688",45,10,1,48,1,2115691,2117597,1906,1,1,1,"C:/Data/corr_sacc/padded/JITT46_padded.asc"
"2689",45,57,3,49,1,2135535,2142142,6607,1,1,1,"C:/Data/corr_sacc/padded/JITT46_padded.asc"
"2690",45,52,1,50,1,2158945,2161409,2464,1,1,1,"C:/Data/corr_sacc/padded/JITT46_padded.asc"
"2691",45,37,1,51,1,2166740,2168658,1918,0,0,1,"C:/Data/corr_sacc/padded/JITT46_padded.asc"
"2692",45,28,1,52,1,2194500,2196338,1838,0,0,1,"C:/Data/corr_sacc/padded/JITT46_padded.asc"
"2693",45,50,2,53,1,2214907,2217176,2269,1,1,1,"C:/Data/corr_sacc/padded/JITT46_padded.asc"
"2694",45,33,3,54,1,2234330,2235730,1400,0,0,1,"C:/Data/corr_sacc/padded/JITT46_padded.asc"
"2695",45,1,1,55,1,2242408,2244321,1913,1,1,1,"C:/Data/corr_sacc/padded/JITT46_padded.asc"
"2696",45,12,3,56,1,2273211,2275246,2035,1,1,1,"C:/Data/corr_sacc/padded/JITT46_padded.asc"
"2697",45,3,3,57,1,2282291,2284146,1855,1,1,1,"C:/Data/corr_sacc/padded/JITT46_padded.asc"
"2698",45,8,2,58,1,2297121,2299106,1985,1,1,1,"C:/Data/corr_sacc/padded/JITT46_padded.asc"
"2699",45,23,2,59,1,2305035,2308058,3023,0,0,1,"C:/Data/corr_sacc/padded/JITT46_padded.asc"
"2700",45,44,2,60,1,2314602,2317723,3121,1,1,1,"C:/Data/corr_sacc/padded/JITT46_padded.asc"
"2701",46,35,3,1,1,1073764,1077760,3996,0,0,1,"C:/Data/corr_sacc/padded/JITT47_padded.asc"
"2702",46,41,3,2,1,1088680,1091035,2355,0,0,1,"C:/Data/corr_sacc/padded/JITT47_padded.asc"
"2703",46,4,2,3,1,1105915,1110271,4356,1,1,1,"C:/Data/corr_sacc/padded/JITT47_padded.asc"
"2704",46,1,2,4,1,1234304,1245083,10779,1,1,1,"C:/Data/corr_sacc/padded/JITT47_padded.asc"
"2705",46,32,3,5,1,1300170,1305943,5773,0,0,1,"C:/Data/corr_sacc/padded/JITT47_padded.asc"
"2706",46,57,1,6,1,1405967,1412040,6073,1,0,0,"C:/Data/corr_sacc/padded/JITT47_padded.asc"
"2707",46,46,2,7,1,1427165,1431550,4385,1,1,1,"C:/Data/corr_sacc/padded/JITT47_padded.asc"
"2708",46,15,1,8,1,1457402,1461728,4326,1,1,1,"C:/Data/corr_sacc/padded/JITT47_padded.asc"
"2709",46,8,3,9,1,1479424,1482423,2999,1,1,1,"C:/Data/corr_sacc/padded/JITT47_padded.asc"
"2710",46,19,2,10,1,1495198,1498734,3536,1,1,1,"C:/Data/corr_sacc/padded/JITT47_padded.asc"
"2711",46,47,3,11,1,1520306,1527442,7136,0,0,1,"C:/Data/corr_sacc/padded/JITT47_padded.asc"
"2712",46,54,1,12,1,1538052,1540726,2674,1,1,1,"C:/Data/corr_sacc/padded/JITT47_padded.asc"
"2713",46,52,2,13,1,1682953,1687367,4414,1,1,1,"C:/Data/corr_sacc/padded/JITT47_padded.asc"
"2714",46,44,3,14,1,1757054,1764373,7319,1,1,1,"C:/Data/corr_sacc/padded/JITT47_padded.asc"
"2715",46,12,1,15,1,1815300,1818040,2740,1,1,1,"C:/Data/corr_sacc/padded/JITT47_padded.asc"
"2716",46,27,1,16,1,1912010,1914538,2528,0,0,1,"C:/Data/corr_sacc/padded/JITT47_padded.asc"
"2717",46,20,3,17,1,1935440,1937970,2530,1,1,1,"C:/Data/corr_sacc/padded/JITT47_padded.asc"
"2718",46,13,2,18,1,1972420,1974937,2517,1,1,1,"C:/Data/corr_sacc/padded/JITT47_padded.asc"
"2719",46,23,3,19,1,2137548,2139780,2232,0,0,1,"C:/Data/corr_sacc/padded/JITT47_padded.asc"
"2720",46,6,1,20,1,2199096,2202054,2958,1,1,1,"C:/Data/corr_sacc/padded/JITT47_padded.asc"
"2721",46,24,1,21,1,2239370,2242365,2995,0,0,1,"C:/Data/corr_sacc/padded/JITT47_padded.asc"
"2722",46,50,3,22,1,2271216,2277262,6046,1,1,1,"C:/Data/corr_sacc/padded/JITT47_padded.asc"
"2723",46,51,1,23,1,2299980,2302617,2637,0,0,1,"C:/Data/corr_sacc/padded/JITT47_padded.asc"
"2724",46,5,3,24,1,2325983,2328953,2970,1,1,1,"C:/Data/corr_sacc/padded/JITT47_padded.asc"
"2725",46,45,1,25,1,2344295,2349360,5065,0,0,1,"C:/Data/corr_sacc/padded/JITT47_padded.asc"
"2726",46,31,2,26,1,2358841,2361242,2401,0,0,1,"C:/Data/corr_sacc/padded/JITT47_padded.asc"
"2727",46,60,1,27,1,2396402,2399913,3511,0,0,1,"C:/Data/corr_sacc/padded/JITT47_padded.asc"
"2728",46,7,2,28,1,2428693,2433007,4314,1,1,1,"C:/Data/corr_sacc/padded/JITT47_padded.asc"
"2729",46,40,2,29,1,2521061,2526061,5000,0,0,1,"C:/Data/corr_sacc/padded/JITT47_padded.asc"
"2730",46,26,3,30,1,2539449,2540983,1534,0,0,1,"C:/Data/corr_sacc/padded/JITT47_padded.asc"
"2731",46,42,1,31,1,2605597,2608155,2558,1,1,1,"C:/Data/corr_sacc/padded/JITT47_padded.asc"
"2732",46,48,1,32,1,2622947,2625434,2487,1,1,1,"C:/Data/corr_sacc/padded/JITT47_padded.asc"
"2733",46,22,2,33,1,2650511,2653428,2917,0,0,1,"C:/Data/corr_sacc/padded/JITT47_padded.asc"
"2734",46,38,3,34,1,2703545,2706871,3326,0,0,1,"C:/Data/corr_sacc/padded/JITT47_padded.asc"
"2735",46,9,1,35,1,2825182,2828103,2921,1,1,1,"C:/Data/corr_sacc/padded/JITT47_padded.asc"
"2736",46,2,3,36,1,2855645,2859138,3493,1,1,1,"C:/Data/corr_sacc/padded/JITT47_padded.asc"
"2737",46,14,3,37,1,2894345,2896293,1948,1,1,1,"C:/Data/corr_sacc/padded/JITT47_padded.asc"
"2738",46,16,2,38,1,2988329,2993429,5100,1,0,0,"C:/Data/corr_sacc/padded/JITT47_padded.asc"
"2739",46,34,2,39,1,3131712,3141759,10047,0,0,1,"C:/Data/corr_sacc/padded/JITT47_padded.asc"
"2740",46,29,3,40,1,3161446,3164408,2962,0,0,1,"C:/Data/corr_sacc/padded/JITT47_padded.asc"
"2741",46,49,2,41,1,3189161,3192499,3338,0,0,1,"C:/Data/corr_sacc/padded/JITT47_padded.asc"
"2742",46,18,1,42,1,3229935,3234863,4928,1,1,1,"C:/Data/corr_sacc/padded/JITT47_padded.asc"
"2743",46,53,3,43,1,3408160,3411258,3098,0,0,1,"C:/Data/corr_sacc/padded/JITT47_padded.asc"
"2744",46,39,1,44,1,3472167,3475826,3659,0,0,1,"C:/Data/corr_sacc/padded/JITT47_padded.asc"
"2745",46,58,2,45,1,3662360,3665862,3502,0,0,1,"C:/Data/corr_sacc/padded/JITT47_padded.asc"
"2746",46,10,2,46,1,3799640,3804575,4935,1,0,0,"C:/Data/corr_sacc/padded/JITT47_padded.asc"
"2747",46,25,2,47,1,3816835,3819638,2803,0,0,1,"C:/Data/corr_sacc/padded/JITT47_padded.asc"
"2748",46,33,1,48,1,3850200,3852814,2614,0,0,1,"C:/Data/corr_sacc/padded/JITT47_padded.asc"
"2749",46,37,2,49,1,3899728,3903654,3926,0,0,1,"C:/Data/corr_sacc/padded/JITT47_padded.asc"
"2750",46,43,2,50,1,3939829,3942047,2218,0,0,1,"C:/Data/corr_sacc/padded/JITT47_padded.asc"
"2751",46,55,2,51,1,3973472,3975718,2246,1,0,0,"C:/Data/corr_sacc/padded/JITT47_padded.asc"
"2752",46,3,1,52,1,4047905,4050671,2766,1,1,1,"C:/Data/corr_sacc/padded/JITT47_padded.asc"
"2753",46,11,3,53,1,4062109,4065082,2973,1,1,1,"C:/Data/corr_sacc/padded/JITT47_padded.asc"
"2754",46,36,1,54,1,4184010,4191113,7103,0,0,1,"C:/Data/corr_sacc/padded/JITT47_padded.asc"
"2755",46,59,3,55,1,4209262,4211829,2567,0,0,1,"C:/Data/corr_sacc/padded/JITT47_padded.asc"
"2756",46,21,1,56,1,4229144,4237954,8810,0,0,1,"C:/Data/corr_sacc/padded/JITT47_padded.asc"
"2757",46,28,2,57,1,4248807,4251810,3003,0,0,1,"C:/Data/corr_sacc/padded/JITT47_padded.asc"
"2758",46,17,3,58,1,4304263,4306531,2268,1,1,1,"C:/Data/corr_sacc/padded/JITT47_padded.asc"
"2759",46,56,3,59,1,4322694,4325079,2385,1,0,0,"C:/Data/corr_sacc/padded/JITT47_padded.asc"
"2760",46,30,1,60,1,4356981,4360087,3106,0,0,1,"C:/Data/corr_sacc/padded/JITT47_padded.asc"
"2761",47,6,2,1,1,4761344,4763671,2327,1,1,1,"C:/Data/corr_sacc/padded/JITT48_padded.asc"
"2762",47,54,2,2,1,4803219,4806319,3100,1,1,1,"C:/Data/corr_sacc/padded/JITT48_padded.asc"
"2763",47,35,1,3,1,4921000,4923346,2346,0,0,1,"C:/Data/corr_sacc/padded/JITT48_padded.asc"
"2764",47,22,3,4,1,4932333,4936929,4596,0,0,1,"C:/Data/corr_sacc/padded/JITT48_padded.asc"
"2765",47,48,2,5,1,5029457,5034787,5330,1,1,1,"C:/Data/corr_sacc/padded/JITT48_padded.asc"
"2766",47,49,3,6,1,5138925,5142596,3671,0,0,1,"C:/Data/corr_sacc/padded/JITT48_padded.asc"
"2767",47,20,1,7,1,5153272,5154888,1616,1,1,1,"C:/Data/corr_sacc/padded/JITT48_padded.asc"
"2768",47,27,2,8,1,5219210,5221139,1929,0,0,1,"C:/Data/corr_sacc/padded/JITT48_padded.asc"
"2769",47,21,2,9,1,5231284,5239153,7869,0,1,0,"C:/Data/corr_sacc/padded/JITT48_padded.asc"
"2770",47,57,2,10,1,5261881,5267393,5512,1,1,1,"C:/Data/corr_sacc/padded/JITT48_padded.asc"
"2771",47,15,2,11,1,5301286,5303124,1838,1,1,1,"C:/Data/corr_sacc/padded/JITT48_padded.asc"
"2772",47,51,2,12,1,5311066,5314207,3141,0,0,1,"C:/Data/corr_sacc/padded/JITT48_padded.asc"
"2773",47,41,1,13,1,5323299,5324860,1561,0,0,1,"C:/Data/corr_sacc/padded/JITT48_padded.asc"
"2774",47,56,1,14,1,5359275,5363606,4331,1,0,0,"C:/Data/corr_sacc/padded/JITT48_padded.asc"
"2775",47,47,1,15,1,5407388,5409454,2066,0,0,1,"C:/Data/corr_sacc/padded/JITT48_padded.asc"
"2776",47,2,1,16,1,5469088,5471902,2814,1,1,1,"C:/Data/corr_sacc/padded/JITT48_padded.asc"
"2777",47,23,1,17,1,5481460,5486188,4728,0,0,1,"C:/Data/corr_sacc/padded/JITT48_padded.asc"
"2778",47,24,2,18,1,5497976,5500182,2206,0,0,1,"C:/Data/corr_sacc/padded/JITT48_padded.asc"
"2779",47,28,3,19,1,5511150,5513205,2055,0,0,1,"C:/Data/corr_sacc/padded/JITT48_padded.asc"
"2780",47,29,1,20,1,5606921,5608735,1814,0,0,1,"C:/Data/corr_sacc/padded/JITT48_padded.asc"
"2781",47,30,2,21,1,5641488,5644153,2665,0,0,1,"C:/Data/corr_sacc/padded/JITT48_padded.asc"
"2782",47,40,3,22,1,5690212,5691751,1539,0,0,1,"C:/Data/corr_sacc/padded/JITT48_padded.asc"
"2783",47,43,3,23,1,5710295,5712457,2162,0,0,1,"C:/Data/corr_sacc/padded/JITT48_padded.asc"
"2784",47,52,3,24,1,5722279,5725017,2738,1,1,1,"C:/Data/corr_sacc/padded/JITT48_padded.asc"
"2785",47,1,3,25,1,5737834,5740302,2468,1,1,1,"C:/Data/corr_sacc/padded/JITT48_padded.asc"
"2786",47,19,3,26,1,5752961,5761017,8056,1,0,0,"C:/Data/corr_sacc/padded/JITT48_padded.asc"
"2787",47,55,3,27,1,5811768,5813623,1855,1,0,0,"C:/Data/corr_sacc/padded/JITT48_padded.asc"
"2788",47,5,1,28,1,5826177,5828149,1972,1,1,1,"C:/Data/corr_sacc/padded/JITT48_padded.asc"
"2789",47,11,1,29,1,5885799,5888127,2328,1,1,1,"C:/Data/corr_sacc/padded/JITT48_padded.asc"
"2790",47,37,3,30,1,5922095,5924060,1965,0,0,1,"C:/Data/corr_sacc/padded/JITT48_padded.asc"
"2791",47,25,3,31,1,5984506,5987427,2921,0,0,1,"C:/Data/corr_sacc/padded/JITT48_padded.asc"
"2792",47,45,2,32,1,6200089,6207704,7615,0,1,0,"C:/Data/corr_sacc/padded/JITT48_padded.asc"
"2793",47,31,3,33,1,6218283,6219912,1629,0,0,1,"C:/Data/corr_sacc/padded/JITT48_padded.asc"
"2794",47,14,1,34,1,6249293,6251185,1892,1,1,1,"C:/Data/corr_sacc/padded/JITT48_padded.asc"
"2795",47,7,3,35,1,6277850,6280149,2299,1,1,1,"C:/Data/corr_sacc/padded/JITT48_padded.asc"
"2796",47,42,2,36,1,6289802,6292837,3035,1,1,1,"C:/Data/corr_sacc/padded/JITT48_padded.asc"
"2797",47,10,3,37,1,6304841,6306352,1511,1,1,1,"C:/Data/corr_sacc/padded/JITT48_padded.asc"
"2798",47,4,3,38,1,6316578,6319234,2656,1,1,1,"C:/Data/corr_sacc/padded/JITT48_padded.asc"
"2799",47,60,2,39,1,6327337,6329631,2294,0,0,1,"C:/Data/corr_sacc/padded/JITT48_padded.asc"
"2800",47,44,1,40,1,6452209,6454912,2703,1,1,1,"C:/Data/corr_sacc/padded/JITT48_padded.asc"
"2801",47,53,1,41,1,6461649,6464191,2542,0,0,1,"C:/Data/corr_sacc/padded/JITT48_padded.asc"
"2802",47,9,2,42,1,6482580,6484576,1996,1,1,1,"C:/Data/corr_sacc/padded/JITT48_padded.asc"
"2803",47,39,2,43,1,6494928,6497215,2287,0,0,1,"C:/Data/corr_sacc/padded/JITT48_padded.asc"
"2804",47,12,2,44,1,6536857,6538919,2062,1,1,1,"C:/Data/corr_sacc/padded/JITT48_padded.asc"
"2805",47,26,1,45,1,6587985,6591327,3342,0,0,1,"C:/Data/corr_sacc/padded/JITT48_padded.asc"
"2806",47,36,2,46,1,6638999,6643530,4531,0,0,1,"C:/Data/corr_sacc/padded/JITT48_padded.asc"
"2807",47,59,1,47,1,6664132,6665698,1566,0,0,1,"C:/Data/corr_sacc/padded/JITT48_padded.asc"
"2808",47,34,3,48,1,6681939,6684620,2681,0,1,0,"C:/Data/corr_sacc/padded/JITT48_padded.asc"
"2809",47,33,2,49,1,6766441,6767820,1379,0,0,1,"C:/Data/corr_sacc/padded/JITT48_padded.asc"
"2810",47,17,1,50,1,6790888,6792956,2068,1,1,1,"C:/Data/corr_sacc/padded/JITT48_padded.asc"
"2811",47,32,1,51,1,6813123,6815964,2841,0,0,1,"C:/Data/corr_sacc/padded/JITT48_padded.asc"
"2812",47,3,2,52,1,6899441,6901620,2179,1,1,1,"C:/Data/corr_sacc/padded/JITT48_padded.asc"
"2813",47,50,1,53,1,6938595,6942205,3610,1,1,1,"C:/Data/corr_sacc/padded/JITT48_padded.asc"
"2814",47,18,2,54,1,6975857,6977773,1916,1,1,1,"C:/Data/corr_sacc/padded/JITT48_padded.asc"
"2815",47,46,3,55,1,7031734,7035605,3871,1,1,1,"C:/Data/corr_sacc/padded/JITT48_padded.asc"
"2816",47,8,1,56,1,7048407,7050866,2459,1,1,1,"C:/Data/corr_sacc/padded/JITT48_padded.asc"
"2817",47,16,3,57,1,7061064,7063314,2250,1,1,1,"C:/Data/corr_sacc/padded/JITT48_padded.asc"
"2818",47,38,1,58,1,7072661,7074584,1923,0,0,1,"C:/Data/corr_sacc/padded/JITT48_padded.asc"
"2819",47,13,3,59,1,7137132,7138767,1635,1,1,1,"C:/Data/corr_sacc/padded/JITT48_padded.asc"
"2820",47,58,3,60,1,7251972,7254009,2037,0,0,1,"C:/Data/corr_sacc/padded/JITT48_padded.asc"
"2821",48,19,1,1,1,8173726,8177498,3772,1,1,1,"C:/Data/corr_sacc/padded/JITT49_padded.asc"
"2822",48,3,3,2,1,8231731,8236475,4744,1,1,1,"C:/Data/corr_sacc/padded/JITT49_padded.asc"
"2823",48,10,1,3,1,8358098,8361614,3516,1,1,1,"C:/Data/corr_sacc/padded/JITT49_padded.asc"
"2824",48,55,1,4,1,8625395,8628623,3228,1,0,0,"C:/Data/corr_sacc/padded/JITT49_padded.asc"
"2825",48,25,1,5,1,8640546,8643623,3077,0,0,1,"C:/Data/corr_sacc/padded/JITT49_padded.asc"
"2826",48,16,1,6,1,8654829,8658997,4168,1,1,1,"C:/Data/corr_sacc/padded/JITT49_padded.asc"
"2827",48,45,3,7,1,8684391,8690153,5762,0,0,1,"C:/Data/corr_sacc/padded/JITT49_padded.asc"
"2828",48,57,3,8,1,8839495,8849684,10189,1,0,0,"C:/Data/corr_sacc/padded/JITT49_padded.asc"
"2829",48,27,3,9,1,8917827,8921641,3814,0,0,1,"C:/Data/corr_sacc/padded/JITT49_padded.asc"
"2830",48,37,1,10,1,8960960,8965252,4292,0,0,1,"C:/Data/corr_sacc/padded/JITT49_padded.asc"
"2831",48,34,1,11,1,8988114,8996024,7910,0,0,1,"C:/Data/corr_sacc/padded/JITT49_padded.asc"
"2832",48,22,1,12,1,9011285,9016272,4987,0,0,1,"C:/Data/corr_sacc/padded/JITT49_padded.asc"
"2833",48,47,2,13,1,9081722,9090044,8322,0,0,1,"C:/Data/corr_sacc/padded/JITT49_padded.asc"
"2834",48,31,1,14,1,9209566,9214492,4926,0,0,1,"C:/Data/corr_sacc/padded/JITT49_padded.asc"
"2835",48,42,3,15,1,9229884,9233269,3385,1,1,1,"C:/Data/corr_sacc/padded/JITT49_padded.asc"
"2836",48,51,3,16,1,9277373,9282437,5064,0,0,1,"C:/Data/corr_sacc/padded/JITT49_padded.asc"
"2837",48,20,2,17,1,9311054,9314909,3855,1,1,1,"C:/Data/corr_sacc/padded/JITT49_padded.asc"
"2838",48,6,3,18,1,9534936,9537926,2990,1,1,1,"C:/Data/corr_sacc/padded/JITT49_padded.asc"
"2839",48,53,2,19,1,9570712,9573184,2472,0,0,1,"C:/Data/corr_sacc/padded/JITT49_padded.asc"
"2840",48,1,1,20,1,9583337,9586866,3529,1,1,1,"C:/Data/corr_sacc/padded/JITT49_padded.asc"
"2841",48,35,2,21,1,9595990,9599048,3058,0,0,1,"C:/Data/corr_sacc/padded/JITT49_padded.asc"
"2842",48,2,2,22,1,9609789,9614704,4915,1,1,1,"C:/Data/corr_sacc/padded/JITT49_padded.asc"
"2843",48,52,1,23,1,9657936,9662849,4913,1,1,1,"C:/Data/corr_sacc/padded/JITT49_padded.asc"
"2844",48,30,3,24,1,9701985,9705042,3057,0,0,1,"C:/Data/corr_sacc/padded/JITT49_padded.asc"
"2845",48,33,3,25,1,9715103,9716985,1882,0,0,1,"C:/Data/corr_sacc/padded/JITT49_padded.asc"
"2846",48,15,3,26,1,9777097,9780574,3477,1,1,1,"C:/Data/corr_sacc/padded/JITT49_padded.asc"
"2847",48,4,1,27,1,9794807,9798883,4076,1,1,1,"C:/Data/corr_sacc/padded/JITT49_padded.asc"
"2848",48,9,3,28,1,9918839,9921722,2883,1,1,1,"C:/Data/corr_sacc/padded/JITT49_padded.asc"
"2849",48,18,3,29,1,9934003,9936785,2782,1,1,1,"C:/Data/corr_sacc/padded/JITT49_padded.asc"
"2850",48,60,3,30,1,9993966,9998895,4929,0,0,1,"C:/Data/corr_sacc/padded/JITT49_padded.asc"
"2851",48,54,3,31,1,10021188,10023709,2521,1,1,1,"C:/Data/corr_sacc/padded/JITT49_padded.asc"
"2852",48,23,2,32,1,10057073,10061801,4728,0,0,1,"C:/Data/corr_sacc/padded/JITT49_padded.asc"
"2853",48,12,3,33,1,10074076,10076402,2326,1,1,1,"C:/Data/corr_sacc/padded/JITT49_padded.asc"
"2854",48,39,3,34,1,10152180,10155901,3721,0,0,1,"C:/Data/corr_sacc/padded/JITT49_padded.asc"
"2855",48,32,2,35,1,10180681,10184270,3589,0,0,1,"C:/Data/corr_sacc/padded/JITT49_padded.asc"
"2856",48,24,3,36,1,10195056,10198555,3499,0,0,1,"C:/Data/corr_sacc/padded/JITT49_padded.asc"
"2857",48,50,2,37,1,10222724,10228392,5668,1,1,1,"C:/Data/corr_sacc/padded/JITT49_padded.asc"
"2858",48,28,1,38,1,10262703,10268598,5895,0,0,1,"C:/Data/corr_sacc/padded/JITT49_padded.asc"
"2859",48,58,1,39,1,10309466,10312367,2901,0,0,1,"C:/Data/corr_sacc/padded/JITT49_padded.asc"
"2860",48,21,3,40,1,10571735,10576330,4595,0,0,1,"C:/Data/corr_sacc/padded/JITT49_padded.asc"
"2861",48,14,2,41,1,10607569,10611377,3808,1,1,1,"C:/Data/corr_sacc/padded/JITT49_padded.asc"
"2862",48,11,2,42,1,10641635,10645235,3600,1,1,1,"C:/Data/corr_sacc/padded/JITT49_padded.asc"
"2863",48,43,1,43,1,10679042,10681218,2176,0,0,1,"C:/Data/corr_sacc/padded/JITT49_padded.asc"
"2864",48,59,2,44,1,10734033,10737604,3571,0,0,1,"C:/Data/corr_sacc/padded/JITT49_padded.asc"
"2865",48,44,2,45,1,10785205,10789451,4246,1,1,1,"C:/Data/corr_sacc/padded/JITT49_padded.asc"
"2866",48,5,2,46,1,10814685,10818828,4143,1,0,0,"C:/Data/corr_sacc/padded/JITT49_padded.asc"
"2867",48,17,2,47,1,10906751,10909637,2886,1,1,1,"C:/Data/corr_sacc/padded/JITT49_padded.asc"
"2868",48,40,1,48,1,10939521,10941942,2421,0,0,1,"C:/Data/corr_sacc/padded/JITT49_padded.asc"
"2869",48,13,1,49,1,10987801,10990834,3033,1,1,1,"C:/Data/corr_sacc/padded/JITT49_padded.asc"
"2870",48,56,2,50,1,11055754,11059222,3468,1,0,0,"C:/Data/corr_sacc/padded/JITT49_padded.asc"
"2871",48,7,1,51,1,11102423,11106015,3592,1,1,1,"C:/Data/corr_sacc/padded/JITT49_padded.asc"
"2872",48,36,3,52,1,11125159,11129641,4482,0,0,1,"C:/Data/corr_sacc/padded/JITT49_padded.asc"
"2873",48,49,1,53,1,11151420,11155880,4460,0,0,1,"C:/Data/corr_sacc/padded/JITT49_padded.asc"
"2874",48,8,2,54,1,11167487,11171738,4251,1,1,1,"C:/Data/corr_sacc/padded/JITT49_padded.asc"
"2875",48,41,2,55,1,11181092,11183583,2491,0,0,1,"C:/Data/corr_sacc/padded/JITT49_padded.asc"
"2876",48,46,1,56,1,11192640,11198010,5370,1,1,1,"C:/Data/corr_sacc/padded/JITT49_padded.asc"
"2877",48,48,3,57,1,11207201,11210410,3209,1,1,1,"C:/Data/corr_sacc/padded/JITT49_padded.asc"
"2878",48,38,2,58,1,11222173,11225520,3347,0,0,1,"C:/Data/corr_sacc/padded/JITT49_padded.asc"
"2879",48,26,2,59,1,11237611,11240264,2653,0,0,1,"C:/Data/corr_sacc/padded/JITT49_padded.asc"
"2880",48,29,2,60,1,11255997,11258624,2627,0,0,1,"C:/Data/corr_sacc/padded/JITT49_padded.asc"
"2881",49,4,2,1,1,12023041,12026264,3223,1,1,1,"C:/Data/corr_sacc/padded/JITT50_padded.asc"
"2882",49,9,1,2,1,12043425,12046851,3426,1,1,1,"C:/Data/corr_sacc/padded/JITT50_padded.asc"
"2883",49,44,3,3,1,12088650,12093464,4814,1,1,1,"C:/Data/corr_sacc/padded/JITT50_padded.asc"
"2884",49,56,3,4,1,12102315,12107882,5567,1,0,0,"C:/Data/corr_sacc/padded/JITT50_padded.asc"
"2885",49,16,2,5,1,12214648,12218149,3501,1,1,1,"C:/Data/corr_sacc/padded/JITT50_padded.asc"
"2886",49,7,2,6,1,12226009,12228729,2720,1,1,1,"C:/Data/corr_sacc/padded/JITT50_padded.asc"
"2887",49,31,2,7,1,12253078,12256485,3407,0,0,1,"C:/Data/corr_sacc/padded/JITT50_padded.asc"
"2888",49,57,1,8,1,12297939,12304481,6542,1,1,1,"C:/Data/corr_sacc/padded/JITT50_padded.asc"
"2889",49,38,3,9,1,12342522,12345123,2601,0,0,1,"C:/Data/corr_sacc/padded/JITT50_padded.asc"
"2890",49,59,3,10,1,12375231,12378541,3310,0,0,1,"C:/Data/corr_sacc/padded/JITT50_padded.asc"
"2891",49,6,1,11,1,12426872,12430057,3185,1,1,1,"C:/Data/corr_sacc/padded/JITT50_padded.asc"
"2892",49,36,1,12,1,12438921,12441996,3075,0,0,1,"C:/Data/corr_sacc/padded/JITT50_padded.asc"
"2893",49,30,1,13,1,12451676,12455142,3466,0,0,1,"C:/Data/corr_sacc/padded/JITT50_padded.asc"
"2894",49,1,2,14,1,12476297,12480034,3737,1,1,1,"C:/Data/corr_sacc/padded/JITT50_padded.asc"
"2895",49,42,1,15,1,12531964,12535030,3066,1,1,1,"C:/Data/corr_sacc/padded/JITT50_padded.asc"
"2896",49,28,2,16,1,12574226,12577583,3357,0,0,1,"C:/Data/corr_sacc/padded/JITT50_padded.asc"
"2897",49,5,3,17,1,12667543,12671054,3511,1,1,1,"C:/Data/corr_sacc/padded/JITT50_padded.asc"
"2898",49,12,1,18,1,12692690,12697521,4831,1,1,1,"C:/Data/corr_sacc/padded/JITT50_padded.asc"
"2899",49,24,1,19,1,12764624,12767216,2592,0,0,1,"C:/Data/corr_sacc/padded/JITT50_padded.asc"
"2900",49,32,3,20,1,12778796,12782842,4046,0,0,1,"C:/Data/corr_sacc/padded/JITT50_padded.asc"
"2901",49,22,2,21,1,12825070,12828522,3452,0,0,1,"C:/Data/corr_sacc/padded/JITT50_padded.asc"
"2902",49,17,3,22,1,12896857,12899322,2465,1,1,1,"C:/Data/corr_sacc/padded/JITT50_padded.asc"
"2903",49,34,2,23,1,12917157,12920105,2948,0,0,1,"C:/Data/corr_sacc/padded/JITT50_padded.asc"
"2904",49,3,1,24,1,12940811,12945179,4368,1,1,1,"C:/Data/corr_sacc/padded/JITT50_padded.asc"
"2905",49,21,1,25,1,12957012,12961552,4540,0,0,1,"C:/Data/corr_sacc/padded/JITT50_padded.asc"
"2906",49,58,2,26,1,13035985,13038242,2257,0,0,1,"C:/Data/corr_sacc/padded/JITT50_padded.asc"
"2907",49,15,1,27,1,13082056,13084847,2791,1,1,1,"C:/Data/corr_sacc/padded/JITT50_padded.asc"
"2908",49,37,2,28,1,13116191,13119202,3011,0,0,1,"C:/Data/corr_sacc/padded/JITT50_padded.asc"
"2909",49,13,2,29,1,13139479,13142343,2864,1,1,1,"C:/Data/corr_sacc/padded/JITT50_padded.asc"
"2910",49,2,3,30,1,13226242,13228996,2754,1,1,1,"C:/Data/corr_sacc/padded/JITT50_padded.asc"
"2911",49,20,3,31,1,13264618,13268197,3579,1,1,1,"C:/Data/corr_sacc/padded/JITT50_padded.asc"
"2912",49,46,2,32,1,13277730,13282696,4966,1,1,1,"C:/Data/corr_sacc/padded/JITT50_padded.asc"
"2913",49,48,1,33,1,13290115,13293501,3386,1,1,1,"C:/Data/corr_sacc/padded/JITT50_padded.asc"
"2914",49,60,1,34,1,13340255,13343558,3303,0,0,1,"C:/Data/corr_sacc/padded/JITT50_padded.asc"
"2915",49,33,1,35,1,13376117,13378606,2489,0,0,1,"C:/Data/corr_sacc/padded/JITT50_padded.asc"
"2916",49,18,1,36,1,13485523,13487536,2013,1,1,1,"C:/Data/corr_sacc/padded/JITT50_padded.asc"
"2917",49,27,1,37,1,13509534,13512064,2530,0,0,1,"C:/Data/corr_sacc/padded/JITT50_padded.asc"
"2918",49,50,3,38,1,13523013,13526752,3739,1,1,1,"C:/Data/corr_sacc/padded/JITT50_padded.asc"
"2919",49,11,3,39,1,13579180,13582776,3596,1,1,1,"C:/Data/corr_sacc/padded/JITT50_padded.asc"
"2920",49,54,1,40,1,13592104,13595112,3008,1,1,1,"C:/Data/corr_sacc/padded/JITT50_padded.asc"
"2921",49,29,3,41,1,13636916,13638969,2053,0,0,1,"C:/Data/corr_sacc/padded/JITT50_padded.asc"
"2922",49,40,2,42,1,13648061,13651174,3113,0,0,1,"C:/Data/corr_sacc/padded/JITT50_padded.asc"
"2923",49,8,3,43,1,13670310,13673297,2987,1,1,1,"C:/Data/corr_sacc/padded/JITT50_padded.asc"
"2924",49,55,2,44,1,13694272,13696934,2662,1,0,0,"C:/Data/corr_sacc/padded/JITT50_padded.asc"
"2925",49,35,3,45,1,13707948,13710742,2794,0,0,1,"C:/Data/corr_sacc/padded/JITT50_padded.asc"
"2926",49,19,2,46,1,13762491,13766405,3914,1,1,1,"C:/Data/corr_sacc/padded/JITT50_padded.asc"
"2927",49,47,3,47,1,13785289,13788122,2833,0,0,1,"C:/Data/corr_sacc/padded/JITT50_padded.asc"
"2928",49,41,3,48,1,13798144,13800451,2307,0,0,1,"C:/Data/corr_sacc/padded/JITT50_padded.asc"
"2929",49,10,2,49,1,13822945,13825517,2572,1,1,1,"C:/Data/corr_sacc/padded/JITT50_padded.asc"
"2930",49,52,2,50,1,13851220,13854948,3728,1,1,1,"C:/Data/corr_sacc/padded/JITT50_padded.asc"
"2931",49,43,2,51,1,13912900,13915232,2332,0,0,1,"C:/Data/corr_sacc/padded/JITT50_padded.asc"
"2932",49,45,1,52,1,13924552,13926942,2390,0,0,1,"C:/Data/corr_sacc/padded/JITT50_padded.asc"
"2933",49,23,3,53,1,13936321,13938750,2429,0,0,1,"C:/Data/corr_sacc/padded/JITT50_padded.asc"
"2934",49,25,2,54,1,13960269,13963836,3567,0,0,1,"C:/Data/corr_sacc/padded/JITT50_padded.asc"
"2935",49,26,3,55,1,13974469,13977907,3438,0,0,1,"C:/Data/corr_sacc/padded/JITT50_padded.asc"
"2936",49,14,3,56,1,14026680,14029533,2853,1,1,1,"C:/Data/corr_sacc/padded/JITT50_padded.asc"
"2937",49,53,3,57,1,14041315,14043845,2530,0,0,1,"C:/Data/corr_sacc/padded/JITT50_padded.asc"
"2938",49,39,1,58,1,14055330,14057896,2566,0,0,1,"C:/Data/corr_sacc/padded/JITT50_padded.asc"
"2939",49,49,2,59,1,14070899,14075861,4962,0,0,1,"C:/Data/corr_sacc/padded/JITT50_padded.asc"
"2940",49,51,1,60,1,14118518,14121542,3024,0,0,1,"C:/Data/corr_sacc/padded/JITT50_padded.asc"
"2941",50,4,3,1,1,14770716,14773045,2329,1,1,1,"C:/Data/corr_sacc/padded/JITT51_padded.asc"
"2942",50,13,3,2,1,14835505,14837989,2484,1,1,1,"C:/Data/corr_sacc/padded/JITT51_padded.asc"
"2943",50,20,1,3,1,14853641,14855091,1450,1,1,1,"C:/Data/corr_sacc/padded/JITT51_padded.asc"
"2944",50,35,1,4,1,14907148,14909375,2227,0,0,1,"C:/Data/corr_sacc/padded/JITT51_padded.asc"
"2945",50,21,2,5,1,14928410,14930805,2395,0,0,1,"C:/Data/corr_sacc/padded/JITT51_padded.asc"
"2946",50,50,1,6,1,14952549,14955929,3380,1,1,1,"C:/Data/corr_sacc/padded/JITT51_padded.asc"
"2947",50,1,3,7,1,14963473,14967679,4206,1,1,1,"C:/Data/corr_sacc/padded/JITT51_padded.asc"
"2948",50,38,1,8,1,14980968,14983881,2913,0,0,1,"C:/Data/corr_sacc/padded/JITT51_padded.asc"
"2949",50,7,3,9,1,15013733,15018720,4987,1,1,1,"C:/Data/corr_sacc/padded/JITT51_padded.asc"
"2950",50,49,3,10,1,15033586,15035672,2086,0,0,1,"C:/Data/corr_sacc/padded/JITT51_padded.asc"
"2951",50,24,2,11,1,15044622,15046375,1753,0,0,1,"C:/Data/corr_sacc/padded/JITT51_padded.asc"
"2952",50,60,2,12,1,15095048,15097499,2451,0,0,1,"C:/Data/corr_sacc/padded/JITT51_padded.asc"
"2953",50,11,1,13,1,15106266,15108695,2429,1,1,1,"C:/Data/corr_sacc/padded/JITT51_padded.asc"
"2954",50,41,1,14,1,15123962,15125675,1713,0,0,1,"C:/Data/corr_sacc/padded/JITT51_padded.asc"
"2955",50,46,3,15,1,15147923,15150752,2829,1,1,1,"C:/Data/corr_sacc/padded/JITT51_padded.asc"
"2956",50,29,1,16,1,15158611,15159982,1371,0,0,1,"C:/Data/corr_sacc/padded/JITT51_padded.asc"
"2957",50,23,1,17,1,15166605,15167978,1373,0,0,1,"C:/Data/corr_sacc/padded/JITT51_padded.asc"
"2958",50,37,3,18,1,15192840,15195098,2258,0,0,1,"C:/Data/corr_sacc/padded/JITT51_padded.asc"
"2959",50,42,2,19,1,15224446,15226753,2307,1,1,1,"C:/Data/corr_sacc/padded/JITT51_padded.asc"
"2960",50,56,1,20,1,15262756,15268537,5781,1,0,0,"C:/Data/corr_sacc/padded/JITT51_padded.asc"
"2961",50,12,2,21,1,15373607,15375113,1506,1,1,1,"C:/Data/corr_sacc/padded/JITT51_padded.asc"
"2962",50,16,3,22,1,15412161,15415306,3145,1,1,1,"C:/Data/corr_sacc/padded/JITT51_padded.asc"
"2963",50,45,2,23,1,15434559,15436891,2332,0,0,1,"C:/Data/corr_sacc/padded/JITT51_padded.asc"
"2964",50,10,3,24,1,15482004,15485850,3846,1,1,1,"C:/Data/corr_sacc/padded/JITT51_padded.asc"
"2965",50,5,1,25,1,15510291,15512310,2019,1,1,1,"C:/Data/corr_sacc/padded/JITT51_padded.asc"
"2966",50,47,1,26,1,15519089,15521214,2125,0,0,1,"C:/Data/corr_sacc/padded/JITT51_padded.asc"
"2967",50,43,3,27,1,15536070,15537812,1742,0,0,1,"C:/Data/corr_sacc/padded/JITT51_padded.asc"
"2968",50,54,2,28,1,15609644,15612424,2780,1,1,1,"C:/Data/corr_sacc/padded/JITT51_padded.asc"
"2969",50,53,1,29,1,15670186,15671772,1586,0,0,1,"C:/Data/corr_sacc/padded/JITT51_padded.asc"
"2970",50,33,2,30,1,15718009,15719711,1702,0,0,1,"C:/Data/corr_sacc/padded/JITT51_padded.asc"
"2971",50,30,2,31,1,15726185,15728437,2252,0,0,1,"C:/Data/corr_sacc/padded/JITT51_padded.asc"
"2972",50,27,2,32,1,15768869,15770398,1529,0,0,1,"C:/Data/corr_sacc/padded/JITT51_padded.asc"
"2973",50,57,2,33,1,15777517,15794655,17138,1,0,0,"C:/Data/corr_sacc/padded/JITT51_padded.asc"
"2974",50,51,2,34,1,15804798,15807271,2473,0,0,1,"C:/Data/corr_sacc/padded/JITT51_padded.asc"
"2975",50,19,3,35,1,15827200,15828745,1545,1,1,1,"C:/Data/corr_sacc/padded/JITT51_padded.asc"
"2976",50,52,3,36,1,15839334,15841806,2472,1,1,1,"C:/Data/corr_sacc/padded/JITT51_padded.asc"
"2977",50,28,3,37,1,15870478,15873415,2937,0,0,1,"C:/Data/corr_sacc/padded/JITT51_padded.asc"
"2978",50,34,3,38,1,15898995,15903122,4127,0,0,1,"C:/Data/corr_sacc/padded/JITT51_padded.asc"
"2979",50,58,3,39,1,15931548,15933400,1852,0,0,1,"C:/Data/corr_sacc/padded/JITT51_padded.asc"
"2980",50,3,2,40,1,15941941,15944761,2820,1,1,1,"C:/Data/corr_sacc/padded/JITT51_padded.asc"
"2981",50,8,1,41,1,15971246,15975949,4703,1,1,1,"C:/Data/corr_sacc/padded/JITT51_padded.asc"
"2982",50,14,1,42,1,16089817,16092121,2304,1,1,1,"C:/Data/corr_sacc/padded/JITT51_padded.asc"
"2983",50,55,3,43,1,16152233,16153803,1570,1,0,0,"C:/Data/corr_sacc/padded/JITT51_padded.asc"
"2984",50,39,2,44,1,16164410,16166003,1593,0,0,1,"C:/Data/corr_sacc/padded/JITT51_padded.asc"
"2985",50,25,3,45,1,16172591,16176283,3692,0,0,1,"C:/Data/corr_sacc/padded/JITT51_padded.asc"
"2986",50,17,1,46,1,16214990,16216361,1371,1,1,1,"C:/Data/corr_sacc/padded/JITT51_padded.asc"
"2987",50,59,1,47,1,16257111,16258594,1483,0,0,1,"C:/Data/corr_sacc/padded/JITT51_padded.asc"
"2988",50,18,2,48,1,16292856,16295864,3008,1,1,1,"C:/Data/corr_sacc/padded/JITT51_padded.asc"
"2989",50,40,3,49,1,16321858,16323643,1785,0,0,1,"C:/Data/corr_sacc/padded/JITT51_padded.asc"
"2990",50,15,2,50,1,16330739,16332315,1576,1,1,1,"C:/Data/corr_sacc/padded/JITT51_padded.asc"
"2991",50,26,1,51,1,16348611,16350387,1776,0,0,1,"C:/Data/corr_sacc/padded/JITT51_padded.asc"
"2992",50,32,1,52,1,16358235,16359876,1641,0,0,1,"C:/Data/corr_sacc/padded/JITT51_padded.asc"
"2993",50,48,2,53,1,16367568,16369756,2188,1,1,1,"C:/Data/corr_sacc/padded/JITT51_padded.asc"
"2994",50,36,2,54,1,16387632,16391023,3391,0,0,1,"C:/Data/corr_sacc/padded/JITT51_padded.asc"
"2995",50,31,3,55,1,16439638,16441585,1947,0,0,1,"C:/Data/corr_sacc/padded/JITT51_padded.asc"
"2996",50,2,1,56,1,16463374,16465904,2530,1,1,1,"C:/Data/corr_sacc/padded/JITT51_padded.asc"
"2997",50,44,1,57,1,16482443,16485278,2835,1,1,1,"C:/Data/corr_sacc/padded/JITT51_padded.asc"
"2998",50,22,3,58,1,16501559,16503237,1678,0,0,1,"C:/Data/corr_sacc/padded/JITT51_padded.asc"
"2999",50,9,2,59,1,16518258,16519950,1692,1,1,1,"C:/Data/corr_sacc/padded/JITT51_padded.asc"
"3000",50,6,2,60,1,16526976,16529502,2526,1,1,1,"C:/Data/corr_sacc/padded/JITT51_padded.asc"
"3001",51,60,3,1,1,294574,297484,2910,0,0,1,"C:/Data/corr_sacc/padded/JITT52_padded.asc"
"3002",51,35,2,2,1,307101,308965,1864,0,0,1,"C:/Data/corr_sacc/padded/JITT52_padded.asc"
"3003",51,25,1,3,1,407887,410360,2473,0,0,1,"C:/Data/corr_sacc/padded/JITT52_padded.asc"
"3004",51,37,1,4,1,423000,425132,2132,0,0,1,"C:/Data/corr_sacc/padded/JITT52_padded.asc"
"3005",51,3,3,5,1,431716,434178,2462,1,1,1,"C:/Data/corr_sacc/padded/JITT52_padded.asc"
"3006",51,14,2,6,1,443644,445747,2103,1,1,1,"C:/Data/corr_sacc/padded/JITT52_padded.asc"
"3007",51,33,3,7,1,503358,505143,1785,0,0,1,"C:/Data/corr_sacc/padded/JITT52_padded.asc"
"3008",51,13,1,8,1,539892,541703,1811,1,1,1,"C:/Data/corr_sacc/padded/JITT52_padded.asc"
"3009",51,46,1,9,1,703179,705532,2353,1,1,1,"C:/Data/corr_sacc/padded/JITT52_padded.asc"
"3010",51,34,1,10,1,725431,727518,2087,0,0,1,"C:/Data/corr_sacc/padded/JITT52_padded.asc"
"3011",51,49,1,11,1,750610,752881,2271,0,0,1,"C:/Data/corr_sacc/padded/JITT52_padded.asc"
"3012",51,30,3,12,1,764950,766705,1755,0,0,1,"C:/Data/corr_sacc/padded/JITT52_padded.asc"
"3013",51,19,1,13,1,784923,787049,2126,1,1,1,"C:/Data/corr_sacc/padded/JITT52_padded.asc"
"3014",51,52,1,14,1,797553,799803,2250,1,1,1,"C:/Data/corr_sacc/padded/JITT52_padded.asc"
"3015",51,20,2,15,1,833434,835130,1696,1,1,1,"C:/Data/corr_sacc/padded/JITT52_padded.asc"
"3016",51,29,2,16,1,865797,868303,2506,0,0,1,"C:/Data/corr_sacc/padded/JITT52_padded.asc"
"3017",51,59,2,17,1,912656,914666,2010,0,0,1,"C:/Data/corr_sacc/padded/JITT52_padded.asc"
"3018",51,40,1,18,1,1139115,1141153,2038,0,0,1,"C:/Data/corr_sacc/padded/JITT52_padded.asc"
"3019",51,4,1,19,1,1206691,1209469,2778,1,1,1,"C:/Data/corr_sacc/padded/JITT52_padded.asc"
"3020",51,55,1,20,1,1275378,1277480,2102,1,0,0,"C:/Data/corr_sacc/padded/JITT52_padded.asc"
"3021",51,50,2,21,1,1323489,1325846,2357,1,1,1,"C:/Data/corr_sacc/padded/JITT52_padded.asc"
"3022",51,43,1,22,1,1345291,1346858,1567,0,0,1,"C:/Data/corr_sacc/padded/JITT52_padded.asc"
"3023",51,16,1,23,1,1355485,1357622,2137,1,1,1,"C:/Data/corr_sacc/padded/JITT52_padded.asc"
"3024",51,22,1,24,1,1388896,1392127,3231,0,0,1,"C:/Data/corr_sacc/padded/JITT52_padded.asc"
"3025",51,23,2,25,1,1415932,1417768,1836,0,0,1,"C:/Data/corr_sacc/padded/JITT52_padded.asc"
"3026",51,21,3,26,1,1487973,1490824,2851,0,0,1,"C:/Data/corr_sacc/padded/JITT52_padded.asc"
"3027",51,39,3,27,1,1507813,1509736,1923,0,0,1,"C:/Data/corr_sacc/padded/JITT52_padded.asc"
"3028",51,44,2,28,1,1545044,1547845,2801,1,1,1,"C:/Data/corr_sacc/padded/JITT52_padded.asc"
"3029",51,26,2,29,1,1573166,1575328,2162,0,0,1,"C:/Data/corr_sacc/padded/JITT52_padded.asc"
"3030",51,12,3,30,1,1584897,1587326,2429,1,1,1,"C:/Data/corr_sacc/padded/JITT52_padded.asc"
"3031",51,32,2,31,1,1595928,1597972,2044,0,0,1,"C:/Data/corr_sacc/padded/JITT52_padded.asc"
"3032",51,15,3,32,1,1618492,1620513,2021,1,1,1,"C:/Data/corr_sacc/padded/JITT52_padded.asc"
"3033",51,10,1,33,1,1679233,1681484,2251,1,1,1,"C:/Data/corr_sacc/padded/JITT52_padded.asc"
"3034",51,7,1,34,1,1688405,1690553,2148,1,1,1,"C:/Data/corr_sacc/padded/JITT52_padded.asc"
"3035",51,28,1,35,1,1723839,1727317,3478,0,0,1,"C:/Data/corr_sacc/padded/JITT52_padded.asc"
"3036",51,6,3,36,1,1742282,1744554,2272,1,1,1,"C:/Data/corr_sacc/padded/JITT52_padded.asc"
"3037",51,53,2,37,1,1953128,1954993,1865,0,0,1,"C:/Data/corr_sacc/padded/JITT52_padded.asc"
"3038",51,48,3,38,1,1984836,1986913,2077,1,1,1,"C:/Data/corr_sacc/padded/JITT52_padded.asc"
"3039",51,47,2,39,1,1995811,1999320,3509,0,0,1,"C:/Data/corr_sacc/padded/JITT52_padded.asc"
"3040",51,42,3,40,1,2007790,2010130,2340,1,1,1,"C:/Data/corr_sacc/padded/JITT52_padded.asc"
"3041",51,57,3,41,1,2036729,2040276,3547,1,0,0,"C:/Data/corr_sacc/padded/JITT52_padded.asc"
"3042",51,9,3,42,1,2062162,2064038,1876,1,1,1,"C:/Data/corr_sacc/padded/JITT52_padded.asc"
"3043",51,54,3,43,1,2072528,2075967,3439,1,1,1,"C:/Data/corr_sacc/padded/JITT52_padded.asc"
"3044",51,31,1,44,1,2082466,2084745,2279,0,0,1,"C:/Data/corr_sacc/padded/JITT52_padded.asc"
"3045",51,51,3,45,1,2116274,2118134,1860,0,0,1,"C:/Data/corr_sacc/padded/JITT52_padded.asc"
"3046",51,11,2,46,1,2127875,2130431,2556,1,1,1,"C:/Data/corr_sacc/padded/JITT52_padded.asc"
"3047",51,56,2,47,1,2140866,2142919,2053,1,0,0,"C:/Data/corr_sacc/padded/JITT52_padded.asc"
"3048",51,18,3,48,1,2161487,2163679,2192,1,1,1,"C:/Data/corr_sacc/padded/JITT52_padded.asc"
"3049",51,27,3,49,1,2193335,2195750,2415,0,0,1,"C:/Data/corr_sacc/padded/JITT52_padded.asc"
"3050",51,38,2,50,1,2212805,2215247,2442,0,0,1,"C:/Data/corr_sacc/padded/JITT52_padded.asc"
"3051",51,58,1,51,1,2247965,2250362,2397,0,0,1,"C:/Data/corr_sacc/padded/JITT52_padded.asc"
"3052",51,5,2,52,1,2281015,2283285,2270,1,1,1,"C:/Data/corr_sacc/padded/JITT52_padded.asc"
"3053",51,41,2,53,1,2304795,2306595,1800,0,0,1,"C:/Data/corr_sacc/padded/JITT52_padded.asc"
"3054",51,17,2,54,1,2324591,2326456,1865,1,1,1,"C:/Data/corr_sacc/padded/JITT52_padded.asc"
"3055",51,1,1,55,1,2368747,2371057,2310,1,1,1,"C:/Data/corr_sacc/padded/JITT52_padded.asc"
"3056",51,2,2,56,1,2379501,2382294,2793,1,1,1,"C:/Data/corr_sacc/padded/JITT52_padded.asc"
"3057",51,24,3,57,1,2409145,2411092,1947,0,0,1,"C:/Data/corr_sacc/padded/JITT52_padded.asc"
"3058",51,45,3,58,1,2419196,2421282,2086,0,0,1,"C:/Data/corr_sacc/padded/JITT52_padded.asc"
"3059",51,36,3,59,1,2429986,2432497,2511,0,0,1,"C:/Data/corr_sacc/padded/JITT52_padded.asc"
"3060",51,8,2,60,1,2493333,2495647,2314,1,1,1,"C:/Data/corr_sacc/padded/JITT52_padded.asc"
"3061",52,8,3,1,1,3913030,3915015,1985,1,1,1,"C:/Data/corr_sacc/padded/JITT53_padded.asc"
"3062",52,30,1,2,1,3928444,3930256,1812,0,0,1,"C:/Data/corr_sacc/padded/JITT53_padded.asc"
"3063",52,26,3,3,1,3970942,3972463,1521,0,0,1,"C:/Data/corr_sacc/padded/JITT53_padded.asc"
"3064",52,24,1,4,1,3982292,3983949,1657,0,0,1,"C:/Data/corr_sacc/padded/JITT53_padded.asc"
"3065",52,53,3,5,1,4015535,4017299,1764,0,0,1,"C:/Data/corr_sacc/padded/JITT53_padded.asc"
"3066",52,48,1,6,1,4121024,4123117,2093,1,1,1,"C:/Data/corr_sacc/padded/JITT53_padded.asc"
"3067",52,4,2,7,1,4133191,4135267,2076,1,1,1,"C:/Data/corr_sacc/padded/JITT53_padded.asc"
"3068",52,39,1,8,1,4142868,4144506,1638,0,0,1,"C:/Data/corr_sacc/padded/JITT53_padded.asc"
"3069",52,38,3,9,1,4157486,4159592,2106,0,0,1,"C:/Data/corr_sacc/padded/JITT53_padded.asc"
"3070",52,25,2,10,1,4293751,4295908,2157,0,0,1,"C:/Data/corr_sacc/padded/JITT53_padded.asc"
"3071",52,42,1,11,1,4308630,4310506,1876,1,1,1,"C:/Data/corr_sacc/padded/JITT53_padded.asc"
"3072",52,22,2,12,1,4336421,4338843,2422,0,0,1,"C:/Data/corr_sacc/padded/JITT53_padded.asc"
"3073",52,5,3,13,1,4350393,4352353,1960,1,1,1,"C:/Data/corr_sacc/padded/JITT53_padded.asc"
"3074",52,3,1,14,1,4408486,4410487,2001,1,1,1,"C:/Data/corr_sacc/padded/JITT53_padded.asc"
"3075",52,58,2,15,1,4424913,4427214,2301,0,0,1,"C:/Data/corr_sacc/padded/JITT53_padded.asc"
"3076",52,19,2,16,1,4499096,4501103,2007,1,1,1,"C:/Data/corr_sacc/padded/JITT53_padded.asc"
"3077",52,45,1,17,1,4510250,4512409,2159,0,0,1,"C:/Data/corr_sacc/padded/JITT53_padded.asc"
"3078",52,9,1,18,1,4521526,4523211,1685,1,1,1,"C:/Data/corr_sacc/padded/JITT53_padded.asc"
"3079",52,7,2,19,1,4531052,4532858,1806,1,1,1,"C:/Data/corr_sacc/padded/JITT53_padded.asc"
"3080",52,27,1,20,1,4547227,4548742,1515,0,0,1,"C:/Data/corr_sacc/padded/JITT53_padded.asc"
"3081",52,28,2,21,1,4579303,4580886,1583,0,0,1,"C:/Data/corr_sacc/padded/JITT53_padded.asc"
"3082",52,13,2,22,1,4705153,4707095,1942,1,1,1,"C:/Data/corr_sacc/padded/JITT53_padded.asc"
"3083",52,33,1,23,1,4768630,4770216,1586,0,0,1,"C:/Data/corr_sacc/padded/JITT53_padded.asc"
"3084",52,35,3,24,1,4777885,4779905,2020,0,0,1,"C:/Data/corr_sacc/padded/JITT53_padded.asc"
"3085",52,23,3,25,1,4802221,4804713,2492,0,0,1,"C:/Data/corr_sacc/padded/JITT53_padded.asc"
"3086",52,60,1,26,1,4851433,4853549,2116,0,0,1,"C:/Data/corr_sacc/padded/JITT53_padded.asc"
"3087",52,32,3,27,1,4861971,4864244,2273,0,0,1,"C:/Data/corr_sacc/padded/JITT53_padded.asc"
"3088",52,59,3,28,1,4902616,4904580,1964,0,0,1,"C:/Data/corr_sacc/padded/JITT53_padded.asc"
"3089",52,51,1,29,1,4910756,4912803,2047,0,0,1,"C:/Data/corr_sacc/padded/JITT53_padded.asc"
"3090",52,16,2,30,1,4926500,4928646,2146,1,1,1,"C:/Data/corr_sacc/padded/JITT53_padded.asc"
"3091",52,52,2,31,1,4936008,4938186,2178,1,1,1,"C:/Data/corr_sacc/padded/JITT53_padded.asc"
"3092",52,18,1,32,1,4946565,4948429,1864,1,1,1,"C:/Data/corr_sacc/padded/JITT53_padded.asc"
"3093",52,21,1,33,1,4980550,4982169,1619,0,0,1,"C:/Data/corr_sacc/padded/JITT53_padded.asc"
"3094",52,10,2,34,1,5005610,5007883,2273,1,1,1,"C:/Data/corr_sacc/padded/JITT53_padded.asc"
"3095",52,6,1,35,1,5017755,5019729,1974,1,1,1,"C:/Data/corr_sacc/padded/JITT53_padded.asc"
"3096",52,1,2,36,1,5052664,5054699,2035,1,1,1,"C:/Data/corr_sacc/padded/JITT53_padded.asc"
"3097",52,20,3,37,1,5109278,5111173,1895,1,1,1,"C:/Data/corr_sacc/padded/JITT53_padded.asc"
"3098",52,54,1,38,1,5124208,5126276,2068,1,1,1,"C:/Data/corr_sacc/padded/JITT53_padded.asc"
"3099",52,14,3,39,1,5167499,5169789,2290,1,1,1,"C:/Data/corr_sacc/padded/JITT53_padded.asc"
"3100",52,2,3,40,1,5200150,5201920,1770,1,1,1,"C:/Data/corr_sacc/padded/JITT53_padded.asc"
"3101",52,44,3,41,1,5209377,5211549,2172,1,1,1,"C:/Data/corr_sacc/padded/JITT53_padded.asc"
"3102",52,40,2,42,1,5320737,5322646,1909,0,0,1,"C:/Data/corr_sacc/padded/JITT53_padded.asc"
"3103",52,34,2,43,1,5330566,5332273,1707,0,0,1,"C:/Data/corr_sacc/padded/JITT53_padded.asc"
"3104",52,17,3,44,1,5371510,5373641,2131,1,1,1,"C:/Data/corr_sacc/padded/JITT53_padded.asc"
"3105",52,49,2,45,1,5382077,5384635,2558,0,0,1,"C:/Data/corr_sacc/padded/JITT53_padded.asc"
"3106",52,46,2,46,1,5418884,5421471,2587,1,1,1,"C:/Data/corr_sacc/padded/JITT53_padded.asc"
"3107",52,37,2,47,1,5440385,5442224,1839,0,0,1,"C:/Data/corr_sacc/padded/JITT53_padded.asc"
"3108",52,15,1,48,1,5519717,5521497,1780,1,1,1,"C:/Data/corr_sacc/padded/JITT53_padded.asc"
"3109",52,12,1,49,1,5530082,5531746,1664,1,1,1,"C:/Data/corr_sacc/padded/JITT53_padded.asc"
"3110",52,50,3,50,1,5537922,5541682,3760,1,1,1,"C:/Data/corr_sacc/padded/JITT53_padded.asc"
"3111",52,11,3,51,1,5560628,5562450,1822,1,1,1,"C:/Data/corr_sacc/padded/JITT53_padded.asc"
"3112",52,56,3,52,1,5587788,5592215,4427,1,0,0,"C:/Data/corr_sacc/padded/JITT53_padded.asc"
"3113",52,55,2,53,1,5638070,5639917,1847,1,0,0,"C:/Data/corr_sacc/padded/JITT53_padded.asc"
"3114",52,31,2,54,1,5694614,5696446,1832,0,0,1,"C:/Data/corr_sacc/padded/JITT53_padded.asc"
"3115",52,43,2,55,1,5709607,5711028,1421,0,0,1,"C:/Data/corr_sacc/padded/JITT53_padded.asc"
"3116",52,29,3,56,1,5723597,5725243,1646,0,0,1,"C:/Data/corr_sacc/padded/JITT53_padded.asc"
"3117",52,41,3,57,1,5731724,5733251,1527,0,0,1,"C:/Data/corr_sacc/padded/JITT53_padded.asc"
"3118",52,36,1,58,1,5750610,5752824,2214,0,0,1,"C:/Data/corr_sacc/padded/JITT53_padded.asc"
"3119",52,47,3,59,1,5767277,5769272,1995,0,0,1,"C:/Data/corr_sacc/padded/JITT53_padded.asc"
"3120",52,57,1,60,1,5795291,5798831,3540,1,0,0,"C:/Data/corr_sacc/padded/JITT53_padded.asc"
"3121",53,29,1,1,1,7918536,7920249,1713,0,0,1,"C:/Data/corr_sacc/padded/JITT54_padded.asc"
"3122",53,8,1,2,1,7973543,7975668,2125,1,1,1,"C:/Data/corr_sacc/padded/JITT54_padded.asc"
"3123",53,54,2,3,1,8001084,8003035,1951,1,1,1,"C:/Data/corr_sacc/padded/JITT54_padded.asc"
"3124",53,21,2,4,1,8045353,8047348,1995,0,0,1,"C:/Data/corr_sacc/padded/JITT54_padded.asc"
"3125",53,24,2,5,1,8067227,8069402,2175,0,0,1,"C:/Data/corr_sacc/padded/JITT54_padded.asc"
"3126",53,30,2,6,1,8133202,8135008,1806,0,0,1,"C:/Data/corr_sacc/padded/JITT54_padded.asc"
"3127",53,27,2,7,1,8160259,8162316,2057,0,0,1,"C:/Data/corr_sacc/padded/JITT54_padded.asc"
"3128",53,39,2,8,1,8172150,8173899,1749,0,0,1,"C:/Data/corr_sacc/padded/JITT54_padded.asc"
"3129",53,4,3,9,1,8188864,8190744,1880,1,1,1,"C:/Data/corr_sacc/padded/JITT54_padded.asc"
"3130",53,2,1,10,1,8232535,8234557,2022,1,1,1,"C:/Data/corr_sacc/padded/JITT54_padded.asc"
"3131",53,16,3,11,1,8259615,8261716,2101,1,1,1,"C:/Data/corr_sacc/padded/JITT54_padded.asc"
"3132",53,57,2,12,1,8268028,8272092,4064,1,0,0,"C:/Data/corr_sacc/padded/JITT54_padded.asc"
"3133",53,11,1,13,1,8308551,8310387,1836,1,1,1,"C:/Data/corr_sacc/padded/JITT54_padded.asc"
"3134",53,36,2,14,1,8318772,8320917,2145,0,0,1,"C:/Data/corr_sacc/padded/JITT54_padded.asc"
"3135",53,26,1,15,1,8329072,8331224,2152,0,0,1,"C:/Data/corr_sacc/padded/JITT54_padded.asc"
"3136",53,41,1,16,1,8338266,8339684,1418,0,0,1,"C:/Data/corr_sacc/padded/JITT54_padded.asc"
"3137",53,38,1,17,1,8355964,8357423,1459,0,0,1,"C:/Data/corr_sacc/padded/JITT54_padded.asc"
"3138",53,43,3,18,1,8370452,8371932,1480,0,0,1,"C:/Data/corr_sacc/padded/JITT54_padded.asc"
"3139",53,18,2,19,1,8458596,8460773,2177,1,1,1,"C:/Data/corr_sacc/padded/JITT54_padded.asc"
"3140",53,35,1,20,1,8512360,8514154,1794,0,0,1,"C:/Data/corr_sacc/padded/JITT54_padded.asc"
"3141",53,32,1,21,1,8526199,8528270,2071,0,0,1,"C:/Data/corr_sacc/padded/JITT54_padded.asc"
"3142",53,13,3,22,1,8547365,8548868,1503,1,1,1,"C:/Data/corr_sacc/padded/JITT54_padded.asc"
"3143",53,20,1,23,1,8557683,8559062,1379,1,1,1,"C:/Data/corr_sacc/padded/JITT54_padded.asc"
"3144",53,14,1,24,1,8587891,8589784,1893,1,1,1,"C:/Data/corr_sacc/padded/JITT54_padded.asc"
"3145",53,59,1,25,1,8647457,8649344,1887,0,0,1,"C:/Data/corr_sacc/padded/JITT54_padded.asc"
"3146",53,60,2,26,1,8655746,8657772,2026,0,0,1,"C:/Data/corr_sacc/padded/JITT54_padded.asc"
"3147",53,10,3,27,1,8686390,8688247,1857,1,1,1,"C:/Data/corr_sacc/padded/JITT54_padded.asc"
"3148",53,15,2,28,1,8697920,8700015,2095,1,1,1,"C:/Data/corr_sacc/padded/JITT54_padded.asc"
"3149",53,58,3,29,1,8704805,8707351,2546,0,0,1,"C:/Data/corr_sacc/padded/JITT54_padded.asc"
"3150",53,22,3,30,1,8729257,8731480,2223,0,0,1,"C:/Data/corr_sacc/padded/JITT54_padded.asc"
"3151",53,55,3,31,1,8740601,8742136,1535,1,0,0,"C:/Data/corr_sacc/padded/JITT54_padded.asc"
"3152",53,19,3,32,1,8751163,8752725,1562,1,1,1,"C:/Data/corr_sacc/padded/JITT54_padded.asc"
"3153",53,1,3,33,1,8810818,8812983,2165,1,1,1,"C:/Data/corr_sacc/padded/JITT54_padded.asc"
"3154",53,37,3,34,1,8835194,8836611,1417,0,0,1,"C:/Data/corr_sacc/padded/JITT54_padded.asc"
"3155",53,42,2,35,1,8887358,8888813,1455,1,1,1,"C:/Data/corr_sacc/padded/JITT54_padded.asc"
"3156",53,3,2,36,1,8926160,8928423,2263,1,1,1,"C:/Data/corr_sacc/padded/JITT54_padded.asc"
"3157",53,44,1,37,1,8938447,8942188,3741,1,1,1,"C:/Data/corr_sacc/padded/JITT54_padded.asc"
"3158",53,12,2,38,1,8951271,8952895,1624,1,1,1,"C:/Data/corr_sacc/padded/JITT54_padded.asc"
"3159",53,23,1,39,1,9079955,9082158,2203,0,0,1,"C:/Data/corr_sacc/padded/JITT54_padded.asc"
"3160",53,50,1,40,1,9094906,9098111,3205,1,1,1,"C:/Data/corr_sacc/padded/JITT54_padded.asc"
"3161",53,46,3,41,1,9107678,9109633,1955,1,1,1,"C:/Data/corr_sacc/padded/JITT54_padded.asc"
"3162",53,45,2,42,1,9123632,9126728,3096,0,0,1,"C:/Data/corr_sacc/padded/JITT54_padded.asc"
"3163",53,5,1,43,1,9152977,9154981,2004,1,1,1,"C:/Data/corr_sacc/padded/JITT54_padded.asc"
"3164",53,7,3,44,1,9220219,9223342,3123,1,1,1,"C:/Data/corr_sacc/padded/JITT54_padded.asc"
"3165",53,49,3,45,1,9230017,9232209,2192,0,0,1,"C:/Data/corr_sacc/padded/JITT54_padded.asc"
"3166",53,47,1,46,1,9246526,9251838,5312,0,1,0,"C:/Data/corr_sacc/padded/JITT54_padded.asc"
"3167",53,40,3,47,1,9288420,9289907,1487,0,0,1,"C:/Data/corr_sacc/padded/JITT54_padded.asc"
"3168",53,56,1,48,1,9296331,9299574,3243,1,0,0,"C:/Data/corr_sacc/padded/JITT54_padded.asc"
"3169",53,31,3,49,1,9326141,9328046,1905,0,0,1,"C:/Data/corr_sacc/padded/JITT54_padded.asc"
"3170",53,51,2,50,1,9357746,9359590,1844,0,0,1,"C:/Data/corr_sacc/padded/JITT54_padded.asc"
"3171",53,28,3,51,1,9380963,9382896,1933,0,0,1,"C:/Data/corr_sacc/padded/JITT54_padded.asc"
"3172",53,34,3,52,1,9399119,9401854,2735,0,0,1,"C:/Data/corr_sacc/padded/JITT54_padded.asc"
"3173",53,33,2,53,1,9416761,9418183,1422,0,0,1,"C:/Data/corr_sacc/padded/JITT54_padded.asc"
"3174",53,6,2,54,1,9437442,9439280,1838,1,1,1,"C:/Data/corr_sacc/padded/JITT54_padded.asc"
"3175",53,9,2,55,1,9455774,9458129,2355,1,1,1,"C:/Data/corr_sacc/padded/JITT54_padded.asc"
"3176",53,53,1,56,1,9472055,9473739,1684,0,0,1,"C:/Data/corr_sacc/padded/JITT54_padded.asc"
"3177",53,52,3,57,1,9526225,9528476,2251,1,1,1,"C:/Data/corr_sacc/padded/JITT54_padded.asc"
"3178",53,25,3,58,1,9536929,9538804,1875,0,0,1,"C:/Data/corr_sacc/padded/JITT54_padded.asc"
"3179",53,48,2,59,1,9545675,9548432,2757,1,1,1,"C:/Data/corr_sacc/padded/JITT54_padded.asc"
"3180",53,17,1,60,1,9606498,9607881,1383,1,1,1,"C:/Data/corr_sacc/padded/JITT54_padded.asc"
"3181",54,37,1,1,1,14541155,14543047,1892,0,0,1,"C:/Data/corr_sacc/padded/JITT55_padded.asc"
"3182",54,34,1,2,1,14595495,14599581,4086,0,0,1,"C:/Data/corr_sacc/padded/JITT55_padded.asc"
"3183",54,40,1,3,1,14639377,14641055,1678,0,0,1,"C:/Data/corr_sacc/padded/JITT55_padded.asc"
"3184",54,57,3,4,1,14661465,14666777,5312,1,0,0,"C:/Data/corr_sacc/padded/JITT55_padded.asc"
"3185",54,23,2,5,1,14682971,14685069,2098,0,0,1,"C:/Data/corr_sacc/padded/JITT55_padded.asc"
"3186",54,4,1,6,1,14722201,14724438,2237,1,1,1,"C:/Data/corr_sacc/padded/JITT55_padded.asc"
"3187",54,38,2,7,1,14732752,14734734,1982,0,0,1,"C:/Data/corr_sacc/padded/JITT55_padded.asc"
"3188",54,17,2,8,1,14797069,14799394,2325,1,1,1,"C:/Data/corr_sacc/padded/JITT55_padded.asc"
"3189",54,56,2,9,1,14855781,14859814,4033,1,0,0,"C:/Data/corr_sacc/padded/JITT55_padded.asc"
"3190",54,24,3,10,1,14918208,14920086,1878,0,0,1,"C:/Data/corr_sacc/padded/JITT55_padded.asc"
"3191",54,55,1,11,1,14942196,14944599,2403,1,0,0,"C:/Data/corr_sacc/padded/JITT55_padded.asc"
"3192",54,36,3,12,1,14975787,14979563,3776,0,0,1,"C:/Data/corr_sacc/padded/JITT55_padded.asc"
"3193",54,50,2,13,1,14995383,14997655,2272,1,1,1,"C:/Data/corr_sacc/padded/JITT55_padded.asc"
"3194",54,11,2,14,1,15014316,15017002,2686,1,1,1,"C:/Data/corr_sacc/padded/JITT55_padded.asc"
"3195",54,51,3,15,1,15118131,15120148,2017,0,0,1,"C:/Data/corr_sacc/padded/JITT55_padded.asc"
"3196",54,59,2,16,1,15311000,15313089,2089,0,0,1,"C:/Data/corr_sacc/padded/JITT55_padded.asc"
"3197",54,22,1,17,1,15346603,15349039,2436,0,0,1,"C:/Data/corr_sacc/padded/JITT55_padded.asc"
"3198",54,9,3,18,1,15364634,15367356,2722,1,1,1,"C:/Data/corr_sacc/padded/JITT55_padded.asc"
"3199",54,15,3,19,1,15382970,15385554,2584,1,1,1,"C:/Data/corr_sacc/padded/JITT55_padded.asc"
"3200",54,48,3,20,1,15392548,15394587,2039,1,1,1,"C:/Data/corr_sacc/padded/JITT55_padded.asc"
"3201",54,28,1,21,1,15408882,15411283,2401,0,0,1,"C:/Data/corr_sacc/padded/JITT55_padded.asc"
"3202",54,54,3,22,1,15446492,15449276,2784,1,1,1,"C:/Data/corr_sacc/padded/JITT55_padded.asc"
"3203",54,60,3,23,1,15487292,15489530,2238,0,0,1,"C:/Data/corr_sacc/padded/JITT55_padded.asc"
"3204",54,20,2,24,1,15515726,15518716,2990,1,1,1,"C:/Data/corr_sacc/padded/JITT55_padded.asc"
"3205",54,2,2,25,1,15554480,15557854,3374,1,1,1,"C:/Data/corr_sacc/padded/JITT55_padded.asc"
"3206",54,10,1,26,1,15611830,15614907,3077,1,1,1,"C:/Data/corr_sacc/padded/JITT55_padded.asc"
"3207",54,8,2,27,1,15631255,15633758,2503,1,1,1,"C:/Data/corr_sacc/padded/JITT55_padded.asc"
"3208",54,14,2,28,1,15686354,15688014,1660,1,1,1,"C:/Data/corr_sacc/padded/JITT55_padded.asc"
"3209",54,33,3,29,1,15699342,15702047,2705,0,0,1,"C:/Data/corr_sacc/padded/JITT55_padded.asc"
"3210",54,16,1,30,1,15709264,15711767,2503,1,1,1,"C:/Data/corr_sacc/padded/JITT55_padded.asc"
"3211",54,44,2,31,1,15723604,15726287,2683,1,1,1,"C:/Data/corr_sacc/padded/JITT55_padded.asc"
"3212",54,47,2,32,1,15864226,15866680,2454,0,0,1,"C:/Data/corr_sacc/padded/JITT55_padded.asc"
"3213",54,53,2,33,1,16000580,16002235,1655,0,0,1,"C:/Data/corr_sacc/padded/JITT55_padded.asc"
"3214",54,39,3,34,1,16021798,16023665,1867,0,0,1,"C:/Data/corr_sacc/padded/JITT55_padded.asc"
"3215",54,43,1,35,1,16039387,16041681,2294,0,0,1,"C:/Data/corr_sacc/padded/JITT55_padded.asc"
"3216",54,30,3,36,1,16050229,16052209,1980,0,0,1,"C:/Data/corr_sacc/padded/JITT55_padded.asc"
"3217",54,45,3,37,1,16062044,16064249,2205,0,0,1,"C:/Data/corr_sacc/padded/JITT55_padded.asc"
"3218",54,52,1,38,1,16098314,16105554,7240,1,1,1,"C:/Data/corr_sacc/padded/JITT55_padded.asc"
"3219",54,21,3,39,1,16145452,16147931,2479,0,0,1,"C:/Data/corr_sacc/padded/JITT55_padded.asc"
"3220",54,35,2,40,1,16165130,16167714,2584,0,0,1,"C:/Data/corr_sacc/padded/JITT55_padded.asc"
"3221",54,46,1,41,1,16203704,16209020,5316,1,1,1,"C:/Data/corr_sacc/padded/JITT55_padded.asc"
"3222",54,26,2,42,1,16223827,16226342,2515,0,0,1,"C:/Data/corr_sacc/padded/JITT55_padded.asc"
"3223",54,49,1,43,1,16250021,16253323,3302,0,0,1,"C:/Data/corr_sacc/padded/JITT55_padded.asc"
"3224",54,3,3,44,1,16261223,16265148,3925,1,1,1,"C:/Data/corr_sacc/padded/JITT55_padded.asc"
"3225",54,6,3,45,1,16273119,16274916,1797,1,1,1,"C:/Data/corr_sacc/padded/JITT55_padded.asc"
"3226",54,13,1,46,1,16306197,16308428,2231,1,1,1,"C:/Data/corr_sacc/padded/JITT55_padded.asc"
"3227",54,12,3,47,1,16320420,16322605,2185,1,1,1,"C:/Data/corr_sacc/padded/JITT55_padded.asc"
"3228",54,42,3,48,1,16338262,16340716,2454,1,1,1,"C:/Data/corr_sacc/padded/JITT55_padded.asc"
"3229",54,41,2,49,1,16353669,16355325,1656,0,0,1,"C:/Data/corr_sacc/padded/JITT55_padded.asc"
"3230",54,5,2,50,1,16363709,16367030,3321,1,1,1,"C:/Data/corr_sacc/padded/JITT55_padded.asc"
"3231",54,18,3,51,1,16402393,16404949,2556,1,1,1,"C:/Data/corr_sacc/padded/JITT55_padded.asc"
"3232",54,19,1,52,1,16420977,16422697,1720,1,1,1,"C:/Data/corr_sacc/padded/JITT55_padded.asc"
"3233",54,32,2,53,1,16455665,16457792,2127,0,0,1,"C:/Data/corr_sacc/padded/JITT55_padded.asc"
"3234",54,7,1,54,1,16470854,16474453,3599,1,1,1,"C:/Data/corr_sacc/padded/JITT55_padded.asc"
"3235",54,58,1,55,1,16494359,16496576,2217,0,0,1,"C:/Data/corr_sacc/padded/JITT55_padded.asc"
"3236",54,27,3,56,1,16514217,16516414,2197,0,0,1,"C:/Data/corr_sacc/padded/JITT55_padded.asc"
"3237",54,25,1,57,1,16536379,16538229,1850,0,0,1,"C:/Data/corr_sacc/padded/JITT55_padded.asc"
"3238",54,31,1,58,1,16552992,16554710,1718,0,0,1,"C:/Data/corr_sacc/padded/JITT55_padded.asc"
"3239",54,29,2,59,1,16562176,16565071,2895,0,0,1,"C:/Data/corr_sacc/padded/JITT55_padded.asc"
"3240",54,1,1,60,1,16572866,16575898,3032,1,1,1,"C:/Data/corr_sacc/padded/JITT55_padded.asc"
