"","sub","item","cond","seq","SFIX","EFIX","xPos","yPos","fix_num","fix_dur","sacc_dur","sent","line","word","word.1","char_trial","char_line","wordID","land_pos","sacc_len","blink","outOfBnds","outsideText","hasText","time_since_start","reMapped","word_line","max_char_line","regress","regress2nd","Rtn_sweep","Rtn_sweep_type","filename","prev_RS","next_RS","prevChar","nextChar","prevX","nextX","prevY","prev_max_char_line","launchSite","landStart","undersweep_prob"
"1",1,47,2,1,1272551,1272725,441.6,520.9,1,174,22,1,1,2,2,7,7,"owners",3,NA,0,0,0,1,796,0,2,62,0,NA,0,NA,"C:/Data/corr_sacc/asc/JITT1.asc",0,0,NA,19,NA,644.8,NA,NA,NA,7,NA
"2",1,47,2,1,1272755,1273057,644.8,512.4,2,302,29,1,1,5,5,19,19,"new",1,12,0,0,0,1,1000,0,5,62,0,NA,0,NA,"C:/Data/corr_sacc/asc/JITT1.asc",0,0,7,32,441.6,882.5,520.9,62,55,19,NA
"3",1,47,2,1,1273096,1273298,882.5,515.3,3,202,38,1,1,7,7,32,32,"thought",4,13,0,0,0,1,1341,0,7,62,0,NA,0,NA,"C:/Data/corr_sacc/asc/JITT1.asc",0,0,19,40,644.8,1032.4,512.4,62,43,32,NA
"4",1,47,2,1,1273326,1273511,1032.4,505.3,4,185,27,1,1,9,9,40,40,"would",1,8,0,0,0,1,1571,0,9,62,0,NA,0,NA,"C:/Data/corr_sacc/asc/JITT1.asc",0,0,32,53,882.5,1264,515.3,62,30,40,NA
"5",1,47,2,1,1273545,1273707,1264,490.1,5,162,33,1,1,12,12,53,53,"to",0,13,0,0,0,1,1790,0,12,62,0,NA,0,NA,"C:/Data/corr_sacc/asc/JITT1.asc",0,0,40,60,1032.4,1393,505.3,62,22,53,NA
"6",1,47,2,1,1273733,1273898,1393,487.8,6,165,25,1,1,13,13,60,60,"take",4,7,0,0,0,1,1978,0,13,62,0,NA,0,NA,"C:/Data/corr_sacc/asc/JITT1.asc",1,0,53,2,1264,344.4,490.1,62,9,60,NA
"7",1,47,2,1,1273972,1274113,344.4,713.6,7,141,73,1,2,15,15,64,2,"perfect",2,58,0,0,0,1,2217,0,1,49,0,NA,1,"undersweep","C:/Data/corr_sacc/asc/JITT1.asc",0,0,60,NA,1393,313.8,487.8,62,2,2,1
"8",1,47,2,1,1274126,1274268,313.8,699.4,8,142,12,NA,2,NA,NA,NA,NA,NA,NA,NA,0,0,1,1,2371,NA,NA,49,NA,NA,0,NA,"C:/Data/corr_sacc/asc/JITT1.asc",0,1,2,10,344.4,490.8,713.6,49,47,5,NA
"9",1,47,2,1,1274301,1274457,490.8,707.7,9,156,32,1,2,16,16,72,10,"picture",2,NA,0,0,0,1,2546,0,2,49,0,NA,0,NA,"C:/Data/corr_sacc/asc/JITT1.asc",0,0,NA,18,313.8,630.3,699.4,49,NA,10,NA
"10",1,47,2,1,1274483,1274654,630.3,707.8,10,171,25,1,2,17,17,80,18,"of",2,8,0,0,0,1,2728,0,3,49,0,NA,0,NA,"C:/Data/corr_sacc/asc/JITT1.asc",0,0,10,24,490.8,748.6,707.7,49,39,18,NA
"11",1,47,2,1,1274677,1274831,748.6,709.6,11,154,22,1,2,18,18,86,24,"their",5,6,0,0,0,1,2922,0,4,49,0,NA,0,NA,"C:/Data/corr_sacc/asc/JITT1.asc",0,0,18,32,630.3,881,707.8,49,31,24,NA
"12",1,47,2,1,1274857,1275072,881,706.8,12,215,25,1,2,20,20,94,32,"first",1,8,0,0,0,1,3102,0,6,49,0,NA,0,NA,"C:/Data/corr_sacc/asc/JITT1.asc",0,0,24,37,748.6,980.4,709.6,49,25,32,NA
"13",1,47,2,1,1275097,1275251,980.4,696.5,13,154,24,1,2,21,21,99,37,"day",0,5,0,0,0,1,3342,0,7,49,0,NA,0,NA,"C:/Data/corr_sacc/asc/JITT1.asc",0,0,32,42,881,1059.3,706.8,49,17,37,NA
"14",1,47,2,1,1275275,1275468,1059.3,705.3,14,193,23,1,2,22,22,104,42,"at",1,5,0,0,0,1,3520,0,8,49,0,NA,0,NA,"C:/Data/corr_sacc/asc/JITT1.asc",NA,0,37,NA,980.4,NA,696.5,49,12,42,NA
"15",1,47,2,1,NA,NA,NA,NA,NA,NA,NA,1,1,1,NA,NA,NA,"The",NA,NA,NA,NA,NA,NA,NA,NA,1,NA,NA,NA,NA,NA,"C:/Data/corr_sacc/asc/JITT1.asc",NA,0,42,NA,1059.3,NA,705.3,49,7,NA,NA
"16",1,47,2,1,NA,NA,NA,NA,NA,NA,NA,1,1,3,NA,NA,NA,"of",NA,NA,NA,NA,NA,NA,NA,NA,3,NA,NA,NA,NA,NA,"C:/Data/corr_sacc/asc/JITT1.asc",NA,NA,NA,NA,NA,NA,NA,NA,NA,NA,NA
"17",1,47,2,1,NA,NA,NA,NA,NA,NA,NA,1,1,4,NA,NA,NA,"the",NA,NA,NA,NA,NA,NA,NA,NA,4,NA,NA,NA,NA,NA,"C:/Data/corr_sacc/asc/JITT1.asc",NA,NA,NA,NA,NA,NA,NA,NA,NA,NA,NA
"18",1,47,2,1,NA,NA,NA,NA,NA,NA,NA,1,1,6,NA,NA,NA,"puppy",NA,NA,NA,NA,NA,NA,NA,NA,6,NA,NA,NA,NA,NA,"C:/Data/corr_sacc/asc/JITT1.asc",NA,NA,NA,NA,NA,NA,NA,NA,NA,NA,NA
"19",1,47,2,1,NA,NA,NA,NA,NA,NA,NA,1,1,8,NA,NA,NA,"it",NA,NA,NA,NA,NA,NA,NA,NA,8,NA,NA,NA,NA,NA,"C:/Data/corr_sacc/asc/JITT1.asc",NA,NA,NA,NA,NA,NA,NA,NA,NA,NA,NA
"20",1,47,2,1,NA,NA,NA,NA,NA,NA,NA,1,1,10,NA,NA,NA,"be",NA,NA,NA,NA,NA,NA,NA,NA,10,NA,NA,NA,NA,NA,"C:/Data/corr_sacc/asc/JITT1.asc",NA,NA,NA,NA,NA,NA,NA,NA,NA,NA,NA
"21",1,47,2,1,NA,NA,NA,NA,NA,NA,NA,1,1,11,NA,NA,NA,"nice",NA,NA,NA,NA,NA,NA,NA,NA,11,NA,NA,NA,NA,NA,"C:/Data/corr_sacc/asc/JITT1.asc",NA,NA,NA,NA,NA,NA,NA,NA,NA,NA,NA
"22",1,47,2,1,NA,NA,NA,NA,NA,NA,NA,1,1,14,NA,NA,NA,"a",NA,NA,NA,NA,NA,NA,NA,NA,14,NA,NA,NA,NA,NA,"C:/Data/corr_sacc/asc/JITT1.asc",NA,NA,NA,NA,NA,NA,NA,NA,NA,NA,NA
"23",1,47,2,1,NA,NA,NA,NA,NA,NA,NA,1,2,19,NA,NA,NA,"pet's",NA,NA,NA,NA,NA,NA,NA,NA,5,NA,NA,NA,NA,NA,"C:/Data/corr_sacc/asc/JITT1.asc",NA,NA,NA,NA,NA,NA,NA,NA,NA,NA,NA
"24",1,47,2,1,NA,NA,NA,NA,NA,NA,NA,1,2,23,NA,NA,NA,"home.",NA,NA,NA,NA,NA,NA,NA,NA,9,NA,NA,NA,NA,NA,"C:/Data/corr_sacc/asc/JITT1.asc",0,NA,NA,NA,NA,NA,NA,NA,NA,NA,NA
"25",1,85,1,2,1282342,1282536,444,519.8,1,194,22,1,1,1,1,6,6,"Though",6,NA,0,0,0,1,710,0,1,55,0,NA,0,NA,"C:/Data/corr_sacc/asc/JITT1.asc",0,0,NA,2,NA,375.7,NA,NA,NA,6,NA
"26",1,85,1,2,1282558,1282819,375.7,523.4,2,261,21,1,1,1,1,2,2,"Though",2,4,0,0,0,1,926,0,1,55,0,NA,0,NA,"C:/Data/corr_sacc/asc/JITT1.asc",0,0,6,11,444,533,519.8,55,49,2,NA
"27",1,85,1,2,1282845,1282997,533,518.3,3,152,25,1,1,2,2,11,11,"Sammy",4,9,0,0,0,1,1213,0,2,55,0,NA,0,NA,"C:/Data/corr_sacc/asc/JITT1.asc",0,0,2,16,375.7,630.1,523.4,55,53,11,NA
"28",1,85,1,2,1283020,1283257,630.1,518.9,4,237,22,1,1,3,3,16,16,"was",3,5,0,0,0,1,1388,0,3,55,0,NA,0,NA,"C:/Data/corr_sacc/asc/JITT1.asc",0,0,11,22,533,732.3,518.3,55,44,16,NA
"29",1,85,1,2,1283276,1283377,732.3,511.8,5,101,18,1,1,5,5,22,22,"delighted,",0,6,0,0,0,1,1644,0,5,55,0,NA,0,NA,"C:/Data/corr_sacc/asc/JITT1.asc",0,0,16,34,630.1,952.2,518.9,55,39,22,NA
"30",1,85,1,2,1283418,1283697,952.2,501.7,6,279,40,1,1,6,6,34,34,"he",1,12,0,0,0,1,1786,0,6,55,0,NA,0,NA,"C:/Data/corr_sacc/asc/JITT1.asc",0,0,22,39,732.3,1044.4,511.8,55,33,34,NA
"31",1,85,1,2,1283718,1283998,1044.4,492.2,7,280,20,1,1,7,7,39,39,"was",3,5,0,0,0,1,2086,0,7,55,0,NA,0,NA,"C:/Data/corr_sacc/asc/JITT1.asc",0,0,34,48,952.2,1208,501.7,55,21,39,NA
"32",1,85,1,2,1284024,1284164,1208,487.9,8,140,25,1,1,9,9,48,48,"little",6,9,0,0,0,1,2392,0,9,55,0,NA,0,NA,"C:/Data/corr_sacc/asc/JITT1.asc",0,0,39,53,1044.4,1292.4,492.2,55,16,48,NA
"33",1,85,1,2,1284184,1284349,1292.4,495,9,165,19,1,1,10,10,53,53,"uneasy",4,5,0,0,0,1,2552,0,10,55,0,NA,0,NA,"C:/Data/corr_sacc/asc/JITT1.asc",1,0,48,7,1208,466.3,487.9,55,7,53,NA
"34",1,85,1,2,1284411,1284538,466.3,673.3,10,127,61,1,2,12,12,62,7,"he",2,46,0,0,0,1,2779,0,2,49,0,NA,1,"undersweep","C:/Data/corr_sacc/asc/JITT1.asc",0,0,53,1,1292.4,366,495,55,2,7,1
"35",1,85,1,2,1284572,1285004,366,701,11,432,33,1,2,11,11,56,1,"that",1,6,0,0,0,1,2940,0,1,49,1,NA,0,NA,"C:/Data/corr_sacc/asc/JITT1.asc",0,1,7,8,466.3,475,673.3,49,42,1,NA
"36",1,85,1,2,1285025,1285218,475,704.2,12,193,20,1,2,13,13,63,8,"had",0,7,0,0,0,1,3393,0,3,49,0,NA,0,NA,"C:/Data/corr_sacc/asc/JITT1.asc",0,0,1,17,366,651.6,701,49,48,8,NA
"37",1,85,1,2,1285246,1285425,651.6,711.9,13,179,27,1,2,15,15,72,17,"married",0,9,0,0,0,1,3614,0,5,49,0,NA,0,NA,"C:/Data/corr_sacc/asc/JITT1.asc",0,0,8,15,475,610.6,704.2,49,41,17,NA
"38",1,85,1,2,1285442,1285630,610.6,707.4,14,188,16,1,2,14,14,70,15,"just",3,2,0,0,0,1,3810,0,4,49,1,NA,0,NA,"C:/Data/corr_sacc/asc/JITT1.asc",0,0,17,33,651.6,931.3,711.9,49,32,15,NA
"39",1,85,1,2,1285666,1285916,931.3,690.7,15,250,35,1,2,17,17,88,33,"criminal's",4,18,0,0,0,1,4034,0,7,49,0,NA,0,NA,"C:/Data/corr_sacc/asc/JITT1.asc",0,0,15,28,610.6,847.5,707.4,49,34,33,NA
"40",1,85,1,2,1285938,1286206,847.5,691.9,16,268,21,1,2,16,16,83,28,"the",3,5,0,0,0,1,4306,0,6,49,1,NA,0,NA,"C:/Data/corr_sacc/asc/JITT1.asc",0,0,33,45,931.3,1148.8,690.7,49,16,28,NA
"41",1,85,1,2,1286243,1286617,1148.8,677.2,17,374,36,1,2,18,18,100,45,"daughter.",5,17,0,0,0,1,4611,0,8,49,0,NA,0,NA,"C:/Data/corr_sacc/asc/JITT1.asc",NA,0,28,NA,847.5,NA,691.9,49,21,45,NA
"42",1,85,1,2,NA,NA,NA,NA,NA,NA,NA,1,1,4,NA,NA,NA,"very",NA,NA,NA,NA,NA,NA,NA,NA,4,NA,NA,NA,NA,NA,"C:/Data/corr_sacc/asc/JITT1.asc",NA,0,45,NA,1148.8,NA,677.2,49,4,NA,NA
"43",1,85,1,2,NA,NA,NA,NA,NA,NA,NA,1,1,8,NA,NA,NA,"a",NA,NA,NA,NA,NA,NA,NA,NA,8,NA,NA,NA,NA,NA,"C:/Data/corr_sacc/asc/JITT1.asc",0,NA,NA,NA,NA,NA,NA,NA,NA,NA,NA
"44",1,25,1,3,1296060,1296167,505.7,492.3,1,107,23,1,1,2,2,8,8,"rumour",4,NA,0,0,0,1,774,0,2,54,0,NA,0,NA,"C:/Data/corr_sacc/asc/JITT1.asc",0,0,NA,16,NA,640.7,NA,NA,NA,8,NA
"45",1,25,1,3,1296192,1296396,640.7,481.8,2,204,24,1,1,4,4,16,16,"that",2,8,0,0,0,1,906,0,4,54,0,NA,0,NA,"C:/Data/corr_sacc/asc/JITT1.asc",0,0,8,27,505.7,837.9,492.3,54,46,16,NA
"46",1,25,1,3,1296425,1296788,837.9,480.3,3,363,28,1,1,6,6,27,27,"uninhabited",4,11,0,0,0,1,1139,0,6,54,0,NA,0,NA,"C:/Data/corr_sacc/asc/JITT1.asc",0,0,16,36,640.7,996.8,481.8,54,38,27,NA
"47",1,25,1,3,1296814,1296978,996.8,473.6,4,164,25,1,1,7,7,36,36,"island",1,9,0,0,0,1,1528,0,7,54,0,NA,0,NA,"C:/Data/corr_sacc/asc/JITT1.asc",0,0,27,40,837.9,1070.3,480.3,54,27,36,NA
"48",1,25,1,3,1297000,1297168,1070.3,480.6,5,168,21,1,1,7,7,40,40,"island",5,4,0,0,0,1,1714,0,7,54,0,NA,0,NA,"C:/Data/corr_sacc/asc/JITT1.asc",0,0,36,49,996.8,1231.8,473.6,54,18,40,NA
"49",1,25,1,3,1297198,1297323,1231.8,469.7,6,125,29,1,1,9,9,49,49,"this",4,9,0,0,0,1,1912,0,9,54,0,NA,0,NA,"C:/Data/corr_sacc/asc/JITT1.asc",0,0,40,18,1070.3,686.5,480.6,54,14,49,NA
"50",1,25,1,3,1297377,1297482,686.5,479.9,7,105,53,1,1,4,4,18,18,"that",4,31,0,0,0,1,2091,0,4,54,1,NA,0,NA,"C:/Data/corr_sacc/asc/JITT1.asc",0,0,49,4,1231.8,435.9,469.7,54,5,18,NA
"51",1,25,1,3,1297511,1297680,435.9,485.9,8,169,28,1,1,2,2,4,4,"rumour",0,14,0,0,0,1,2225,0,2,54,1,NA,0,NA,"C:/Data/corr_sacc/asc/JITT1.asc",0,0,18,13,686.5,599.5,479.9,54,36,4,NA
"52",1,25,1,3,1297707,1297927,599.5,469,9,220,26,1,1,3,3,13,13,"is",2,9,0,0,0,1,2421,0,3,54,1,NA,0,NA,"C:/Data/corr_sacc/asc/JITT1.asc",0,0,4,19,435.9,704.6,485.9,54,50,13,NA
"53",1,25,1,3,1297950,1298132,704.6,458.7,10,182,22,1,1,5,5,19,19,"the",0,6,0,0,0,1,2664,0,5,54,1,NA,0,NA,"C:/Data/corr_sacc/asc/JITT1.asc",0,0,13,24,599.5,787.3,469,54,41,19,NA
"54",1,25,1,3,1298153,1298311,787.3,459.7,11,158,20,1,1,6,6,24,24,"uninhabited",1,5,0,0,0,1,2867,0,6,54,1,NA,0,NA,"C:/Data/corr_sacc/asc/JITT1.asc",0,0,19,29,704.6,878.6,458.7,54,35,24,NA
"55",1,25,1,3,1298333,1298632,878.6,452.1,12,299,21,1,1,6,6,29,29,"uninhabited",6,5,0,0,0,1,3047,0,6,54,1,NA,0,NA,"C:/Data/corr_sacc/asc/JITT1.asc",0,0,24,33,787.3,946.1,459.7,54,30,29,NA
"56",1,25,1,3,1298652,1298781,946.1,446.4,13,129,19,1,1,6,6,33,33,"uninhabited",10,4,0,0,0,1,3366,0,6,54,1,NA,0,NA,"C:/Data/corr_sacc/asc/JITT1.asc",0,0,29,41,878.6,1096.4,452.1,54,25,33,NA
"57",1,25,1,3,1298808,1298980,1096.4,452.3,14,172,26,1,1,7,7,41,41,"island",6,8,0,0,0,1,3522,0,7,54,1,NA,0,NA,"C:/Data/corr_sacc/asc/JITT1.asc",0,0,33,46,946.1,1194.3,446.4,54,21,41,NA
"58",1,25,1,3,1299005,1299364,1194.3,465.5,15,359,24,1,1,9,9,46,46,"this",1,5,0,0,0,1,3719,0,9,54,1,NA,0,NA,"C:/Data/corr_sacc/asc/JITT1.asc",0,0,41,51,1096.4,1276,452.3,54,13,46,NA
"59",1,25,1,3,1299386,1299482,1276,474.9,16,96,21,1,1,10,10,51,51,"area",1,5,0,0,0,1,4100,0,10,54,0,NA,0,NA,"C:/Data/corr_sacc/asc/JITT1.asc",1,0,46,9,1194.3,516.2,465.5,54,8,51,NA
"60",1,25,1,3,1299537,1299687,516.2,708,17,150,54,1,2,12,12,63,9,"claimed",5,42,0,0,0,1,4251,0,2,45,0,NA,1,"undersweep","C:/Data/corr_sacc/asc/JITT1.asc",0,0,51,4,1276,430.1,474.9,54,3,9,1
"61",1,25,1,3,1299712,1299897,430.1,678,18,185,24,1,2,12,12,58,4,"claimed",0,5,0,0,0,1,4426,0,2,45,0,NA,0,NA,"C:/Data/corr_sacc/asc/JITT1.asc",0,1,9,3,516.2,417.4,708,45,36,4,NA
"62",1,25,1,3,1299908,1300159,417.4,678.5,19,251,10,1,2,11,11,57,3,"was",3,1,0,0,0,1,4622,0,1,45,1,NA,0,NA,"C:/Data/corr_sacc/asc/JITT1.asc",0,0,4,17,430.1,663.4,678,45,41,3,NA
"63",1,25,1,3,1300190,1300494,663.4,664.2,20,304,30,1,2,15,15,71,17,"group",0,14,0,0,0,1,4904,0,5,45,0,NA,0,NA,"C:/Data/corr_sacc/asc/JITT1.asc",0,0,3,31,417.4,922.4,678.5,45,42,17,NA
"64",1,25,1,3,1300527,1300875,922.4,674.1,21,348,32,1,2,17,17,85,31,"guerrilla",5,14,0,0,0,1,5241,0,7,45,0,NA,0,NA,"C:/Data/corr_sacc/asc/JITT1.asc",0,0,17,40,663.4,1071,664.2,45,28,31,NA
"65",1,25,1,3,1300902,1301052,1071,678.5,22,150,26,1,2,18,18,94,40,"fighters.",4,9,0,0,0,1,5616,0,8,45,0,NA,0,NA,"C:/Data/corr_sacc/asc/JITT1.asc",NA,0,31,NA,922.4,NA,674.1,45,14,40,NA
"66",1,25,1,3,NA,NA,NA,NA,NA,NA,NA,1,1,1,NA,NA,NA,"The",NA,NA,NA,NA,NA,NA,NA,NA,1,NA,NA,NA,NA,NA,"C:/Data/corr_sacc/asc/JITT1.asc",NA,0,40,NA,1071,NA,678.5,45,5,NA,NA
"67",1,25,1,3,NA,NA,NA,NA,NA,NA,NA,1,1,8,NA,NA,NA,"in",NA,NA,NA,NA,NA,NA,NA,NA,8,NA,NA,NA,NA,NA,"C:/Data/corr_sacc/asc/JITT1.asc",NA,NA,NA,NA,NA,NA,NA,NA,NA,NA,NA
"68",1,25,1,3,NA,NA,NA,NA,NA,NA,NA,1,2,13,NA,NA,NA,"by",NA,NA,NA,NA,NA,NA,NA,NA,3,NA,NA,NA,NA,NA,"C:/Data/corr_sacc/asc/JITT1.asc",NA,NA,NA,NA,NA,NA,NA,NA,NA,NA,NA
"69",1,25,1,3,NA,NA,NA,NA,NA,NA,NA,1,2,14,NA,NA,NA,"a",NA,NA,NA,NA,NA,NA,NA,NA,4,NA,NA,NA,NA,NA,"C:/Data/corr_sacc/asc/JITT1.asc",NA,NA,NA,NA,NA,NA,NA,NA,NA,NA,NA
"70",1,25,1,3,NA,NA,NA,NA,NA,NA,NA,1,2,16,NA,NA,NA,"of",NA,NA,NA,NA,NA,NA,NA,NA,6,NA,NA,NA,NA,NA,"C:/Data/corr_sacc/asc/JITT1.asc",0,NA,NA,NA,NA,NA,NA,NA,NA,NA,NA
"71",1,73,1,4,1307164,1307359,458.4,513.3,1,195,24,1,1,2,2,6,6,"businessman",2,NA,0,0,0,1,604,0,2,53,0,NA,0,NA,"C:/Data/corr_sacc/asc/JITT1.asc",0,0,NA,18,NA,678.1,NA,NA,NA,6,NA
"72",1,73,1,4,1307399,1307569,678.1,500.9,2,170,39,1,1,3,3,18,18,"brought",2,12,0,0,0,1,839,0,3,53,0,NA,0,NA,"C:/Data/corr_sacc/asc/JITT1.asc",0,0,6,27,458.4,823.7,513.3,53,47,18,NA
"73",1,73,1,4,1307596,1307809,823.7,488.3,3,213,26,1,1,4,4,27,27,"some",3,9,0,0,0,1,1036,0,4,53,0,NA,0,NA,"C:/Data/corr_sacc/asc/JITT1.asc",0,0,18,35,678.1,980.9,500.9,53,35,27,NA
"74",1,73,1,4,1307835,1307966,980.9,481,4,131,25,1,1,5,5,35,35,"yellow",6,8,0,0,0,1,1275,0,5,53,0,NA,0,NA,"C:/Data/corr_sacc/asc/JITT1.asc",0,0,27,41,823.7,1087.3,488.3,53,26,35,NA
"75",1,73,1,4,1307989,1308139,1087.3,477.6,5,150,22,1,1,6,6,41,41,"coloured",5,6,0,0,0,1,1429,0,6,53,0,NA,0,NA,"C:/Data/corr_sacc/asc/JITT1.asc",0,0,35,50,980.9,1240.1,481,53,18,41,NA
"76",1,73,1,4,1308166,1308427,1240.1,476.1,6,261,26,1,1,7,7,50,50,"dominoes",5,9,0,0,0,1,1606,0,7,53,0,NA,0,NA,"C:/Data/corr_sacc/asc/JITT1.asc",1,0,41,6,1087.3,455.3,477.6,53,12,50,NA
"77",1,73,1,4,1308489,1308643,455.3,696,7,154,61,1,2,9,9,59,6,"was",2,44,0,0,0,1,1929,0,2,42,0,NA,1,"undersweep","C:/Data/corr_sacc/asc/JITT1.asc",0,0,50,4,1240.1,409.9,476.1,53,3,6,1
"78",1,73,1,4,1308662,1308865,409.9,711,8,203,18,1,2,9,9,57,4,"was",0,2,0,0,0,1,2102,0,2,42,0,NA,0,NA,"C:/Data/corr_sacc/asc/JITT1.asc",0,1,6,12,455.3,558.3,696,42,36,4,NA
"79",1,73,1,4,1308890,1309022,558.3,707.8,9,132,24,1,2,10,10,65,12,"playing",4,8,0,0,0,1,2330,0,3,42,0,NA,0,NA,"C:/Data/corr_sacc/asc/JITT1.asc",0,0,4,21,409.9,722.9,711,42,38,12,NA
"80",1,73,1,4,1309048,1309358,722.9,698.4,10,310,25,1,2,12,12,74,21,"them",0,9,0,0,0,1,2488,0,5,42,0,NA,0,NA,"C:/Data/corr_sacc/asc/JITT1.asc",0,0,12,28,558.3,855.7,707.8,42,30,21,NA
"81",1,73,1,4,1309382,1309566,855.7,695.4,11,184,23,1,2,13,13,81,28,"absent-mindedly.",2,7,0,0,0,1,2822,0,6,42,0,NA,0,NA,"C:/Data/corr_sacc/asc/JITT1.asc",0,0,21,31,722.9,903.7,698.4,42,21,28,NA
"82",1,73,1,4,1309584,1309779,903.7,694.1,12,195,17,1,2,13,13,84,31,"absent-mindedly.",5,3,0,0,0,1,3024,0,6,42,0,NA,0,NA,"C:/Data/corr_sacc/asc/JITT1.asc",0,0,28,38,855.7,1036.7,695.4,42,14,31,NA
"83",1,73,1,4,1309805,1310085,1036.7,689,13,280,25,1,2,13,13,91,38,"absent-mindedly.",12,7,0,0,0,1,3245,0,6,42,0,NA,0,NA,"C:/Data/corr_sacc/asc/JITT1.asc",NA,0,31,NA,903.7,NA,694.1,42,11,38,NA
"84",1,73,1,4,NA,NA,NA,NA,NA,NA,NA,1,1,1,NA,NA,NA,"The",NA,NA,NA,NA,NA,NA,NA,NA,1,NA,NA,NA,NA,NA,"C:/Data/corr_sacc/asc/JITT1.asc",NA,0,38,NA,1036.7,NA,689,42,4,NA,NA
"85",1,73,1,4,NA,NA,NA,NA,NA,NA,NA,1,2,8,NA,NA,NA,"and",NA,NA,NA,NA,NA,NA,NA,NA,1,NA,NA,NA,NA,NA,"C:/Data/corr_sacc/asc/JITT1.asc",NA,NA,NA,NA,NA,NA,NA,NA,NA,NA,NA
"86",1,73,1,4,NA,NA,NA,NA,NA,NA,NA,1,2,11,NA,NA,NA,"with",NA,NA,NA,NA,NA,NA,NA,NA,4,NA,NA,NA,NA,NA,"C:/Data/corr_sacc/asc/JITT1.asc",0,NA,NA,NA,NA,NA,NA,NA,NA,NA,NA
"87",1,55,1,5,1323919,1324051,338.2,528.6,1,132,20,1,1,2,2,7,7,"modern",3,NA,0,0,0,1,1126,0,2,51,0,NA,0,NA,"C:/Data/corr_sacc/asc/JITT1.asc",0,0,NA,15,NA,484.7,NA,NA,NA,7,NA
"88",1,55,1,5,1324077,1324315,484.7,536.1,2,238,25,1,1,3,3,15,15,"bookstore",4,8,0,0,0,1,1284,0,3,51,0,NA,0,NA,"C:/Data/corr_sacc/asc/JITT1.asc",0,0,7,25,338.2,659.5,528.6,51,44,15,NA
"89",1,55,1,5,1324342,1324589,659.5,543.5,3,247,26,1,1,4,4,25,25,"downtown",4,10,0,0,0,1,1549,0,4,51,0,NA,0,NA,"C:/Data/corr_sacc/asc/JITT1.asc",0,0,15,34,484.7,814,536.1,51,36,25,NA
"90",1,55,1,5,1324617,1324964,814,535.2,4,347,27,1,1,5,5,34,34,"offers",4,9,0,0,0,1,1824,0,5,51,0,NA,0,NA,"C:/Data/corr_sacc/asc/JITT1.asc",0,0,25,27,659.5,695.7,543.5,51,26,34,NA
"91",1,55,1,5,1324990,1325193,695.7,549.4,5,203,25,1,1,4,4,27,27,"downtown",6,7,0,0,0,1,2197,0,4,51,1,NA,0,NA,"C:/Data/corr_sacc/asc/JITT1.asc",0,0,34,35,814,829.9,535.2,51,17,27,NA
"92",1,55,1,5,1325218,1325592,829.9,520.1,6,374,24,1,1,5,5,35,35,"offers",5,8,0,0,0,1,2425,0,5,51,1,NA,0,NA,"C:/Data/corr_sacc/asc/JITT1.asc",0,0,27,19,695.7,543.6,549.4,51,24,35,NA
"93",1,55,1,5,1325627,1325828,543.6,520,7,201,34,1,1,3,3,19,19,"bookstore",8,16,0,0,0,1,2834,0,3,51,1,NA,0,NA,"C:/Data/corr_sacc/asc/JITT1.asc",0,0,35,8,829.9,349.2,520.1,51,16,19,NA
"94",1,55,1,5,1325854,1326148,349.2,522.4,8,294,25,1,1,2,2,8,8,"modern",4,11,0,0,0,1,3061,0,2,51,1,NA,0,NA,"C:/Data/corr_sacc/asc/JITT1.asc",0,0,19,22,543.6,603.7,520,51,32,8,NA
"95",1,55,1,5,1326190,1326392,603.7,515.9,9,202,41,1,1,4,4,22,22,"downtown",1,14,0,0,0,1,3397,0,4,51,1,NA,0,NA,"C:/Data/corr_sacc/asc/JITT1.asc",0,0,8,30,349.2,747.9,522.4,51,43,22,NA
"96",1,55,1,5,1326425,1326561,747.9,515.7,10,136,32,1,1,5,5,30,30,"offers",0,8,0,0,0,1,3632,0,5,51,1,NA,0,NA,"C:/Data/corr_sacc/asc/JITT1.asc",0,0,22,36,603.7,845.8,515.9,51,29,30,NA
"97",1,55,1,5,1326583,1326736,845.8,517.2,11,153,21,1,1,5,5,36,36,"offers",6,6,0,0,0,1,3790,0,5,51,1,NA,0,NA,"C:/Data/corr_sacc/asc/JITT1.asc",0,0,30,44,747.9,989.7,515.7,51,21,36,NA
"98",1,55,1,5,1326764,1326948,989.7,509.2,12,184,27,1,1,7,7,44,44,"selection",5,8,0,0,0,1,3971,0,7,51,0,NA,0,NA,"C:/Data/corr_sacc/asc/JITT1.asc",0,0,36,49,845.8,1096.8,517.2,51,15,44,NA
"99",1,55,1,5,1326974,1327026,1096.8,510.5,13,52,25,1,1,8,8,49,49,"of",0,5,0,0,0,1,4181,0,8,51,0,NA,0,NA,"C:/Data/corr_sacc/asc/JITT1.asc",1,0,44,5,989.7,292.7,509.2,51,7,49,NA
"100",1,55,1,5,1327100,1327470,292.7,712.3,14,370,73,1,2,9,9,56,5,"intriguing",5,44,0,0,0,1,4307,0,1,45,0,NA,1,"accurate","C:/Data/corr_sacc/asc/JITT1.asc",0,0,49,14,1096.8,455.5,510.5,51,2,5,0
"101",1,55,1,5,1327496,1327718,455.5,705.4,15,222,25,1,2,10,10,65,14,"literature",3,9,0,0,0,1,4703,0,2,45,0,NA,0,NA,"C:/Data/corr_sacc/asc/JITT1.asc",0,1,5,28,292.7,712.5,712.3,45,40,14,NA
"102",1,55,1,5,1327748,1328156,712.5,725,16,408,29,1,2,12,12,79,28,"some",2,14,0,0,0,1,4955,0,4,45,0,NA,0,NA,"C:/Data/corr_sacc/asc/JITT1.asc",0,0,14,33,455.5,807.5,705.4,45,31,28,NA
"103",1,55,1,5,1328179,1328398,807.5,722.5,17,219,22,1,2,13,13,84,33,"new",2,5,0,0,0,1,5386,0,5,45,0,NA,0,NA,"C:/Data/corr_sacc/asc/JITT1.asc",0,0,28,40,712.5,921,725,45,17,33,NA
"104",1,55,1,5,1328423,1328797,921,716.1,18,374,24,1,2,14,14,91,40,"magazines.",5,7,0,0,0,1,5630,0,6,45,0,NA,0,NA,"C:/Data/corr_sacc/asc/JITT1.asc",NA,0,33,NA,807.5,NA,722.5,45,12,40,NA
"105",1,55,1,5,NA,NA,NA,NA,NA,NA,NA,1,1,1,NA,NA,NA,"The",NA,NA,NA,NA,NA,NA,NA,NA,1,NA,NA,NA,NA,NA,"C:/Data/corr_sacc/asc/JITT1.asc",NA,0,40,NA,921,NA,716.1,45,5,NA,NA
"106",1,55,1,5,NA,NA,NA,NA,NA,NA,NA,1,1,6,NA,NA,NA,"a",NA,NA,NA,NA,NA,NA,NA,NA,6,NA,NA,NA,NA,NA,"C:/Data/corr_sacc/asc/JITT1.asc",NA,NA,NA,NA,NA,NA,NA,NA,NA,NA,NA
"107",1,55,1,5,NA,NA,NA,NA,NA,NA,NA,1,2,11,NA,NA,NA,"and",NA,NA,NA,NA,NA,NA,NA,NA,3,NA,NA,NA,NA,NA,"C:/Data/corr_sacc/asc/JITT1.asc",0,NA,NA,NA,NA,NA,NA,NA,NA,NA,NA
"108",1,35,2,6,1345209,1345449,419.6,503.5,1,240,24,1,1,3,3,12,12,"was",2,NA,0,0,0,1,784,0,3,54,0,NA,0,NA,"C:/Data/corr_sacc/asc/JITT1.asc",0,0,NA,18,NA,529.4,NA,NA,NA,12,NA
"109",1,35,2,6,1345473,1345582,529.4,518.3,2,109,23,1,1,4,4,18,18,"rising",4,6,0,0,0,1,1048,0,4,54,0,NA,0,NA,"C:/Data/corr_sacc/asc/JITT1.asc",0,0,12,25,419.6,664.8,503.5,54,42,18,NA
"110",1,35,2,6,1345607,1345876,664.8,513.6,3,269,24,1,1,5,5,25,25,"very",4,7,0,0,0,1,1182,0,5,54,0,NA,0,NA,"C:/Data/corr_sacc/asc/JITT1.asc",0,0,18,38,529.4,897.4,518.3,54,36,25,NA
"111",1,35,2,6,1345907,1346287,897.4,511.3,4,380,30,1,1,8,8,38,38,"the",0,13,0,0,0,1,1482,0,8,54,0,NA,0,NA,"C:/Data/corr_sacc/asc/JITT1.asc",0,0,25,43,664.8,994.5,513.6,54,29,38,NA
"112",1,35,2,6,1346309,1346468,994.5,514.8,5,159,21,1,1,9,9,43,43,"four",1,5,0,0,0,1,1884,0,9,54,0,NA,0,NA,"C:/Data/corr_sacc/asc/JITT1.asc",0,0,38,50,897.4,1114.6,511.3,54,16,43,NA
"113",1,35,2,6,1346494,1346593,1114.6,518.8,6,99,25,1,1,10,10,50,50,"friends",3,7,0,0,0,1,2069,0,10,54,0,NA,0,NA,"C:/Data/corr_sacc/asc/JITT1.asc",1,0,43,4,994.5,277.3,514.8,54,11,50,NA
"114",1,35,2,6,1346657,1346813,277.3,710.1,7,156,63,1,2,11,11,58,4,"jumped",4,46,0,0,0,1,2232,0,1,51,0,NA,1,"undersweep","C:/Data/corr_sacc/asc/JITT1.asc",0,0,50,NA,1114.6,216.1,518.8,54,4,4,1
"115",1,35,2,6,1346844,1346999,216.1,717.6,8,155,30,NA,2,NA,NA,NA,NA,NA,NA,NA,0,0,1,1,2419,NA,NA,51,NA,NA,0,NA,"C:/Data/corr_sacc/asc/JITT1.asc",0,1,4,9,277.3,367.4,710.1,51,47,0,NA
"116",1,35,2,6,1347025,1347248,367.4,723.8,9,223,25,1,2,12,12,63,9,"inside",2,NA,0,0,0,1,2600,0,2,51,0,NA,0,NA,"C:/Data/corr_sacc/asc/JITT1.asc",0,0,NA,16,216.1,500.8,717.6,51,NA,9,NA
"117",1,35,2,6,1347273,1347519,500.8,725.6,10,246,24,1,2,13,13,70,16,"the",2,7,0,0,0,1,2848,0,3,51,0,NA,0,NA,"C:/Data/corr_sacc/asc/JITT1.asc",0,0,9,31,367.4,769,723.8,51,42,16,NA
"118",1,35,2,6,1347568,1347853,769,715.2,11,285,48,1,2,15,15,85,31,"with",4,15,0,0,0,1,3143,0,5,51,0,NA,0,NA,"C:/Data/corr_sacc/asc/JITT1.asc",0,0,16,27,500.8,705.4,725.6,51,35,31,NA
"119",1,35,2,6,1347872,1348281,705.4,720.2,12,409,18,1,2,15,15,81,27,"with",0,4,0,0,0,1,3447,0,5,51,0,NA,0,NA,"C:/Data/corr_sacc/asc/JITT1.asc",0,0,31,38,769,897.2,715.2,51,20,27,NA
"120",1,35,2,6,1348310,1348475,897.2,721.5,13,165,28,1,2,17,17,92,38,"sense",4,11,0,0,0,1,3885,0,7,51,0,NA,0,NA,"C:/Data/corr_sacc/asc/JITT1.asc",0,0,27,44,705.4,1004.5,720.2,51,24,38,NA
"121",1,35,2,6,1348498,1348593,1004.5,717.6,14,95,22,1,2,19,19,98,44,"urgency.",1,6,0,0,0,1,4073,0,9,51,0,NA,0,NA,"C:/Data/corr_sacc/asc/JITT1.asc",NA,0,38,NA,897.2,NA,721.5,51,13,44,NA
"122",1,35,2,6,NA,NA,NA,NA,NA,NA,NA,1,1,1,NA,NA,NA,"The",NA,NA,NA,NA,NA,NA,NA,NA,1,NA,NA,NA,NA,NA,"C:/Data/corr_sacc/asc/JITT1.asc",NA,0,44,NA,1004.5,NA,717.6,51,7,NA,NA
"123",1,35,2,6,NA,NA,NA,NA,NA,NA,NA,1,1,2,NA,NA,NA,"water",NA,NA,NA,NA,NA,NA,NA,NA,2,NA,NA,NA,NA,NA,"C:/Data/corr_sacc/asc/JITT1.asc",NA,NA,NA,NA,NA,NA,NA,NA,NA,NA,NA
"124",1,35,2,6,NA,NA,NA,NA,NA,NA,NA,1,1,6,NA,NA,NA,"quickly",NA,NA,NA,NA,NA,NA,NA,NA,6,NA,NA,NA,NA,NA,"C:/Data/corr_sacc/asc/JITT1.asc",NA,NA,NA,NA,NA,NA,NA,NA,NA,NA,NA
"125",1,35,2,6,NA,NA,NA,NA,NA,NA,NA,1,1,7,NA,NA,NA,"and",NA,NA,NA,NA,NA,NA,NA,NA,7,NA,NA,NA,NA,NA,"C:/Data/corr_sacc/asc/JITT1.asc",NA,NA,NA,NA,NA,NA,NA,NA,NA,NA,NA
"126",1,35,2,6,NA,NA,NA,NA,NA,NA,NA,1,2,14,NA,NA,NA,"lifeboat",NA,NA,NA,NA,NA,NA,NA,NA,4,NA,NA,NA,NA,NA,"C:/Data/corr_sacc/asc/JITT1.asc",NA,NA,NA,NA,NA,NA,NA,NA,NA,NA,NA
"127",1,35,2,6,NA,NA,NA,NA,NA,NA,NA,1,2,16,NA,NA,NA,"a",NA,NA,NA,NA,NA,NA,NA,NA,6,NA,NA,NA,NA,NA,"C:/Data/corr_sacc/asc/JITT1.asc",NA,NA,NA,NA,NA,NA,NA,NA,NA,NA,NA
"128",1,35,2,6,NA,NA,NA,NA,NA,NA,NA,1,2,18,NA,NA,NA,"of",NA,NA,NA,NA,NA,NA,NA,NA,8,NA,NA,NA,NA,NA,"C:/Data/corr_sacc/asc/JITT1.asc",0,NA,NA,NA,NA,NA,NA,NA,NA,NA,NA
"129",1,23,2,7,1359664,1359835,364.1,543.3,1,171,20,1,1,2,2,5,5,"was",2,NA,0,0,0,1,627,0,2,54,0,NA,0,NA,"C:/Data/corr_sacc/asc/JITT1.asc",0,0,NA,12,NA,477.1,NA,NA,NA,5,NA
"130",1,23,2,7,1359858,1360027,477.1,536.5,2,169,22,1,1,4,4,12,12,"aware",1,7,0,0,0,1,821,0,4,54,0,NA,0,NA,"C:/Data/corr_sacc/asc/JITT1.asc",0,0,5,21,364.1,639.2,543.3,54,49,12,NA
"131",1,23,2,7,1360064,1360239,639.2,534.2,3,175,36,1,1,6,6,21,21,"the",1,9,0,0,0,1,1027,0,6,54,0,NA,0,NA,"C:/Data/corr_sacc/asc/JITT1.asc",0,0,12,29,477.1,779.8,536.5,54,42,21,NA
"132",1,23,2,7,1360265,1360436,779.8,521.4,4,171,25,1,1,8,8,29,29,"that",0,8,0,0,0,1,1228,0,8,54,0,NA,0,NA,"C:/Data/corr_sacc/asc/JITT1.asc",0,0,21,38,639.2,948.2,534.2,54,33,29,NA
"133",1,23,2,7,1360465,1360979,948.2,525.2,5,514,28,1,1,10,10,38,38,"was",1,9,0,0,0,1,1428,0,10,54,0,NA,0,NA,"C:/Data/corr_sacc/asc/JITT1.asc",0,0,29,42,779.8,1018.8,521.4,54,25,38,NA
"134",1,23,2,7,1361000,1361135,1018.8,514.5,6,135,20,1,1,11,11,42,42,"adopted",1,4,0,0,0,1,1963,0,11,54,0,NA,0,NA,"C:/Data/corr_sacc/asc/JITT1.asc",0,0,38,52,948.2,1202.2,525.2,54,16,42,NA
"135",1,23,2,7,1361166,1361363,1202.2,514.9,7,197,30,1,1,12,12,52,52,"until",3,10,0,0,0,1,2129,0,12,54,0,NA,0,NA,"C:/Data/corr_sacc/asc/JITT1.asc",1,0,42,3,1018.8,318.1,514.5,54,12,52,NA
"136",1,23,2,7,1361441,1361605,318.1,712.4,8,164,77,1,2,14,14,57,3,"met",0,49,0,0,0,1,2404,0,2,46,0,NA,1,"undersweep","C:/Data/corr_sacc/asc/JITT1.asc",0,0,52,NA,1202.2,262,514.9,54,2,3,1
"137",1,23,2,7,1361627,1361837,262,697.1,9,210,21,NA,2,NA,NA,NA,NA,NA,NA,NA,0,0,1,1,2590,NA,NA,46,NA,NA,0,NA,"C:/Data/corr_sacc/asc/JITT1.asc",0,1,3,6,318.1,380.3,712.4,46,43,2,NA
"138",1,23,2,7,1361861,1361988,380.3,704.2,10,127,23,1,2,14,14,60,6,"met",3,NA,0,0,0,1,2824,0,2,46,0,NA,0,NA,"C:/Data/corr_sacc/asc/JITT1.asc",0,0,NA,22,262,661.5,697.1,46,NA,6,NA
"139",1,23,2,7,1362020,1362331,661.5,701.1,11,311,31,1,2,17,17,76,22,"mother",0,16,0,0,0,1,2983,0,5,46,0,NA,0,NA,"C:/Data/corr_sacc/asc/JITT1.asc",0,0,6,31,380.3,817.1,704.2,46,40,22,NA
"140",1,23,2,7,1362359,1362652,817.1,706.7,12,293,27,1,2,18,18,85,31,"many",2,9,0,0,0,1,3322,0,6,46,0,NA,0,NA,"C:/Data/corr_sacc/asc/JITT1.asc",0,0,22,36,661.5,920.7,701.1,46,24,31,NA
"141",1,23,2,7,1362678,1362824,920.7,721.5,13,146,25,1,2,19,19,90,36,"years",2,5,0,0,0,1,3641,0,7,46,0,NA,0,NA,"C:/Data/corr_sacc/asc/JITT1.asc",0,0,31,41,817.1,998.5,706.7,46,15,36,NA
"142",1,23,2,7,1362845,1362881,998.5,715.1,14,36,20,1,2,20,20,95,41,"later.",1,5,0,0,0,1,3808,0,8,46,0,NA,0,NA,"C:/Data/corr_sacc/asc/JITT1.asc",NA,0,36,NA,920.7,NA,721.5,46,10,41,NA
"143",1,23,2,7,NA,NA,NA,NA,NA,NA,NA,1,1,1,NA,NA,NA,"He",NA,NA,NA,NA,NA,NA,NA,NA,1,NA,NA,NA,NA,NA,"C:/Data/corr_sacc/asc/JITT1.asc",NA,0,41,NA,998.5,NA,715.1,46,5,NA,NA
"144",1,23,2,7,NA,NA,NA,NA,NA,NA,NA,1,1,3,NA,NA,NA,"not",NA,NA,NA,NA,NA,NA,NA,NA,3,NA,NA,NA,NA,NA,"C:/Data/corr_sacc/asc/JITT1.asc",NA,NA,NA,NA,NA,NA,NA,NA,NA,NA,NA
"145",1,23,2,7,NA,NA,NA,NA,NA,NA,NA,1,1,5,NA,NA,NA,"of",NA,NA,NA,NA,NA,NA,NA,NA,5,NA,NA,NA,NA,NA,"C:/Data/corr_sacc/asc/JITT1.asc",NA,NA,NA,NA,NA,NA,NA,NA,NA,NA,NA
"146",1,23,2,7,NA,NA,NA,NA,NA,NA,NA,1,1,7,NA,NA,NA,"fact",NA,NA,NA,NA,NA,NA,NA,NA,7,NA,NA,NA,NA,NA,"C:/Data/corr_sacc/asc/JITT1.asc",NA,NA,NA,NA,NA,NA,NA,NA,NA,NA,NA
"147",1,23,2,7,NA,NA,NA,NA,NA,NA,NA,1,1,9,NA,NA,NA,"he",NA,NA,NA,NA,NA,NA,NA,NA,9,NA,NA,NA,NA,NA,"C:/Data/corr_sacc/asc/JITT1.asc",NA,NA,NA,NA,NA,NA,NA,NA,NA,NA,NA
"148",1,23,2,7,NA,NA,NA,NA,NA,NA,NA,1,2,13,NA,NA,NA,"he",NA,NA,NA,NA,NA,NA,NA,NA,1,NA,NA,NA,NA,NA,"C:/Data/corr_sacc/asc/JITT1.asc",NA,NA,NA,NA,NA,NA,NA,NA,NA,NA,NA
"149",1,23,2,7,NA,NA,NA,NA,NA,NA,NA,1,2,15,NA,NA,NA,"his",NA,NA,NA,NA,NA,NA,NA,NA,3,NA,NA,NA,NA,NA,"C:/Data/corr_sacc/asc/JITT1.asc",NA,NA,NA,NA,NA,NA,NA,NA,NA,NA,NA
"150",1,23,2,7,NA,NA,NA,NA,NA,NA,NA,1,2,16,NA,NA,NA,"biological",NA,NA,NA,NA,NA,NA,NA,NA,4,NA,NA,NA,NA,NA,"C:/Data/corr_sacc/asc/JITT1.asc",0,NA,NA,NA,NA,NA,NA,NA,NA,NA,NA
"151",1,30,3,8,1377845,1378027,443,467.7,1,182,26,1,1,2,2,9,9,"were",3,NA,0,0,0,1,714,0,2,67,0,NA,0,NA,"C:/Data/corr_sacc/asc/JITT1.asc",0,0,NA,16,NA,568.1,NA,NA,NA,9,NA
"152",1,30,3,8,1378053,1378254,568.1,482.6,2,201,25,1,1,4,4,16,16,"least",2,7,0,0,0,1,922,0,4,67,0,NA,0,NA,"C:/Data/corr_sacc/asc/JITT1.asc",0,0,9,13,443,530.4,467.7,67,58,16,NA
"153",1,30,3,8,1378276,1378478,530.4,488.5,3,202,21,1,1,3,3,13,13,"at",2,3,0,0,0,1,1145,0,3,67,1,NA,0,NA,"C:/Data/corr_sacc/asc/JITT1.asc",0,0,16,4,568.1,363.1,482.6,67,51,13,NA
"154",1,30,3,8,1378507,1378730,363.1,491.5,4,223,28,1,1,1,1,4,4,"There",4,9,0,0,0,1,1376,0,1,67,1,NA,0,NA,"C:/Data/corr_sacc/asc/JITT1.asc",0,0,13,14,530.4,538.2,488.5,67,54,4,NA
"155",1,30,3,8,1378756,1378940,538.2,491.9,5,184,25,1,1,4,4,14,14,"least",0,10,0,0,0,1,1625,0,4,67,1,NA,0,NA,"C:/Data/corr_sacc/asc/JITT1.asc",0,0,4,26,363.1,749.3,491.5,67,63,14,NA
"156",1,30,3,8,1378966,1379186,749.3,492.1,6,220,25,1,1,5,5,26,26,"several",6,12,0,0,0,1,1835,0,5,67,0,NA,0,NA,"C:/Data/corr_sacc/asc/JITT1.asc",0,0,14,35,538.2,914.7,491.9,67,53,26,NA
"157",1,30,3,8,1379216,1379422,914.7,491.9,7,206,29,1,1,7,7,35,35,"who",0,9,0,0,0,1,2085,0,7,67,0,NA,0,NA,"C:/Data/corr_sacc/asc/JITT1.asc",0,0,26,38,749.3,979.4,492.1,67,41,35,NA
"158",1,30,3,8,1379441,1379682,979.4,503.5,8,241,18,1,1,7,7,38,38,"who",3,3,0,0,0,1,2310,0,7,67,0,NA,0,NA,"C:/Data/corr_sacc/asc/JITT1.asc",0,0,35,44,914.7,1083.8,491.9,67,32,38,NA
"159",1,30,3,8,1379706,1379965,1083.8,501.6,9,259,23,1,1,8,8,44,44,"reported",5,6,0,0,0,1,2575,0,8,67,0,NA,0,NA,"C:/Data/corr_sacc/asc/JITT1.asc",0,0,38,54,979.4,1256,503.5,67,29,44,NA
"160",1,30,3,8,1379992,1380357,1256,497.9,10,365,26,1,1,9,9,54,54,"gunfire",6,10,0,0,0,1,2861,0,9,67,0,NA,0,NA,"C:/Data/corr_sacc/asc/JITT1.asc",0,0,44,62,1083.8,1407.1,501.6,67,23,54,NA
"161",1,30,3,8,1380385,1380596,1407.1,489.9,11,211,27,1,1,11,11,62,62,"the",3,8,0,0,0,1,3254,0,11,67,0,NA,0,NA,"C:/Data/corr_sacc/asc/JITT1.asc",0,0,54,60,1256,1368.8,497.9,67,13,62,NA
"162",1,30,3,8,1380612,1380821,1368.8,478.8,12,209,15,1,1,11,11,60,60,"the",1,2,0,0,0,1,3481,0,11,67,0,NA,0,NA,"C:/Data/corr_sacc/asc/JITT1.asc",0,0,62,64,1407.1,1434.1,489.9,67,5,60,NA
"163",1,30,3,8,1380837,1380993,1434.1,493.1,13,156,15,1,1,12,12,64,64,"area",1,4,0,0,0,1,3706,0,12,67,0,NA,0,NA,"C:/Data/corr_sacc/asc/JITT1.asc",1,0,60,7,1368.8,422.6,478.8,67,7,64,NA
"164",1,30,3,8,1381067,1381353,422.6,685.6,14,286,73,1,2,14,14,74,7,"the",0,57,0,0,0,1,3936,0,2,40,0,NA,1,"accurate","C:/Data/corr_sacc/asc/JITT1.asc",0,0,64,15,1434.1,563.8,493.1,67,3,7,0
"165",1,30,3,8,1381380,1381635,563.8,704.7,15,255,26,1,2,15,15,82,15,"short",4,8,0,0,0,1,4249,0,3,40,0,NA,0,NA,"C:/Data/corr_sacc/asc/JITT1.asc",0,1,7,23,422.6,701.6,685.6,40,33,15,NA
"166",1,30,3,8,1381660,1381846,701.6,707.8,16,186,24,1,2,16,16,90,23,"period",6,8,0,0,0,1,4529,0,4,40,0,NA,0,NA,"C:/Data/corr_sacc/asc/JITT1.asc",0,0,15,26,563.8,764.7,704.7,40,25,23,NA
"167",1,30,3,8,1381867,1381977,764.7,702.8,17,110,20,1,2,17,17,93,26,"of",2,3,0,0,0,1,4736,0,5,40,0,NA,0,NA,"C:/Data/corr_sacc/asc/JITT1.asc",0,0,23,35,701.6,915.7,707.8,40,17,26,NA
"168",1,30,3,8,1382003,1382255,915.7,684.6,18,252,25,1,2,19,19,102,35,"unrest.",2,9,0,0,0,1,4872,0,7,40,0,NA,0,NA,"C:/Data/corr_sacc/asc/JITT1.asc",0,0,26,40,764.7,1003.9,702.8,40,14,35,NA
"169",1,30,3,8,1382276,1382562,1003.9,674.3,19,286,20,1,2,19,19,107,40,"unrest.",7,5,0,0,0,1,5145,0,7,40,0,NA,0,NA,"C:/Data/corr_sacc/asc/JITT1.asc",NA,0,35,NA,915.7,NA,684.6,40,5,40,NA
"170",1,30,3,8,NA,NA,NA,NA,NA,NA,NA,1,1,6,NA,NA,NA,"people",NA,NA,NA,NA,NA,NA,NA,NA,6,NA,NA,NA,NA,NA,"C:/Data/corr_sacc/asc/JITT1.asc",NA,0,40,NA,1003.9,NA,674.3,40,0,NA,NA
"171",1,30,3,8,NA,NA,NA,NA,NA,NA,NA,1,1,10,NA,NA,NA,"in",NA,NA,NA,NA,NA,NA,NA,NA,10,NA,NA,NA,NA,NA,"C:/Data/corr_sacc/asc/JITT1.asc",NA,NA,NA,NA,NA,NA,NA,NA,NA,NA,NA
"172",1,30,3,8,NA,NA,NA,NA,NA,NA,NA,1,2,13,NA,NA,NA,"during",NA,NA,NA,NA,NA,NA,NA,NA,1,NA,NA,NA,NA,NA,"C:/Data/corr_sacc/asc/JITT1.asc",NA,NA,NA,NA,NA,NA,NA,NA,NA,NA,NA
"173",1,30,3,8,NA,NA,NA,NA,NA,NA,NA,1,2,18,NA,NA,NA,"civil",NA,NA,NA,NA,NA,NA,NA,NA,6,NA,NA,NA,NA,NA,"C:/Data/corr_sacc/asc/JITT1.asc",0,NA,NA,NA,NA,NA,NA,NA,NA,NA,NA
"174",1,49,1,9,1389603,1389859,355.7,503.4,1,256,20,1,1,1,1,4,4,"Quick",4,NA,0,0,0,1,394,0,1,41,0,NA,0,NA,"C:/Data/corr_sacc/asc/JITT1.asc",0,0,NA,2,NA,325.4,NA,NA,NA,4,NA
"175",1,49,1,9,1389875,1390028,325.4,503.6,2,153,15,1,1,1,1,2,2,"Quick",2,2,0,0,0,1,666,0,1,41,0,NA,0,NA,"C:/Data/corr_sacc/asc/JITT1.asc",0,0,4,13,355.7,516.4,503.4,41,37,2,NA
"176",1,49,1,9,1390056,1390315,516.4,512.3,3,259,27,1,1,3,3,13,13,"by",1,11,0,0,0,1,847,0,3,41,0,NA,0,NA,"C:/Data/corr_sacc/asc/JITT1.asc",0,0,2,21,325.4,663.3,503.6,41,39,13,NA
"177",1,49,1,9,1390337,1390517,663.3,504,4,180,21,1,1,5,5,21,21,"water",2,8,0,0,0,1,1128,0,5,41,0,NA,0,NA,"C:/Data/corr_sacc/asc/JITT1.asc",0,0,13,29,516.4,815,512.3,41,28,21,NA
"178",1,49,1,9,1390543,1390778,815,496.9,5,235,25,1,1,6,6,29,29,"cooler",4,8,0,0,0,1,1334,0,6,41,0,NA,0,NA,"C:/Data/corr_sacc/asc/JITT1.asc",0,0,21,34,663.3,898.1,504,41,20,29,NA
"179",1,49,1,9,1390798,1391129,898.1,496.1,6,331,19,1,1,7,7,34,34,"can",2,5,0,0,0,1,1589,0,7,41,0,NA,0,NA,"C:/Data/corr_sacc/asc/JITT1.asc",0,0,29,36,815,940.7,496.9,41,12,34,NA
"180",1,49,1,9,1391152,1391679,940.7,489.4,7,527,22,1,1,8,8,36,36,"often",0,2,0,0,0,1,1943,0,8,41,0,NA,0,NA,"C:/Data/corr_sacc/asc/JITT1.asc",0,0,34,40,898.1,1006.3,496.1,41,7,36,NA
"181",1,49,1,9,1391699,1391880,1006.3,478.2,8,181,19,1,1,8,8,40,40,"often",4,4,0,0,0,1,2490,0,8,41,0,NA,0,NA,"C:/Data/corr_sacc/asc/JITT1.asc",0,0,36,36,940.7,934.1,489.4,41,5,40,NA
"182",1,49,1,9,1391901,1392074,934.1,479.8,9,173,20,1,1,8,8,36,36,"often",0,4,0,0,0,1,2692,0,8,41,0,NA,0,NA,"C:/Data/corr_sacc/asc/JITT1.asc",1,0,40,4,1006.3,356.7,478.2,41,1,36,NA
"183",1,49,1,9,1392131,1392329,356.7,707.3,10,198,56,1,2,9,9,45,4,"generate",4,32,0,0,0,1,2922,0,1,56,0,NA,1,"accurate","C:/Data/corr_sacc/asc/JITT1.asc",0,0,36,14,934.1,537.2,479.8,41,5,4,0
"184",1,49,1,9,1392359,1392712,537.2,690.2,11,353,29,1,2,10,10,55,14,"valuable",5,10,0,0,0,1,3150,0,2,56,0,NA,0,NA,"C:/Data/corr_sacc/asc/JITT1.asc",0,1,4,21,356.7,655.4,707.3,56,52,14,NA
"185",1,49,1,9,1392738,1392889,655.4,699,12,151,25,1,2,11,11,62,21,"ideas",3,7,0,0,0,1,3529,0,3,56,0,NA,0,NA,"C:/Data/corr_sacc/asc/JITT1.asc",0,0,14,28,537.2,789.9,690.2,56,42,21,NA
"186",1,49,1,9,1392915,1393166,789.9,695.6,13,251,25,1,2,13,13,69,28,"help",0,7,0,0,0,1,3706,0,5,56,0,NA,0,NA,"C:/Data/corr_sacc/asc/JITT1.asc",0,0,21,37,655.4,954.6,699,56,35,28,NA
"187",1,49,1,9,1393192,1393385,954.6,690.9,14,193,25,1,2,14,14,78,37,"your",4,9,0,0,0,1,3983,0,6,56,0,NA,0,NA,"C:/Data/corr_sacc/asc/JITT1.asc",0,0,28,44,789.9,1073.3,695.6,56,28,37,NA
"188",1,49,1,9,1393410,1393556,1073.3,703,15,146,24,1,2,16,16,85,44,"achieve",1,7,0,0,0,1,4201,0,8,56,0,NA,0,NA,"C:/Data/corr_sacc/asc/JITT1.asc",0,0,37,48,954.6,1155.1,690.9,56,19,44,NA
"189",1,49,1,9,1393577,1393745,1155.1,702.3,16,168,20,1,2,16,16,89,48,"achieve",5,4,0,0,0,1,4368,0,8,56,0,NA,0,NA,"C:/Data/corr_sacc/asc/JITT1.asc",0,0,44,54,1073.3,1264,703,56,12,48,NA
"190",1,49,1,9,1393769,1393910,1264,699,17,141,23,1,2,17,17,95,54,"more.",3,6,0,0,0,1,4560,0,9,56,0,NA,0,NA,"C:/Data/corr_sacc/asc/JITT1.asc",NA,0,48,NA,1155.1,NA,702.3,56,8,54,NA
"191",1,49,1,9,NA,NA,NA,NA,NA,NA,NA,1,1,2,NA,NA,NA,"chats",NA,NA,NA,NA,NA,NA,NA,NA,2,NA,NA,NA,NA,NA,"C:/Data/corr_sacc/asc/JITT1.asc",NA,0,54,NA,1264,NA,699,56,2,NA,NA
"192",1,49,1,9,NA,NA,NA,NA,NA,NA,NA,1,1,4,NA,NA,NA,"the",NA,NA,NA,NA,NA,NA,NA,NA,4,NA,NA,NA,NA,NA,"C:/Data/corr_sacc/asc/JITT1.asc",NA,NA,NA,NA,NA,NA,NA,NA,NA,NA,NA
"193",1,49,1,9,NA,NA,NA,NA,NA,NA,NA,1,2,12,NA,NA,NA,"and",NA,NA,NA,NA,NA,NA,NA,NA,4,NA,NA,NA,NA,NA,"C:/Data/corr_sacc/asc/JITT1.asc",NA,NA,NA,NA,NA,NA,NA,NA,NA,NA,NA
"194",1,49,1,9,NA,NA,NA,NA,NA,NA,NA,1,2,15,NA,NA,NA,"team",NA,NA,NA,NA,NA,NA,NA,NA,7,NA,NA,NA,NA,NA,"C:/Data/corr_sacc/asc/JITT1.asc",0,NA,NA,NA,NA,NA,NA,NA,NA,NA,NA
"195",1,14,2,10,1399903,1400137,346.2,502.4,1,234,16,1,1,1,1,1,1,"Gary,",1,NA,0,0,0,1,456,0,1,65,0,NA,0,NA,"C:/Data/corr_sacc/asc/JITT1.asc",0,0,NA,7,NA,462.7,NA,NA,NA,1,NA
"196",1,14,2,10,1400161,1400327,462.7,505.1,2,166,23,1,1,2,2,7,7,"the",1,6,0,0,0,1,714,0,2,65,0,NA,0,NA,"C:/Data/corr_sacc/asc/JITT1.asc",0,0,1,14,346.2,582.8,502.4,65,64,7,NA
"197",1,14,2,10,1400352,1400521,582.8,515.5,3,169,24,1,1,3,3,14,14,"guard",4,7,0,0,0,1,905,0,3,65,0,NA,0,NA,"C:/Data/corr_sacc/asc/JITT1.asc",0,0,7,20,462.7,685.3,505.1,65,58,14,NA
"198",1,14,2,10,1400545,1400975,685.3,509.9,4,430,23,1,1,5,5,20,20,"covered",0,6,0,0,0,1,1098,0,5,65,0,NA,0,NA,"C:/Data/corr_sacc/asc/JITT1.asc",0,0,14,28,582.8,825,515.5,65,51,20,NA
"199",1,14,2,10,1400998,1401149,825,505.3,5,151,22,1,1,6,6,28,28,"for",0,8,0,0,0,1,1551,0,6,65,0,NA,0,NA,"C:/Data/corr_sacc/asc/JITT1.asc",0,0,20,34,685.3,937.3,509.9,65,45,28,NA
"200",1,14,2,10,1401174,1401373,937.3,497.9,6,199,24,1,1,8,8,34,34,"colleague,",0,6,0,0,0,1,1727,0,8,65,0,NA,0,NA,"C:/Data/corr_sacc/asc/JITT1.asc",0,0,28,33,825,917.5,505.3,65,37,34,NA
"201",1,14,2,10,1401385,1401518,917.5,486.6,7,133,11,1,1,7,7,33,33,"a",1,1,0,0,0,1,1938,0,7,65,1,NA,0,NA,"C:/Data/corr_sacc/asc/JITT1.asc",0,0,34,43,937.3,1108.4,497.9,65,31,33,NA
"202",1,14,2,10,1401548,1401712,1108.4,480.2,8,164,29,1,1,8,8,43,43,"colleague,",9,10,0,0,0,1,2101,0,8,65,1,NA,0,NA,"C:/Data/corr_sacc/asc/JITT1.asc",0,0,33,49,917.5,1210.3,486.6,65,32,43,NA
"203",1,14,2,10,1401738,1401947,1210.3,485.3,9,209,25,1,1,9,9,49,49,"found",4,6,0,0,0,1,2291,0,9,65,0,NA,0,NA,"C:/Data/corr_sacc/asc/JITT1.asc",0,0,43,58,1108.4,1366,480.2,65,22,49,NA
"204",1,14,2,10,1401975,1402212,1366,493.6,10,237,27,1,1,11,11,58,58,"small",3,9,0,0,0,1,2528,0,11,65,0,NA,0,NA,"C:/Data/corr_sacc/asc/JITT1.asc",0,0,49,55,1210.3,1317.7,485.3,65,16,58,NA
"205",1,14,2,10,1402225,1402430,1317.7,494.6,11,205,12,1,1,11,11,55,55,"small",0,3,0,0,0,1,2778,0,11,65,0,NA,0,NA,"C:/Data/corr_sacc/asc/JITT1.asc",0,0,58,64,1366,1477.6,493.6,65,7,55,NA
"206",1,14,2,10,1402463,1402608,1477.6,481.5,12,145,32,1,1,12,12,64,64,"baby",3,9,0,0,0,1,3016,0,12,65,0,NA,0,NA,"C:/Data/corr_sacc/asc/JITT1.asc",1,0,55,3,1317.7,392.2,494.6,65,10,64,NA
"207",1,14,2,10,1402692,1402846,392.2,697.7,13,154,83,1,2,13,13,68,3,"who",3,61,0,0,0,1,3245,0,1,56,0,NA,1,"undersweep","C:/Data/corr_sacc/asc/JITT1.asc",0,0,64,NA,1477.6,327.3,481.5,65,1,3,1
"208",1,14,2,10,1402879,1403032,327.3,688.2,14,153,32,NA,2,NA,NA,NA,NA,NA,NA,NA,0,0,1,1,3432,NA,NA,56,NA,NA,0,NA,"C:/Data/corr_sacc/asc/JITT1.asc",0,1,3,9,392.2,486.2,697.7,56,53,6,NA
"209",1,14,2,10,1403060,1403268,486.2,697.8,15,208,27,1,2,15,15,74,9,"been",1,NA,0,0,0,1,3613,0,3,56,0,NA,0,NA,"C:/Data/corr_sacc/asc/JITT1.asc",0,0,NA,15,327.3,604.3,688.2,56,NA,9,NA
"210",1,14,2,10,1403293,1403437,604.3,701.1,16,144,24,1,2,16,16,80,15,"abandoned",2,6,0,0,0,1,3846,0,4,56,0,NA,0,NA,"C:/Data/corr_sacc/asc/JITT1.asc",0,0,9,26,486.2,795.5,697.8,56,47,15,NA
"211",1,14,2,10,1403466,1403648,795.5,687.2,17,182,28,1,2,18,18,91,26,"the",0,11,0,0,0,1,4019,0,6,56,0,NA,0,NA,"C:/Data/corr_sacc/asc/JITT1.asc",0,0,15,36,604.3,973.3,701.1,56,41,26,NA
"212",1,14,2,10,1403675,1403837,973.3,695.3,18,162,26,1,2,19,19,101,36,"middle",6,10,0,0,0,1,4228,0,7,56,0,NA,0,NA,"C:/Data/corr_sacc/asc/JITT1.asc",0,0,26,45,795.5,1131.4,687.2,56,30,36,NA
"213",1,14,2,10,1403864,1404128,1131.4,710.6,19,264,26,1,2,22,22,110,45,"parking",1,9,0,0,0,1,4417,0,10,56,0,NA,0,NA,"C:/Data/corr_sacc/asc/JITT1.asc",0,0,36,47,973.3,1176.7,695.3,56,20,45,NA
"214",1,14,2,10,1404149,1404294,1176.7,708.3,20,145,20,1,2,22,22,112,47,"parking",3,2,0,0,0,1,4702,0,10,56,0,NA,0,NA,"C:/Data/corr_sacc/asc/JITT1.asc",NA,0,45,NA,1131.4,NA,710.6,56,11,47,NA
"215",1,14,2,10,NA,NA,NA,NA,NA,NA,NA,1,1,4,NA,NA,NA,"who",NA,NA,NA,NA,NA,NA,NA,NA,4,NA,NA,NA,NA,NA,"C:/Data/corr_sacc/asc/JITT1.asc",NA,0,47,NA,1176.7,NA,708.3,56,9,NA,NA
"216",1,14,2,10,NA,NA,NA,NA,NA,NA,NA,1,1,10,NA,NA,NA,"the",NA,NA,NA,NA,NA,NA,NA,NA,10,NA,NA,NA,NA,NA,"C:/Data/corr_sacc/asc/JITT1.asc",NA,NA,NA,NA,NA,NA,NA,NA,NA,NA,NA
"217",1,14,2,10,NA,NA,NA,NA,NA,NA,NA,1,2,14,NA,NA,NA,"had",NA,NA,NA,NA,NA,NA,NA,NA,2,NA,NA,NA,NA,NA,"C:/Data/corr_sacc/asc/JITT1.asc",NA,NA,NA,NA,NA,NA,NA,NA,NA,NA,NA
"218",1,14,2,10,NA,NA,NA,NA,NA,NA,NA,1,2,17,NA,NA,NA,"in",NA,NA,NA,NA,NA,NA,NA,NA,5,NA,NA,NA,NA,NA,"C:/Data/corr_sacc/asc/JITT1.asc",NA,NA,NA,NA,NA,NA,NA,NA,NA,NA,NA
"219",1,14,2,10,NA,NA,NA,NA,NA,NA,NA,1,2,20,NA,NA,NA,"of",NA,NA,NA,NA,NA,NA,NA,NA,8,NA,NA,NA,NA,NA,"C:/Data/corr_sacc/asc/JITT1.asc",NA,NA,NA,NA,NA,NA,NA,NA,NA,NA,NA
"220",1,14,2,10,NA,NA,NA,NA,NA,NA,NA,1,2,21,NA,NA,NA,"the",NA,NA,NA,NA,NA,NA,NA,NA,9,NA,NA,NA,NA,NA,"C:/Data/corr_sacc/asc/JITT1.asc",NA,NA,NA,NA,NA,NA,NA,NA,NA,NA,NA
"221",1,14,2,10,NA,NA,NA,NA,NA,NA,NA,1,2,23,NA,NA,NA,"lot.",NA,NA,NA,NA,NA,NA,NA,NA,11,NA,NA,NA,NA,NA,"C:/Data/corr_sacc/asc/JITT1.asc",0,NA,NA,NA,NA,NA,NA,NA,NA,NA,NA
"222",1,80,2,11,1425578,1425848,441.3,492.6,1,270,25,1,1,3,3,13,13,"two",2,NA,0,0,0,1,631,0,3,65,0,NA,0,NA,"C:/Data/corr_sacc/asc/JITT1.asc",0,0,NA,19,NA,553.8,NA,NA,NA,13,NA
"223",1,80,2,11,1425880,1426039,553.8,485.5,2,159,31,1,1,4,4,19,19,"younger",4,6,0,0,0,1,933,0,4,65,0,NA,0,NA,"C:/Data/corr_sacc/asc/JITT1.asc",0,0,13,31,441.3,767.2,492.6,65,52,19,NA
"224",1,80,2,11,1426067,1426217,767.2,468.4,3,150,27,1,1,5,5,31,31,"sisters,",8,12,0,0,0,1,1120,0,5,65,0,NA,0,NA,"C:/Data/corr_sacc/asc/JITT1.asc",0,0,19,37,553.8,885.4,485.5,65,46,31,NA
"225",1,80,2,11,1426243,1426459,885.4,462.1,4,216,25,1,1,6,6,37,37,"Phillipa",5,6,0,0,0,1,1296,0,6,65,0,NA,0,NA,"C:/Data/corr_sacc/asc/JITT1.asc",0,0,31,42,767.2,970,468.4,65,34,37,NA
"226",1,80,2,11,1426483,1426717,970,476,5,234,23,1,1,7,7,42,42,"is",1,5,0,0,0,1,1536,0,7,65,0,NA,0,NA,"C:/Data/corr_sacc/asc/JITT1.asc",0,0,37,47,885.4,1062.6,462.1,65,28,42,NA
"227",1,80,2,11,1426741,1427011,1062.6,476.1,6,270,23,1,1,8,8,47,47,"more",3,5,0,0,0,1,1794,0,8,65,0,NA,0,NA,"C:/Data/corr_sacc/asc/JITT1.asc",0,0,42,55,970,1198.8,476,65,23,47,NA
"228",1,80,2,11,1427036,1427221,1198.8,474.1,7,185,24,1,1,10,10,55,55,"and",1,8,0,0,0,1,2089,0,10,65,0,NA,0,NA,"C:/Data/corr_sacc/asc/JITT1.asc",0,0,47,60,1062.6,1300.1,476.1,65,18,55,NA
"229",1,80,2,11,1427246,1427562,1300.1,468.4,8,316,24,1,1,11,11,60,60,"relaxed",2,5,0,0,0,1,2299,0,11,65,0,NA,0,NA,"C:/Data/corr_sacc/asc/JITT1.asc",1,0,55,10,1198.8,389.7,474.1,65,10,60,NA
"230",1,80,2,11,1427654,1427781,389.7,716.7,9,127,91,1,2,14,14,75,10,"is",1,50,0,0,0,1,2707,0,3,37,0,NA,1,"undersweep","C:/Data/corr_sacc/asc/JITT1.asc",0,0,60,2,1300.1,250.7,468.4,65,5,10,1
"231",1,80,2,11,1427805,1428162,250.7,693.4,10,357,23,1,2,12,12,67,2,"when",2,8,0,0,0,1,2858,0,1,37,1,NA,0,NA,"C:/Data/corr_sacc/asc/JITT1.asc",0,1,10,9,389.7,380.7,716.7,37,27,2,NA
"232",1,80,2,11,1428187,1428350,380.7,692.9,11,163,24,1,2,14,14,74,9,"is",0,7,0,0,0,1,3240,0,3,37,1,NA,0,NA,"C:/Data/corr_sacc/asc/JITT1.asc",0,0,2,18,250.7,540,693.4,37,35,9,NA
"233",1,80,2,11,1428377,1428604,540,713.8,12,227,26,1,2,15,15,83,18,"around",6,9,0,0,0,1,3430,0,4,37,0,NA,0,NA,"C:/Data/corr_sacc/asc/JITT1.asc",0,0,9,24,380.7,654.6,692.9,37,28,18,NA
"234",1,80,2,11,1428628,1428761,654.6,708.5,13,133,23,1,2,16,16,89,24,"unfamiliar",5,6,0,0,0,1,3681,0,5,37,0,NA,0,NA,"C:/Data/corr_sacc/asc/JITT1.asc",0,0,18,32,540,795.3,713.8,37,19,24,NA
"235",1,80,2,11,1428787,1429366,795.3,691,14,579,25,1,2,17,17,97,32,"people.",2,8,0,0,0,1,3840,0,6,37,0,NA,0,NA,"C:/Data/corr_sacc/asc/JITT1.asc",NA,0,24,NA,654.6,NA,708.5,37,13,32,NA
"236",1,80,2,11,NA,NA,NA,NA,NA,NA,NA,1,1,1,NA,NA,NA,"Unlike",NA,NA,NA,NA,NA,NA,NA,NA,1,NA,NA,NA,NA,NA,"C:/Data/corr_sacc/asc/JITT1.asc",NA,0,32,NA,795.3,NA,691,37,5,NA,NA
"237",1,80,2,11,NA,NA,NA,NA,NA,NA,NA,1,1,2,NA,NA,NA,"her",NA,NA,NA,NA,NA,NA,NA,NA,2,NA,NA,NA,NA,NA,"C:/Data/corr_sacc/asc/JITT1.asc",NA,NA,NA,NA,NA,NA,NA,NA,NA,NA,NA
"238",1,80,2,11,NA,NA,NA,NA,NA,NA,NA,1,1,9,NA,NA,NA,"open",NA,NA,NA,NA,NA,NA,NA,NA,9,NA,NA,NA,NA,NA,"C:/Data/corr_sacc/asc/JITT1.asc",NA,NA,NA,NA,NA,NA,NA,NA,NA,NA,NA
"239",1,80,2,11,NA,NA,NA,NA,NA,NA,NA,1,2,13,NA,NA,NA,"she",NA,NA,NA,NA,NA,NA,NA,NA,2,NA,NA,NA,NA,NA,"C:/Data/corr_sacc/asc/JITT1.asc",0,NA,NA,NA,NA,NA,NA,NA,NA,NA,NA
"240",1,17,2,12,1432527,1432758,388.2,487.4,1,231,16,1,1,1,1,4,4,"When",4,NA,0,0,0,1,647,0,1,54,0,NA,0,NA,"C:/Data/corr_sacc/asc/JITT1.asc",0,0,NA,16,NA,606.2,NA,NA,NA,4,NA
"241",1,17,2,12,1432787,1432951,606.2,496.8,2,164,28,1,1,3,3,16,16,"finally",3,12,0,0,0,1,907,0,3,54,0,NA,0,NA,"C:/Data/corr_sacc/asc/JITT1.asc",0,0,4,25,388.2,758.7,487.4,54,50,16,NA
"242",1,17,2,12,1432978,1433120,758.7,493.8,3,142,26,1,1,4,4,25,25,"woke",4,9,0,0,0,1,1098,0,4,54,0,NA,0,NA,"C:/Data/corr_sacc/asc/JITT1.asc",0,0,16,35,606.2,940.1,496.8,54,38,25,NA
"243",1,17,2,12,1433150,1433406,940.1,481.3,4,256,29,1,1,7,7,35,35,"found",2,10,0,0,0,1,1270,0,7,54,0,NA,0,NA,"C:/Data/corr_sacc/asc/JITT1.asc",0,0,25,45,758.7,1121.6,493.8,54,29,35,NA
"244",1,17,2,12,1433437,1433612,1121.6,487.1,5,175,30,1,1,9,9,45,45,"that",2,10,0,0,0,1,1557,0,9,54,0,NA,0,NA,"C:/Data/corr_sacc/asc/JITT1.asc",0,0,35,43,940.1,1093.4,481.3,54,19,45,NA
"245",1,17,2,12,1433623,1433754,1093.4,491.3,6,131,10,1,1,9,9,43,43,"that",0,2,0,0,0,1,1743,0,9,54,0,NA,0,NA,"C:/Data/corr_sacc/asc/JITT1.asc",0,0,45,48,1121.6,1182.4,487.1,54,9,43,NA
"246",1,17,2,12,1433776,1433981,1182.4,483.5,7,205,21,1,1,10,10,48,48,"nobody",0,5,0,0,0,1,1896,0,10,54,0,NA,0,NA,"C:/Data/corr_sacc/asc/JITT1.asc",1,0,43,7,1093.4,431.7,491.3,54,11,48,NA
"247",1,17,2,12,1434042,1434210,431.7,694.8,8,168,60,1,2,12,12,61,7,"bothered",3,41,0,0,0,1,2162,0,2,61,0,NA,1,"undersweep","C:/Data/corr_sacc/asc/JITT1.asc",0,0,48,NA,1182.4,318.4,483.5,54,6,7,1
"248",1,17,2,12,1434245,1434417,318.4,687.8,9,172,34,NA,2,NA,NA,NA,NA,NA,NA,NA,0,0,1,1,2365,NA,NA,61,NA,NA,0,NA,"C:/Data/corr_sacc/asc/JITT1.asc",0,1,7,11,431.7,501.3,694.8,61,54,6,NA
"249",1,17,2,12,1434444,1434601,501.3,695.4,10,157,26,1,2,12,12,65,11,"bothered",7,NA,0,0,0,1,2564,0,2,61,0,NA,0,NA,"C:/Data/corr_sacc/asc/JITT1.asc",0,0,NA,18,318.4,635.1,687.8,61,NA,11,NA
"250",1,17,2,12,1434626,1434767,635.1,695.6,11,141,24,1,2,14,14,72,18,"clean",2,7,0,0,0,1,2746,0,4,61,0,NA,0,NA,"C:/Data/corr_sacc/asc/JITT1.asc",0,0,11,27,501.3,790.6,695.4,61,50,18,NA
"251",1,17,2,12,1434793,1435020,790.6,691.5,12,227,25,1,2,16,16,81,27,"the",2,9,0,0,0,1,2913,0,6,61,0,NA,0,NA,"C:/Data/corr_sacc/asc/JITT1.asc",0,0,18,30,635.1,845.8,695.6,61,43,27,NA
"252",1,17,2,12,1435040,1435183,845.8,694.7,13,143,19,1,2,17,17,84,30,"flat",1,3,0,0,0,1,3160,0,7,61,0,NA,0,NA,"C:/Data/corr_sacc/asc/JITT1.asc",0,0,27,36,790.6,949.9,691.5,61,34,30,NA
"253",1,17,2,12,1435207,1435373,949.9,696.5,14,166,23,1,2,18,18,90,36,"after",2,6,0,0,0,1,3327,0,8,61,0,NA,0,NA,"C:/Data/corr_sacc/asc/JITT1.asc",0,0,30,44,845.8,1109.6,694.7,61,31,36,NA
"254",1,17,2,12,1435403,1435612,1109.6,694.1,15,209,29,1,2,20,20,98,44,"party",0,8,0,0,0,1,3523,0,10,61,0,NA,0,NA,"C:/Data/corr_sacc/asc/JITT1.asc",0,0,36,51,949.9,1235.2,696.5,61,25,44,NA
"255",1,17,2,12,1435636,1436016,1235.2,686.2,16,380,23,1,2,21,21,105,51,"last",1,7,0,0,0,1,3756,0,11,61,0,NA,0,NA,"C:/Data/corr_sacc/asc/JITT1.asc",NA,0,44,NA,1109.6,NA,694.1,61,17,51,NA
"256",1,17,2,12,NA,NA,NA,NA,NA,NA,NA,1,1,2,NA,NA,NA,"Gregory",NA,NA,NA,NA,NA,NA,NA,NA,2,NA,NA,NA,NA,NA,"C:/Data/corr_sacc/asc/JITT1.asc",NA,0,51,NA,1235.2,NA,686.2,61,10,NA,NA
"257",1,17,2,12,NA,NA,NA,NA,NA,NA,NA,1,1,5,NA,NA,NA,"up,",NA,NA,NA,NA,NA,NA,NA,NA,5,NA,NA,NA,NA,NA,"C:/Data/corr_sacc/asc/JITT1.asc",NA,NA,NA,NA,NA,NA,NA,NA,NA,NA,NA
"258",1,17,2,12,NA,NA,NA,NA,NA,NA,NA,1,1,6,NA,NA,NA,"he",NA,NA,NA,NA,NA,NA,NA,NA,6,NA,NA,NA,NA,NA,"C:/Data/corr_sacc/asc/JITT1.asc",NA,NA,NA,NA,NA,NA,NA,NA,NA,NA,NA
"259",1,17,2,12,NA,NA,NA,NA,NA,NA,NA,1,1,8,NA,NA,NA,"out",NA,NA,NA,NA,NA,NA,NA,NA,8,NA,NA,NA,NA,NA,"C:/Data/corr_sacc/asc/JITT1.asc",NA,NA,NA,NA,NA,NA,NA,NA,NA,NA,NA
"260",1,17,2,12,NA,NA,NA,NA,NA,NA,NA,1,2,11,NA,NA,NA,"had",NA,NA,NA,NA,NA,NA,NA,NA,1,NA,NA,NA,NA,NA,"C:/Data/corr_sacc/asc/JITT1.asc",NA,NA,NA,NA,NA,NA,NA,NA,NA,NA,NA
"261",1,17,2,12,NA,NA,NA,NA,NA,NA,NA,1,2,13,NA,NA,NA,"to",NA,NA,NA,NA,NA,NA,NA,NA,3,NA,NA,NA,NA,NA,"C:/Data/corr_sacc/asc/JITT1.asc",NA,NA,NA,NA,NA,NA,NA,NA,NA,NA,NA
"262",1,17,2,12,NA,NA,NA,NA,NA,NA,NA,1,2,15,NA,NA,NA,"up",NA,NA,NA,NA,NA,NA,NA,NA,5,NA,NA,NA,NA,NA,"C:/Data/corr_sacc/asc/JITT1.asc",NA,NA,NA,NA,NA,NA,NA,NA,NA,NA,NA
"263",1,17,2,12,NA,NA,NA,NA,NA,NA,NA,1,2,19,NA,NA,NA,"the",NA,NA,NA,NA,NA,NA,NA,NA,9,NA,NA,NA,NA,NA,"C:/Data/corr_sacc/asc/JITT1.asc",NA,NA,NA,NA,NA,NA,NA,NA,NA,NA,NA
"264",1,17,2,12,NA,NA,NA,NA,NA,NA,NA,1,2,22,NA,NA,NA,"night.",NA,NA,NA,NA,NA,NA,NA,NA,12,NA,NA,NA,NA,NA,"C:/Data/corr_sacc/asc/JITT1.asc",0,NA,NA,NA,NA,NA,NA,NA,NA,NA,NA
"265",1,44,2,13,1460173,1460300,297.3,516.2,1,127,33,1,1,1,1,5,5,"After",5,NA,0,0,0,1,743,0,1,55,0,NA,0,NA,"C:/Data/corr_sacc/asc/JITT1.asc",0,0,NA,12,NA,422.7,NA,NA,NA,5,NA
"266",1,44,2,13,1460334,1460491,422.7,529,2,157,33,1,1,2,2,12,12,"failing",6,7,0,0,0,1,904,0,2,55,0,NA,0,NA,"C:/Data/corr_sacc/asc/JITT1.asc",0,0,5,18,297.3,523.2,516.2,55,50,12,NA
"267",1,44,2,13,1460516,1460640,523.2,518.6,3,124,24,1,1,4,4,18,18,"complete",1,6,0,0,0,1,1086,0,4,55,0,NA,0,NA,"C:/Data/corr_sacc/asc/JITT1.asc",0,0,12,11,422.7,395.6,529,55,43,18,NA
"268",1,44,2,13,1460675,1460812,395.6,505.8,4,137,34,1,1,2,2,11,11,"failing",5,7,0,0,0,1,1245,0,2,55,1,NA,0,NA,"C:/Data/corr_sacc/asc/JITT1.asc",0,0,18,23,523.2,611.8,518.6,55,37,11,NA
"269",1,44,2,13,1460852,1461016,611.8,508.3,5,164,39,1,1,4,4,23,23,"complete",6,12,0,0,0,1,1422,0,4,55,1,NA,0,NA,"C:/Data/corr_sacc/asc/JITT1.asc",0,0,11,30,395.6,739.7,505.8,55,44,23,NA
"270",1,44,2,13,1461040,1461221,739.7,512.9,6,181,23,1,1,5,5,30,30,"their",4,7,0,0,0,1,1610,0,5,55,0,NA,0,NA,"C:/Data/corr_sacc/asc/JITT1.asc",0,0,23,40,611.8,917.8,508.3,55,32,30,NA
"271",1,44,2,13,1461248,1461392,917.8,516.3,7,144,26,1,1,6,6,40,40,"homework,",8,10,0,0,0,1,1818,0,6,55,0,NA,0,NA,"C:/Data/corr_sacc/asc/JITT1.asc",0,0,30,47,739.7,1044.1,512.9,55,25,40,NA
"272",1,44,2,13,1461418,1461682,1044.1,511.4,8,264,25,1,1,8,8,47,47,"students'",1,7,0,0,0,1,1988,0,8,55,0,NA,0,NA,"C:/Data/corr_sacc/asc/JITT1.asc",1,0,40,4,917.8,267.4,516.3,55,15,47,NA
"273",1,44,2,13,1461751,1461899,267.4,711.5,9,148,68,1,2,9,9,59,4,"annoyed",4,43,0,0,0,1,2321,0,1,44,0,NA,1,"undersweep","C:/Data/corr_sacc/asc/JITT1.asc",0,0,47,NA,1044.1,195.6,511.4,55,8,4,1
"274",1,44,2,13,1461923,1462111,195.6,719.6,10,188,23,NA,2,NA,NA,NA,NA,NA,NA,NA,0,0,1,1,2493,NA,NA,44,NA,NA,0,NA,"C:/Data/corr_sacc/asc/JITT1.asc",0,1,4,8,267.4,348.5,711.5,44,40,-1,NA
"275",1,44,2,13,1462138,1462437,348.5,735.3,11,299,26,1,2,10,10,63,8,"teacher",0,NA,0,0,0,1,2708,0,2,44,0,NA,0,NA,"C:/Data/corr_sacc/asc/JITT1.asc",0,0,NA,13,195.6,437.6,719.6,44,NA,8,NA
"276",1,44,2,13,1462463,1462508,437.6,739.9,12,45,25,1,2,10,10,68,13,"teacher",5,5,0,0,0,1,3033,0,2,44,0,NA,0,NA,"C:/Data/corr_sacc/asc/JITT1.asc",0,0,8,1,348.5,213,735.3,44,36,13,NA
"277",1,44,2,13,1462559,1462762,213,743.1,13,203,50,1,2,9,9,56,1,"annoyed",1,12,0,0,0,1,3129,0,1,44,1,NA,0,NA,"C:/Data/corr_sacc/asc/JITT1.asc",0,0,13,10,437.6,383,739.9,44,31,1,NA
"278",1,44,2,13,1462790,1462994,383,736.9,14,204,27,1,2,10,10,65,10,"teacher",2,9,0,0,0,1,3360,0,2,44,1,NA,0,NA,"C:/Data/corr_sacc/asc/JITT1.asc",0,0,1,18,213,513.8,743.1,44,43,10,NA
"279",1,44,2,13,1463017,1463324,513.8,728.9,15,307,22,1,2,11,11,73,18,"gave",2,8,0,0,0,1,3587,0,3,44,0,NA,0,NA,"C:/Data/corr_sacc/asc/JITT1.asc",0,0,10,28,383,701.7,736.9,44,34,18,NA
"280",1,44,2,13,1463352,1463510,701.7,714.3,16,158,27,1,2,13,13,83,28,"strict",2,10,0,0,0,1,3922,0,5,44,0,NA,0,NA,"C:/Data/corr_sacc/asc/JITT1.asc",0,0,18,35,513.8,835.7,728.9,44,26,28,NA
"281",1,44,2,13,1463536,1463818,835.7,708.8,17,282,25,1,2,14,14,90,35,"detentions.",2,7,0,0,0,1,4106,0,6,44,0,NA,0,NA,"C:/Data/corr_sacc/asc/JITT1.asc",NA,0,28,NA,701.7,NA,714.3,44,16,35,NA
"282",1,44,2,13,NA,NA,NA,NA,NA,NA,NA,1,1,3,NA,NA,NA,"to",NA,NA,NA,NA,NA,NA,NA,NA,3,NA,NA,NA,NA,NA,"C:/Data/corr_sacc/asc/JITT1.asc",NA,0,35,NA,835.7,NA,708.8,44,9,NA,NA
"283",1,44,2,13,NA,NA,NA,NA,NA,NA,NA,1,1,7,NA,NA,NA,"the",NA,NA,NA,NA,NA,NA,NA,NA,7,NA,NA,NA,NA,NA,"C:/Data/corr_sacc/asc/JITT1.asc",NA,NA,NA,NA,NA,NA,NA,NA,NA,NA,NA
"284",1,44,2,13,NA,NA,NA,NA,NA,NA,NA,1,2,12,NA,NA,NA,"them",NA,NA,NA,NA,NA,NA,NA,NA,4,NA,NA,NA,NA,NA,"C:/Data/corr_sacc/asc/JITT1.asc",0,NA,NA,NA,NA,NA,NA,NA,NA,NA,NA
"285",1,79,1,14,1492769,1492920,342.3,488,1,151,31,1,1,2,2,4,4,"was",0,NA,0,0,0,1,876,0,2,53,0,NA,0,NA,"C:/Data/corr_sacc/asc/JITT1.asc",0,0,NA,9,NA,430.1,NA,NA,NA,4,NA
"286",1,79,1,14,1492941,1493111,430.1,492.4,2,170,20,1,1,3,3,9,9,"happy",1,5,0,0,0,1,1048,0,3,53,0,NA,0,NA,"C:/Data/corr_sacc/asc/JITT1.asc",0,0,4,18,342.3,605.2,488,53,49,9,NA
"287",1,79,1,14,1493139,1493419,605.2,508.1,3,280,27,1,1,5,5,18,18,"sit",1,9,0,0,0,1,1246,0,5,53,0,NA,0,NA,"C:/Data/corr_sacc/asc/JITT1.asc",0,0,9,28,430.1,768.7,492.4,53,44,18,NA
"288",1,79,1,14,1493447,1493646,768.7,500,4,199,27,1,1,8,8,28,28,"mother's",0,10,0,0,0,1,1554,0,8,53,0,NA,0,NA,"C:/Data/corr_sacc/asc/JITT1.asc",0,0,18,24,605.2,704.8,508.1,53,35,28,NA
"289",1,79,1,14,1493665,1493868,704.8,498.8,5,203,18,1,1,7,7,24,24,"his",0,4,0,0,0,1,1772,0,7,53,1,NA,0,NA,"C:/Data/corr_sacc/asc/JITT1.asc",0,0,28,26,768.7,733.5,500,53,25,24,NA
"290",1,79,1,14,1493878,1494001,733.5,499.9,6,123,9,1,1,7,7,26,26,"his",2,2,0,0,0,1,1985,0,7,53,1,NA,0,NA,"C:/Data/corr_sacc/asc/JITT1.asc",0,0,24,35,704.8,897,498.8,53,29,26,NA
"291",1,79,1,14,1494029,1494238,897,492.5,7,209,27,1,1,8,8,35,35,"mother's",7,9,0,0,0,1,2136,0,8,53,1,NA,0,NA,"C:/Data/corr_sacc/asc/JITT1.asc",0,0,26,41,733.5,1012.7,499.9,53,27,35,NA
"292",1,79,1,14,1494264,1494427,1012.7,491.5,8,163,25,1,1,9,9,41,41,"table",4,6,0,0,0,1,2371,0,9,53,0,NA,0,NA,"C:/Data/corr_sacc/asc/JITT1.asc",0,0,35,48,897,1137.8,492.5,53,18,41,NA
"293",1,79,1,14,1494453,1494810,1137.8,479.8,9,357,25,1,1,11,11,48,48,"dinner",1,7,0,0,0,1,2560,0,11,53,0,NA,0,NA,"C:/Data/corr_sacc/asc/JITT1.asc",1,0,41,11,1012.7,474.8,491.5,53,12,48,NA
"294",1,79,1,14,1494864,1494991,474.8,662.8,10,127,53,1,2,13,13,64,11,"after",3,37,0,0,0,1,2971,0,2,44,0,NA,1,"undersweep","C:/Data/corr_sacc/asc/JITT1.asc",0,0,48,4,1137.8,338,479.8,53,5,11,1
"295",1,79,1,14,1495026,1495490,338,692.4,11,464,34,1,2,12,12,57,4,"shortly",4,7,0,0,0,1,3133,0,1,44,1,NA,0,NA,"C:/Data/corr_sacc/asc/JITT1.asc",0,1,11,7,474.8,391.4,662.8,44,33,4,NA
"296",1,79,1,14,1495520,1495679,391.4,673,12,159,29,1,2,12,12,60,7,"shortly",7,3,0,0,0,1,3627,0,1,44,1,NA,0,NA,"C:/Data/corr_sacc/asc/JITT1.asc",0,0,4,12,338,494.2,692.4,44,40,7,NA
"297",1,79,1,14,1495705,1495982,494.2,685.8,13,277,25,1,2,13,13,65,12,"after",4,5,0,0,0,1,3812,0,2,44,1,NA,0,NA,"C:/Data/corr_sacc/asc/JITT1.asc",0,0,7,20,391.4,637.2,673,44,37,12,NA
"298",1,79,1,14,1496008,1496188,637.2,680.9,14,180,25,1,2,15,15,73,20,"guests",2,8,0,0,0,1,4115,0,4,44,0,NA,0,NA,"C:/Data/corr_sacc/asc/JITT1.asc",0,0,12,30,494.2,811.2,685.8,44,32,20,NA
"299",1,79,1,14,1496217,1496597,811.2,680,15,380,28,1,2,17,17,83,30,"left",1,10,0,0,0,1,4324,0,6,44,0,NA,0,NA,"C:/Data/corr_sacc/asc/JITT1.asc",0,0,20,10,637.2,456.9,680.9,44,24,30,NA
"300",1,79,1,14,1496646,1496754,456.9,687.2,16,108,48,1,2,13,13,63,10,"after",2,20,0,0,0,1,4753,0,2,44,1,NA,0,NA,"C:/Data/corr_sacc/asc/JITT1.asc",0,0,30,36,811.2,926.1,680,44,14,10,NA
"301",1,79,1,14,1496805,1497046,926.1,686.1,17,241,50,1,2,18,18,89,36,"the",2,26,0,0,0,1,4912,0,7,44,0,NA,0,NA,"C:/Data/corr_sacc/asc/JITT1.asc",NA,0,10,NA,456.9,NA,687.2,44,34,36,NA
"302",1,79,1,14,NA,NA,NA,NA,NA,NA,NA,1,1,1,NA,NA,NA,"Dan",NA,NA,NA,NA,NA,NA,NA,NA,1,NA,NA,NA,NA,NA,"C:/Data/corr_sacc/asc/JITT1.asc",NA,0,36,NA,926.1,NA,686.1,44,8,NA,NA
"303",1,79,1,14,NA,NA,NA,NA,NA,NA,NA,1,1,4,NA,NA,NA,"to",NA,NA,NA,NA,NA,NA,NA,NA,4,NA,NA,NA,NA,NA,"C:/Data/corr_sacc/asc/JITT1.asc",NA,NA,NA,NA,NA,NA,NA,NA,NA,NA,NA
"304",1,79,1,14,NA,NA,NA,NA,NA,NA,NA,1,1,6,NA,NA,NA,"at",NA,NA,NA,NA,NA,NA,NA,NA,6,NA,NA,NA,NA,NA,"C:/Data/corr_sacc/asc/JITT1.asc",NA,NA,NA,NA,NA,NA,NA,NA,NA,NA,NA
"305",1,79,1,14,NA,NA,NA,NA,NA,NA,NA,1,1,10,NA,NA,NA,"for",NA,NA,NA,NA,NA,NA,NA,NA,10,NA,NA,NA,NA,NA,"C:/Data/corr_sacc/asc/JITT1.asc",NA,NA,NA,NA,NA,NA,NA,NA,NA,NA,NA
"306",1,79,1,14,NA,NA,NA,NA,NA,NA,NA,1,2,14,NA,NA,NA,"the",NA,NA,NA,NA,NA,NA,NA,NA,3,NA,NA,NA,NA,NA,"C:/Data/corr_sacc/asc/JITT1.asc",NA,NA,NA,NA,NA,NA,NA,NA,NA,NA,NA
"307",1,79,1,14,NA,NA,NA,NA,NA,NA,NA,1,2,16,NA,NA,NA,"had",NA,NA,NA,NA,NA,NA,NA,NA,5,NA,NA,NA,NA,NA,"C:/Data/corr_sacc/asc/JITT1.asc",NA,NA,NA,NA,NA,NA,NA,NA,NA,NA,NA
"308",1,79,1,14,NA,NA,NA,NA,NA,NA,NA,1,2,19,NA,NA,NA,"house.",NA,NA,NA,NA,NA,NA,NA,NA,8,NA,NA,NA,NA,NA,"C:/Data/corr_sacc/asc/JITT1.asc",0,NA,NA,NA,NA,NA,NA,NA,NA,NA,NA
"309",1,40,1,15,1544066,1544219,361.9,548.8,1,153,32,1,1,2,2,9,9,"visited",5,NA,0,0,0,1,733,0,2,65,0,NA,0,NA,"C:/Data/corr_sacc/asc/JITT1.asc",0,0,NA,18,NA,529.7,NA,NA,NA,9,NA
"310",1,40,1,15,1544246,1544415,529.7,540.1,2,169,26,1,1,4,4,18,18,"beautiful",2,9,0,0,0,1,913,0,4,65,0,NA,0,NA,"C:/Data/corr_sacc/asc/JITT1.asc",0,0,9,28,361.9,708.4,548.8,65,56,18,NA
"311",1,40,1,15,1544441,1544873,708.4,534.5,3,432,25,1,1,5,5,28,28,"beach",2,10,0,0,0,1,1108,0,5,65,0,NA,0,NA,"C:/Data/corr_sacc/asc/JITT1.asc",0,0,18,34,529.7,819.8,540.1,65,47,28,NA
"312",1,40,1,15,1544897,1545121,819.8,535.4,4,224,23,1,1,6,6,34,34,"on",2,6,0,0,0,1,1564,0,6,65,0,NA,0,NA,"C:/Data/corr_sacc/asc/JITT1.asc",0,0,28,45,708.4,1010.3,534.5,65,37,34,NA
"313",1,40,1,15,1545148,1545373,1010.3,536.1,5,225,26,1,1,8,8,45,45,"with",0,11,0,0,0,1,1815,0,8,65,0,NA,0,NA,"C:/Data/corr_sacc/asc/JITT1.asc",0,0,34,48,819.8,1058.6,535.4,65,31,45,NA
"314",1,40,1,15,1545395,1545535,1058.6,531.8,6,140,21,1,1,8,8,48,48,"with",3,3,0,0,0,1,2062,0,8,65,0,NA,0,NA,"C:/Data/corr_sacc/asc/JITT1.asc",0,0,45,53,1010.3,1147.3,536.1,65,20,48,NA
"315",1,40,1,15,1545558,1545730,1147.3,530.2,7,172,22,1,1,9,9,53,53,"her",3,5,0,0,0,1,2225,0,9,65,0,NA,0,NA,"C:/Data/corr_sacc/asc/JITT1.asc",0,0,48,58,1058.6,1250.4,531.8,65,17,53,NA
"316",1,40,1,15,1545754,1546025,1250.4,527.5,8,271,23,1,1,10,10,58,58,"best",4,5,0,0,0,1,2421,0,10,65,0,NA,0,NA,"C:/Data/corr_sacc/asc/JITT1.asc",1,0,53,13,1147.3,434,530.2,65,12,58,NA
"317",1,40,1,15,1546094,1546192,434,702.9,9,98,68,1,2,14,14,78,13,"college",0,45,0,0,0,1,2761,0,3,32,0,NA,1,"undersweep","C:/Data/corr_sacc/asc/JITT1.asc",0,0,58,4,1250.4,278.1,527.5,65,7,13,1
"318",1,40,1,15,1546226,1546512,278.1,736.8,10,286,33,1,2,12,12,69,4,"from",4,9,0,0,0,1,2893,0,1,32,1,NA,0,NA,"C:/Data/corr_sacc/asc/JITT1.asc",0,1,13,11,434,404,702.9,32,19,4,NA
"319",1,40,1,15,1546537,1546677,404,735.3,11,140,24,1,2,13,13,76,11,"another",6,7,0,0,0,1,3204,0,2,32,1,NA,0,NA,"C:/Data/corr_sacc/asc/JITT1.asc",0,0,4,19,278.1,534.5,736.8,32,28,11,NA
"320",1,40,1,15,1546701,1546853,534.5,728.2,12,152,23,1,2,14,14,84,19,"college",6,8,0,0,0,1,3368,0,3,32,1,NA,0,NA,"C:/Data/corr_sacc/asc/JITT1.asc",0,0,11,24,404,639.6,735.3,32,21,19,NA
"321",1,40,1,15,1546877,1547151,639.6,718.8,13,274,23,1,2,16,16,89,24,"England.",0,5,0,0,0,1,3544,0,5,32,0,NA,0,NA,"C:/Data/corr_sacc/asc/JITT1.asc",NA,0,19,NA,534.5,NA,728.2,32,13,24,NA
"322",1,40,1,15,NA,NA,NA,NA,NA,NA,NA,1,1,1,NA,NA,NA,"She",NA,NA,NA,NA,NA,NA,NA,NA,1,NA,NA,NA,NA,NA,"C:/Data/corr_sacc/asc/JITT1.asc",NA,0,24,NA,639.6,NA,718.8,32,8,NA,NA
"323",1,40,1,15,NA,NA,NA,NA,NA,NA,NA,1,1,3,NA,NA,NA,"the",NA,NA,NA,NA,NA,NA,NA,NA,3,NA,NA,NA,NA,NA,"C:/Data/corr_sacc/asc/JITT1.asc",NA,NA,NA,NA,NA,NA,NA,NA,NA,NA,NA
"324",1,40,1,15,NA,NA,NA,NA,NA,NA,NA,1,1,7,NA,NA,NA,"Wednesday",NA,NA,NA,NA,NA,NA,NA,NA,7,NA,NA,NA,NA,NA,"C:/Data/corr_sacc/asc/JITT1.asc",NA,NA,NA,NA,NA,NA,NA,NA,NA,NA,NA
"325",1,40,1,15,NA,NA,NA,NA,NA,NA,NA,1,1,11,NA,NA,NA,"friend",NA,NA,NA,NA,NA,NA,NA,NA,11,NA,NA,NA,NA,NA,"C:/Data/corr_sacc/asc/JITT1.asc",NA,NA,NA,NA,NA,NA,NA,NA,NA,NA,NA
"326",1,40,1,15,NA,NA,NA,NA,NA,NA,NA,1,2,15,NA,NA,NA,"in",NA,NA,NA,NA,NA,NA,NA,NA,4,NA,NA,NA,NA,NA,"C:/Data/corr_sacc/asc/JITT1.asc",0,NA,NA,NA,NA,NA,NA,NA,NA,NA,NA
"327",1,19,1,16,1555101,1555245,424.6,500.9,1,144,23,1,1,2,2,7,7,"picked",5,NA,0,0,0,1,3199,0,2,54,0,NA,0,NA,"C:/Data/corr_sacc/asc/JITT1.asc",0,0,NA,6,NA,409,NA,NA,NA,7,NA
"328",1,19,1,16,1555257,1555410,409,506.7,2,153,11,1,1,2,2,6,6,"picked",4,1,0,0,0,1,3355,0,2,54,0,NA,0,NA,"C:/Data/corr_sacc/asc/JITT1.asc",0,0,7,11,424.6,496.6,500.9,54,47,6,NA
"329",1,19,1,16,1555434,1555680,496.6,510.7,3,246,23,1,1,3,3,11,11,"up",2,5,0,0,0,1,3532,0,3,54,0,NA,0,NA,"C:/Data/corr_sacc/asc/JITT1.asc",0,0,6,16,409,577.1,506.7,54,48,11,NA
"330",1,19,1,16,1555702,1555855,577.1,512,4,153,21,1,1,5,5,16,16,"green",0,5,0,0,0,1,3800,0,5,54,0,NA,0,NA,"C:/Data/corr_sacc/asc/JITT1.asc",0,0,11,23,496.6,715.4,510.7,54,43,16,NA
"331",1,19,1,16,1555882,1556114,715.4,507,5,232,26,1,1,6,6,23,23,"coffee",1,7,0,0,0,1,3980,0,6,54,0,NA,0,NA,"C:/Data/corr_sacc/asc/JITT1.asc",0,0,16,30,577.1,830.8,512,54,38,23,NA
"332",1,19,1,16,1556138,1556313,830.8,508.3,6,175,23,1,1,7,7,30,30,"mug",1,7,0,0,0,1,4236,0,7,54,0,NA,0,NA,"C:/Data/corr_sacc/asc/JITT1.asc",0,0,23,33,715.4,879,507,54,31,30,NA
"333",1,19,1,16,1556332,1556534,879,517.3,7,202,18,1,1,8,8,33,33,"that",0,3,0,0,0,1,4430,0,8,54,0,NA,0,NA,"C:/Data/corr_sacc/asc/JITT1.asc",0,0,30,37,830.8,951.5,508.3,54,24,33,NA
"334",1,19,1,16,1556556,1556828,951.5,510.3,8,272,21,1,1,8,8,37,37,"that",4,4,0,0,0,1,4654,0,8,54,0,NA,0,NA,"C:/Data/corr_sacc/asc/JITT1.asc",0,0,33,43,879,1065.3,517.3,54,21,37,NA
"335",1,19,1,16,1556853,1557196,1065.3,509.1,9,343,24,1,1,10,10,43,43,"last",1,6,0,0,0,1,4951,0,10,54,0,NA,0,NA,"C:/Data/corr_sacc/asc/JITT1.asc",0,0,37,47,951.5,1141.3,510.3,54,17,43,NA
"336",1,19,1,16,1557217,1557365,1141.3,510.7,10,148,20,1,1,11,11,47,47,"visitor",0,4,0,0,0,1,5315,0,11,54,0,NA,0,NA,"C:/Data/corr_sacc/asc/JITT1.asc",0,0,43,52,1065.3,1231.9,509.1,54,11,47,NA
"337",1,19,1,16,1557388,1557700,1231.9,505.8,11,312,22,1,1,11,11,52,52,"visitor",5,5,0,0,0,1,5486,0,11,54,0,NA,0,NA,"C:/Data/corr_sacc/asc/JITT1.asc",1,0,47,6,1141.3,410.2,510.7,54,7,52,NA
"338",1,19,1,16,1557758,1557951,410.2,675.8,12,193,57,1,2,13,13,60,6,"forgotten",2,46,0,0,0,1,5856,0,2,43,0,NA,1,"undersweep","C:/Data/corr_sacc/asc/JITT1.asc",0,0,52,5,1231.9,385.5,505.8,54,2,6,1
"339",1,19,1,16,1557971,1558170,385.5,688.6,13,199,19,1,2,13,13,59,5,"forgotten",1,1,0,0,0,1,6069,0,2,43,0,NA,0,NA,"C:/Data/corr_sacc/asc/JITT1.asc",0,1,6,17,410.2,592,675.8,43,37,5,NA
"340",1,19,1,16,1558200,1558434,592,682.1,14,234,29,1,2,14,14,71,17,"and",3,12,0,0,0,1,6298,0,3,43,0,NA,0,NA,"C:/Data/corr_sacc/asc/JITT1.asc",0,0,5,19,385.5,630.6,688.6,43,38,17,NA
"341",1,19,1,16,1558457,1558790,630.6,684.3,15,333,22,1,2,15,15,73,19,"made",1,2,0,0,0,1,6555,0,4,43,0,NA,0,NA,"C:/Data/corr_sacc/asc/JITT1.asc",0,0,17,24,592,729.3,682.1,43,26,19,NA
"342",1,19,1,16,1558814,1558952,729.3,679.4,16,138,23,1,2,16,16,78,24,"a",1,5,0,0,0,1,6912,0,5,43,0,NA,0,NA,"C:/Data/corr_sacc/asc/JITT1.asc",0,0,19,29,630.6,814.4,684.3,43,24,24,NA
"343",1,19,1,16,1558977,1559151,814.4,695.5,17,174,24,1,2,17,17,83,29,"note",4,5,0,0,0,1,7075,0,6,43,0,NA,0,NA,"C:/Data/corr_sacc/asc/JITT1.asc",0,0,24,36,729.3,936.1,679.4,43,19,29,NA
"344",1,19,1,16,1559176,1559436,936.1,686.9,18,260,24,1,2,19,19,90,36,"return",3,7,0,0,0,1,7274,0,8,43,0,NA,0,NA,"C:/Data/corr_sacc/asc/JITT1.asc",0,0,29,31,814.4,848.1,695.5,43,14,36,NA
"345",1,19,1,16,1559458,1559606,848.1,697.8,19,148,21,1,2,18,18,85,31,"to",1,5,0,0,0,1,7556,0,7,43,1,NA,0,NA,"C:/Data/corr_sacc/asc/JITT1.asc",0,0,36,39,936.1,992.1,686.9,43,7,31,NA
"346",1,19,1,16,1559634,1559964,992.1,688.2,20,330,27,1,2,19,19,93,39,"return",6,8,0,0,0,1,7732,0,8,43,1,NA,0,NA,"C:/Data/corr_sacc/asc/JITT1.asc",NA,0,31,NA,848.1,NA,697.8,43,12,39,NA
"347",1,19,1,16,NA,NA,NA,NA,NA,NA,NA,1,1,1,NA,NA,NA,"I",NA,NA,NA,NA,NA,NA,NA,NA,1,NA,NA,NA,NA,NA,"C:/Data/corr_sacc/asc/JITT1.asc",NA,0,39,NA,992.1,NA,688.2,43,4,NA,NA
"348",1,19,1,16,NA,NA,NA,NA,NA,NA,NA,1,1,4,NA,NA,NA,"the",NA,NA,NA,NA,NA,NA,NA,NA,4,NA,NA,NA,NA,NA,"C:/Data/corr_sacc/asc/JITT1.asc",NA,NA,NA,NA,NA,NA,NA,NA,NA,NA,NA
"349",1,19,1,16,NA,NA,NA,NA,NA,NA,NA,1,1,9,NA,NA,NA,"our",NA,NA,NA,NA,NA,NA,NA,NA,9,NA,NA,NA,NA,NA,"C:/Data/corr_sacc/asc/JITT1.asc",NA,NA,NA,NA,NA,NA,NA,NA,NA,NA,NA
"350",1,19,1,16,NA,NA,NA,NA,NA,NA,NA,1,2,12,NA,NA,NA,"had",NA,NA,NA,NA,NA,NA,NA,NA,1,NA,NA,NA,NA,NA,"C:/Data/corr_sacc/asc/JITT1.asc",NA,NA,NA,NA,NA,NA,NA,NA,NA,NA,NA
"351",1,19,1,16,NA,NA,NA,NA,NA,NA,NA,1,2,20,NA,NA,NA,"it.",NA,NA,NA,NA,NA,NA,NA,NA,9,NA,NA,NA,NA,NA,"C:/Data/corr_sacc/asc/JITT1.asc",0,NA,NA,NA,NA,NA,NA,NA,NA,NA,NA
"352",1,67,1,17,1567560,1567701,365.5,526.2,1,141,24,1,1,3,3,8,8,"expert",0,NA,0,0,0,1,505,0,3,54,0,NA,0,NA,"C:/Data/corr_sacc/asc/JITT1.asc",0,0,NA,13,NA,464.3,NA,NA,NA,8,NA
"353",1,67,1,17,1567735,1568031,464.3,530.9,2,296,33,1,1,3,3,13,13,"expert",5,5,0,0,0,1,680,0,3,54,0,NA,0,NA,"C:/Data/corr_sacc/asc/JITT1.asc",0,0,8,18,365.5,551.7,526.2,54,46,13,NA
"354",1,67,1,17,1568053,1568321,551.7,521.8,3,268,21,1,1,4,4,18,18,"witness",3,5,0,0,0,1,998,0,4,54,0,NA,0,NA,"C:/Data/corr_sacc/asc/JITT1.asc",0,0,13,26,464.3,692.6,530.9,54,41,18,NA
"355",1,67,1,17,1568347,1568714,692.6,514.4,4,367,25,1,1,5,5,26,26,"was",3,8,0,0,0,1,1292,0,5,54,0,NA,0,NA,"C:/Data/corr_sacc/asc/JITT1.asc",0,0,18,33,551.7,817.5,521.8,54,36,26,NA
"356",1,67,1,17,1568739,1568938,817.5,516.4,5,199,24,1,1,7,7,33,33,"known",1,7,0,0,0,1,1684,0,7,54,0,NA,0,NA,"C:/Data/corr_sacc/asc/JITT1.asc",0,0,26,42,692.6,971,514.4,54,28,33,NA
"357",1,67,1,17,1568965,1569207,971,529.3,6,242,26,1,1,8,8,42,42,"around",4,9,0,0,0,1,1910,0,8,54,0,NA,0,NA,"C:/Data/corr_sacc/asc/JITT1.asc",0,0,33,48,817.5,1092.3,516.4,54,21,42,NA
"358",1,67,1,17,1569232,1569375,1092.3,522.8,7,143,24,1,1,9,9,48,48,"the",3,6,0,0,0,1,2177,0,9,54,0,NA,0,NA,"C:/Data/corr_sacc/asc/JITT1.asc",0,0,42,53,971,1172.8,529.3,54,12,48,NA
"359",1,67,1,17,1569399,1569447,1172.8,518.2,8,48,23,1,1,10,10,53,53,"world",4,5,0,0,0,1,2344,0,10,54,0,NA,0,NA,"C:/Data/corr_sacc/asc/JITT1.asc",1,0,48,5,1092.3,311.2,522.8,54,6,53,NA
"360",1,67,1,17,1569514,1569739,311.2,713.2,9,225,66,1,2,12,12,59,5,"her",1,48,0,0,0,1,2459,0,2,45,0,NA,1,"accurate","C:/Data/corr_sacc/asc/JITT1.asc",0,0,53,12,1172.8,433.2,518.2,54,1,5,0
"361",1,67,1,17,1569772,1569931,433.2,710,10,159,32,1,2,13,13,66,12,"great",4,7,0,0,0,1,2717,0,3,45,0,NA,0,NA,"C:/Data/corr_sacc/asc/JITT1.asc",0,1,5,19,311.2,572.3,713.2,45,40,12,NA
"362",1,67,1,17,1569966,1570226,572.3,706.3,11,260,34,1,2,14,14,73,19,"expertise",5,7,0,0,0,1,2911,0,4,45,0,NA,0,NA,"C:/Data/corr_sacc/asc/JITT1.asc",0,0,12,30,433.2,754.5,710,45,33,19,NA
"363",1,67,1,17,1570255,1570586,754.5,696.5,12,331,28,1,2,16,16,84,30,"forensic",3,11,0,0,0,1,3200,1,6,45,0,NA,0,NA,"C:/Data/corr_sacc/asc/JITT1.asc",0,0,19,40,572.3,935.8,706.3,45,26,30,NA
"364",1,67,1,17,1570613,1570748,935.8,696,13,135,26,1,2,17,17,94,40,"medicine.",4,10,0,0,0,1,3558,0,7,45,0,NA,0,NA,"C:/Data/corr_sacc/asc/JITT1.asc",NA,0,30,NA,754.5,NA,696.5,45,15,40,NA
"365",1,67,1,17,NA,NA,NA,NA,NA,NA,NA,1,1,1,NA,NA,NA,"The",NA,NA,NA,NA,NA,NA,NA,NA,1,NA,NA,NA,NA,NA,"C:/Data/corr_sacc/asc/JITT1.asc",NA,0,40,NA,935.8,NA,696,45,5,NA,NA
"366",1,67,1,17,NA,NA,NA,NA,NA,NA,NA,1,1,2,NA,NA,NA,"old",NA,NA,NA,NA,NA,NA,NA,NA,2,NA,NA,NA,NA,NA,"C:/Data/corr_sacc/asc/JITT1.asc",NA,NA,NA,NA,NA,NA,NA,NA,NA,NA,NA
"367",1,67,1,17,NA,NA,NA,NA,NA,NA,NA,1,1,6,NA,NA,NA,"well",NA,NA,NA,NA,NA,NA,NA,NA,6,NA,NA,NA,NA,NA,"C:/Data/corr_sacc/asc/JITT1.asc",NA,NA,NA,NA,NA,NA,NA,NA,NA,NA,NA
"368",1,67,1,17,NA,NA,NA,NA,NA,NA,NA,1,2,11,NA,NA,NA,"for",NA,NA,NA,NA,NA,NA,NA,NA,1,NA,NA,NA,NA,NA,"C:/Data/corr_sacc/asc/JITT1.asc",NA,NA,NA,NA,NA,NA,NA,NA,NA,NA,NA
"369",1,67,1,17,NA,NA,NA,NA,NA,NA,NA,1,2,15,NA,NA,NA,"in",NA,NA,NA,NA,NA,NA,NA,NA,5,NA,NA,NA,NA,NA,"C:/Data/corr_sacc/asc/JITT1.asc",0,NA,NA,NA,NA,NA,NA,NA,NA,NA,NA
"370",1,34,1,18,1584538,1584725,385.2,484.2,1,187,25,1,1,2,2,7,7,"disease",3,NA,0,0,0,1,1556,0,2,66,0,NA,0,NA,"C:/Data/corr_sacc/asc/JITT1.asc",0,0,NA,13,NA,496.4,NA,NA,NA,7,NA
"371",1,34,1,18,1584760,1584933,496.4,490.7,2,173,34,1,1,3,3,13,13,"was",1,6,0,0,0,1,1778,0,3,66,0,NA,0,NA,"C:/Data/corr_sacc/asc/JITT1.asc",0,0,7,18,385.2,584.5,484.2,66,59,13,NA
"372",1,34,1,18,1584956,1585143,584.5,493.8,3,187,22,1,1,4,4,18,18,"very",2,5,0,0,0,1,1974,0,4,66,0,NA,0,NA,"C:/Data/corr_sacc/asc/JITT1.asc",0,0,13,25,496.4,708,490.7,66,53,18,NA
"373",1,34,1,18,1585168,1585541,708,488.9,4,373,24,1,1,5,5,25,25,"virulent",4,7,0,0,0,1,2186,0,5,66,0,NA,0,NA,"C:/Data/corr_sacc/asc/JITT1.asc",0,0,18,35,584.5,877.4,493.8,66,48,25,NA
"374",1,34,1,18,1585571,1585860,877.4,481.8,5,289,29,1,1,7,7,35,35,"it",1,10,0,0,0,1,2589,0,7,66,0,NA,0,NA,"C:/Data/corr_sacc/asc/JITT1.asc",0,0,25,39,708,959.8,488.9,66,41,35,NA
"375",1,34,1,18,1585883,1586159,959.8,496.8,6,276,22,1,1,8,8,39,39,"affected",2,4,0,0,0,1,2901,0,8,66,0,NA,0,NA,"C:/Data/corr_sacc/asc/JITT1.asc",0,0,35,46,877.4,1091.7,481.8,66,31,39,NA
"376",1,34,1,18,1586182,1586333,1091.7,515.4,7,151,22,1,1,9,9,46,46,"many",0,7,0,0,0,1,3200,0,9,66,0,NA,0,NA,"C:/Data/corr_sacc/asc/JITT1.asc",0,0,39,52,959.8,1185.4,496.8,66,27,46,NA
"377",1,34,1,18,1586358,1586511,1185.4,512.3,8,153,24,1,1,10,10,52,52,"of",1,6,0,0,0,1,3376,0,10,66,0,NA,0,NA,"C:/Data/corr_sacc/asc/JITT1.asc",0,0,46,59,1091.7,1318.2,515.4,66,20,52,NA
"378",1,34,1,18,1586537,1586776,1318.2,494.3,9,239,25,1,1,12,12,59,59,"children",1,7,0,0,0,1,3555,0,12,66,0,NA,0,NA,"C:/Data/corr_sacc/asc/JITT1.asc",1,0,52,5,1185.4,337.9,512.3,66,14,59,NA
"379",1,34,1,18,1586850,1587122,337.9,690.9,10,272,73,1,2,14,14,71,5,"were",1,54,0,0,0,1,3868,0,2,55,0,NA,1,"accurate","C:/Data/corr_sacc/asc/JITT1.asc",0,0,59,13,1318.2,496.2,494.3,66,7,5,0
"380",1,34,1,18,1587148,1587352,496.2,694.1,11,204,25,1,2,15,15,79,13,"visiting",4,8,0,0,0,1,4166,0,3,55,0,NA,0,NA,"C:/Data/corr_sacc/asc/JITT1.asc",0,1,5,24,337.9,681.1,690.9,55,50,13,NA
"381",1,34,1,18,1587391,1587604,681.1,687,12,213,38,1,2,17,17,90,24,"same",2,11,0,0,0,1,4409,0,5,55,0,NA,0,NA,"C:/Data/corr_sacc/asc/JITT1.asc",0,0,13,31,496.2,815.5,694.1,55,42,24,NA
"382",1,34,1,18,1587629,1587806,815.5,680.3,13,177,24,1,2,19,19,97,31,"care",0,7,0,0,0,1,4647,0,7,55,0,NA,0,NA,"C:/Data/corr_sacc/asc/JITT1.asc",0,0,24,37,681.1,917.7,687,55,31,31,NA
"383",1,34,1,18,1587829,1588039,917.7,676.6,14,210,22,1,2,20,20,103,37,"centre",1,6,0,0,0,1,4847,0,8,55,0,NA,0,NA,"C:/Data/corr_sacc/asc/JITT1.asc",0,0,31,42,815.5,1005,680.3,55,24,37,NA
"384",1,34,1,18,1588061,1588238,1005,683,15,177,21,1,2,20,20,108,42,"centre",6,5,0,0,0,1,5079,0,8,55,0,NA,0,NA,"C:/Data/corr_sacc/asc/JITT1.asc",0,0,37,48,917.7,1123.6,676.6,55,18,42,NA
"385",1,34,1,18,1588275,1588479,1123.6,687.4,16,204,36,1,2,22,22,114,48,"the",2,6,0,0,0,1,5293,0,10,55,0,NA,0,NA,"C:/Data/corr_sacc/asc/JITT1.asc",NA,0,42,NA,1005,NA,683,55,13,48,NA
"386",1,34,1,18,NA,NA,NA,NA,NA,NA,NA,1,1,1,NA,NA,NA,"The",NA,NA,NA,NA,NA,NA,NA,NA,1,NA,NA,NA,NA,NA,"C:/Data/corr_sacc/asc/JITT1.asc",NA,0,48,NA,1123.6,NA,687.4,55,7,NA,NA
"387",1,34,1,18,NA,NA,NA,NA,NA,NA,NA,1,1,6,NA,NA,NA,"and",NA,NA,NA,NA,NA,NA,NA,NA,6,NA,NA,NA,NA,NA,"C:/Data/corr_sacc/asc/JITT1.asc",NA,NA,NA,NA,NA,NA,NA,NA,NA,NA,NA
"388",1,34,1,18,NA,NA,NA,NA,NA,NA,NA,1,1,11,NA,NA,NA,"the",NA,NA,NA,NA,NA,NA,NA,NA,11,NA,NA,NA,NA,NA,"C:/Data/corr_sacc/asc/JITT1.asc",NA,NA,NA,NA,NA,NA,NA,NA,NA,NA,NA
"389",1,34,1,18,NA,NA,NA,NA,NA,NA,NA,1,2,13,NA,NA,NA,"who",NA,NA,NA,NA,NA,NA,NA,NA,1,NA,NA,NA,NA,NA,"C:/Data/corr_sacc/asc/JITT1.asc",NA,NA,NA,NA,NA,NA,NA,NA,NA,NA,NA
"390",1,34,1,18,NA,NA,NA,NA,NA,NA,NA,1,2,16,NA,NA,NA,"the",NA,NA,NA,NA,NA,NA,NA,NA,4,NA,NA,NA,NA,NA,"C:/Data/corr_sacc/asc/JITT1.asc",NA,NA,NA,NA,NA,NA,NA,NA,NA,NA,NA
"391",1,34,1,18,NA,NA,NA,NA,NA,NA,NA,1,2,18,NA,NA,NA,"day",NA,NA,NA,NA,NA,NA,NA,NA,6,NA,NA,NA,NA,NA,"C:/Data/corr_sacc/asc/JITT1.asc",NA,NA,NA,NA,NA,NA,NA,NA,NA,NA,NA
"392",1,34,1,18,NA,NA,NA,NA,NA,NA,NA,1,2,21,NA,NA,NA,"in",NA,NA,NA,NA,NA,NA,NA,NA,9,NA,NA,NA,NA,NA,"C:/Data/corr_sacc/asc/JITT1.asc",NA,NA,NA,NA,NA,NA,NA,NA,NA,NA,NA
"393",1,34,1,18,NA,NA,NA,NA,NA,NA,NA,1,2,23,NA,NA,NA,"city.",NA,NA,NA,NA,NA,NA,NA,NA,11,NA,NA,NA,NA,NA,"C:/Data/corr_sacc/asc/JITT1.asc",0,NA,NA,NA,NA,NA,NA,NA,NA,NA,NA
"394",1,88,1,19,1595399,1595776,522,510.2,1,377,25,1,1,2,2,7,7,"two",3,NA,0,0,0,1,767,0,2,65,0,NA,0,NA,"C:/Data/corr_sacc/asc/JITT1.asc",0,0,NA,16,NA,675.1,NA,NA,NA,7,NA
"395",1,88,1,19,1595813,1596083,675.1,514,2,270,36,1,1,4,4,16,16,"from",2,9,0,0,0,1,1181,0,4,65,0,NA,0,NA,"C:/Data/corr_sacc/asc/JITT1.asc",0,0,7,23,522,801,510.2,65,58,16,NA
"396",1,88,1,19,1596109,1596297,801,515.1,3,188,25,1,1,6,6,23,23,"Welsh",0,7,0,0,0,1,1477,0,6,65,0,NA,0,NA,"C:/Data/corr_sacc/asc/JITT1.asc",0,0,16,27,675.1,871.9,514,65,49,23,NA
"397",1,88,1,19,1596317,1596455,871.9,515.4,4,138,19,1,1,6,6,27,27,"Welsh",4,4,0,0,0,1,1685,0,6,65,0,NA,0,NA,"C:/Data/corr_sacc/asc/JITT1.asc",0,0,23,35,801,1018.3,515.1,65,42,27,NA
"398",1,88,1,19,1596483,1596673,1018.3,513.1,5,190,27,1,1,7,7,35,35,"countryside",6,8,0,0,0,1,1851,0,7,65,0,NA,0,NA,"C:/Data/corr_sacc/asc/JITT1.asc",0,0,27,46,871.9,1224.7,515.4,65,38,35,NA
"399",1,88,1,19,1596704,1596900,1224.7,511.4,6,196,30,1,1,9,9,46,46,"usually",0,11,0,0,0,1,2072,0,9,65,0,NA,0,NA,"C:/Data/corr_sacc/asc/JITT1.asc",0,0,35,45,1018.3,1200.8,513.1,65,30,46,NA
"400",1,88,1,19,1596910,1597053,1200.8,515.5,7,143,9,1,1,8,8,45,45,"were",4,1,0,0,0,1,2278,0,8,65,1,NA,0,NA,"C:/Data/corr_sacc/asc/JITT1.asc",0,0,46,54,1224.7,1353.4,511.4,65,19,45,NA
"401",1,88,1,19,1597077,1597237,1353.4,508.6,8,160,23,1,1,10,10,54,54,"less",0,9,0,0,0,1,2445,0,10,65,0,NA,0,NA,"C:/Data/corr_sacc/asc/JITT1.asc",0,0,45,58,1200.8,1439.8,515.5,65,20,54,NA
"402",1,88,1,19,1597258,1597492,1439.8,515.5,9,234,20,1,1,10,10,58,58,"less",4,4,0,0,0,1,2626,0,10,65,0,NA,0,NA,"C:/Data/corr_sacc/asc/JITT1.asc",1,0,54,6,1353.4,489.8,508.6,65,11,58,NA
"403",1,88,1,19,1597562,1597708,489.8,728.3,10,146,69,1,2,13,13,71,6,"our",1,52,0,0,0,1,2930,0,2,62,0,NA,1,"undersweep","C:/Data/corr_sacc/asc/JITT1.asc",0,0,58,4,1439.8,462,515.5,65,7,6,1
"404",1,88,1,19,1597719,1597865,462,715.2,11,146,10,1,2,12,12,69,4,"than",4,2,0,0,0,1,3087,0,1,62,1,NA,0,NA,"C:/Data/corr_sacc/asc/JITT1.asc",0,1,6,15,489.8,663.7,728.3,62,56,4,NA
"405",1,88,1,19,1597894,1598152,663.7,713.3,12,258,28,1,2,14,14,80,15,"mother",6,11,0,0,0,1,3262,0,3,62,0,NA,0,NA,"C:/Data/corr_sacc/asc/JITT1.asc",0,0,4,10,462,568,715.2,62,58,15,NA
"406",1,88,1,19,1598177,1598286,568,719.1,13,109,24,1,2,14,14,75,10,"mother",1,5,0,0,0,1,3545,0,3,62,0,NA,0,NA,"C:/Data/corr_sacc/asc/JITT1.asc",0,0,15,22,663.7,790.3,713.3,62,47,10,NA
"407",1,88,1,19,1598328,1598563,790.3,700.6,14,235,41,1,2,16,16,87,22,"would",2,12,0,0,0,1,3696,0,5,62,0,NA,0,NA,"C:/Data/corr_sacc/asc/JITT1.asc",0,0,10,32,568,959,719.1,62,52,22,NA
"408",1,88,1,19,1598592,1598910,959,705.6,15,318,28,1,2,18,18,97,32,"let",0,10,0,0,0,1,3960,0,7,62,0,NA,0,NA,"C:/Data/corr_sacc/asc/JITT1.asc",0,0,22,24,790.3,815,700.6,62,40,32,NA
"409",1,88,1,19,1598938,1599533,815,723.1,16,595,27,1,2,16,16,89,24,"would",4,8,0,0,0,1,4306,0,5,62,1,NA,0,NA,"C:/Data/corr_sacc/asc/JITT1.asc",0,0,32,31,959,948.5,705.6,62,30,24,NA
"410",1,88,1,19,1599569,1599723,948.5,716.3,17,154,35,1,2,17,17,96,31,"often",5,7,0,0,0,1,4937,0,6,62,1,NA,0,NA,"C:/Data/corr_sacc/asc/JITT1.asc",0,0,24,37,815,1059.6,723.1,62,38,31,NA
"411",1,88,1,19,1599748,1599913,1059.6,701.7,18,165,24,1,2,19,19,102,37,"us",1,6,0,0,0,1,5116,0,8,62,0,NA,0,NA,"C:/Data/corr_sacc/asc/JITT1.asc",0,0,31,46,948.5,1212.1,716.3,62,31,37,NA
"412",1,88,1,19,1599941,1600089,1212.1,692.1,19,148,27,1,2,21,21,111,46,"outside",2,9,0,0,0,1,5309,0,10,62,0,NA,0,NA,"C:/Data/corr_sacc/asc/JITT1.asc",0,0,37,51,1059.6,1314.2,701.7,62,25,46,NA
"413",1,88,1,19,1600113,1600337,1314.2,696.7,20,224,23,1,2,21,21,116,51,"outside",7,5,0,0,0,1,5481,0,10,62,0,NA,0,NA,"C:/Data/corr_sacc/asc/JITT1.asc",0,0,46,56,1212.1,1391,692.1,62,16,51,NA
"414",1,88,1,19,1600359,1600391,1391,696.6,21,32,21,1,2,23,23,121,56,"hours.",0,5,0,0,0,1,5727,0,12,62,0,NA,0,NA,"C:/Data/corr_sacc/asc/JITT1.asc",NA,0,51,NA,1314.2,NA,696.7,62,11,56,NA
"415",1,88,1,19,NA,NA,NA,NA,NA,NA,NA,1,1,1,NA,NA,NA,"Our",NA,NA,NA,NA,NA,NA,NA,NA,1,NA,NA,NA,NA,NA,"C:/Data/corr_sacc/asc/JITT1.asc",NA,0,56,NA,1391,NA,696.6,62,6,NA,NA
"416",1,88,1,19,NA,NA,NA,NA,NA,NA,NA,1,1,3,NA,NA,NA,"aunts",NA,NA,NA,NA,NA,NA,NA,NA,3,NA,NA,NA,NA,NA,"C:/Data/corr_sacc/asc/JITT1.asc",NA,NA,NA,NA,NA,NA,NA,NA,NA,NA,NA
"417",1,88,1,19,NA,NA,NA,NA,NA,NA,NA,1,1,5,NA,NA,NA,"the",NA,NA,NA,NA,NA,NA,NA,NA,5,NA,NA,NA,NA,NA,"C:/Data/corr_sacc/asc/JITT1.asc",NA,NA,NA,NA,NA,NA,NA,NA,NA,NA,NA
"418",1,88,1,19,NA,NA,NA,NA,NA,NA,NA,1,1,11,NA,NA,NA,"strict",NA,NA,NA,NA,NA,NA,NA,NA,11,NA,NA,NA,NA,NA,"C:/Data/corr_sacc/asc/JITT1.asc",NA,NA,NA,NA,NA,NA,NA,NA,NA,NA,NA
"419",1,88,1,19,NA,NA,NA,NA,NA,NA,NA,1,2,15,NA,NA,NA,"and",NA,NA,NA,NA,NA,NA,NA,NA,4,NA,NA,NA,NA,NA,"C:/Data/corr_sacc/asc/JITT1.asc",NA,NA,NA,NA,NA,NA,NA,NA,NA,NA,NA
"420",1,88,1,19,NA,NA,NA,NA,NA,NA,NA,1,2,20,NA,NA,NA,"play",NA,NA,NA,NA,NA,NA,NA,NA,9,NA,NA,NA,NA,NA,"C:/Data/corr_sacc/asc/JITT1.asc",NA,NA,NA,NA,NA,NA,NA,NA,NA,NA,NA
"421",1,88,1,19,NA,NA,NA,NA,NA,NA,NA,1,2,22,NA,NA,NA,"for",NA,NA,NA,NA,NA,NA,NA,NA,11,NA,NA,NA,NA,NA,"C:/Data/corr_sacc/asc/JITT1.asc",0,NA,NA,NA,NA,NA,NA,NA,NA,NA,NA
"422",1,78,3,20,1605199,1605357,397.7,515.2,1,158,8,1,1,2,2,4,4,"the",1,NA,0,0,0,1,1047,0,2,66,0,NA,0,NA,"C:/Data/corr_sacc/asc/JITT1.asc",0,0,NA,8,NA,474,NA,NA,NA,4,NA
"423",1,78,3,20,1605381,1605567,474,509.7,2,186,23,1,1,3,3,8,8,"seventeenth",1,4,0,0,0,1,1229,0,3,66,0,NA,0,NA,"C:/Data/corr_sacc/asc/JITT1.asc",0,0,4,18,397.7,656.3,515.2,66,62,8,NA
"424",1,78,3,20,1605597,1605736,656.3,521.3,3,139,29,1,1,3,3,18,18,"seventeenth",11,10,0,0,0,1,1445,0,3,66,0,NA,0,NA,"C:/Data/corr_sacc/asc/JITT1.asc",0,0,8,23,474,754.9,509.7,66,58,18,NA
"425",1,78,3,20,1605767,1605922,754.9,523.8,4,155,30,1,1,4,4,23,23,"annual",4,5,0,0,0,1,1615,0,4,66,0,NA,0,NA,"C:/Data/corr_sacc/asc/JITT1.asc",0,0,18,31,656.3,883.8,521.3,66,48,23,NA
"426",1,78,3,20,1605948,1606165,883.8,517.5,5,217,25,1,1,5,5,31,31,"music",5,8,0,0,0,1,1796,0,5,66,0,NA,0,NA,"C:/Data/corr_sacc/asc/JITT1.asc",0,0,23,42,754.9,1091.2,523.8,66,43,31,NA
"427",1,78,3,20,1606196,1606351,1091.2,513.6,6,155,30,1,1,7,7,42,42,"Tom",0,11,0,0,0,1,2044,0,7,66,0,NA,0,NA,"C:/Data/corr_sacc/asc/JITT1.asc",0,0,31,47,883.8,1181.5,517.5,66,35,42,NA
"428",1,78,3,20,1606375,1606585,1181.5,515.5,7,210,23,1,1,8,8,47,47,"will",1,5,0,0,0,1,2223,0,8,66,0,NA,0,NA,"C:/Data/corr_sacc/asc/JITT1.asc",0,0,42,53,1091.2,1282.8,513.6,66,24,47,NA
"429",1,78,3,20,1606610,1606865,1282.8,520.4,8,255,24,1,1,9,9,53,53,"be",2,6,0,0,0,1,2458,0,9,66,0,NA,0,NA,"C:/Data/corr_sacc/asc/JITT1.asc",0,0,47,58,1181.5,1380.1,515.5,66,19,53,NA
"430",1,78,3,20,1606887,1607142,1380.1,530.1,9,255,21,1,1,10,10,58,58,"performing",4,5,0,0,0,1,2735,0,10,66,0,NA,0,NA,"C:/Data/corr_sacc/asc/JITT1.asc",0,0,53,NA,1282.8,1552.9,520.4,66,13,58,NA
"431",1,78,3,20,1607171,1607314,1552.9,525.4,10,143,28,NA,1,NA,NA,NA,NA,NA,NA,NA,0,0,1,1,3019,NA,NA,66,NA,NA,0,NA,"C:/Data/corr_sacc/asc/JITT1.asc",1,0,58,7,1380.1,450.5,530.1,66,8,74,NA
"432",1,78,3,20,1607393,1607604,450.5,730,11,211,78,1,2,13,13,73,7,"solo",1,NA,0,0,0,1,3241,1,2,38,0,NA,1,"accurate","C:/Data/corr_sacc/asc/JITT1.asc",0,0,NA,14,1552.9,582.1,525.4,66,NA,7,0
"433",1,78,3,20,1607641,1607778,582.1,718.3,12,137,36,1,2,15,15,80,14,"raise",0,7,0,0,0,1,3489,0,4,38,0,NA,0,NA,"C:/Data/corr_sacc/asc/JITT1.asc",0,1,7,21,450.5,713.9,730,38,31,14,NA
"434",1,78,3,20,1607816,1608193,713.9,705.2,13,377,37,1,2,16,16,87,21,"money",1,7,0,0,0,1,3664,0,5,38,0,NA,0,NA,"C:/Data/corr_sacc/asc/JITT1.asc",0,0,14,32,582.1,904.3,718.3,38,24,21,NA
"435",1,78,3,20,1608222,1608376,904.3,696.8,14,154,28,1,2,18,18,98,32,"charity.",2,11,0,0,0,1,4070,0,7,38,0,NA,0,NA,"C:/Data/corr_sacc/asc/JITT1.asc",0,0,21,37,713.9,993,705.2,38,17,32,NA
"436",1,78,3,20,1608400,1608549,993,706.7,15,149,23,1,2,18,18,103,37,"charity.",7,5,0,0,0,1,4248,0,7,38,0,NA,0,NA,"C:/Data/corr_sacc/asc/JITT1.asc",NA,0,32,NA,904.3,NA,696.8,38,6,37,NA
"437",1,78,3,20,NA,NA,NA,NA,NA,NA,NA,1,1,1,NA,NA,NA,"At",NA,NA,NA,NA,NA,NA,NA,NA,1,NA,NA,NA,NA,NA,"C:/Data/corr_sacc/asc/JITT1.asc",NA,0,37,NA,993,NA,706.7,38,1,NA,NA
"438",1,78,3,20,NA,NA,NA,NA,NA,NA,NA,1,1,6,NA,NA,NA,"festival,",NA,NA,NA,NA,NA,NA,NA,NA,6,NA,NA,NA,NA,NA,"C:/Data/corr_sacc/asc/JITT1.asc",NA,NA,NA,NA,NA,NA,NA,NA,NA,NA,NA
"439",1,78,3,20,NA,NA,NA,NA,NA,NA,NA,1,1,11,NA,NA,NA,"a",NA,NA,NA,NA,NA,NA,NA,NA,11,NA,NA,NA,NA,NA,"C:/Data/corr_sacc/asc/JITT1.asc",NA,NA,NA,NA,NA,NA,NA,NA,NA,NA,NA
"440",1,78,3,20,NA,NA,NA,NA,NA,NA,NA,1,2,12,NA,NA,NA,"piano",NA,NA,NA,NA,NA,NA,NA,NA,1,NA,NA,NA,NA,NA,"C:/Data/corr_sacc/asc/JITT1.asc",NA,NA,NA,NA,NA,NA,NA,NA,NA,NA,NA
"441",1,78,3,20,NA,NA,NA,NA,NA,NA,NA,1,2,14,NA,NA,NA,"to",NA,NA,NA,NA,NA,NA,NA,NA,3,NA,NA,NA,NA,NA,"C:/Data/corr_sacc/asc/JITT1.asc",NA,NA,NA,NA,NA,NA,NA,NA,NA,NA,NA
"442",1,78,3,20,NA,NA,NA,NA,NA,NA,NA,1,2,17,NA,NA,NA,"for",NA,NA,NA,NA,NA,NA,NA,NA,6,NA,NA,NA,NA,NA,"C:/Data/corr_sacc/asc/JITT1.asc",0,NA,NA,NA,NA,NA,NA,NA,NA,NA,NA
"443",1,39,3,21,1629754,1630150,329.1,493.8,1,396,23,1,1,2,2,7,7,"bride",3,NA,0,0,0,1,761,0,2,54,0,NA,0,NA,"C:/Data/corr_sacc/asc/JITT1.asc",0,0,NA,12,NA,420.8,NA,NA,NA,7,NA
"444",1,39,3,21,1630172,1630420,420.8,500.9,2,248,21,1,1,3,3,12,12,"was",2,5,0,0,0,1,1179,0,3,54,0,NA,0,NA,"C:/Data/corr_sacc/asc/JITT1.asc",0,0,7,19,329.1,554.8,493.8,54,47,12,NA
"445",1,39,3,21,1630443,1630597,554.8,503.6,3,154,22,1,1,5,5,19,19,"she",0,7,0,0,0,1,1450,0,5,54,0,NA,0,NA,"C:/Data/corr_sacc/asc/JITT1.asc",0,0,12,24,420.8,646.4,500.9,54,42,19,NA
"446",1,39,3,21,1630620,1630803,646.4,501,4,183,22,1,1,6,6,24,24,"had",1,5,0,0,0,1,1627,0,6,54,0,NA,0,NA,"C:/Data/corr_sacc/asc/JITT1.asc",0,0,19,32,554.8,773.6,503.6,54,35,24,NA
"447",1,39,3,21,1630829,1631036,773.6,499.9,5,207,25,1,1,7,7,32,32,"inherited",5,8,0,0,0,1,1836,0,7,54,0,NA,0,NA,"C:/Data/corr_sacc/asc/JITT1.asc",0,0,24,41,646.4,943.7,501,54,30,32,NA
"448",1,39,3,21,1631066,1631320,943.7,492.9,6,254,29,1,1,9,9,41,41,"large",2,9,0,0,0,1,2073,0,9,54,0,NA,0,NA,"C:/Data/corr_sacc/asc/JITT1.asc",0,0,32,47,773.6,1058.3,499.9,54,22,41,NA
"449",1,39,3,21,1631344,1631665,1058.3,500.5,7,321,23,1,1,10,10,47,47,"amount",2,6,0,0,0,1,2351,0,10,54,0,NA,0,NA,"C:/Data/corr_sacc/asc/JITT1.asc",1,0,41,4,943.7,281.7,492.9,54,13,47,NA
"450",1,39,3,21,1631739,1631946,281.7,695.6,8,207,73,1,2,12,12,58,4,"money",4,43,0,0,0,1,2746,0,1,45,0,NA,1,"accurate","C:/Data/corr_sacc/asc/JITT1.asc",0,0,47,10,1058.3,378.7,500.5,54,7,4,0
"451",1,39,3,21,1631978,1632097,378.7,687.1,9,119,31,1,2,14,14,64,10,"a",0,6,0,0,0,1,2985,0,3,45,0,NA,0,NA,"C:/Data/corr_sacc/asc/JITT1.asc",0,1,4,16,281.7,491.8,695.6,45,41,10,NA
"452",1,39,3,21,1632120,1632351,491.8,691.4,10,231,22,1,2,16,16,70,16,"mansion",0,6,0,0,0,1,3127,0,5,45,0,NA,0,NA,"C:/Data/corr_sacc/asc/JITT1.asc",0,0,10,20,378.7,574.5,687.1,45,35,16,NA
"453",1,39,3,21,1632386,1632603,574.5,696.2,11,217,34,1,2,16,16,74,20,"mansion",4,4,0,0,0,1,3393,0,5,45,0,NA,0,NA,"C:/Data/corr_sacc/asc/JITT1.asc",0,0,16,29,491.8,723.7,691.4,45,29,20,NA
"454",1,39,3,21,1632629,1632852,723.7,711.3,12,223,25,1,2,18,18,83,29,"her",0,9,0,0,0,1,3636,0,7,45,0,NA,0,NA,"C:/Data/corr_sacc/asc/JITT1.asc",0,0,20,36,574.5,862.5,696.2,45,25,29,NA
"455",1,39,3,21,1632877,1633043,862.5,704.6,13,166,24,1,2,19,19,90,36,"late",3,7,0,0,0,1,3884,0,8,45,0,NA,0,NA,"C:/Data/corr_sacc/asc/JITT1.asc",0,0,29,40,723.7,931.9,711.3,45,16,36,NA
"456",1,39,3,21,1633065,1633256,931.9,699.9,14,191,21,1,2,20,20,94,40,"mother.",2,4,0,0,0,1,4072,0,9,45,0,NA,0,NA,"C:/Data/corr_sacc/asc/JITT1.asc",NA,0,36,NA,862.5,NA,704.6,45,9,40,NA
"457",1,39,3,21,NA,NA,NA,NA,NA,NA,NA,1,1,1,NA,NA,NA,"The",NA,NA,NA,NA,NA,NA,NA,NA,1,NA,NA,NA,NA,NA,"C:/Data/corr_sacc/asc/JITT1.asc",NA,0,40,NA,931.9,NA,699.9,45,5,NA,NA
"458",1,39,3,21,NA,NA,NA,NA,NA,NA,NA,1,1,4,NA,NA,NA,"told",NA,NA,NA,NA,NA,NA,NA,NA,4,NA,NA,NA,NA,NA,"C:/Data/corr_sacc/asc/JITT1.asc",NA,NA,NA,NA,NA,NA,NA,NA,NA,NA,NA
"459",1,39,3,21,NA,NA,NA,NA,NA,NA,NA,1,1,8,NA,NA,NA,"a",NA,NA,NA,NA,NA,NA,NA,NA,8,NA,NA,NA,NA,NA,"C:/Data/corr_sacc/asc/JITT1.asc",NA,NA,NA,NA,NA,NA,NA,NA,NA,NA,NA
"460",1,39,3,21,NA,NA,NA,NA,NA,NA,NA,1,1,11,NA,NA,NA,"of",NA,NA,NA,NA,NA,NA,NA,NA,11,NA,NA,NA,NA,NA,"C:/Data/corr_sacc/asc/JITT1.asc",NA,NA,NA,NA,NA,NA,NA,NA,NA,NA,NA
"461",1,39,3,21,NA,NA,NA,NA,NA,NA,NA,1,2,13,NA,NA,NA,"and",NA,NA,NA,NA,NA,NA,NA,NA,2,NA,NA,NA,NA,NA,"C:/Data/corr_sacc/asc/JITT1.asc",NA,NA,NA,NA,NA,NA,NA,NA,NA,NA,NA
"462",1,39,3,21,NA,NA,NA,NA,NA,NA,NA,1,2,15,NA,NA,NA,"big",NA,NA,NA,NA,NA,NA,NA,NA,4,NA,NA,NA,NA,NA,"C:/Data/corr_sacc/asc/JITT1.asc",NA,NA,NA,NA,NA,NA,NA,NA,NA,NA,NA
"463",1,39,3,21,NA,NA,NA,NA,NA,NA,NA,1,2,17,NA,NA,NA,"from",NA,NA,NA,NA,NA,NA,NA,NA,6,NA,NA,NA,NA,NA,"C:/Data/corr_sacc/asc/JITT1.asc",0,NA,NA,NA,NA,NA,NA,NA,NA,NA,NA
"464",1,68,2,22,1664510,1664703,372.4,478,1,193,22,1,1,2,2,7,7,"CEO",3,NA,0,0,0,1,1373,0,2,67,0,NA,0,NA,"C:/Data/corr_sacc/asc/JITT1.asc",0,0,NA,13,NA,481.3,NA,NA,NA,7,NA
"465",1,68,2,22,1664727,1664974,481.3,490.2,2,247,23,1,1,3,3,13,13,"hosted",5,6,0,0,0,1,1590,0,3,67,0,NA,0,NA,"C:/Data/corr_sacc/asc/JITT1.asc",0,0,7,19,372.4,591.7,478,67,60,13,NA
"466",1,68,2,22,1665000,1665282,591.7,498.3,3,282,25,1,1,5,5,19,19,"urgent",1,6,0,0,0,1,1863,0,5,67,0,NA,0,NA,"C:/Data/corr_sacc/asc/JITT1.asc",0,0,13,24,481.3,672.3,490.2,67,54,19,NA
"467",1,68,2,22,1665305,1665437,672.3,507.4,4,132,22,1,1,5,5,24,24,"urgent",6,5,0,0,0,1,2168,0,5,67,0,NA,0,NA,"C:/Data/corr_sacc/asc/JITT1.asc",0,0,19,29,591.7,765.5,498.3,67,48,24,NA
"468",1,68,2,22,1665460,1665615,765.5,506,5,155,22,1,1,6,6,29,29,"meeting",4,5,0,0,0,1,2323,0,6,67,0,NA,0,NA,"C:/Data/corr_sacc/asc/JITT1.asc",0,0,24,37,672.3,910.5,507.4,67,43,29,NA
"469",1,68,2,22,1665642,1665918,910.5,498.6,6,276,26,1,1,8,8,37,37,"approve",1,8,0,0,0,1,2505,0,8,67,0,NA,0,NA,"C:/Data/corr_sacc/asc/JITT1.asc",0,0,29,49,765.5,1122.3,506,67,38,37,NA
"470",1,68,2,22,1665949,1666356,1122.3,502.3,7,407,30,1,1,10,10,49,49,"new",1,12,0,0,0,1,2812,0,10,67,0,NA,0,NA,"C:/Data/corr_sacc/asc/JITT1.asc",0,0,37,47,910.5,1086.5,498.6,67,30,49,NA
"471",1,68,2,22,1666372,1666682,1086.5,497.2,8,310,15,1,1,9,9,47,47,"the",3,2,0,0,0,1,3235,0,9,67,1,NA,0,NA,"C:/Data/corr_sacc/asc/JITT1.asc",0,0,49,51,1122.3,1164.5,502.3,67,18,47,NA
"472",1,68,2,22,1666703,1666864,1164.5,494,9,161,20,1,1,10,10,51,51,"new",3,4,0,0,0,1,3566,0,10,67,1,NA,0,NA,"C:/Data/corr_sacc/asc/JITT1.asc",0,0,47,59,1086.5,1305.3,497.2,67,20,51,NA
"473",1,68,2,22,1666890,1667132,1305.3,478.8,10,242,25,1,1,12,12,59,59,"for",0,8,0,0,0,1,3753,0,12,67,0,NA,0,NA,"C:/Data/corr_sacc/asc/JITT1.asc",0,0,51,62,1164.5,1357.3,494,67,16,59,NA
"474",1,68,2,22,1667149,1667375,1357.3,470.9,11,226,16,1,1,12,12,62,62,"for",3,3,0,0,0,1,4012,0,12,67,0,NA,0,NA,"C:/Data/corr_sacc/asc/JITT1.asc",1,0,59,8,1305.3,390.9,478.8,67,8,62,NA
"475",1,68,2,22,1667573,1667647,390.9,724,12,74,197,1,2,16,16,75,8,"order",0,54,1,0,0,1,4436,0,3,59,NA,NA,1,"undersweep","C:/Data/corr_sacc/asc/JITT1.asc",0,0,62,3,1357.3,300.8,470.9,67,5,8,1
"476",1,68,2,22,1667672,1668137,300.8,670.9,13,465,24,1,2,14,14,70,3,"year",3,5,0,0,0,1,4535,0,1,59,0,NA,0,NA,"C:/Data/corr_sacc/asc/JITT1.asc",0,1,8,8,390.9,379.3,724,59,51,3,NA
"477",1,68,2,22,1668159,1668936,379.3,691.4,14,777,21,1,2,16,16,75,8,"order",0,5,0,0,0,1,5022,0,3,59,0,NA,0,NA,"C:/Data/corr_sacc/asc/JITT1.asc",0,0,3,12,300.8,453.6,670.9,59,56,8,NA
"478",1,68,2,22,1668956,1669337,453.6,706.8,15,381,19,1,2,16,16,79,12,"order",4,4,0,0,0,1,5819,0,3,59,0,NA,0,NA,"C:/Data/corr_sacc/asc/JITT1.asc",0,0,8,18,379.3,572.6,691.4,59,51,12,NA
"479",1,68,2,22,1669362,1669807,572.6,697.8,16,445,24,1,2,18,18,85,18,"increase",1,6,0,0,0,1,6225,0,5,59,0,NA,0,NA,"C:/Data/corr_sacc/asc/JITT1.asc",0,0,12,27,453.6,735,706.8,59,47,18,NA
"480",1,68,2,22,1669834,1670032,735,690.1,17,198,26,1,2,19,19,94,27,"confidence",1,9,0,0,0,1,6697,0,6,59,0,NA,0,NA,"C:/Data/corr_sacc/asc/JITT1.asc",0,0,18,40,572.6,960.2,697.8,59,41,27,NA
"481",1,68,2,22,1670064,1670361,960.2,688.5,18,297,31,1,2,20,20,107,40,"among",3,13,0,0,0,1,6927,0,7,59,0,NA,0,NA,"C:/Data/corr_sacc/asc/JITT1.asc",0,0,27,47,735,1095,690.1,59,32,40,NA
"482",1,68,2,22,1670399,1670456,1095,680.2,19,57,37,1,2,21,21,114,47,"their",4,7,0,0,0,1,7262,0,8,59,0,NA,0,NA,"C:/Data/corr_sacc/asc/JITT1.asc",NA,0,40,NA,960.2,NA,688.5,59,19,47,NA
"483",1,68,2,22,NA,NA,NA,NA,NA,NA,NA,1,1,1,NA,NA,NA,"The",NA,NA,NA,NA,NA,NA,NA,NA,1,NA,NA,NA,NA,NA,"C:/Data/corr_sacc/asc/JITT1.asc",NA,0,47,NA,1095,NA,680.2,59,12,NA,NA
"484",1,68,2,22,NA,NA,NA,NA,NA,NA,NA,1,1,4,NA,NA,NA,"an",NA,NA,NA,NA,NA,NA,NA,NA,4,NA,NA,NA,NA,NA,"C:/Data/corr_sacc/asc/JITT1.asc",NA,NA,NA,NA,NA,NA,NA,NA,NA,NA,NA
"485",1,68,2,22,NA,NA,NA,NA,NA,NA,NA,1,1,7,NA,NA,NA,"to",NA,NA,NA,NA,NA,NA,NA,NA,7,NA,NA,NA,NA,NA,"C:/Data/corr_sacc/asc/JITT1.asc",NA,NA,NA,NA,NA,NA,NA,NA,NA,NA,NA
"486",1,68,2,22,NA,NA,NA,NA,NA,NA,NA,1,1,11,NA,NA,NA,"budget",NA,NA,NA,NA,NA,NA,NA,NA,11,NA,NA,NA,NA,NA,"C:/Data/corr_sacc/asc/JITT1.asc",NA,NA,NA,NA,NA,NA,NA,NA,NA,NA,NA
"487",1,68,2,22,NA,NA,NA,NA,NA,NA,NA,1,1,13,NA,NA,NA,"next",NA,NA,NA,NA,NA,NA,NA,NA,13,NA,NA,NA,NA,NA,"C:/Data/corr_sacc/asc/JITT1.asc",NA,NA,NA,NA,NA,NA,NA,NA,NA,NA,NA
"488",1,68,2,22,NA,NA,NA,NA,NA,NA,NA,1,2,15,NA,NA,NA,"in",NA,NA,NA,NA,NA,NA,NA,NA,2,NA,NA,NA,NA,NA,"C:/Data/corr_sacc/asc/JITT1.asc",NA,NA,NA,NA,NA,NA,NA,NA,NA,NA,NA
"489",1,68,2,22,NA,NA,NA,NA,NA,NA,NA,1,2,17,NA,NA,NA,"to",NA,NA,NA,NA,NA,NA,NA,NA,4,NA,NA,NA,NA,NA,"C:/Data/corr_sacc/asc/JITT1.asc",NA,NA,NA,NA,NA,NA,NA,NA,NA,NA,NA
"490",1,68,2,22,NA,NA,NA,NA,NA,NA,NA,1,2,22,NA,NA,NA,"investors.",NA,NA,NA,NA,NA,NA,NA,NA,9,NA,NA,NA,NA,NA,"C:/Data/corr_sacc/asc/JITT1.asc",0,NA,NA,NA,NA,NA,NA,NA,NA,NA,NA
"491",1,89,2,23,1691054,1691314,544.8,488.3,1,260,34,1,1,2,2,9,9,"shameless",5,NA,0,0,0,1,712,0,2,54,0,NA,0,NA,"C:/Data/corr_sacc/asc/JITT1.asc",0,0,NA,17,NA,688.8,NA,NA,NA,9,NA
"492",1,89,2,23,1691342,1691519,688.8,499,2,177,27,1,1,3,3,17,17,"young",3,8,0,0,0,1,1000,0,3,54,0,NA,0,NA,"C:/Data/corr_sacc/asc/JITT1.asc",0,0,9,24,544.8,806.9,488.3,54,45,17,NA
"493",1,89,2,23,1691543,1691712,806.9,499.6,3,169,23,1,1,5,5,24,24,"had",0,7,0,0,0,1,1201,0,5,54,0,NA,0,NA,"C:/Data/corr_sacc/asc/JITT1.asc",0,0,17,29,688.8,909.9,499,54,37,24,NA
"494",1,89,2,23,1691735,1692035,909.9,490.6,4,300,22,1,1,6,6,29,29,"no",1,5,0,0,0,1,1393,0,6,54,0,NA,0,NA,"C:/Data/corr_sacc/asc/JITT1.asc",0,0,24,32,806.9,958.9,499.6,54,30,29,NA
"495",1,89,2,23,1692048,1692186,958.9,491.7,5,138,12,1,1,7,7,32,32,"patience",1,3,0,0,0,1,1706,0,7,54,0,NA,0,NA,"C:/Data/corr_sacc/asc/JITT1.asc",0,0,29,42,909.9,1142.6,490.6,54,25,32,NA
"496",1,89,2,23,1692213,1692536,1142.6,483.1,6,323,26,1,1,8,8,42,42,"with",2,10,0,0,0,1,1871,0,8,54,0,NA,0,NA,"C:/Data/corr_sacc/asc/JITT1.asc",0,0,32,45,958.9,1198.6,491.7,54,22,42,NA
"497",1,89,2,23,1692555,1692822,1198.6,496.3,7,267,18,1,1,9,9,45,45,"the",0,3,0,0,0,1,2213,0,9,54,0,NA,0,NA,"C:/Data/corr_sacc/asc/JITT1.asc",0,0,42,49,1142.6,1266.9,483.1,54,12,45,NA
"498",1,89,2,23,1692844,1692967,1266.9,505,8,123,21,1,1,10,10,49,49,"woman",0,4,0,0,0,1,2502,0,10,54,0,NA,0,NA,"C:/Data/corr_sacc/asc/JITT1.asc",1,0,45,4,1198.6,456.7,496.3,54,9,49,NA
"499",1,89,2,23,1693046,1693189,456.7,686.8,9,143,78,1,2,12,12,58,4,"had",0,45,0,0,0,1,2704,0,2,44,0,NA,1,"undersweep","C:/Data/corr_sacc/asc/JITT1.asc",0,0,49,NA,1266.9,380.1,505,54,5,4,1
"500",1,89,2,23,1693222,1693419,380.1,685.1,10,197,32,NA,2,NA,NA,NA,NA,NA,NA,NA,0,0,1,1,2880,NA,NA,44,NA,NA,0,NA,"C:/Data/corr_sacc/asc/JITT1.asc",0,1,4,8,456.7,516.7,686.8,44,40,9,NA
"501",1,89,2,23,1693445,1693639,516.7,684.5,11,194,25,1,2,13,13,62,8,"accidentally",0,NA,0,0,0,1,3103,0,3,44,0,NA,0,NA,"C:/Data/corr_sacc/asc/JITT1.asc",0,0,NA,19,380.1,731.2,685.1,44,NA,8,NA
"502",1,89,2,23,1693668,1693989,731.2,688.9,12,321,28,1,2,13,13,73,19,"accidentally",11,11,0,0,0,1,3326,0,3,44,0,NA,0,NA,"C:/Data/corr_sacc/asc/JITT1.asc",0,0,8,29,516.7,907.9,684.5,44,36,19,NA
"503",1,89,2,23,1694016,1694290,907.9,663,13,274,26,1,2,15,15,83,29,"on",1,10,0,0,0,1,3674,0,5,44,0,NA,0,NA,"C:/Data/corr_sacc/asc/JITT1.asc",0,0,19,23,731.2,801.6,688.9,44,25,29,NA
"504",1,89,2,23,1694314,1694450,801.6,664.6,14,136,23,1,2,14,14,77,23,"fallen",2,6,0,0,0,1,3972,0,4,44,1,NA,0,NA,"C:/Data/corr_sacc/asc/JITT1.asc",0,0,29,32,907.9,953.9,663,44,15,23,NA
"505",1,89,2,23,1694488,1694646,953.9,660.2,15,158,37,1,2,16,16,86,32,"the",1,9,0,0,0,1,4146,0,6,44,0,NA,0,NA,"C:/Data/corr_sacc/asc/JITT1.asc",0,0,23,36,801.6,1025.6,664.6,44,21,32,NA
"506",1,89,2,23,1694670,1694856,1025.6,669.3,16,186,23,1,2,17,17,90,36,"icy",1,4,0,0,0,1,4328,0,7,44,0,NA,0,NA,"C:/Data/corr_sacc/asc/JITT1.asc",NA,0,32,NA,953.9,NA,660.2,44,12,36,NA
"507",1,89,2,23,NA,NA,NA,NA,NA,NA,NA,1,1,1,NA,NA,NA,"The",NA,NA,NA,NA,NA,NA,NA,NA,1,NA,NA,NA,NA,NA,"C:/Data/corr_sacc/asc/JITT1.asc",NA,0,36,NA,1025.6,NA,669.3,44,8,NA,NA
"508",1,89,2,23,NA,NA,NA,NA,NA,NA,NA,1,1,4,NA,NA,NA,"man",NA,NA,NA,NA,NA,NA,NA,NA,4,NA,NA,NA,NA,NA,"C:/Data/corr_sacc/asc/JITT1.asc",NA,NA,NA,NA,NA,NA,NA,NA,NA,NA,NA
"509",1,89,2,23,NA,NA,NA,NA,NA,NA,NA,1,2,11,NA,NA,NA,"who",NA,NA,NA,NA,NA,NA,NA,NA,1,NA,NA,NA,NA,NA,"C:/Data/corr_sacc/asc/JITT1.asc",NA,NA,NA,NA,NA,NA,NA,NA,NA,NA,NA
"510",1,89,2,23,NA,NA,NA,NA,NA,NA,NA,1,2,18,NA,NA,NA,"road.",NA,NA,NA,NA,NA,NA,NA,NA,8,NA,NA,NA,NA,NA,"C:/Data/corr_sacc/asc/JITT1.asc",0,NA,NA,NA,NA,NA,NA,NA,NA,NA,NA
"511",1,51,3,24,1698209,1698342,522.5,505.6,1,133,23,1,1,2,2,7,7,"art",3,NA,0,0,0,1,781,0,2,55,0,NA,0,NA,"C:/Data/corr_sacc/asc/JITT1.asc",0,0,NA,13,NA,632.8,NA,NA,NA,7,NA
"512",1,51,3,24,1698366,1698756,632.8,506.6,2,390,23,1,1,3,3,13,13,"exhibition",5,6,0,0,0,1,938,0,3,55,0,NA,0,NA,"C:/Data/corr_sacc/asc/JITT1.asc",0,0,7,23,522.5,802.9,505.6,55,48,13,NA
"513",1,51,3,24,1698785,1699115,802.9,491.1,3,330,28,1,1,5,5,23,23,"Saturday",1,10,0,0,0,1,1357,0,5,55,0,NA,0,NA,"C:/Data/corr_sacc/asc/JITT1.asc",0,0,13,32,632.8,961.3,506.6,55,42,23,NA
"514",1,51,3,24,1699144,1699299,961.3,479.5,4,155,28,1,1,6,6,32,32,"featured",1,9,0,0,0,1,1716,0,6,55,0,NA,0,NA,"C:/Data/corr_sacc/asc/JITT1.asc",0,0,23,36,802.9,1036.1,491.1,55,32,32,NA
"515",1,51,3,24,1699323,1699484,1036.1,496.8,5,161,23,1,1,6,6,36,36,"featured",5,4,0,0,0,1,1895,0,6,55,0,NA,0,NA,"C:/Data/corr_sacc/asc/JITT1.asc",0,0,32,45,961.3,1209.1,479.5,55,23,36,NA
"516",1,51,3,24,1699512,1699669,1209.1,496.7,6,157,27,1,1,8,8,45,45,"collection",3,9,0,0,0,1,2084,0,8,55,0,NA,0,NA,"C:/Data/corr_sacc/asc/JITT1.asc",0,0,36,53,1036.1,1348.8,496.8,55,19,45,NA
"517",1,51,3,24,1699697,1699836,1348.8,496.9,7,139,27,1,1,9,9,53,53,"of",0,8,0,0,0,1,2269,0,9,55,0,NA,0,NA,"C:/Data/corr_sacc/asc/JITT1.asc",1,0,45,8,1209.1,537.2,496.7,55,10,53,NA
"518",1,51,3,24,1699904,1700165,537.2,682.6,8,261,67,1,2,10,10,63,8,"stunning",8,45,0,0,0,1,2476,0,1,50,0,NA,1,"accurate","C:/Data/corr_sacc/asc/JITT1.asc",0,0,53,18,1348.8,707.5,496.9,55,2,8,0
"519",1,51,3,24,1700192,1700372,707.5,692.7,9,180,26,1,2,12,12,73,18,"and",0,10,0,0,0,1,2764,0,3,50,0,NA,0,NA,"C:/Data/corr_sacc/asc/JITT1.asc",0,1,8,26,537.2,865.7,682.6,50,42,18,NA
"520",1,51,3,24,1700398,1700629,865.7,696.2,10,231,25,1,2,13,13,81,26,"many",4,8,0,0,0,1,2970,0,4,50,0,NA,0,NA,"C:/Data/corr_sacc/asc/JITT1.asc",0,0,18,32,707.5,966.5,692.7,50,32,26,NA
"521",1,51,3,24,1700652,1700856,966.5,693,11,204,22,1,2,14,14,87,32,"captivating",5,6,0,0,0,1,3224,0,5,50,0,NA,0,NA,"C:/Data/corr_sacc/asc/JITT1.asc",0,0,26,47,865.7,1237.2,696.2,50,24,32,NA
"522",1,51,3,24,1700903,1701104,1237.2,696.6,12,201,46,1,2,15,15,102,47,"sculptures.",8,15,0,0,0,1,3475,0,6,50,0,NA,0,NA,"C:/Data/corr_sacc/asc/JITT1.asc",NA,0,32,NA,966.5,NA,693,50,18,47,NA
"523",1,51,3,24,NA,NA,NA,NA,NA,NA,NA,1,1,1,NA,NA,NA,"The",NA,NA,NA,NA,NA,NA,NA,NA,1,NA,NA,NA,NA,NA,"C:/Data/corr_sacc/asc/JITT1.asc",NA,0,47,NA,1237.2,NA,696.6,50,3,NA,NA
"524",1,51,3,24,NA,NA,NA,NA,NA,NA,NA,1,1,4,NA,NA,NA,"on",NA,NA,NA,NA,NA,NA,NA,NA,4,NA,NA,NA,NA,NA,"C:/Data/corr_sacc/asc/JITT1.asc",NA,NA,NA,NA,NA,NA,NA,NA,NA,NA,NA
"525",1,51,3,24,NA,NA,NA,NA,NA,NA,NA,1,1,7,NA,NA,NA,"a",NA,NA,NA,NA,NA,NA,NA,NA,7,NA,NA,NA,NA,NA,"C:/Data/corr_sacc/asc/JITT1.asc",NA,NA,NA,NA,NA,NA,NA,NA,NA,NA,NA
"526",1,51,3,24,NA,NA,NA,NA,NA,NA,NA,1,2,11,NA,NA,NA,"pictures",NA,NA,NA,NA,NA,NA,NA,NA,2,NA,NA,NA,NA,NA,"C:/Data/corr_sacc/asc/JITT1.asc",0,NA,NA,NA,NA,NA,NA,NA,NA,NA,NA
"527",1,43,1,25,1716916,1717091,329.7,496.4,1,175,22,1,1,2,2,4,4,"company",0,NA,0,0,0,1,1297,0,2,52,0,NA,0,NA,"C:/Data/corr_sacc/asc/JITT1.asc",0,0,NA,13,NA,494.4,NA,NA,NA,4,NA
"528",1,43,1,25,1717128,1717343,494.4,506,2,215,36,1,1,3,3,13,13,"banquet",1,9,0,0,0,1,1509,0,3,52,0,NA,0,NA,"C:/Data/corr_sacc/asc/JITT1.asc",0,0,4,17,329.7,559.3,496.4,52,48,13,NA
"529",1,43,1,25,1717366,1717610,559.3,507.8,3,244,22,1,1,3,3,17,17,"banquet",5,4,0,0,0,1,1747,0,3,52,0,NA,0,NA,"C:/Data/corr_sacc/asc/JITT1.asc",0,0,13,25,494.4,693.3,506,52,39,17,NA
"530",1,43,1,25,1717636,1717795,693.3,508.2,4,159,25,1,1,4,4,25,25,"yesterday",5,8,0,0,0,1,2017,0,4,52,0,NA,0,NA,"C:/Data/corr_sacc/asc/JITT1.asc",0,0,17,32,559.3,834.1,507.8,52,35,25,NA
"531",1,43,1,25,1717822,1718043,834.1,503,5,221,26,1,1,5,5,32,32,"offered",2,7,0,0,0,1,2203,0,5,52,0,NA,0,NA,"C:/Data/corr_sacc/asc/JITT1.asc",0,0,25,42,693.3,1008.1,508.2,52,27,32,NA
"532",1,43,1,25,1718071,1718248,1008.1,501.7,6,177,27,1,1,7,7,42,42,"selection",2,10,0,0,0,1,2452,0,7,52,0,NA,0,NA,"C:/Data/corr_sacc/asc/JITT1.asc",0,0,32,52,834.1,1184.7,503,52,20,42,NA
"533",1,43,1,25,1718278,1718353,1184.7,507.8,7,75,29,1,1,8,8,52,52,"of",2,10,0,0,0,1,2659,0,8,52,0,NA,0,NA,"C:/Data/corr_sacc/asc/JITT1.asc",1,0,42,6,1008.1,360.1,501.7,52,10,52,NA
"534",1,43,1,25,1718432,1718640,360.1,716.1,8,208,78,1,2,9,9,58,6,"expensive",6,46,0,0,0,1,2813,0,1,43,0,NA,1,"accurate","C:/Data/corr_sacc/asc/JITT1.asc",0,0,52,13,1184.7,484.9,507.8,52,0,6,0
"535",1,43,1,25,1718664,1718873,484.9,693.1,9,209,23,1,2,10,10,65,13,"cocktails",3,7,0,0,0,1,3045,0,2,43,0,NA,0,NA,"C:/Data/corr_sacc/asc/JITT1.asc",0,1,6,26,360.1,725.6,716.1,43,37,13,NA
"536",1,43,1,25,1718905,1719122,725.6,706.2,10,217,31,1,2,12,12,78,26,"delicious",2,13,0,0,0,1,3286,0,4,43,0,NA,0,NA,"C:/Data/corr_sacc/asc/JITT1.asc",0,0,13,31,484.9,804.4,693.1,43,30,26,NA
"537",1,43,1,25,1719147,1719282,804.4,701,11,135,24,1,2,12,12,83,31,"delicious",7,5,0,0,0,1,3528,0,4,43,0,NA,0,NA,"C:/Data/corr_sacc/asc/JITT1.asc",0,0,26,38,725.6,938,706.2,43,17,31,NA
"538",1,43,1,25,1719310,1719467,938,692.9,12,157,27,1,2,13,13,90,38,"desserts.",4,7,0,0,0,1,3691,0,5,43,0,NA,0,NA,"C:/Data/corr_sacc/asc/JITT1.asc",NA,0,31,NA,804.4,NA,701,43,12,38,NA
"539",1,43,1,25,NA,NA,NA,NA,NA,NA,NA,1,1,1,NA,NA,NA,"The",NA,NA,NA,NA,NA,NA,NA,NA,1,NA,NA,NA,NA,NA,"C:/Data/corr_sacc/asc/JITT1.asc",NA,0,38,NA,938,NA,692.9,43,5,NA,NA
"540",1,43,1,25,NA,NA,NA,NA,NA,NA,NA,1,1,6,NA,NA,NA,"a",NA,NA,NA,NA,NA,NA,NA,NA,6,NA,NA,NA,NA,NA,"C:/Data/corr_sacc/asc/JITT1.asc",NA,NA,NA,NA,NA,NA,NA,NA,NA,NA,NA
"541",1,43,1,25,NA,NA,NA,NA,NA,NA,NA,1,2,11,NA,NA,NA,"and",NA,NA,NA,NA,NA,NA,NA,NA,3,NA,NA,NA,NA,NA,"C:/Data/corr_sacc/asc/JITT1.asc",0,NA,NA,NA,NA,NA,NA,NA,NA,NA,NA
"542",1,12,3,26,1726701,1727079,520.4,512.5,1,378,23,1,1,2,2,9,9,"night",4,NA,0,0,0,1,1493,0,2,65,0,NA,0,NA,"C:/Data/corr_sacc/asc/JITT1.asc",0,0,NA,14,NA,603.3,NA,NA,NA,9,NA
"543",1,12,3,26,1727102,1727314,603.3,521.6,2,212,22,1,1,4,4,14,14,"storm",1,5,0,0,0,1,1894,0,4,65,0,NA,0,NA,"C:/Data/corr_sacc/asc/JITT1.asc",0,0,9,21,520.4,742.1,512.5,65,56,14,NA
"544",1,12,3,26,1727349,1727590,742.1,510.5,3,241,34,1,1,5,5,21,21,"came",2,7,0,0,0,1,2141,0,5,65,0,NA,0,NA,"C:/Data/corr_sacc/asc/JITT1.asc",0,0,14,27,603.3,853.5,521.6,65,51,21,NA
"545",1,12,3,26,1727615,1727862,853.5,494.4,4,247,24,1,1,6,6,27,27,"from",3,6,0,0,0,1,2407,0,6,65,0,NA,0,NA,"C:/Data/corr_sacc/asc/JITT1.asc",0,0,21,33,742.1,961.7,510.5,65,44,27,NA
"546",1,12,3,26,1727885,1728042,961.7,494.7,5,157,22,1,1,8,8,33,33,"north",0,6,0,0,0,1,2677,0,8,65,0,NA,0,NA,"C:/Data/corr_sacc/asc/JITT1.asc",0,0,27,44,853.5,1157.3,494.4,65,38,33,NA
"547",1,12,3,26,1728072,1728350,1157.3,501.1,6,278,29,1,1,10,10,44,44,"caused",1,11,0,0,0,1,2864,0,10,65,0,NA,0,NA,"C:/Data/corr_sacc/asc/JITT1.asc",0,0,33,46,961.7,1196.3,494.7,65,32,44,NA
"548",1,12,3,26,1728362,1728638,1196.3,499.9,7,276,11,1,1,10,10,46,46,"caused",3,2,0,0,0,1,3154,0,10,65,0,NA,0,NA,"C:/Data/corr_sacc/asc/JITT1.asc",0,0,44,56,1157.3,1359,501.1,65,21,46,NA
"549",1,12,3,26,1728668,1728959,1359,498.5,8,291,29,1,1,12,12,56,56,"new",2,10,0,0,0,1,3460,0,12,65,0,NA,0,NA,"C:/Data/corr_sacc/asc/JITT1.asc",0,0,46,65,1196.3,1525.7,499.9,65,19,56,NA
"550",1,12,3,26,1728990,1729204,1525.7,498.8,9,214,30,1,1,14,14,65,65,"to",2,9,0,0,0,1,3782,0,14,65,0,NA,0,NA,"C:/Data/corr_sacc/asc/JITT1.asc",1,0,56,6,1359,465.9,498.5,65,9,65,NA
"551",1,12,3,26,1729282,1729505,465.9,712.1,10,223,77,1,2,16,16,71,6,"indoors",1,59,0,0,0,1,4074,0,2,46,0,NA,1,"accurate","C:/Data/corr_sacc/asc/JITT1.asc",0,0,65,14,1525.7,611,498.8,65,0,6,0
"552",1,12,3,26,1729531,1729679,611,701.4,11,148,25,1,2,17,17,79,14,"quickly",1,8,0,0,0,1,4323,0,3,46,0,NA,0,NA,"C:/Data/corr_sacc/asc/JITT1.asc",0,1,6,21,465.9,745,712.1,46,40,14,NA
"553",1,12,3,26,1729704,1729893,745,693.7,12,189,24,1,2,18,18,86,21,"for",0,7,0,0,0,1,4496,0,4,46,0,NA,0,NA,"C:/Data/corr_sacc/asc/JITT1.asc",0,0,14,34,611,979.1,701.4,46,32,21,NA
"554",1,12,3,26,1729922,1730218,979.1,692.6,13,296,28,1,2,20,20,99,34,"own",3,13,0,0,0,1,4714,0,6,46,0,NA,0,NA,"C:/Data/corr_sacc/asc/JITT1.asc",0,0,21,31,745,916.6,693.7,46,25,34,NA
"555",1,12,3,26,1730237,1730466,916.6,704.6,14,229,18,1,2,20,20,96,31,"own",0,3,0,0,0,1,5029,0,6,46,0,NA,0,NA,"C:/Data/corr_sacc/asc/JITT1.asc",0,0,34,40,979.1,1078.5,692.6,46,12,31,NA
"556",1,12,3,26,1730493,1730588,1078.5,698.6,15,95,26,1,2,21,21,105,40,"protection.",5,9,0,0,0,1,5285,0,7,46,0,NA,0,NA,"C:/Data/corr_sacc/asc/JITT1.asc",NA,0,31,NA,916.6,NA,704.6,46,15,40,NA
"557",1,12,3,26,NA,NA,NA,NA,NA,NA,NA,1,1,1,NA,NA,NA,"That",NA,NA,NA,NA,NA,NA,NA,NA,1,NA,NA,NA,NA,NA,"C:/Data/corr_sacc/asc/JITT1.asc",NA,0,40,NA,1078.5,NA,698.6,46,6,NA,NA
"558",1,12,3,26,NA,NA,NA,NA,NA,NA,NA,1,1,3,NA,NA,NA,"a",NA,NA,NA,NA,NA,NA,NA,NA,3,NA,NA,NA,NA,NA,"C:/Data/corr_sacc/asc/JITT1.asc",NA,NA,NA,NA,NA,NA,NA,NA,NA,NA,NA
"559",1,12,3,26,NA,NA,NA,NA,NA,NA,NA,1,1,7,NA,NA,NA,"the",NA,NA,NA,NA,NA,NA,NA,NA,7,NA,NA,NA,NA,NA,"C:/Data/corr_sacc/asc/JITT1.asc",NA,NA,NA,NA,NA,NA,NA,NA,NA,NA,NA
"560",1,12,3,26,NA,NA,NA,NA,NA,NA,NA,1,1,9,NA,NA,NA,"and",NA,NA,NA,NA,NA,NA,NA,NA,9,NA,NA,NA,NA,NA,"C:/Data/corr_sacc/asc/JITT1.asc",NA,NA,NA,NA,NA,NA,NA,NA,NA,NA,NA
"561",1,12,3,26,NA,NA,NA,NA,NA,NA,NA,1,1,11,NA,NA,NA,"the",NA,NA,NA,NA,NA,NA,NA,NA,11,NA,NA,NA,NA,NA,"C:/Data/corr_sacc/asc/JITT1.asc",NA,NA,NA,NA,NA,NA,NA,NA,NA,NA,NA
"562",1,12,3,26,NA,NA,NA,NA,NA,NA,NA,1,1,13,NA,NA,NA,"team",NA,NA,NA,NA,NA,NA,NA,NA,13,NA,NA,NA,NA,NA,"C:/Data/corr_sacc/asc/JITT1.asc",NA,NA,NA,NA,NA,NA,NA,NA,NA,NA,NA
"563",1,12,3,26,NA,NA,NA,NA,NA,NA,NA,1,2,15,NA,NA,NA,"move",NA,NA,NA,NA,NA,NA,NA,NA,1,NA,NA,NA,NA,NA,"C:/Data/corr_sacc/asc/JITT1.asc",NA,NA,NA,NA,NA,NA,NA,NA,NA,NA,NA
"564",1,12,3,26,NA,NA,NA,NA,NA,NA,NA,1,2,19,NA,NA,NA,"their",NA,NA,NA,NA,NA,NA,NA,NA,5,NA,NA,NA,NA,NA,"C:/Data/corr_sacc/asc/JITT1.asc",0,NA,NA,NA,NA,NA,NA,NA,NA,NA,NA
"565",1,37,1,27,1738541,1738686,372.6,525.7,1,145,26,1,1,3,3,7,7,"yellow",0,NA,0,0,0,1,749,0,3,55,0,NA,0,NA,"C:/Data/corr_sacc/asc/JITT1.asc",0,0,NA,3,NA,293.9,NA,NA,NA,7,NA
"566",1,37,1,27,1738710,1738854,293.9,526.9,2,144,23,1,1,2,2,3,3,"the",0,4,0,0,0,1,918,0,2,55,1,NA,0,NA,"C:/Data/corr_sacc/asc/JITT1.asc",0,0,7,15,372.6,516,525.7,55,48,3,NA
"567",1,37,1,27,1738882,1739139,516,525,3,257,27,1,1,4,4,15,15,"hunting",1,12,0,0,0,1,1090,0,4,55,0,NA,0,NA,"C:/Data/corr_sacc/asc/JITT1.asc",0,0,3,19,293.9,582.7,526.9,55,52,15,NA
"568",1,37,1,27,1739162,1739337,582.7,517.2,4,175,22,1,1,4,4,19,19,"hunting",5,4,0,0,0,1,1370,0,4,55,0,NA,0,NA,"C:/Data/corr_sacc/asc/JITT1.asc",0,0,15,26,516,722.2,525,55,40,19,NA
"569",1,37,1,27,1739363,1739531,722.2,512.3,5,168,25,1,1,5,5,26,26,"cabin,",4,7,0,0,0,1,1571,0,5,55,0,NA,0,NA,"C:/Data/corr_sacc/asc/JITT1.asc",0,0,19,33,582.7,843.7,517.2,55,36,26,NA
"570",1,37,1,27,1739567,1739865,843.7,510.3,6,298,35,1,1,7,7,33,33,"sound",0,7,0,0,0,1,1775,0,7,55,0,NA,0,NA,"C:/Data/corr_sacc/asc/JITT1.asc",0,0,26,38,722.2,921.2,512.3,55,29,33,NA
"571",1,37,1,27,1739886,1740023,921.2,510.5,7,137,20,1,1,7,7,38,38,"sound",5,5,0,0,0,1,2094,0,7,55,0,NA,0,NA,"C:/Data/corr_sacc/asc/JITT1.asc",0,0,33,44,843.7,1040.7,510.3,55,22,38,NA
"572",1,37,1,27,1740051,1740294,1040.7,506,8,243,27,1,1,9,9,44,44,"wood",2,6,0,0,0,1,2259,0,9,55,0,NA,0,NA,"C:/Data/corr_sacc/asc/JITT1.asc",0,0,38,51,921.2,1157.5,510.5,55,17,44,NA
"573",1,37,1,27,1740319,1740677,1157.5,505.4,9,358,24,1,1,10,10,51,51,"chopping",4,7,0,0,0,1,2527,0,10,55,0,NA,0,NA,"C:/Data/corr_sacc/asc/JITT1.asc",0,0,44,38,1040.7,934.6,506,55,11,51,NA
"574",1,37,1,27,1740711,1740855,934.6,500.2,10,144,33,1,1,7,7,38,38,"sound",5,13,0,0,0,1,2919,0,7,55,1,NA,0,NA,"C:/Data/corr_sacc/asc/JITT1.asc",0,0,51,32,1157.5,816.4,505.4,55,4,38,NA
"575",1,37,1,27,1740880,1741018,816.4,508,11,138,24,1,1,6,6,32,32,"the",3,6,0,0,0,1,3088,0,6,55,1,NA,0,NA,"C:/Data/corr_sacc/asc/JITT1.asc",1,0,38,7,934.6,367.2,500.2,55,17,32,NA
"576",1,37,1,27,1741064,1741212,367.2,730.6,12,148,45,1,2,12,12,62,7,"be",1,25,0,0,0,1,3272,0,2,49,0,NA,1,"undersweep","C:/Data/corr_sacc/asc/JITT1.asc",0,0,32,5,816.4,331.1,508,55,23,7,1
"577",1,37,1,27,1741227,1741376,331.1,717.5,13,149,14,1,2,11,11,60,5,"could",5,2,0,0,0,1,3435,0,1,49,1,NA,0,NA,"C:/Data/corr_sacc/asc/JITT1.asc",0,1,7,16,367.2,536,730.6,49,42,5,NA
"578",1,37,1,27,1741413,1741708,536,727.3,14,295,36,1,2,14,14,71,16,"from",1,11,0,0,0,1,3621,0,4,49,0,NA,0,NA,"C:/Data/corr_sacc/asc/JITT1.asc",0,0,5,24,331.1,678.9,717.5,49,44,16,NA
"579",1,37,1,27,1741733,1741916,678.9,720.4,15,183,24,1,2,15,15,79,24,"workers",4,8,0,0,0,1,3941,0,5,49,0,NA,0,NA,"C:/Data/corr_sacc/asc/JITT1.asc",0,0,16,37,536,908.8,727.3,49,33,24,NA
"580",1,37,1,27,1741956,1742154,908.8,739.9,16,198,39,1,2,18,18,92,37,"nearby",2,13,0,0,0,1,4164,0,8,49,0,NA,0,NA,"C:/Data/corr_sacc/asc/JITT1.asc",0,0,24,30,678.9,791.9,720.4,49,25,37,NA
"581",1,37,1,27,1742177,1742432,791.9,735.2,17,255,22,1,2,16,16,85,30,"in",2,7,0,0,0,1,4385,0,6,49,1,NA,0,NA,"C:/Data/corr_sacc/asc/JITT1.asc",NA,0,37,NA,908.8,NA,739.9,49,12,30,NA
"582",1,37,1,27,NA,NA,NA,NA,NA,NA,NA,1,1,1,NA,NA,NA,"In",NA,NA,NA,NA,NA,NA,NA,NA,1,NA,NA,NA,NA,NA,"C:/Data/corr_sacc/asc/JITT1.asc",NA,0,30,NA,791.9,NA,735.2,49,19,NA,NA
"583",1,37,1,27,NA,NA,NA,NA,NA,NA,NA,1,1,8,NA,NA,NA,"of",NA,NA,NA,NA,NA,NA,NA,NA,8,NA,NA,NA,NA,NA,"C:/Data/corr_sacc/asc/JITT1.asc",NA,NA,NA,NA,NA,NA,NA,NA,NA,NA,NA
"584",1,37,1,27,NA,NA,NA,NA,NA,NA,NA,1,2,13,NA,NA,NA,"heard",NA,NA,NA,NA,NA,NA,NA,NA,3,NA,NA,NA,NA,NA,"C:/Data/corr_sacc/asc/JITT1.asc",NA,NA,NA,NA,NA,NA,NA,NA,NA,NA,NA
"585",1,37,1,27,NA,NA,NA,NA,NA,NA,NA,1,2,17,NA,NA,NA,"the",NA,NA,NA,NA,NA,NA,NA,NA,7,NA,NA,NA,NA,NA,"C:/Data/corr_sacc/asc/JITT1.asc",NA,NA,NA,NA,NA,NA,NA,NA,NA,NA,NA
"586",1,37,1,27,NA,NA,NA,NA,NA,NA,NA,1,2,19,NA,NA,NA,"forest.",NA,NA,NA,NA,NA,NA,NA,NA,9,NA,NA,NA,NA,NA,"C:/Data/corr_sacc/asc/JITT1.asc",0,NA,NA,NA,NA,NA,NA,NA,NA,NA,NA
"587",1,11,2,28,1749264,1749442,397.7,516.1,1,178,23,1,1,3,3,7,7,"really",0,NA,0,0,0,1,1080,0,3,54,0,NA,0,NA,"C:/Data/corr_sacc/asc/JITT1.asc",0,0,NA,14,NA,537.2,NA,NA,NA,7,NA
"588",1,11,2,28,1749467,1749656,537.2,531.6,2,189,24,1,1,4,4,14,14,"fond",0,7,0,0,0,1,1283,0,4,54,0,NA,0,NA,"C:/Data/corr_sacc/asc/JITT1.asc",0,0,7,19,397.7,618.4,516.1,54,47,14,NA
"589",1,11,2,28,1749680,1749841,618.4,528.9,3,161,23,1,1,5,5,19,19,"of",0,5,0,0,0,1,1496,0,5,54,0,NA,0,NA,"C:/Data/corr_sacc/asc/JITT1.asc",0,0,14,26,537.2,756.4,531.6,54,40,19,NA
"590",1,11,2,28,1749876,1750065,756.4,515.2,4,189,34,1,1,7,7,26,26,"modern",0,7,0,0,0,1,1692,0,7,54,0,NA,0,NA,"C:/Data/corr_sacc/asc/JITT1.asc",0,0,19,32,618.4,856.3,528.9,54,35,26,NA
"591",1,11,2,28,1750087,1750234,856.3,517,5,147,21,1,1,7,7,32,32,"modern",6,6,0,0,0,1,1903,0,7,54,0,NA,0,NA,"C:/Data/corr_sacc/asc/JITT1.asc",0,0,26,38,756.4,958.5,515.2,54,28,32,NA
"592",1,11,2,28,1750256,1750404,958.5,506.9,6,148,21,1,1,8,8,38,38,"flats",5,6,0,0,0,1,2072,0,8,54,0,NA,0,NA,"C:/Data/corr_sacc/asc/JITT1.asc",0,0,32,47,856.3,1119.1,517,54,22,38,NA
"593",1,11,2,28,1750442,1750655,1119.1,506.1,7,213,37,1,1,11,11,47,47,"big",1,9,0,0,0,1,2258,0,11,54,0,NA,0,NA,"C:/Data/corr_sacc/asc/JITT1.asc",0,0,38,44,958.5,1069.5,506.9,54,16,47,NA
"594",1,11,2,28,1750676,1750808,1069.5,505.1,8,132,20,1,1,10,10,44,44,"the",2,3,0,0,0,1,2492,0,10,54,1,NA,0,NA,"C:/Data/corr_sacc/asc/JITT1.asc",1,0,47,14,1119.1,532.8,506.1,54,7,44,NA
"595",1,11,2,28,1750856,1751004,532.8,680.9,9,148,47,1,2,16,16,68,14,"were",1,30,0,0,0,1,2672,0,4,34,0,NA,1,"undersweep","C:/Data/corr_sacc/asc/JITT1.asc",0,0,44,4,1069.5,347.6,505.1,54,10,14,1
"596",1,11,2,28,1751030,1751513,347.6,701.2,10,483,25,1,2,13,13,58,4,"even",4,10,0,0,0,1,2846,0,1,34,1,NA,0,NA,"C:/Data/corr_sacc/asc/JITT1.asc",0,1,14,9,532.8,443.7,680.9,34,20,4,NA
"597",1,11,2,28,1751536,1751700,443.7,715.1,11,164,22,1,2,15,15,63,9,"they",1,5,0,0,0,1,3352,0,3,34,1,NA,0,NA,"C:/Data/corr_sacc/asc/JITT1.asc",0,0,4,16,347.6,572.9,701.2,34,30,9,NA
"598",1,11,2,28,1751726,1751950,572.9,728.7,12,224,25,1,2,16,16,70,16,"were",3,7,0,0,0,1,3542,0,4,34,1,NA,0,NA,"C:/Data/corr_sacc/asc/JITT1.asc",0,0,9,20,443.7,639,715.1,34,25,16,NA
"599",1,11,2,28,1751973,1752138,639,728.9,13,165,22,1,2,17,17,74,20,"very",2,4,0,0,0,1,3789,0,5,34,0,NA,0,NA,"C:/Data/corr_sacc/asc/JITT1.asc",0,0,16,26,572.9,747.5,728.7,34,18,20,NA
"600",1,11,2,28,1752160,1752587,747.5,730.4,14,427,21,1,2,18,18,80,26,"overpriced.",3,6,0,0,0,1,3976,0,6,34,0,NA,0,NA,"C:/Data/corr_sacc/asc/JITT1.asc",NA,0,20,NA,639,NA,728.9,34,14,26,NA
"601",1,11,2,28,NA,NA,NA,NA,NA,NA,NA,1,1,1,NA,NA,NA,"Wu",NA,NA,NA,NA,NA,NA,NA,NA,1,NA,NA,NA,NA,NA,"C:/Data/corr_sacc/asc/JITT1.asc",NA,0,26,NA,747.5,NA,730.4,34,8,NA,NA
"602",1,11,2,28,NA,NA,NA,NA,NA,NA,NA,1,1,2,NA,NA,NA,"was",NA,NA,NA,NA,NA,NA,NA,NA,2,NA,NA,NA,NA,NA,"C:/Data/corr_sacc/asc/JITT1.asc",NA,NA,NA,NA,NA,NA,NA,NA,NA,NA,NA
"603",1,11,2,28,NA,NA,NA,NA,NA,NA,NA,1,1,6,NA,NA,NA,"the",NA,NA,NA,NA,NA,NA,NA,NA,6,NA,NA,NA,NA,NA,"C:/Data/corr_sacc/asc/JITT1.asc",NA,NA,NA,NA,NA,NA,NA,NA,NA,NA,NA
"604",1,11,2,28,NA,NA,NA,NA,NA,NA,NA,1,1,9,NA,NA,NA,"in",NA,NA,NA,NA,NA,NA,NA,NA,9,NA,NA,NA,NA,NA,"C:/Data/corr_sacc/asc/JITT1.asc",NA,NA,NA,NA,NA,NA,NA,NA,NA,NA,NA
"605",1,11,2,28,NA,NA,NA,NA,NA,NA,NA,1,1,12,NA,NA,NA,"city",NA,NA,NA,NA,NA,NA,NA,NA,12,NA,NA,NA,NA,NA,"C:/Data/corr_sacc/asc/JITT1.asc",NA,NA,NA,NA,NA,NA,NA,NA,NA,NA,NA
"606",1,11,2,28,NA,NA,NA,NA,NA,NA,NA,1,2,14,NA,NA,NA,"if",NA,NA,NA,NA,NA,NA,NA,NA,2,NA,NA,NA,NA,NA,"C:/Data/corr_sacc/asc/JITT1.asc",0,NA,NA,NA,NA,NA,NA,NA,NA,NA,NA
"607",1,71,2,29,1760007,1760241,406.4,481.6,1,234,26,1,1,3,3,12,12,"nurse",2,NA,0,0,0,1,863,0,3,55,0,NA,0,NA,"C:/Data/corr_sacc/asc/JITT1.asc",0,0,NA,18,NA,510.4,NA,NA,NA,12,NA
"608",1,71,2,29,1760274,1760466,510.4,488.3,2,192,32,1,1,4,4,18,18,"could",2,6,0,0,0,1,1130,0,4,55,0,NA,0,NA,"C:/Data/corr_sacc/asc/JITT1.asc",0,0,12,25,406.4,641.3,481.6,55,43,18,NA
"609",1,71,2,29,1760491,1760762,641.3,483.2,3,271,24,1,1,5,5,25,25,"not",3,7,0,0,0,1,1347,0,5,55,0,NA,0,NA,"C:/Data/corr_sacc/asc/JITT1.asc",0,0,18,31,510.4,757.2,488.3,55,37,25,NA
"610",1,71,2,29,1760786,1760947,757.2,469.8,4,161,23,1,1,7,7,31,31,"her",0,6,0,0,0,1,1642,0,7,55,0,NA,0,NA,"C:/Data/corr_sacc/asc/JITT1.asc",0,0,25,35,641.3,828.2,483.2,55,30,31,NA
"611",1,71,2,29,1760970,1761119,828.2,477,5,149,22,1,1,8,8,35,35,"card",0,4,0,0,0,1,1826,0,8,55,0,NA,0,NA,"C:/Data/corr_sacc/asc/JITT1.asc",0,0,31,41,757.2,931,469.8,55,24,35,NA
"612",1,71,2,29,1761141,1761303,931,472.9,6,162,21,1,1,9,9,41,41,"at",1,6,0,0,0,1,1997,0,9,55,0,NA,0,NA,"C:/Data/corr_sacc/asc/JITT1.asc",0,0,35,45,828.2,997.9,477,55,20,41,NA
"613",1,71,2,29,1761325,1761537,997.9,470,7,212,21,1,1,10,10,45,45,"the",2,4,0,0,0,1,2181,0,10,55,0,NA,0,NA,"C:/Data/corr_sacc/asc/JITT1.asc",0,0,41,44,931,976.5,472.9,55,14,45,NA
"614",1,71,2,29,1761548,1761762,976.5,474.5,8,214,10,1,1,10,10,44,44,"the",1,1,0,0,0,1,2404,1,10,55,0,NA,0,NA,"C:/Data/corr_sacc/asc/JITT1.asc",0,0,45,51,997.9,1118,470,55,10,44,NA
"615",1,71,2,29,1761789,1761907,1118,472.5,9,118,26,1,1,11,11,51,51,"shopping",4,7,0,0,0,1,2645,0,11,55,0,NA,0,NA,"C:/Data/corr_sacc/asc/JITT1.asc",1,0,44,9,976.5,358.4,474.5,55,11,51,NA
"616",1,71,2,29,1761986,1762113,358.4,640.4,10,127,78,1,2,13,13,64,9,"after",4,42,0,0,0,1,2842,0,2,43,0,NA,1,"undersweep","C:/Data/corr_sacc/asc/JITT1.asc",0,0,51,4,1118,264.7,472.5,55,4,9,1
"617",1,71,2,29,1762147,1762400,264.7,655.4,11,253,33,1,2,12,12,59,4,"mall",4,5,0,0,0,1,3003,0,1,43,1,NA,0,NA,"C:/Data/corr_sacc/asc/JITT1.asc",0,1,9,8,358.4,340.9,640.4,43,34,4,NA
"618",1,71,2,29,1762426,1762655,340.9,662,12,229,25,1,2,13,13,63,8,"after",3,4,0,0,0,1,3282,0,2,43,1,NA,0,NA,"C:/Data/corr_sacc/asc/JITT1.asc",0,0,4,15,264.7,463.9,655.4,43,39,8,NA
"619",1,71,2,29,1762681,1762905,463.9,691.8,13,224,25,1,2,14,14,70,15,"searching",4,7,0,0,0,1,3537,0,3,43,0,NA,0,NA,"C:/Data/corr_sacc/asc/JITT1.asc",0,0,8,24,340.9,624.3,662,43,35,15,NA
"620",1,71,2,29,1762943,1763127,624.3,701.4,14,184,37,1,2,15,15,79,24,"thoroughly",3,9,0,0,0,1,3799,0,4,43,0,NA,0,NA,"C:/Data/corr_sacc/asc/JITT1.asc",0,0,15,34,463.9,799.6,691.8,43,28,24,NA
"621",1,71,2,29,1763166,1763332,799.6,691,15,166,38,1,2,16,16,89,34,"in",2,10,0,0,0,1,4022,0,5,43,0,NA,0,NA,"C:/Data/corr_sacc/asc/JITT1.asc",0,0,24,32,624.3,764.4,701.4,43,19,34,NA
"622",1,71,2,29,1763353,1763503,764.4,677.5,16,150,20,1,2,16,16,87,32,"in",0,2,0,0,0,1,4209,0,5,43,0,NA,0,NA,"C:/Data/corr_sacc/asc/JITT1.asc",0,0,34,37,799.6,862.7,691,43,9,32,NA
"623",1,71,2,29,1763536,1763652,862.7,665,17,116,32,1,2,17,17,92,37,"her",2,5,0,0,0,1,4392,0,6,43,0,NA,0,NA,"C:/Data/corr_sacc/asc/JITT1.asc",NA,0,32,NA,764.4,NA,677.5,43,11,37,NA
"624",1,71,2,29,NA,NA,NA,NA,NA,NA,NA,1,1,1,NA,NA,NA,"The",NA,NA,NA,NA,NA,NA,NA,NA,1,NA,NA,NA,NA,NA,"C:/Data/corr_sacc/asc/JITT1.asc",NA,0,37,NA,862.7,NA,665,43,6,NA,NA
"625",1,71,2,29,NA,NA,NA,NA,NA,NA,NA,1,1,2,NA,NA,NA,"witty",NA,NA,NA,NA,NA,NA,NA,NA,2,NA,NA,NA,NA,NA,"C:/Data/corr_sacc/asc/JITT1.asc",NA,NA,NA,NA,NA,NA,NA,NA,NA,NA,NA
"626",1,71,2,29,NA,NA,NA,NA,NA,NA,NA,1,1,6,NA,NA,NA,"find",NA,NA,NA,NA,NA,NA,NA,NA,6,NA,NA,NA,NA,NA,"C:/Data/corr_sacc/asc/JITT1.asc",NA,NA,NA,NA,NA,NA,NA,NA,NA,NA,NA
"627",1,71,2,29,NA,NA,NA,NA,NA,NA,NA,1,2,18,NA,NA,NA,"bag.",NA,NA,NA,NA,NA,NA,NA,NA,7,NA,NA,NA,NA,NA,"C:/Data/corr_sacc/asc/JITT1.asc",0,NA,NA,NA,NA,NA,NA,NA,NA,NA,NA
"628",1,60,3,30,1783691,1783848,482.5,489.3,1,157,34,1,1,2,2,7,7,"guests",3,NA,0,0,0,1,739,0,2,58,0,NA,0,NA,"C:/Data/corr_sacc/asc/JITT1.asc",0,0,NA,14,NA,614.7,NA,NA,NA,7,NA
"629",1,60,3,30,1783874,1784102,614.7,496.3,2,228,25,1,1,3,3,14,14,"were",3,7,0,0,0,1,922,0,3,58,0,NA,0,NA,"C:/Data/corr_sacc/asc/JITT1.asc",0,0,7,23,482.5,775.9,489.3,58,51,14,NA
"630",1,60,3,30,1784129,1784375,775.9,493.4,3,246,26,1,1,4,4,23,23,"invited",7,9,0,0,0,1,1177,0,4,58,0,NA,0,NA,"C:/Data/corr_sacc/asc/JITT1.asc",0,0,14,16,614.7,644,496.3,58,44,23,NA
"631",1,60,3,30,1784401,1784600,644,491.8,4,199,25,1,1,4,4,16,16,"invited",0,7,0,0,0,1,1449,0,4,58,0,NA,0,NA,"C:/Data/corr_sacc/asc/JITT1.asc",0,0,23,31,775.9,911,493.4,58,35,16,NA
"632",1,60,3,30,1784645,1784878,911,489.8,5,233,44,1,1,7,7,31,31,"luxurious",2,15,0,0,0,1,1693,0,7,58,0,NA,0,NA,"C:/Data/corr_sacc/asc/JITT1.asc",0,0,16,28,644,870.4,491.8,58,42,31,NA
"633",1,60,3,30,1784897,1785163,870.4,483.9,6,266,18,1,1,6,6,28,28,"a",1,3,0,0,0,1,1945,0,6,58,1,NA,0,NA,"C:/Data/corr_sacc/asc/JITT1.asc",0,0,31,36,911,1009.4,489.8,58,27,28,NA
"634",1,60,3,30,1785189,1785353,1009.4,469.9,7,164,25,1,1,7,7,36,36,"luxurious",7,8,0,0,0,1,2237,0,7,58,1,NA,0,NA,"C:/Data/corr_sacc/asc/JITT1.asc",0,0,28,44,870.4,1152.3,483.9,58,30,36,NA
"635",1,60,3,30,1785381,1785698,1152.3,473.6,8,317,27,1,1,8,8,44,44,"ballroom,",5,8,0,0,0,1,2429,0,8,58,0,NA,0,NA,"C:/Data/corr_sacc/asc/JITT1.asc",0,0,36,52,1009.4,1293.9,469.9,58,22,44,NA
"636",1,60,3,30,1785724,1785981,1293.9,481.7,9,257,25,1,1,9,9,52,52,"which",3,8,0,0,0,1,2772,0,9,58,0,NA,0,NA,"C:/Data/corr_sacc/asc/JITT1.asc",0,0,44,54,1152.3,1330.2,473.6,58,14,52,NA
"637",1,60,3,30,1785994,1786159,1330.2,486.9,10,165,12,1,1,9,9,54,54,"which",5,2,0,0,0,1,3042,0,9,58,0,NA,0,NA,"C:/Data/corr_sacc/asc/JITT1.asc",1,0,52,7,1293.9,483.6,481.7,58,6,54,NA
"638",1,60,3,30,1786256,1786441,483.6,710,11,185,96,1,2,11,11,65,7,"tremendous",7,47,0,0,0,1,3304,0,1,46,0,NA,1,"accurate","C:/Data/corr_sacc/asc/JITT1.asc",0,0,54,9,1330.2,524.9,486.9,58,4,7,0
"639",1,60,3,30,1786457,1786600,524.9,697.3,12,143,15,1,2,11,11,67,9,"tremendous",9,2,0,0,0,1,3505,0,1,46,0,NA,0,NA,"C:/Data/corr_sacc/asc/JITT1.asc",0,1,7,20,483.6,719.8,710,46,39,9,NA
"640",1,60,3,30,1786629,1786959,719.8,690.5,13,330,28,1,2,12,12,78,20,"decoration",9,11,0,0,0,1,3677,0,2,46,0,NA,0,NA,"C:/Data/corr_sacc/asc/JITT1.asc",0,0,9,31,524.9,921.9,697.3,46,37,20,NA
"641",1,60,3,30,1786987,1787191,921.9,689.2,14,204,27,1,2,15,15,89,31,"large",3,11,0,0,0,1,4035,0,5,46,0,NA,0,NA,"C:/Data/corr_sacc/asc/JITT1.asc",0,0,20,29,719.8,883.3,690.5,46,26,31,NA
"642",1,60,3,30,1787207,1787676,883.3,694.3,15,469,15,1,2,15,15,87,29,"large",1,2,0,0,0,1,4255,0,5,46,0,NA,0,NA,"C:/Data/corr_sacc/asc/JITT1.asc",0,0,31,38,921.9,1040.4,689.2,46,15,29,NA
"643",1,60,3,30,1787705,1787866,1040.4,676,16,161,28,1,2,16,16,96,38,"dance",4,9,0,0,0,1,4753,0,6,46,0,NA,0,NA,"C:/Data/corr_sacc/asc/JITT1.asc",0,0,29,42,883.3,1105.7,694.3,46,17,38,NA
"644",1,60,3,30,1787885,1788153,1105.7,687.5,17,268,18,1,2,17,17,100,42,"floor.",2,4,0,0,0,1,4933,0,7,46,0,NA,0,NA,"C:/Data/corr_sacc/asc/JITT1.asc",NA,0,38,NA,1040.4,NA,676,46,8,42,NA
"645",1,60,3,30,NA,NA,NA,NA,NA,NA,NA,1,1,1,NA,NA,NA,"The",NA,NA,NA,NA,NA,NA,NA,NA,1,NA,NA,NA,NA,NA,"C:/Data/corr_sacc/asc/JITT1.asc",NA,0,42,NA,1105.7,NA,687.5,46,4,NA,NA
"646",1,60,3,30,NA,NA,NA,NA,NA,NA,NA,1,1,5,NA,NA,NA,"to",NA,NA,NA,NA,NA,NA,NA,NA,5,NA,NA,NA,NA,NA,"C:/Data/corr_sacc/asc/JITT1.asc",NA,NA,NA,NA,NA,NA,NA,NA,NA,NA,NA
"647",1,60,3,30,NA,NA,NA,NA,NA,NA,NA,1,1,10,NA,NA,NA,"had",NA,NA,NA,NA,NA,NA,NA,NA,10,NA,NA,NA,NA,NA,"C:/Data/corr_sacc/asc/JITT1.asc",NA,NA,NA,NA,NA,NA,NA,NA,NA,NA,NA
"648",1,60,3,30,NA,NA,NA,NA,NA,NA,NA,1,2,13,NA,NA,NA,"and",NA,NA,NA,NA,NA,NA,NA,NA,3,NA,NA,NA,NA,NA,"C:/Data/corr_sacc/asc/JITT1.asc",NA,NA,NA,NA,NA,NA,NA,NA,NA,NA,NA
"649",1,60,3,30,NA,NA,NA,NA,NA,NA,NA,1,2,14,NA,NA,NA,"a",NA,NA,NA,NA,NA,NA,NA,NA,4,NA,NA,NA,NA,NA,"C:/Data/corr_sacc/asc/JITT1.asc",0,NA,NA,NA,NA,NA,NA,NA,NA,NA,NA
"650",1,69,3,31,1794679,1794839,355.5,507.5,1,160,29,1,1,2,2,7,7,"some",4,NA,0,0,0,1,448,0,2,55,0,NA,0,NA,"C:/Data/corr_sacc/asc/JITT1.asc",0,0,NA,16,NA,524.1,NA,NA,NA,7,NA
"651",1,69,3,31,1794877,1795052,524.1,499.4,2,175,37,1,1,5,5,16,16,"deepest",1,9,0,0,0,1,646,0,5,55,0,NA,0,NA,"C:/Data/corr_sacc/asc/JITT1.asc",0,0,7,26,355.5,708.4,507.5,55,48,16,NA
"652",1,69,3,31,1795093,1795284,708.4,485.8,3,191,40,1,1,6,6,26,26,"parts",3,10,0,0,0,1,862,0,6,55,0,NA,0,NA,"C:/Data/corr_sacc/asc/JITT1.asc",0,0,16,37,524.1,903.7,499.4,55,39,26,NA
"653",1,69,3,31,1795314,1795480,903.7,468.6,4,166,29,1,1,9,9,37,37,"ocean,",1,11,0,0,0,1,1083,0,9,55,0,NA,0,NA,"C:/Data/corr_sacc/asc/JITT1.asc",0,0,26,48,708.4,1100.6,485.8,55,29,37,NA
"654",1,69,3,31,1795522,1795820,1100.6,471.9,5,298,41,1,1,11,11,48,48,"pressure",1,11,0,0,0,1,1291,0,11,55,0,NA,0,NA,"C:/Data/corr_sacc/asc/JITT1.asc",1,0,37,7,903.7,366.6,468.6,55,18,48,NA
"655",1,69,3,31,1795887,1796100,366.6,677.8,6,213,66,1,2,14,14,62,7,"high",1,41,0,0,0,1,1656,0,3,63,0,NA,1,"accurate","C:/Data/corr_sacc/asc/JITT1.asc",0,0,48,15,1100.6,508.8,471.9,55,7,7,0
"656",1,69,3,31,1796126,1796292,508.8,685.1,7,166,25,1,2,15,15,70,15,"that",4,8,0,0,0,1,1895,0,4,63,0,NA,0,NA,"C:/Data/corr_sacc/asc/JITT1.asc",0,1,7,21,366.6,609.9,677.8,63,56,15,NA
"657",1,69,3,31,1796318,1796555,609.9,687.4,8,237,25,1,2,17,17,76,21,"human",2,6,0,0,0,1,2087,0,6,63,0,NA,0,NA,"C:/Data/corr_sacc/asc/JITT1.asc",0,0,15,30,508.8,774.9,685.1,63,48,21,NA
"658",1,69,3,31,1796579,1796749,774.9,677.8,9,170,23,1,2,19,19,85,30,"survive",1,9,0,0,0,1,2348,0,8,63,0,NA,0,NA,"C:/Data/corr_sacc/asc/JITT1.asc",0,0,21,35,609.9,862.2,687.4,63,42,30,NA
"659",1,69,3,31,1796775,1796930,862.2,673.9,10,155,25,1,2,19,19,90,35,"survive",6,5,0,0,0,1,2544,0,8,63,0,NA,0,NA,"C:/Data/corr_sacc/asc/JITT1.asc",0,0,30,46,774.9,1053.8,677.8,63,33,35,NA
"660",1,69,3,31,1796971,1797153,1053.8,662.4,11,182,40,1,2,21,21,101,46,"special",1,11,0,0,0,1,2740,0,10,63,0,NA,0,NA,"C:/Data/corr_sacc/asc/JITT1.asc",0,0,35,54,862.2,1202,673.9,63,28,46,NA
"661",1,69,3,31,1797180,1797451,1202,663.3,12,271,26,1,2,22,22,109,54,"equipment.",1,8,0,0,0,1,2949,0,11,63,0,NA,0,NA,"C:/Data/corr_sacc/asc/JITT1.asc",0,0,46,62,1053.8,1344.3,662.4,63,17,54,NA
"662",1,69,3,31,1797478,1797770,1344.3,659.5,13,292,26,1,2,22,22,117,62,"equipment.",9,8,0,0,0,1,3247,0,11,63,0,NA,0,NA,"C:/Data/corr_sacc/asc/JITT1.asc",0,0,54,63,1202,1371.2,663.3,63,9,62,NA
"663",1,69,3,31,1797781,1797949,1371.2,663.2,14,168,10,1,2,22,22,118,63,"equipment.",10,1,0,0,0,1,3550,0,11,63,0,NA,0,NA,"C:/Data/corr_sacc/asc/JITT1.asc",NA,0,62,NA,1344.3,NA,659.5,63,1,63,NA
"664",1,69,3,31,NA,NA,NA,NA,NA,NA,NA,1,1,1,NA,NA,NA,"In",NA,NA,NA,NA,NA,NA,NA,NA,1,NA,NA,NA,NA,NA,"C:/Data/corr_sacc/asc/JITT1.asc",NA,0,63,NA,1371.2,NA,663.2,63,0,NA,NA
"665",1,69,3,31,NA,NA,NA,NA,NA,NA,NA,1,1,3,NA,NA,NA,"of",NA,NA,NA,NA,NA,NA,NA,NA,3,NA,NA,NA,NA,NA,"C:/Data/corr_sacc/asc/JITT1.asc",NA,NA,NA,NA,NA,NA,NA,NA,NA,NA,NA
"666",1,69,3,31,NA,NA,NA,NA,NA,NA,NA,1,1,4,NA,NA,NA,"the",NA,NA,NA,NA,NA,NA,NA,NA,4,NA,NA,NA,NA,NA,"C:/Data/corr_sacc/asc/JITT1.asc",NA,NA,NA,NA,NA,NA,NA,NA,NA,NA,NA
"667",1,69,3,31,NA,NA,NA,NA,NA,NA,NA,1,1,7,NA,NA,NA,"of",NA,NA,NA,NA,NA,NA,NA,NA,7,NA,NA,NA,NA,NA,"C:/Data/corr_sacc/asc/JITT1.asc",NA,NA,NA,NA,NA,NA,NA,NA,NA,NA,NA
"668",1,69,3,31,NA,NA,NA,NA,NA,NA,NA,1,1,8,NA,NA,NA,"the",NA,NA,NA,NA,NA,NA,NA,NA,8,NA,NA,NA,NA,NA,"C:/Data/corr_sacc/asc/JITT1.asc",NA,NA,NA,NA,NA,NA,NA,NA,NA,NA,NA
"669",1,69,3,31,NA,NA,NA,NA,NA,NA,NA,1,1,10,NA,NA,NA,"the",NA,NA,NA,NA,NA,NA,NA,NA,10,NA,NA,NA,NA,NA,"C:/Data/corr_sacc/asc/JITT1.asc",NA,NA,NA,NA,NA,NA,NA,NA,NA,NA,NA
"670",1,69,3,31,NA,NA,NA,NA,NA,NA,NA,1,2,12,NA,NA,NA,"is",NA,NA,NA,NA,NA,NA,NA,NA,1,NA,NA,NA,NA,NA,"C:/Data/corr_sacc/asc/JITT1.asc",NA,NA,NA,NA,NA,NA,NA,NA,NA,NA,NA
"671",1,69,3,31,NA,NA,NA,NA,NA,NA,NA,1,2,13,NA,NA,NA,"so",NA,NA,NA,NA,NA,NA,NA,NA,2,NA,NA,NA,NA,NA,"C:/Data/corr_sacc/asc/JITT1.asc",NA,NA,NA,NA,NA,NA,NA,NA,NA,NA,NA
"672",1,69,3,31,NA,NA,NA,NA,NA,NA,NA,1,2,16,NA,NA,NA,"no",NA,NA,NA,NA,NA,NA,NA,NA,5,NA,NA,NA,NA,NA,"C:/Data/corr_sacc/asc/JITT1.asc",NA,NA,NA,NA,NA,NA,NA,NA,NA,NA,NA
"673",1,69,3,31,NA,NA,NA,NA,NA,NA,NA,1,2,18,NA,NA,NA,"can",NA,NA,NA,NA,NA,NA,NA,NA,7,NA,NA,NA,NA,NA,"C:/Data/corr_sacc/asc/JITT1.asc",NA,NA,NA,NA,NA,NA,NA,NA,NA,NA,NA
"674",1,69,3,31,NA,NA,NA,NA,NA,NA,NA,1,2,20,NA,NA,NA,"without",NA,NA,NA,NA,NA,NA,NA,NA,9,NA,NA,NA,NA,NA,"C:/Data/corr_sacc/asc/JITT1.asc",0,NA,NA,NA,NA,NA,NA,NA,NA,NA,NA
"675",1,84,3,32,1809935,1810089,367.2,517.8,1,154,21,1,1,1,1,5,5,"Despite",5,NA,0,0,0,1,469,0,1,66,0,NA,0,NA,"C:/Data/corr_sacc/asc/JITT1.asc",0,0,NA,13,NA,512.9,NA,NA,NA,5,NA
"676",1,84,3,32,1810115,1810452,512.9,517.2,2,337,25,1,1,2,2,13,13,"committing",5,8,0,0,0,1,649,0,2,66,0,NA,0,NA,"C:/Data/corr_sacc/asc/JITT1.asc",0,0,5,20,367.2,648.1,517.8,66,61,13,NA
"677",1,84,3,32,1810476,1810681,648.1,515.2,3,205,23,1,1,3,3,20,20,"crimes",1,7,0,0,0,1,1010,0,3,66,0,NA,0,NA,"C:/Data/corr_sacc/asc/JITT1.asc",0,0,13,25,512.9,736.2,517.2,66,53,20,NA
"678",1,84,3,32,1810702,1810855,736.2,513.4,4,153,20,1,1,3,3,25,25,"crimes",6,5,0,0,0,1,1236,0,3,66,0,NA,0,NA,"C:/Data/corr_sacc/asc/JITT1.asc",0,0,20,32,648.1,855.4,515.2,66,46,25,NA
"679",1,84,3,32,1810880,1811125,855.4,506.9,5,245,24,1,1,5,5,32,32,"over",2,7,0,0,0,1,1414,0,5,66,0,NA,0,NA,"C:/Data/corr_sacc/asc/JITT1.asc",0,0,25,49,736.2,1165.1,513.4,66,41,32,NA
"680",1,84,3,32,1811155,1811393,1165.1,500.8,6,238,29,1,1,9,9,49,49,"old",0,17,0,0,0,1,1689,0,9,66,0,NA,0,NA,"C:/Data/corr_sacc/asc/JITT1.asc",0,0,32,54,855.4,1261.2,506.9,66,34,49,NA
"681",1,84,3,32,1811417,1811645,1261.2,505,7,228,23,1,1,10,10,54,54,"burglar",1,5,0,0,0,1,1951,0,10,66,0,NA,0,NA,"C:/Data/corr_sacc/asc/JITT1.asc",0,0,49,59,1165.1,1349.5,500.8,66,17,54,NA
"682",1,84,3,32,1811668,1811802,1349.5,510.1,8,134,22,1,1,10,10,59,59,"burglar",6,5,0,0,0,1,2202,0,10,66,0,NA,0,NA,"C:/Data/corr_sacc/asc/JITT1.asc",0,0,54,64,1261.2,1442.3,505,66,12,59,NA
"683",1,84,3,32,1811824,1811956,1442.3,516.6,9,132,21,1,1,11,11,64,64,"spent",3,5,0,0,0,1,2358,0,11,66,0,NA,0,NA,"C:/Data/corr_sacc/asc/JITT1.asc",1,0,59,7,1349.5,408.6,510.1,66,7,64,NA
"684",1,84,3,32,1812041,1812276,408.6,730.4,10,235,84,1,2,13,13,73,7,"three",2,57,0,0,0,1,2575,0,2,66,0,NA,1,"accurate","C:/Data/corr_sacc/asc/JITT1.asc",0,0,64,13,1442.3,520.2,516.6,66,2,7,0
"685",1,84,3,32,1812313,1812463,520.2,704.4,11,150,36,1,2,14,14,79,13,"years",2,6,0,0,0,1,2847,0,3,66,0,NA,0,NA,"C:/Data/corr_sacc/asc/JITT1.asc",0,1,7,20,408.6,637.6,730.4,66,59,13,NA
"686",1,84,3,32,1812488,1812685,637.6,702.1,12,197,24,1,2,16,16,86,20,"prison",0,7,0,0,0,1,3022,0,5,66,0,NA,0,NA,"C:/Data/corr_sacc/asc/JITT1.asc",0,0,13,24,520.2,709,704.4,66,53,20,NA
"687",1,84,3,32,1812709,1812918,709,692.4,13,209,23,1,2,16,16,90,24,"prison",4,4,0,0,0,1,3243,0,5,66,0,NA,0,NA,"C:/Data/corr_sacc/asc/JITT1.asc",0,0,20,34,637.6,897.1,702.1,66,46,24,NA
"688",1,84,3,32,1812959,1813203,897.1,684.8,14,244,40,1,2,17,17,100,34,"because",7,10,0,0,0,1,3493,0,6,66,0,NA,0,NA,"C:/Data/corr_sacc/asc/JITT1.asc",0,0,24,42,709,1045.5,692.4,66,42,34,NA
"689",1,84,3,32,1813231,1813471,1045.5,682.6,15,240,27,1,2,19,19,108,42,"received",4,8,0,0,0,1,3765,0,8,66,0,NA,0,NA,"C:/Data/corr_sacc/asc/JITT1.asc",0,0,34,51,897.1,1196.7,684.8,66,32,42,NA
"690",1,84,3,32,1813497,1813648,1196.7,675.6,16,151,25,1,2,21,21,117,51,"lenient",2,9,0,0,0,1,4031,0,10,66,0,NA,0,NA,"C:/Data/corr_sacc/asc/JITT1.asc",0,0,42,57,1045.5,1309.5,682.6,66,24,51,NA
"691",1,84,3,32,1813672,1813978,1309.5,681.3,17,306,23,1,2,22,22,123,57,"sentence.",0,6,0,0,0,1,4206,0,11,66,0,NA,0,NA,"C:/Data/corr_sacc/asc/JITT1.asc",0,0,51,63,1196.7,1424.4,675.6,66,15,57,NA
"692",1,84,3,32,1814002,1814263,1424.4,674.9,18,261,23,1,2,22,22,129,63,"sentence.",6,6,0,0,0,1,4536,0,11,66,0,NA,0,NA,"C:/Data/corr_sacc/asc/JITT1.asc",NA,0,57,NA,1309.5,NA,681.3,66,9,63,NA
"693",1,84,3,32,NA,NA,NA,NA,NA,NA,NA,1,1,4,NA,NA,NA,"all",NA,NA,NA,NA,NA,NA,NA,NA,4,NA,NA,NA,NA,NA,"C:/Data/corr_sacc/asc/JITT1.asc",NA,0,63,NA,1424.4,NA,674.9,66,3,NA,NA
"694",1,84,3,32,NA,NA,NA,NA,NA,NA,NA,1,1,6,NA,NA,NA,"the",NA,NA,NA,NA,NA,NA,NA,NA,6,NA,NA,NA,NA,NA,"C:/Data/corr_sacc/asc/JITT1.asc",NA,NA,NA,NA,NA,NA,NA,NA,NA,NA,NA
"695",1,84,3,32,NA,NA,NA,NA,NA,NA,NA,1,1,7,NA,NA,NA,"city,",NA,NA,NA,NA,NA,NA,NA,NA,7,NA,NA,NA,NA,NA,"C:/Data/corr_sacc/asc/JITT1.asc",NA,NA,NA,NA,NA,NA,NA,NA,NA,NA,NA
"696",1,84,3,32,NA,NA,NA,NA,NA,NA,NA,1,1,8,NA,NA,NA,"the",NA,NA,NA,NA,NA,NA,NA,NA,8,NA,NA,NA,NA,NA,"C:/Data/corr_sacc/asc/JITT1.asc",NA,NA,NA,NA,NA,NA,NA,NA,NA,NA,NA
"697",1,84,3,32,NA,NA,NA,NA,NA,NA,NA,1,2,12,NA,NA,NA,"only",NA,NA,NA,NA,NA,NA,NA,NA,1,NA,NA,NA,NA,NA,"C:/Data/corr_sacc/asc/JITT1.asc",NA,NA,NA,NA,NA,NA,NA,NA,NA,NA,NA
"698",1,84,3,32,NA,NA,NA,NA,NA,NA,NA,1,2,15,NA,NA,NA,"in",NA,NA,NA,NA,NA,NA,NA,NA,4,NA,NA,NA,NA,NA,"C:/Data/corr_sacc/asc/JITT1.asc",NA,NA,NA,NA,NA,NA,NA,NA,NA,NA,NA
"699",1,84,3,32,NA,NA,NA,NA,NA,NA,NA,1,2,18,NA,NA,NA,"he",NA,NA,NA,NA,NA,NA,NA,NA,7,NA,NA,NA,NA,NA,"C:/Data/corr_sacc/asc/JITT1.asc",NA,NA,NA,NA,NA,NA,NA,NA,NA,NA,NA
"700",1,84,3,32,NA,NA,NA,NA,NA,NA,NA,1,2,20,NA,NA,NA,"a",NA,NA,NA,NA,NA,NA,NA,NA,9,NA,NA,NA,NA,NA,"C:/Data/corr_sacc/asc/JITT1.asc",0,NA,NA,NA,NA,NA,NA,NA,NA,NA,NA
"701",1,66,3,33,2028158,2028435,460.4,520,1,277,20,1,1,3,3,7,7,"other",1,NA,0,0,0,1,588,0,3,66,0,NA,0,NA,"C:/Data/corr_sacc/asc/JITT1.asc",0,0,NA,20,NA,702.4,NA,NA,NA,7,NA
"702",1,66,3,33,2028475,2028733,702.4,521.6,2,258,39,1,1,5,5,20,20,"but",1,13,0,0,0,1,905,0,5,66,0,NA,0,NA,"C:/Data/corr_sacc/asc/JITT1.asc",0,0,7,27,460.4,826.3,520,66,59,20,NA
"703",1,66,3,33,2028760,2028906,826.3,525,3,146,26,1,1,7,7,27,27,"spent",2,7,0,0,0,1,1190,0,7,66,0,NA,0,NA,"C:/Data/corr_sacc/asc/JITT1.asc",0,0,20,36,702.4,977.7,521.6,66,46,27,NA
"704",1,66,3,33,2028933,2029088,977.7,523.8,4,155,26,1,1,9,9,36,36,"lot",3,9,0,0,0,1,1363,0,9,66,0,NA,0,NA,"C:/Data/corr_sacc/asc/JITT1.asc",0,0,27,45,826.3,1141.1,525,66,39,36,NA
"705",1,66,3,33,2029115,2029272,1141.1,516.7,5,157,26,1,1,12,12,45,45,"looking",0,9,0,0,0,1,1545,0,12,66,0,NA,0,NA,"C:/Data/corr_sacc/asc/JITT1.asc",0,0,36,51,977.7,1243.1,523.8,66,30,45,NA
"706",1,66,3,33,2029293,2029423,1243.1,522,6,130,20,1,1,12,12,51,51,"looking",6,6,0,0,0,1,1723,0,12,66,0,NA,0,NA,"C:/Data/corr_sacc/asc/JITT1.asc",0,0,45,57,1141.1,1363.9,516.7,66,21,51,NA
"707",1,66,3,33,2029449,2029763,1363.9,514.3,7,314,25,1,1,14,14,57,57,"the",1,6,0,0,0,1,1879,0,14,66,0,NA,0,NA,"C:/Data/corr_sacc/asc/JITT1.asc",1,0,51,4,1243.1,400.9,522,66,15,57,NA
"708",1,66,3,33,2029834,2030012,400.9,738.6,8,178,70,1,2,16,16,70,4,"that",4,53,0,0,0,1,2264,0,1,54,0,NA,1,"accurate","C:/Data/corr_sacc/asc/JITT1.asc",0,0,57,7,1363.9,467.8,514.3,66,9,4,0
"709",1,66,3,33,2030035,2030231,467.8,708.1,9,196,22,1,2,17,17,73,7,"day",2,3,0,0,0,1,2465,0,2,54,0,NA,0,NA,"C:/Data/corr_sacc/asc/JITT1.asc",0,1,4,14,400.9,586.4,738.6,54,50,7,NA
"710",1,66,3,33,2030256,2030459,586.4,725.8,10,203,24,1,2,20,20,80,14,"had",0,7,0,0,0,1,2686,0,5,54,0,NA,0,NA,"C:/Data/corr_sacc/asc/JITT1.asc",0,0,7,20,467.8,696,708.1,54,47,14,NA
"711",1,66,3,33,2030483,2030651,696,726.6,11,168,23,1,2,21,21,86,20,"to",2,6,0,0,0,1,2913,0,6,54,0,NA,0,NA,"C:/Data/corr_sacc/asc/JITT1.asc",0,0,14,28,586.4,830.6,725.8,54,40,20,NA
"712",1,66,3,33,2030677,2031011,830.6,739.8,12,334,25,1,2,23,23,94,28,"many",4,8,0,0,0,1,3107,0,8,54,0,NA,0,NA,"C:/Data/corr_sacc/asc/JITT1.asc",0,0,20,47,696,1188,726.6,54,34,28,NA
"713",1,66,3,33,2031050,2031323,1188,744.8,13,273,38,1,2,27,27,113,47,"laptop.",0,19,0,0,0,1,3480,0,12,54,0,NA,0,NA,"C:/Data/corr_sacc/asc/JITT1.asc",0,0,28,44,830.6,1133.1,739.8,54,26,47,NA
"714",1,66,3,33,2031343,2031475,1133.1,737,14,132,19,1,2,26,26,110,44,"my",0,3,0,0,0,1,3773,0,11,54,1,NA,0,NA,"C:/Data/corr_sacc/asc/JITT1.asc",NA,0,47,NA,1188,NA,744.8,54,7,44,NA
"715",1,66,3,33,NA,NA,NA,NA,NA,NA,NA,1,1,1,NA,NA,NA,"I",NA,NA,NA,NA,NA,NA,NA,NA,1,NA,NA,NA,NA,NA,"C:/Data/corr_sacc/asc/JITT1.asc",NA,0,44,NA,1133.1,NA,737,54,10,NA,NA
"716",1,66,3,33,NA,NA,NA,NA,NA,NA,NA,1,1,2,NA,NA,NA,"had",NA,NA,NA,NA,NA,NA,NA,NA,2,NA,NA,NA,NA,NA,"C:/Data/corr_sacc/asc/JITT1.asc",NA,NA,NA,NA,NA,NA,NA,NA,NA,NA,NA
"717",1,66,3,33,NA,NA,NA,NA,NA,NA,NA,1,1,4,NA,NA,NA,"plans,",NA,NA,NA,NA,NA,NA,NA,NA,4,NA,NA,NA,NA,NA,"C:/Data/corr_sacc/asc/JITT1.asc",NA,NA,NA,NA,NA,NA,NA,NA,NA,NA,NA
"718",1,66,3,33,NA,NA,NA,NA,NA,NA,NA,1,1,6,NA,NA,NA,"I",NA,NA,NA,NA,NA,NA,NA,NA,6,NA,NA,NA,NA,NA,"C:/Data/corr_sacc/asc/JITT1.asc",NA,NA,NA,NA,NA,NA,NA,NA,NA,NA,NA
"719",1,66,3,33,NA,NA,NA,NA,NA,NA,NA,1,1,8,NA,NA,NA,"a",NA,NA,NA,NA,NA,NA,NA,NA,8,NA,NA,NA,NA,NA,"C:/Data/corr_sacc/asc/JITT1.asc",NA,NA,NA,NA,NA,NA,NA,NA,NA,NA,NA
"720",1,66,3,33,NA,NA,NA,NA,NA,NA,NA,1,1,10,NA,NA,NA,"of",NA,NA,NA,NA,NA,NA,NA,NA,10,NA,NA,NA,NA,NA,"C:/Data/corr_sacc/asc/JITT1.asc",NA,NA,NA,NA,NA,NA,NA,NA,NA,NA,NA
"721",1,66,3,33,NA,NA,NA,NA,NA,NA,NA,1,1,11,NA,NA,NA,"time",NA,NA,NA,NA,NA,NA,NA,NA,11,NA,NA,NA,NA,NA,"C:/Data/corr_sacc/asc/JITT1.asc",NA,NA,NA,NA,NA,NA,NA,NA,NA,NA,NA
"722",1,66,3,33,NA,NA,NA,NA,NA,NA,NA,1,1,13,NA,NA,NA,"at",NA,NA,NA,NA,NA,NA,NA,NA,13,NA,NA,NA,NA,NA,"C:/Data/corr_sacc/asc/JITT1.asc",NA,NA,NA,NA,NA,NA,NA,NA,NA,NA,NA
"723",1,66,3,33,NA,NA,NA,NA,NA,NA,NA,1,1,15,NA,NA,NA,"screen",NA,NA,NA,NA,NA,NA,NA,NA,15,NA,NA,NA,NA,NA,"C:/Data/corr_sacc/asc/JITT1.asc",NA,NA,NA,NA,NA,NA,NA,NA,NA,NA,NA
"724",1,66,3,33,NA,NA,NA,NA,NA,NA,NA,1,2,18,NA,NA,NA,"as",NA,NA,NA,NA,NA,NA,NA,NA,3,NA,NA,NA,NA,NA,"C:/Data/corr_sacc/asc/JITT1.asc",NA,NA,NA,NA,NA,NA,NA,NA,NA,NA,NA
"725",1,66,3,33,NA,NA,NA,NA,NA,NA,NA,1,2,19,NA,NA,NA,"I",NA,NA,NA,NA,NA,NA,NA,NA,4,NA,NA,NA,NA,NA,"C:/Data/corr_sacc/asc/JITT1.asc",NA,NA,NA,NA,NA,NA,NA,NA,NA,NA,NA
"726",1,66,3,33,NA,NA,NA,NA,NA,NA,NA,1,2,22,NA,NA,NA,"do",NA,NA,NA,NA,NA,NA,NA,NA,7,NA,NA,NA,NA,NA,"C:/Data/corr_sacc/asc/JITT1.asc",NA,NA,NA,NA,NA,NA,NA,NA,NA,NA,NA
"727",1,66,3,33,NA,NA,NA,NA,NA,NA,NA,1,2,24,NA,NA,NA,"assignments",NA,NA,NA,NA,NA,NA,NA,NA,9,NA,NA,NA,NA,NA,"C:/Data/corr_sacc/asc/JITT1.asc",NA,NA,NA,NA,NA,NA,NA,NA,NA,NA,NA
"728",1,66,3,33,NA,NA,NA,NA,NA,NA,NA,1,2,25,NA,NA,NA,"on",NA,NA,NA,NA,NA,NA,NA,NA,10,NA,NA,NA,NA,NA,"C:/Data/corr_sacc/asc/JITT1.asc",0,NA,NA,NA,NA,NA,NA,NA,NA,NA,NA
"729",1,38,2,34,2059988,2060210,329.5,494.6,1,222,22,1,1,2,2,8,8,"Jane",3,NA,0,0,0,1,748,0,2,66,0,NA,0,NA,"C:/Data/corr_sacc/asc/JITT1.asc",0,0,NA,14,NA,447.8,NA,NA,NA,8,NA
"730",1,38,2,34,2060235,2060437,447.8,496.7,2,202,24,1,1,4,4,14,14,"no",0,6,0,0,0,1,995,0,4,66,0,NA,0,NA,"C:/Data/corr_sacc/asc/JITT1.asc",0,0,8,19,329.5,538.2,494.6,66,58,14,NA
"731",1,38,2,34,2060461,2060783,538.2,493.4,3,322,23,1,1,5,5,19,19,"more",2,5,0,0,0,1,1221,0,5,66,0,NA,0,NA,"C:/Data/corr_sacc/asc/JITT1.asc",0,0,14,26,447.8,657,496.7,66,52,19,NA
"732",1,38,2,34,2060810,2060977,657,504.5,4,167,26,1,1,6,6,26,26,"than",4,7,0,0,0,1,1570,0,6,66,0,NA,0,NA,"C:/Data/corr_sacc/asc/JITT1.asc",0,0,19,31,538.2,755.1,493.4,66,47,26,NA
"733",1,38,2,34,2061000,2061136,755.1,519.9,5,136,22,1,1,7,7,31,31,"five",4,5,0,0,0,1,1760,0,7,66,0,NA,0,NA,"C:/Data/corr_sacc/asc/JITT1.asc",0,0,26,42,657,938.6,504.5,66,40,31,NA
"734",1,38,2,34,2061164,2061539,938.6,514.2,6,375,27,1,1,10,10,42,42,"a",0,11,0,0,0,1,1924,0,10,66,0,NA,0,NA,"C:/Data/corr_sacc/asc/JITT1.asc",0,0,31,51,755.1,1115.1,519.9,66,35,42,NA
"735",1,38,2,34,2061565,2061771,1115.1,516.7,7,206,25,1,1,12,12,51,51,"her",1,9,0,0,0,1,2325,0,12,66,0,NA,0,NA,"C:/Data/corr_sacc/asc/JITT1.asc",0,0,42,56,938.6,1204.5,514.2,66,24,51,NA
"736",1,38,2,34,2061794,2061936,1204.5,520.5,8,142,22,1,1,13,13,56,56,"mum",2,5,0,0,0,1,2554,0,13,66,0,NA,0,NA,"C:/Data/corr_sacc/asc/JITT1.asc",0,0,51,63,1115.1,1324.5,516.7,66,15,56,NA
"737",1,38,2,34,2061961,2062127,1324.5,522.6,9,166,24,1,1,15,15,63,63,"her",0,7,0,0,0,1,2721,0,15,66,0,NA,0,NA,"C:/Data/corr_sacc/asc/JITT1.asc",1,0,56,4,1204.5,265.5,520.5,66,10,63,NA
"738",1,38,2,34,2062211,2062357,265.5,751.1,10,146,83,1,2,17,17,70,4,"the",1,59,0,0,0,1,2971,0,2,49,0,NA,1,"undersweep","C:/Data/corr_sacc/asc/JITT1.asc",0,0,63,2,1324.5,222.9,522.6,66,3,4,1
"739",1,38,2,34,2062373,2062730,222.9,733,11,357,15,1,2,16,16,68,2,"to",2,2,0,0,0,1,3133,0,1,49,1,NA,0,NA,"C:/Data/corr_sacc/asc/JITT1.asc",0,1,4,9,265.5,357,751.1,49,45,2,NA
"740",1,38,2,34,2062755,2062902,357,738.6,12,147,24,1,2,18,18,75,9,"park",2,7,0,0,0,1,3515,0,3,49,0,NA,0,NA,"C:/Data/corr_sacc/asc/JITT1.asc",0,0,2,15,222.9,464.9,733,49,47,9,NA
"741",1,38,2,34,2062937,2063134,464.9,748.1,13,197,34,1,2,19,19,81,15,"and",3,6,0,0,0,1,3697,0,4,49,0,NA,0,NA,"C:/Data/corr_sacc/asc/JITT1.asc",0,0,9,24,357,620.1,738.6,49,40,15,NA
"742",1,38,2,34,2063162,2063380,620.1,743.2,14,218,27,1,2,21,21,90,24,"her",1,9,0,0,0,1,3922,0,6,49,0,NA,0,NA,"C:/Data/corr_sacc/asc/JITT1.asc",0,0,15,30,464.9,740.3,748.1,49,34,24,NA
"743",1,38,2,34,2063404,2063644,740.3,734.9,15,240,23,1,2,22,22,96,30,"how",3,6,0,0,0,1,4164,0,7,49,0,NA,0,NA,"C:/Data/corr_sacc/asc/JITT1.asc",0,0,24,33,620.1,789.8,743.2,49,25,30,NA
"744",1,38,2,34,2063661,2063813,789.8,738.5,16,152,16,1,2,23,23,99,33,"to",2,3,0,0,0,1,4421,0,8,49,0,NA,0,NA,"C:/Data/corr_sacc/asc/JITT1.asc",0,0,30,39,740.3,899.1,734.9,49,19,33,NA
"745",1,38,2,34,2063838,2063966,899.1,734.6,17,128,24,1,2,25,25,105,39,"a",0,6,0,0,0,1,4598,0,10,49,0,NA,0,NA,"C:/Data/corr_sacc/asc/JITT1.asc",NA,0,33,NA,789.8,NA,738.5,49,16,39,NA
"746",1,38,2,34,NA,NA,NA,NA,NA,NA,NA,1,1,1,NA,NA,NA,"When",NA,NA,NA,NA,NA,NA,NA,NA,1,NA,NA,NA,NA,NA,"C:/Data/corr_sacc/asc/JITT1.asc",NA,0,39,NA,899.1,NA,734.6,49,10,NA,NA
"747",1,38,2,34,NA,NA,NA,NA,NA,NA,NA,1,1,3,NA,NA,NA,"was",NA,NA,NA,NA,NA,NA,NA,NA,3,NA,NA,NA,NA,NA,"C:/Data/corr_sacc/asc/JITT1.asc",NA,NA,NA,NA,NA,NA,NA,NA,NA,NA,NA
"748",1,38,2,34,NA,NA,NA,NA,NA,NA,NA,1,1,8,NA,NA,NA,"years",NA,NA,NA,NA,NA,NA,NA,NA,8,NA,NA,NA,NA,NA,"C:/Data/corr_sacc/asc/JITT1.asc",NA,NA,NA,NA,NA,NA,NA,NA,NA,NA,NA
"749",1,38,2,34,NA,NA,NA,NA,NA,NA,NA,1,1,9,NA,NA,NA,"and",NA,NA,NA,NA,NA,NA,NA,NA,9,NA,NA,NA,NA,NA,"C:/Data/corr_sacc/asc/JITT1.asc",NA,NA,NA,NA,NA,NA,NA,NA,NA,NA,NA
"750",1,38,2,34,NA,NA,NA,NA,NA,NA,NA,1,1,11,NA,NA,NA,"half,",NA,NA,NA,NA,NA,NA,NA,NA,11,NA,NA,NA,NA,NA,"C:/Data/corr_sacc/asc/JITT1.asc",NA,NA,NA,NA,NA,NA,NA,NA,NA,NA,NA
"751",1,38,2,34,NA,NA,NA,NA,NA,NA,NA,1,1,14,NA,NA,NA,"took",NA,NA,NA,NA,NA,NA,NA,NA,14,NA,NA,NA,NA,NA,"C:/Data/corr_sacc/asc/JITT1.asc",NA,NA,NA,NA,NA,NA,NA,NA,NA,NA,NA
"752",1,38,2,34,NA,NA,NA,NA,NA,NA,NA,1,2,20,NA,NA,NA,"taught",NA,NA,NA,NA,NA,NA,NA,NA,5,NA,NA,NA,NA,NA,"C:/Data/corr_sacc/asc/JITT1.asc",NA,NA,NA,NA,NA,NA,NA,NA,NA,NA,NA
"753",1,38,2,34,NA,NA,NA,NA,NA,NA,NA,1,2,24,NA,NA,NA,"ride",NA,NA,NA,NA,NA,NA,NA,NA,9,NA,NA,NA,NA,NA,"C:/Data/corr_sacc/asc/JITT1.asc",NA,NA,NA,NA,NA,NA,NA,NA,NA,NA,NA
"754",1,38,2,34,NA,NA,NA,NA,NA,NA,NA,1,2,26,NA,NA,NA,"bicycle.",NA,NA,NA,NA,NA,NA,NA,NA,11,NA,NA,NA,NA,NA,"C:/Data/corr_sacc/asc/JITT1.asc",0,NA,NA,NA,NA,NA,NA,NA,NA,NA,NA
"755",1,3,3,35,2076503,2076853,419.5,473.8,1,350,22,1,1,2,2,6,6,"group",2,NA,0,0,0,1,442,0,2,55,0,NA,0,NA,"C:/Data/corr_sacc/asc/JITT1.asc",0,0,NA,12,NA,536.9,NA,NA,NA,6,NA
"756",1,3,3,35,2076876,2077090,536.9,488.2,2,214,22,1,1,3,3,12,12,"of",2,6,0,0,0,1,815,0,3,55,0,NA,0,NA,"C:/Data/corr_sacc/asc/JITT1.asc",0,0,6,17,419.5,630.4,473.8,55,49,12,NA
"757",1,3,3,35,2077114,2077401,630.4,499.7,3,287,23,1,1,4,4,17,17,"tourists",4,5,0,0,0,1,1053,0,4,55,0,NA,0,NA,"C:/Data/corr_sacc/asc/JITT1.asc",0,0,12,26,536.9,782.7,488.2,55,43,17,NA
"758",1,3,3,35,2077426,2077697,782.7,495.1,4,271,24,1,1,5,5,26,26,"flocked",4,9,0,0,0,1,1365,0,5,55,0,NA,0,NA,"C:/Data/corr_sacc/asc/JITT1.asc",0,0,17,34,630.4,928.3,499.7,55,38,26,NA
"759",1,3,3,35,2077722,2078128,928.3,486.3,5,406,24,1,1,7,7,34,34,"the",1,8,0,0,0,1,1661,0,7,55,0,NA,0,NA,"C:/Data/corr_sacc/asc/JITT1.asc",0,0,26,41,782.7,1052,495.1,55,29,34,NA
"760",1,3,3,35,2078154,2078412,1052,497.3,6,258,25,1,1,8,8,41,41,"open",4,7,0,0,0,1,2093,0,8,55,0,NA,0,NA,"C:/Data/corr_sacc/asc/JITT1.asc",0,0,34,47,928.3,1168.2,486.3,55,21,41,NA
"761",1,3,3,35,2078436,2078587,1168.2,506.2,7,151,23,1,1,9,9,47,47,"field",5,6,0,0,0,1,2375,0,9,55,0,NA,0,NA,"C:/Data/corr_sacc/asc/JITT1.asc",0,0,41,53,1052,1266.7,497.3,55,14,47,NA
"762",1,3,3,35,2078609,2079180,1266.7,510.6,8,571,21,1,1,10,10,53,53,"where",5,6,0,0,0,1,2548,0,10,55,0,NA,0,NA,"C:/Data/corr_sacc/asc/JITT1.asc",1,0,47,6,1168.2,430.5,506.2,55,8,53,NA
"763",1,3,3,35,2079252,2079482,430.5,688.9,9,230,71,1,2,13,13,61,6,"festival",0,47,0,0,0,1,3191,0,2,49,0,NA,1,"accurate","C:/Data/corr_sacc/asc/JITT1.asc",0,0,53,14,1266.7,566.1,510.6,55,2,6,0
"764",1,3,3,35,2079508,2079659,566.1,687.4,10,151,25,1,2,13,13,69,14,"festival",8,8,0,0,0,1,3447,0,2,49,0,NA,0,NA,"C:/Data/corr_sacc/asc/JITT1.asc",0,1,6,21,430.5,701.2,688.9,49,43,14,NA
"765",1,3,3,35,2079687,2079895,701.2,700.9,11,208,27,1,2,15,15,76,21,"being",2,7,0,0,0,1,3626,0,4,49,0,NA,0,NA,"C:/Data/corr_sacc/asc/JITT1.asc",0,0,14,31,566.1,868.9,687.4,49,35,21,NA
"766",1,3,3,35,2079920,2080116,868.9,706.4,12,196,24,1,2,17,17,86,31,"for",1,10,0,0,0,1,3859,0,6,49,0,NA,0,NA,"C:/Data/corr_sacc/asc/JITT1.asc",0,0,21,39,701.2,1022.1,700.9,49,28,31,NA
"767",1,3,3,35,2080142,2080327,1022.1,715,13,185,25,1,2,19,19,94,39,"first",1,8,0,0,0,1,4081,0,8,49,0,NA,0,NA,"C:/Data/corr_sacc/asc/JITT1.asc",0,0,31,45,868.9,1122.1,706.4,49,18,39,NA
"768",1,3,3,35,2080352,2080550,1122.1,705.9,14,198,24,1,2,20,20,100,45,"time.",1,6,0,0,0,1,4291,0,9,49,0,NA,0,NA,"C:/Data/corr_sacc/asc/JITT1.asc",NA,0,39,NA,1022.1,NA,715,49,10,45,NA
"769",1,3,3,35,NA,NA,NA,NA,NA,NA,NA,1,1,1,NA,NA,NA,"The",NA,NA,NA,NA,NA,NA,NA,NA,1,NA,NA,NA,NA,NA,"C:/Data/corr_sacc/asc/JITT1.asc",NA,0,45,NA,1122.1,NA,705.9,49,4,NA,NA
"770",1,3,3,35,NA,NA,NA,NA,NA,NA,NA,1,1,6,NA,NA,NA,"to",NA,NA,NA,NA,NA,NA,NA,NA,6,NA,NA,NA,NA,NA,"C:/Data/corr_sacc/asc/JITT1.asc",NA,NA,NA,NA,NA,NA,NA,NA,NA,NA,NA
"771",1,3,3,35,NA,NA,NA,NA,NA,NA,NA,1,1,11,NA,NA,NA,"a",NA,NA,NA,NA,NA,NA,NA,NA,11,NA,NA,NA,NA,NA,"C:/Data/corr_sacc/asc/JITT1.asc",NA,NA,NA,NA,NA,NA,NA,NA,NA,NA,NA
"772",1,3,3,35,NA,NA,NA,NA,NA,NA,NA,1,2,12,NA,NA,NA,"music",NA,NA,NA,NA,NA,NA,NA,NA,1,NA,NA,NA,NA,NA,"C:/Data/corr_sacc/asc/JITT1.asc",NA,NA,NA,NA,NA,NA,NA,NA,NA,NA,NA
"773",1,3,3,35,NA,NA,NA,NA,NA,NA,NA,1,2,14,NA,NA,NA,"was",NA,NA,NA,NA,NA,NA,NA,NA,3,NA,NA,NA,NA,NA,"C:/Data/corr_sacc/asc/JITT1.asc",NA,NA,NA,NA,NA,NA,NA,NA,NA,NA,NA
"774",1,3,3,35,NA,NA,NA,NA,NA,NA,NA,1,2,16,NA,NA,NA,"held",NA,NA,NA,NA,NA,NA,NA,NA,5,NA,NA,NA,NA,NA,"C:/Data/corr_sacc/asc/JITT1.asc",NA,NA,NA,NA,NA,NA,NA,NA,NA,NA,NA
"775",1,3,3,35,NA,NA,NA,NA,NA,NA,NA,1,2,18,NA,NA,NA,"the",NA,NA,NA,NA,NA,NA,NA,NA,7,NA,NA,NA,NA,NA,"C:/Data/corr_sacc/asc/JITT1.asc",0,NA,NA,NA,NA,NA,NA,NA,NA,NA,NA
"776",1,2,2,36,2087909,2088082,313,493.4,1,173,32,1,1,2,2,7,7,"the",1,NA,0,0,0,1,551,0,2,67,0,NA,0,NA,"C:/Data/corr_sacc/asc/JITT1.asc",0,0,NA,11,NA,396.3,NA,NA,NA,7,NA
"777",1,2,2,36,2088106,2088267,396.3,502,2,161,23,1,1,3,3,11,11,"old",1,4,0,0,0,1,748,0,3,67,0,NA,0,NA,"C:/Data/corr_sacc/asc/JITT1.asc",0,0,7,23,313,615.2,493.4,67,60,11,NA
"778",1,2,2,36,2088295,2088606,615.2,495.8,3,311,27,1,1,5,5,23,23,"steered",2,12,0,0,0,1,937,0,5,67,0,NA,0,NA,"C:/Data/corr_sacc/asc/JITT1.asc",0,0,11,33,396.3,786.6,502,67,56,23,NA
"779",1,2,2,36,2088631,2088855,786.6,486.8,4,224,24,1,1,7,7,33,33,"expensive",0,10,0,0,0,1,1273,0,7,67,0,NA,0,NA,"C:/Data/corr_sacc/asc/JITT1.asc",0,0,23,38,615.2,882.8,495.8,67,44,33,NA
"780",1,2,2,36,2088877,2089001,882.8,495.9,5,124,21,1,1,7,7,38,38,"expensive",5,5,0,0,0,1,1519,0,7,67,0,NA,0,NA,"C:/Data/corr_sacc/asc/JITT1.asc",0,0,33,49,786.6,1068.5,486.8,67,34,38,NA
"781",1,2,2,36,2089029,2089251,1068.5,496.8,6,222,27,1,1,8,8,49,49,"tractor,",6,11,0,0,0,1,1671,1,8,67,0,NA,0,NA,"C:/Data/corr_sacc/asc/JITT1.asc",0,0,38,56,882.8,1204.8,495.9,67,29,49,NA
"782",1,2,2,36,2089274,2089625,1204.8,496.5,7,351,22,1,1,10,10,56,56,"17",0,7,0,0,0,1,1916,0,10,67,0,NA,0,NA,"C:/Data/corr_sacc/asc/JITT1.asc",0,0,49,65,1068.5,1361.4,496.8,67,18,56,NA
"783",1,2,2,36,2089651,2089844,1361.4,502.4,8,193,25,1,1,12,12,65,65,"old",1,9,0,0,0,1,2293,0,12,67,0,NA,0,NA,"C:/Data/corr_sacc/asc/JITT1.asc",1,0,56,6,1204.8,306.5,496.5,67,11,65,NA
"784",1,2,2,36,2089927,2090028,306.5,717.6,9,101,82,1,2,14,14,73,6,"was",2,59,0,0,0,1,2569,0,2,42,0,NA,1,"undersweep","C:/Data/corr_sacc/asc/JITT1.asc",0,0,65,2,1361.4,237.7,502.4,67,2,6,1
"785",1,2,2,36,2090054,2090263,237.7,691.9,10,209,25,1,2,13,13,69,2,"son",2,4,0,0,0,1,2696,0,1,42,1,NA,0,NA,"C:/Data/corr_sacc/asc/JITT1.asc",0,1,6,6,306.5,310.8,717.6,42,36,2,NA
"786",1,2,2,36,2090288,2090460,310.8,687.9,11,172,24,1,2,14,14,73,6,"was",2,4,0,0,0,1,2930,0,2,42,1,NA,0,NA,"C:/Data/corr_sacc/asc/JITT1.asc",0,0,2,11,237.7,386.7,691.9,42,40,6,NA
"787",1,2,2,36,2090484,2090633,386.7,696.6,12,149,23,1,2,15,15,78,11,"busy",3,5,0,0,0,1,3126,0,3,42,0,NA,0,NA,"C:/Data/corr_sacc/asc/JITT1.asc",0,0,6,16,310.8,476.4,687.9,42,36,11,NA
"788",1,2,2,36,2090657,2090801,476.4,704.5,13,144,23,1,2,16,16,83,16,"milking",3,5,0,0,0,1,3299,0,4,42,0,NA,0,NA,"C:/Data/corr_sacc/asc/JITT1.asc",0,0,11,23,386.7,606.5,696.6,42,31,16,NA
"789",1,2,2,36,2090826,2090979,606.5,691.3,14,153,24,1,2,17,17,90,23,"the",2,7,0,0,0,1,3468,0,5,42,0,NA,0,NA,"C:/Data/corr_sacc/asc/JITT1.asc",0,0,16,31,476.4,757.7,704.5,42,26,23,NA
"790",1,2,2,36,2091005,2091219,757.7,691.9,15,214,25,1,2,19,19,98,31,"in",1,8,0,0,0,1,3647,0,7,42,0,NA,0,NA,"C:/Data/corr_sacc/asc/JITT1.asc",0,0,23,30,606.5,739.2,691.3,42,19,31,NA
"791",1,2,2,36,2091229,2091306,739.2,699,16,77,9,1,2,19,19,97,30,"in",0,1,0,0,0,1,3871,0,7,42,0,NA,0,NA,"C:/Data/corr_sacc/asc/JITT1.asc",NA,0,31,NA,757.7,NA,691.9,42,11,30,NA
"792",1,2,2,36,NA,NA,NA,NA,NA,NA,NA,1,1,1,NA,NA,NA,"While",NA,NA,NA,NA,NA,NA,NA,NA,1,NA,NA,NA,NA,NA,"C:/Data/corr_sacc/asc/JITT1.asc",NA,0,30,NA,739.2,NA,699,42,12,NA,NA
"793",1,2,2,36,NA,NA,NA,NA,NA,NA,NA,1,1,4,NA,NA,NA,"farmer",NA,NA,NA,NA,NA,NA,NA,NA,4,NA,NA,NA,NA,NA,"C:/Data/corr_sacc/asc/JITT1.asc",NA,NA,NA,NA,NA,NA,NA,NA,NA,NA,NA
"794",1,2,2,36,NA,NA,NA,NA,NA,NA,NA,1,1,6,NA,NA,NA,"the",NA,NA,NA,NA,NA,NA,NA,NA,6,NA,NA,NA,NA,NA,"C:/Data/corr_sacc/asc/JITT1.asc",NA,NA,NA,NA,NA,NA,NA,NA,NA,NA,NA
"795",1,2,2,36,NA,NA,NA,NA,NA,NA,NA,1,1,9,NA,NA,NA,"his",NA,NA,NA,NA,NA,NA,NA,NA,9,NA,NA,NA,NA,NA,"C:/Data/corr_sacc/asc/JITT1.asc",NA,NA,NA,NA,NA,NA,NA,NA,NA,NA,NA
"796",1,2,2,36,NA,NA,NA,NA,NA,NA,NA,1,1,11,NA,NA,NA,"year",NA,NA,NA,NA,NA,NA,NA,NA,11,NA,NA,NA,NA,NA,"C:/Data/corr_sacc/asc/JITT1.asc",NA,NA,NA,NA,NA,NA,NA,NA,NA,NA,NA
"797",1,2,2,36,NA,NA,NA,NA,NA,NA,NA,1,2,18,NA,NA,NA,"cows",NA,NA,NA,NA,NA,NA,NA,NA,6,NA,NA,NA,NA,NA,"C:/Data/corr_sacc/asc/JITT1.asc",NA,NA,NA,NA,NA,NA,NA,NA,NA,NA,NA
"798",1,2,2,36,NA,NA,NA,NA,NA,NA,NA,1,2,20,NA,NA,NA,"the",NA,NA,NA,NA,NA,NA,NA,NA,8,NA,NA,NA,NA,NA,"C:/Data/corr_sacc/asc/JITT1.asc",NA,NA,NA,NA,NA,NA,NA,NA,NA,NA,NA
"799",1,2,2,36,NA,NA,NA,NA,NA,NA,NA,1,2,21,NA,NA,NA,"barn.",NA,NA,NA,NA,NA,NA,NA,NA,9,NA,NA,NA,NA,NA,"C:/Data/corr_sacc/asc/JITT1.asc",0,NA,NA,NA,NA,NA,NA,NA,NA,NA,NA
"800",1,50,2,37,2104242,2104521,297.6,492.9,1,279,20,1,1,2,2,4,4,"red",0,NA,0,0,0,1,451,0,2,61,0,NA,0,NA,"C:/Data/corr_sacc/asc/JITT1.asc",0,0,NA,14,NA,466.2,NA,NA,NA,4,NA
"801",1,50,2,37,2104549,2104692,466.2,500.7,2,143,27,1,1,3,3,14,14,"dragon",6,10,0,0,0,1,758,0,3,61,0,NA,0,NA,"C:/Data/corr_sacc/asc/JITT1.asc",0,0,4,18,297.6,535.3,492.9,61,57,14,NA
"802",1,50,2,37,2104716,2104907,535.3,511.3,3,191,23,1,1,4,4,18,18,"from",3,4,0,0,0,1,925,0,4,61,0,NA,0,NA,"C:/Data/corr_sacc/asc/JITT1.asc",0,0,14,27,466.2,700.9,500.7,61,47,18,NA
"803",1,50,2,37,2104935,2105190,700.9,505.7,4,255,27,1,1,6,6,27,27,"ancient",3,9,0,0,0,1,1144,0,6,61,0,NA,0,NA,"C:/Data/corr_sacc/asc/JITT1.asc",0,0,18,34,535.3,838,511.3,61,43,27,NA
"804",1,50,2,37,2105216,2105400,838,509,5,184,25,1,1,7,7,34,34,"mountain",2,7,0,0,0,1,1425,0,7,61,0,NA,0,NA,"C:/Data/corr_sacc/asc/JITT1.asc",0,0,27,44,700.9,1015.4,505.7,61,34,34,NA
"805",1,50,2,37,2105428,2105594,1015.4,513.8,6,166,27,1,1,8,8,44,44,"was",3,10,0,0,0,1,1637,0,8,61,0,NA,0,NA,"C:/Data/corr_sacc/asc/JITT1.asc",0,0,34,43,838,996,509,61,27,44,NA
"806",1,50,2,37,2105603,2105770,996,512.2,7,167,8,1,1,8,8,43,43,"was",2,1,0,0,0,1,1812,0,8,61,0,NA,0,NA,"C:/Data/corr_sacc/asc/JITT1.asc",0,0,44,49,1015.4,1102.9,513.8,61,17,43,NA
"807",1,50,2,37,2105793,2105920,1102.9,513.1,8,127,22,1,1,10,10,49,49,"match",1,6,0,0,0,1,2002,0,10,61,0,NA,0,NA,"C:/Data/corr_sacc/asc/JITT1.asc",0,0,43,58,996,1253.8,512.2,61,18,49,NA
"808",1,50,2,37,2105949,2106169,1253.8,513,9,220,28,1,1,12,12,58,58,"the",0,9,0,0,0,1,2158,0,12,61,0,NA,0,NA,"C:/Data/corr_sacc/asc/JITT1.asc",1,0,49,5,1102.9,309.6,513.1,61,12,58,NA
"809",1,50,2,37,2106233,2106353,309.6,672.9,10,120,63,1,2,13,13,66,5,"fearless",5,53,0,0,0,1,2442,0,1,50,0,NA,1,"undersweep","C:/Data/corr_sacc/asc/JITT1.asc",0,0,58,NA,1253.8,197.3,513,61,3,5,1
"810",1,50,2,37,2106378,2106651,197.3,699,11,273,24,NA,2,NA,NA,NA,NA,NA,NA,NA,0,0,1,1,2587,NA,NA,50,NA,NA,0,NA,"C:/Data/corr_sacc/asc/JITT1.asc",0,1,5,8,309.6,358.4,672.9,50,45,-1,NA
"811",1,50,2,37,2106676,2106941,358.4,713.8,12,265,24,1,2,13,13,69,8,"fearless",8,NA,0,0,0,1,2885,0,1,50,0,NA,0,NA,"C:/Data/corr_sacc/asc/JITT1.asc",0,0,NA,20,197.3,578.2,699,50,NA,8,NA
"812",1,50,2,37,2106969,2107344,578.2,715.7,13,375,27,1,2,15,15,81,20,"and",2,12,0,0,0,1,3178,0,3,50,0,NA,0,NA,"C:/Data/corr_sacc/asc/JITT1.asc",0,0,8,29,358.4,731.3,713.8,50,42,20,NA
"813",1,50,2,37,2107369,2107541,731.3,728.4,14,172,24,1,2,17,17,90,29,"knowledge",3,9,0,0,0,1,3578,0,5,50,0,NA,0,NA,"C:/Data/corr_sacc/asc/JITT1.asc",0,0,20,38,578.2,910.2,715.7,50,30,29,NA
"814",1,50,2,37,2107569,2108028,910.2,733.1,15,459,27,1,2,18,18,99,38,"of",2,9,0,0,0,1,3778,0,6,50,0,NA,0,NA,"C:/Data/corr_sacc/asc/JITT1.asc",0,0,29,44,731.3,1004.8,728.4,50,21,38,NA
"815",1,50,2,37,2108052,2108108,1004.8,726,16,56,23,1,2,20,20,105,44,"spells.",1,6,0,0,0,1,4261,0,8,50,0,NA,0,NA,"C:/Data/corr_sacc/asc/JITT1.asc",NA,0,38,NA,910.2,NA,733.1,50,12,44,NA
"816",1,50,2,37,NA,NA,NA,NA,NA,NA,NA,1,1,1,NA,NA,NA,"The",NA,NA,NA,NA,NA,NA,NA,NA,1,NA,NA,NA,NA,NA,"C:/Data/corr_sacc/asc/JITT1.asc",NA,0,44,NA,1004.8,NA,726,50,6,NA,NA
"817",1,50,2,37,NA,NA,NA,NA,NA,NA,NA,1,1,5,NA,NA,NA,"the",NA,NA,NA,NA,NA,NA,NA,NA,5,NA,NA,NA,NA,NA,"C:/Data/corr_sacc/asc/JITT1.asc",NA,NA,NA,NA,NA,NA,NA,NA,NA,NA,NA
"818",1,50,2,37,NA,NA,NA,NA,NA,NA,NA,1,1,9,NA,NA,NA,"no",NA,NA,NA,NA,NA,NA,NA,NA,9,NA,NA,NA,NA,NA,"C:/Data/corr_sacc/asc/JITT1.asc",NA,NA,NA,NA,NA,NA,NA,NA,NA,NA,NA
"819",1,50,2,37,NA,NA,NA,NA,NA,NA,NA,1,1,11,NA,NA,NA,"for",NA,NA,NA,NA,NA,NA,NA,NA,11,NA,NA,NA,NA,NA,"C:/Data/corr_sacc/asc/JITT1.asc",NA,NA,NA,NA,NA,NA,NA,NA,NA,NA,NA
"820",1,50,2,37,NA,NA,NA,NA,NA,NA,NA,1,2,14,NA,NA,NA,"sorcerer",NA,NA,NA,NA,NA,NA,NA,NA,2,NA,NA,NA,NA,NA,"C:/Data/corr_sacc/asc/JITT1.asc",NA,NA,NA,NA,NA,NA,NA,NA,NA,NA,NA
"821",1,50,2,37,NA,NA,NA,NA,NA,NA,NA,1,2,16,NA,NA,NA,"his",NA,NA,NA,NA,NA,NA,NA,NA,4,NA,NA,NA,NA,NA,"C:/Data/corr_sacc/asc/JITT1.asc",NA,NA,NA,NA,NA,NA,NA,NA,NA,NA,NA
"822",1,50,2,37,NA,NA,NA,NA,NA,NA,NA,1,2,19,NA,NA,NA,"new",NA,NA,NA,NA,NA,NA,NA,NA,7,NA,NA,NA,NA,NA,"C:/Data/corr_sacc/asc/JITT1.asc",0,NA,NA,NA,NA,NA,NA,NA,NA,NA,NA
"823",1,59,2,38,2123574,2123726,268.5,494.7,1,152,8,1,1,2,2,4,4,"food",0,NA,0,0,0,1,406,0,2,49,0,NA,0,NA,"C:/Data/corr_sacc/asc/JITT1.asc",0,0,NA,12,NA,419.7,NA,NA,NA,4,NA
"824",1,59,2,38,2123762,2123939,419.7,487.3,2,177,35,1,1,4,4,12,12,"the",0,8,0,0,0,1,594,0,4,49,0,NA,0,NA,"C:/Data/corr_sacc/asc/JITT1.asc",0,0,4,19,268.5,545.8,494.7,49,45,12,NA
"825",1,59,2,38,2123972,2124116,545.8,492.9,3,144,32,1,1,5,5,19,19,"cafe",3,7,0,0,0,1,804,0,5,49,0,NA,0,NA,"C:/Data/corr_sacc/asc/JITT1.asc",0,0,12,25,419.7,660.2,487.3,49,37,19,NA
"826",1,59,2,38,2124141,2124292,660.2,509.5,4,151,24,1,1,7,7,25,25,"okay,",0,6,0,0,0,1,973,0,7,49,0,NA,0,NA,"C:/Data/corr_sacc/asc/JITT1.asc",0,0,19,36,545.8,842.6,492.9,49,30,25,NA
"827",1,59,2,38,2124335,2124539,842.6,509,5,204,42,1,1,9,9,36,36,"the",1,11,0,0,0,1,1167,0,9,49,0,NA,0,NA,"C:/Data/corr_sacc/asc/JITT1.asc",0,0,25,44,660.2,988.7,509.5,49,24,36,NA
"828",1,59,2,38,2124566,2124710,988.7,506.4,6,144,26,1,1,10,10,44,44,"coffee",5,8,0,0,0,1,1398,0,10,49,0,NA,0,NA,"C:/Data/corr_sacc/asc/JITT1.asc",0,0,36,48,842.6,1065.9,509,49,13,44,NA
"829",1,59,2,38,2124732,2124812,1065.9,514.9,7,80,21,1,1,11,11,48,48,"was",2,4,0,0,0,1,1564,0,11,49,0,NA,0,NA,"C:/Data/corr_sacc/asc/JITT1.asc",1,0,44,6,988.7,312.5,506.4,49,5,48,NA
"830",1,59,2,38,2124887,2124995,312.5,693.3,8,108,74,1,2,12,12,55,6,"extremely",6,42,0,0,0,1,1719,0,1,39,0,NA,1,"undersweep","C:/Data/corr_sacc/asc/JITT1.asc",0,0,48,1,1065.9,223.5,514.9,49,1,6,1
"831",1,59,2,38,2125033,2125204,223.5,703.4,9,171,37,1,2,12,12,50,1,"extremely",1,5,0,0,0,1,1865,0,1,39,0,NA,0,NA,"C:/Data/corr_sacc/asc/JITT1.asc",0,1,6,13,312.5,431.9,693.3,39,33,1,NA
"832",1,59,2,38,2125242,2125421,431.9,717.3,10,179,37,1,2,13,13,62,13,"delicious,",3,12,0,0,0,1,2074,0,2,39,0,NA,0,NA,"C:/Data/corr_sacc/asc/JITT1.asc",0,0,1,23,223.5,624.8,703.4,39,38,13,NA
"833",1,59,2,38,2125460,2126035,624.8,699.4,11,575,38,1,2,14,14,72,23,"so",2,10,0,0,0,1,2292,0,3,39,0,NA,0,NA,"C:/Data/corr_sacc/asc/JITT1.asc",0,0,13,32,431.9,780.8,717.3,39,26,23,NA
"834",1,59,2,38,2126064,2126356,780.8,692.9,12,292,28,1,2,16,16,81,32,"be",1,9,0,0,0,1,2896,0,5,39,0,NA,0,NA,"C:/Data/corr_sacc/asc/JITT1.asc",NA,0,23,NA,624.8,NA,699.4,39,16,32,NA
"835",1,59,2,38,NA,NA,NA,NA,NA,NA,NA,1,1,1,NA,NA,NA,"The",NA,NA,NA,NA,NA,NA,NA,NA,1,NA,NA,NA,NA,NA,"C:/Data/corr_sacc/asc/JITT1.asc",NA,0,32,NA,780.8,NA,692.9,39,7,NA,NA
"836",1,59,2,38,NA,NA,NA,NA,NA,NA,NA,1,1,3,NA,NA,NA,"at",NA,NA,NA,NA,NA,NA,NA,NA,3,NA,NA,NA,NA,NA,"C:/Data/corr_sacc/asc/JITT1.asc",NA,NA,NA,NA,NA,NA,NA,NA,NA,NA,NA
"837",1,59,2,38,NA,NA,NA,NA,NA,NA,NA,1,1,6,NA,NA,NA,"was",NA,NA,NA,NA,NA,NA,NA,NA,6,NA,NA,NA,NA,NA,"C:/Data/corr_sacc/asc/JITT1.asc",NA,NA,NA,NA,NA,NA,NA,NA,NA,NA,NA
"838",1,59,2,38,NA,NA,NA,NA,NA,NA,NA,1,1,8,NA,NA,NA,"but",NA,NA,NA,NA,NA,NA,NA,NA,8,NA,NA,NA,NA,NA,"C:/Data/corr_sacc/asc/JITT1.asc",NA,NA,NA,NA,NA,NA,NA,NA,NA,NA,NA
"839",1,59,2,38,NA,NA,NA,NA,NA,NA,NA,1,2,15,NA,NA,NA,"she'll",NA,NA,NA,NA,NA,NA,NA,NA,4,NA,NA,NA,NA,NA,"C:/Data/corr_sacc/asc/JITT1.asc",NA,NA,NA,NA,NA,NA,NA,NA,NA,NA,NA
"840",1,59,2,38,NA,NA,NA,NA,NA,NA,NA,1,2,17,NA,NA,NA,"back.",NA,NA,NA,NA,NA,NA,NA,NA,6,NA,NA,NA,NA,NA,"C:/Data/corr_sacc/asc/JITT1.asc",0,NA,NA,NA,NA,NA,NA,NA,NA,NA,NA
"841",1,87,3,39,2137679,2137974,460.7,482.5,1,295,23,1,1,2,2,9,9,"quick",5,NA,0,0,0,1,5352,0,2,54,0,NA,0,NA,"C:/Data/corr_sacc/asc/JITT1.asc",0,0,NA,3,NA,351.7,NA,NA,NA,9,NA
"842",1,87,3,39,2138000,2138206,351.7,485,2,206,25,1,1,1,1,3,3,"One",3,6,0,0,0,1,5673,0,1,54,1,NA,0,NA,"C:/Data/corr_sacc/asc/JITT1.asc",0,0,9,14,460.7,549.9,482.5,54,45,3,NA
"843",1,87,3,39,2138233,2138445,549.9,500.7,3,212,26,1,1,3,3,14,14,"look",4,11,0,0,0,1,5906,0,3,54,0,NA,0,NA,"C:/Data/corr_sacc/asc/JITT1.asc",0,0,3,23,351.7,717.8,485,54,51,14,NA
"844",1,87,3,39,2138471,2138668,717.8,494,4,197,25,1,1,6,6,23,23,"old",1,9,0,0,0,1,6144,0,6,54,0,NA,0,NA,"C:/Data/corr_sacc/asc/JITT1.asc",0,0,14,28,549.9,805,500.7,54,40,23,NA
"845",1,87,3,39,2138692,2138838,805,484.2,5,146,23,1,1,7,7,28,28,"man",2,5,0,0,0,1,6365,0,7,54,0,NA,0,NA,"C:/Data/corr_sacc/asc/JITT1.asc",0,0,23,17,717.8,605.8,494,54,31,28,NA
"846",1,87,3,39,2138878,2139040,605.8,465.8,6,162,39,1,1,4,4,17,17,"at",2,11,0,0,0,1,6551,0,4,54,1,NA,0,NA,"C:/Data/corr_sacc/asc/JITT1.asc",0,0,28,14,805,553.7,484.2,54,26,17,NA
"847",1,87,3,39,2139062,2139199,553.7,466.8,7,137,21,1,1,3,3,14,14,"look",4,3,0,0,0,1,6735,0,3,54,1,NA,0,NA,"C:/Data/corr_sacc/asc/JITT1.asc",0,0,17,6,605.8,397.9,465.8,54,37,14,NA
"848",1,87,3,39,2139226,2139444,397.9,461.2,8,218,26,1,1,2,2,6,6,"quick",2,8,0,0,0,1,6899,0,2,54,1,NA,0,NA,"C:/Data/corr_sacc/asc/JITT1.asc",0,0,14,16,553.7,590.4,466.8,54,40,6,NA
"849",1,87,3,39,2139472,2139675,590.4,463.4,9,203,27,1,1,4,4,16,16,"at",1,10,0,0,0,1,7145,0,4,54,1,NA,0,NA,"C:/Data/corr_sacc/asc/JITT1.asc",0,0,6,24,397.9,733,461.2,54,48,16,NA
"850",1,87,3,39,2139701,2139864,733,465.8,10,163,25,1,1,6,6,24,24,"old",2,8,0,0,0,1,7374,0,6,54,1,NA,0,NA,"C:/Data/corr_sacc/asc/JITT1.asc",0,0,16,33,590.4,885.6,463.4,54,38,24,NA
"851",1,87,3,39,2139890,2140127,885.6,466.2,11,237,25,1,1,8,8,33,33,"revealed",3,9,0,0,0,1,7563,0,8,54,0,NA,0,NA,"C:/Data/corr_sacc/asc/JITT1.asc",0,0,24,37,733,969.2,465.8,54,30,33,NA
"852",1,87,3,39,2140149,2140322,969.2,465.7,12,173,21,1,1,8,8,37,37,"revealed",7,4,0,0,0,1,7822,0,8,54,0,NA,0,NA,"C:/Data/corr_sacc/asc/JITT1.asc",0,0,33,44,885.6,1087.6,466.2,54,21,37,NA
"853",1,87,3,39,2140349,2140692,1087.6,470.1,13,343,26,1,1,10,10,44,44,"glum",1,7,0,0,0,1,8022,0,10,54,0,NA,0,NA,"C:/Data/corr_sacc/asc/JITT1.asc",0,0,37,52,969.2,1230.2,465.7,54,17,44,NA
"854",1,87,3,39,2140722,2140995,1230.2,476.4,14,273,29,1,1,12,12,52,52,"was",1,8,0,0,0,1,8395,0,12,54,0,NA,0,NA,"C:/Data/corr_sacc/asc/JITT1.asc",1,0,44,6,1087.6,414.2,470.1,54,10,52,NA
"855",1,87,3,39,2141063,2141324,414.2,672.4,15,261,67,1,2,14,14,60,6,"he",0,46,0,0,0,1,8736,0,2,63,0,NA,1,"accurate","C:/Data/corr_sacc/asc/JITT1.asc",0,0,52,17,1230.2,595.9,476.4,54,2,6,0
"856",1,87,3,39,2141363,2141616,595.9,676.5,16,253,38,1,2,16,16,71,17,"about",2,11,0,0,0,1,9036,0,4,63,0,NA,0,NA,"C:/Data/corr_sacc/asc/JITT1.asc",0,1,6,25,414.2,747.3,672.4,63,57,17,NA
"857",1,87,3,39,2141645,2141801,747.3,682.6,17,156,28,1,2,18,18,79,25,"demise",0,8,0,0,0,1,9318,0,6,63,0,NA,0,NA,"C:/Data/corr_sacc/asc/JITT1.asc",0,0,17,33,595.9,895.9,676.5,63,46,25,NA
"858",1,87,3,39,2141826,2142071,895.9,680.1,18,245,24,1,2,19,19,87,33,"of",1,8,0,0,0,1,9499,0,7,63,0,NA,0,NA,"C:/Data/corr_sacc/asc/JITT1.asc",0,0,25,44,747.3,1091.1,682.6,63,38,33,NA
"859",1,87,3,39,2142099,2142369,1091.1,669.3,19,270,27,1,2,21,21,98,44,"famous",5,11,0,0,0,1,9772,0,9,63,0,NA,0,NA,"C:/Data/corr_sacc/asc/JITT1.asc",0,0,33,52,895.9,1227.8,680.1,63,30,44,NA
"860",1,87,3,39,2142395,2142616,1227.8,685.9,20,221,25,1,2,22,22,106,52,"social",6,8,0,0,0,1,10068,0,10,63,0,NA,0,NA,"C:/Data/corr_sacc/asc/JITT1.asc",0,0,44,49,1091.1,1176.8,669.3,63,19,52,NA
"861",1,87,3,39,2142632,2142806,1176.8,687.3,21,174,15,1,2,22,22,103,49,"social",3,3,0,0,0,1,10305,0,10,63,0,NA,0,NA,"C:/Data/corr_sacc/asc/JITT1.asc",0,0,52,43,1227.8,1077.4,685.9,63,11,49,NA
"862",1,87,3,39,2142829,2143060,1077.4,682.9,22,231,22,1,2,21,21,97,43,"famous",4,6,0,0,0,1,10502,0,9,63,1,NA,0,NA,"C:/Data/corr_sacc/asc/JITT1.asc",0,0,49,57,1176.8,1319.1,687.3,63,14,43,NA
"863",1,87,3,39,2143093,2143350,1319.1,678.1,23,257,32,1,2,23,23,111,57,"advocate.",4,14,0,0,0,1,10766,0,11,63,0,NA,0,NA,"C:/Data/corr_sacc/asc/JITT1.asc",0,0,43,NA,1077.4,1442.1,682.9,63,20,57,NA
"864",1,87,3,39,2143374,2143765,1442.1,677.8,24,391,23,NA,2,NA,1,NA,NA,NA,NA,NA,0,0,1,1,11047,NA,NA,63,NA,NA,0,NA,"C:/Data/corr_sacc/asc/JITT1.asc",NA,0,57,NA,1319.1,NA,678.1,63,6,68,NA
"865",1,87,3,39,NA,NA,NA,NA,NA,NA,NA,1,1,5,NA,NA,NA,"the",NA,NA,NA,NA,NA,NA,NA,NA,5,NA,NA,NA,NA,NA,"C:/Data/corr_sacc/asc/JITT1.asc",NA,0,NA,NA,1442.1,NA,677.8,63,NA,NA,NA
"866",1,87,3,39,NA,NA,NA,NA,NA,NA,NA,1,1,9,NA,NA,NA,"how",NA,NA,NA,NA,NA,NA,NA,NA,9,NA,NA,NA,NA,NA,"C:/Data/corr_sacc/asc/JITT1.asc",NA,NA,NA,NA,NA,NA,NA,NA,NA,NA,NA
"867",1,87,3,39,NA,NA,NA,NA,NA,NA,NA,1,1,11,NA,NA,NA,"he",NA,NA,NA,NA,NA,NA,NA,NA,11,NA,NA,NA,NA,NA,"C:/Data/corr_sacc/asc/JITT1.asc",NA,NA,NA,NA,NA,NA,NA,NA,NA,NA,NA
"868",1,87,3,39,NA,NA,NA,NA,NA,NA,NA,1,2,13,NA,NA,NA,"after",NA,NA,NA,NA,NA,NA,NA,NA,1,NA,NA,NA,NA,NA,"C:/Data/corr_sacc/asc/JITT1.asc",NA,NA,NA,NA,NA,NA,NA,NA,NA,NA,NA
"869",1,87,3,39,NA,NA,NA,NA,NA,NA,NA,1,2,15,NA,NA,NA,"heard",NA,NA,NA,NA,NA,NA,NA,NA,3,NA,NA,NA,NA,NA,"C:/Data/corr_sacc/asc/JITT1.asc",NA,NA,NA,NA,NA,NA,NA,NA,NA,NA,NA
"870",1,87,3,39,NA,NA,NA,NA,NA,NA,NA,1,2,17,NA,NA,NA,"the",NA,NA,NA,NA,NA,NA,NA,NA,5,NA,NA,NA,NA,NA,"C:/Data/corr_sacc/asc/JITT1.asc",NA,NA,NA,NA,NA,NA,NA,NA,NA,NA,NA
"871",1,87,3,39,NA,NA,NA,NA,NA,NA,NA,1,2,20,NA,NA,NA,"the",NA,NA,NA,NA,NA,NA,NA,NA,8,NA,NA,NA,NA,NA,"C:/Data/corr_sacc/asc/JITT1.asc",NA,NA,NA,NA,NA,NA,NA,NA,NA,NA,NA
"872",1,87,3,39,NA,NA,NA,NA,NA,NA,NA,2,NA,1,NA,NA,NA,NA,NA,NA,NA,NA,NA,NA,NA,NA,NA,NA,NA,NA,NA,NA,"C:/Data/corr_sacc/asc/JITT1.asc",0,NA,NA,NA,NA,NA,NA,NA,NA,NA,NA
"873",1,62,2,40,2147924,2148135,442.4,494.5,1,211,20,1,1,2,2,5,5,"light",1,NA,0,0,0,1,645,0,2,67,0,NA,0,NA,"C:/Data/corr_sacc/asc/JITT1.asc",0,0,NA,12,NA,568.2,NA,NA,NA,5,NA
"874",1,62,2,40,2148161,2148359,568.2,496.6,2,198,25,1,1,3,3,12,12,"that",2,7,0,0,0,1,882,0,3,67,0,NA,0,NA,"C:/Data/corr_sacc/asc/JITT1.asc",0,0,5,19,442.4,703.3,494.5,67,62,12,NA
"875",1,62,2,40,2148384,2148588,703.3,499.1,3,204,24,1,1,4,4,19,19,"shone",4,7,0,0,0,1,1105,0,4,67,0,NA,0,NA,"C:/Data/corr_sacc/asc/JITT1.asc",0,0,12,25,568.2,801.1,496.6,67,55,19,NA
"876",1,62,2,40,2148609,2148890,801.1,492.8,4,281,20,1,1,5,5,25,25,"faintly",4,6,0,0,0,1,1330,0,5,67,0,NA,0,NA,"C:/Data/corr_sacc/asc/JITT1.asc",0,0,19,32,703.3,935.1,499.1,67,48,25,NA
"877",1,62,2,40,2148915,2149139,935.1,499.2,5,224,24,1,1,6,6,32,32,"near",3,7,0,0,0,1,1636,0,6,67,0,NA,0,NA,"C:/Data/corr_sacc/asc/JITT1.asc",0,0,25,40,801.1,1085.9,492.8,67,42,32,NA
"878",1,62,2,40,2149167,2149528,1085.9,513.8,6,361,27,1,1,8,8,40,40,"old",2,8,0,0,0,1,1888,0,8,67,0,NA,0,NA,"C:/Data/corr_sacc/asc/JITT1.asc",0,0,32,47,935.1,1204.8,499.2,67,35,40,NA
"879",1,62,2,40,2149550,2149723,1204.8,530.8,7,173,21,1,1,10,10,47,47,"could",0,7,0,0,0,1,2271,0,10,67,0,NA,0,NA,"C:/Data/corr_sacc/asc/JITT1.asc",0,0,40,52,1085.9,1298.5,513.8,67,27,47,NA
"880",1,62,2,40,2149748,2149940,1298.5,537,8,192,24,1,1,10,10,52,52,"could",5,5,0,0,0,1,2469,0,10,67,0,NA,0,NA,"C:/Data/corr_sacc/asc/JITT1.asc",0,0,47,59,1204.8,1416.2,530.8,67,20,52,NA
"881",1,62,2,40,2149963,2150107,1416.2,533,9,144,22,1,1,12,12,59,59,"be",0,7,0,0,0,1,2684,0,12,67,0,NA,0,NA,"C:/Data/corr_sacc/asc/JITT1.asc",0,0,52,62,1298.5,1475.5,537,67,15,59,NA
"882",1,62,2,40,2150125,2150296,1475.5,529.9,10,171,17,1,1,13,13,62,62,"seen,",0,3,0,0,0,1,2846,0,13,67,0,NA,0,NA,"C:/Data/corr_sacc/asc/JITT1.asc",1,0,59,6,1416.2,474.9,533,67,8,62,NA
"883",1,62,2,40,2150359,2150474,474.9,735.6,11,115,62,1,2,14,14,73,6,"though",6,56,0,0,0,1,3080,0,1,37,0,NA,1,"undersweep","C:/Data/corr_sacc/asc/JITT1.asc",0,0,62,NA,1475.5,355.1,529.9,67,5,6,1
"884",1,62,2,40,2150496,2150821,355.1,737.3,12,325,21,NA,2,NA,NA,NA,NA,NA,NA,NA,0,0,1,1,3217,NA,NA,37,NA,NA,0,NA,"C:/Data/corr_sacc/asc/JITT1.asc",0,1,6,8,474.9,500.1,735.6,37,31,8,NA
"885",1,62,2,40,2150848,2151043,500.1,739.9,13,195,26,1,2,15,15,75,8,"the",1,NA,0,0,0,1,3569,0,2,37,0,NA,0,NA,"C:/Data/corr_sacc/asc/JITT1.asc",0,0,NA,17,355.1,662.6,737.3,37,NA,8,NA
"886",1,62,2,40,2151080,2151319,662.6,737.6,14,239,36,1,2,17,17,84,17,"had",1,9,0,0,0,1,3801,0,4,37,0,NA,0,NA,"C:/Data/corr_sacc/asc/JITT1.asc",0,0,8,28,500.1,855.2,739.9,37,29,17,NA
"887",1,62,2,40,2151357,2151794,855.2,727.3,15,437,37,1,2,19,19,95,28,"departed.",0,11,0,0,0,1,4078,0,6,37,0,NA,0,NA,"C:/Data/corr_sacc/asc/JITT1.asc",NA,0,17,NA,662.6,NA,737.6,37,20,28,NA
"888",1,62,2,40,NA,NA,NA,NA,NA,NA,NA,1,1,1,NA,NA,NA,"The",NA,NA,NA,NA,NA,NA,NA,NA,1,NA,NA,NA,NA,NA,"C:/Data/corr_sacc/asc/JITT1.asc",NA,0,28,NA,855.2,NA,727.3,37,9,NA,NA
"889",1,62,2,40,NA,NA,NA,NA,NA,NA,NA,1,1,7,NA,NA,NA,"the",NA,NA,NA,NA,NA,NA,NA,NA,7,NA,NA,NA,NA,NA,"C:/Data/corr_sacc/asc/JITT1.asc",NA,NA,NA,NA,NA,NA,NA,NA,NA,NA,NA
"890",1,62,2,40,NA,NA,NA,NA,NA,NA,NA,1,1,9,NA,NA,NA,"tree",NA,NA,NA,NA,NA,NA,NA,NA,9,NA,NA,NA,NA,NA,"C:/Data/corr_sacc/asc/JITT1.asc",NA,NA,NA,NA,NA,NA,NA,NA,NA,NA,NA
"891",1,62,2,40,NA,NA,NA,NA,NA,NA,NA,1,1,11,NA,NA,NA,"still",NA,NA,NA,NA,NA,NA,NA,NA,11,NA,NA,NA,NA,NA,"C:/Data/corr_sacc/asc/JITT1.asc",NA,NA,NA,NA,NA,NA,NA,NA,NA,NA,NA
"892",1,62,2,40,NA,NA,NA,NA,NA,NA,NA,1,2,16,NA,NA,NA,"ship",NA,NA,NA,NA,NA,NA,NA,NA,3,NA,NA,NA,NA,NA,"C:/Data/corr_sacc/asc/JITT1.asc",NA,NA,NA,NA,NA,NA,NA,NA,NA,NA,NA
"893",1,62,2,40,NA,NA,NA,NA,NA,NA,NA,1,2,18,NA,NA,NA,"already",NA,NA,NA,NA,NA,NA,NA,NA,5,NA,NA,NA,NA,NA,"C:/Data/corr_sacc/asc/JITT1.asc",0,NA,NA,NA,NA,NA,NA,NA,NA,NA,NA
"894",1,41,2,41,2184730,2184886,206.9,501.4,1,156,22,NA,1,NA,NA,NA,NA,NA,NA,NA,0,0,1,1,361,NA,NA,55,NA,NA,0,NA,"C:/Data/corr_sacc/asc/JITT1.asc",0,0,NA,5,NA,301.3,NA,NA,NA,-1,NA
"895",1,41,2,41,2184918,2185032,301.3,499.4,2,114,31,1,1,2,2,5,5,"elderly",1,NA,0,0,0,1,549,0,2,55,0,NA,0,NA,"C:/Data/corr_sacc/asc/JITT1.asc",0,0,NA,12,206.9,431.8,501.4,55,NA,5,NA
"896",1,41,2,41,2185066,2185259,431.8,507.5,3,193,33,1,1,3,3,12,12,"man",0,7,0,0,0,1,697,0,3,55,0,NA,0,NA,"C:/Data/corr_sacc/asc/JITT1.asc",0,0,5,18,301.3,532,499.4,55,50,12,NA
"897",1,41,2,41,2185283,2185525,532,518.9,4,242,23,1,1,4,4,18,18,"who",2,6,0,0,0,1,914,0,4,55,0,NA,0,NA,"C:/Data/corr_sacc/asc/JITT1.asc",0,0,12,28,431.8,709.4,507.5,55,43,18,NA
"898",1,41,2,41,2185562,2185848,709.4,522.2,5,286,36,1,1,6,6,28,28,"with",2,10,0,0,0,1,1193,0,6,55,0,NA,0,NA,"C:/Data/corr_sacc/asc/JITT1.asc",0,0,18,32,532,789.2,518.9,55,37,28,NA
"899",1,41,2,41,2185870,2186062,789.2,511.8,6,192,21,1,1,7,7,32,32,"his",1,4,0,0,0,1,1501,0,7,55,0,NA,0,NA,"C:/Data/corr_sacc/asc/JITT1.asc",0,0,28,41,709.4,954.8,522.2,55,27,32,NA
"900",1,41,2,41,2186091,2186385,954.8,509.8,7,294,28,1,1,9,9,41,41,"in",2,9,0,0,0,1,1722,0,9,55,0,NA,0,NA,"C:/Data/corr_sacc/asc/JITT1.asc",0,0,32,49,789.2,1090.3,511.8,55,23,41,NA
"901",1,41,2,41,2186410,2186613,1090.3,510.2,8,203,24,1,1,11,11,49,49,"big",3,8,0,0,0,1,2041,0,11,55,0,NA,0,NA,"C:/Data/corr_sacc/asc/JITT1.asc",1,0,41,10,954.8,386.8,509.8,55,14,49,NA
"902",1,41,2,41,2186680,2186812,386.8,694.4,9,132,66,1,2,15,15,65,10,"to",2,39,0,0,0,1,2311,0,3,42,0,NA,1,"undersweep","C:/Data/corr_sacc/asc/JITT1.asc",0,0,49,NA,1090.3,192.6,510.2,55,6,10,1
"903",1,41,2,41,2186840,2187263,192.6,692.3,10,423,27,NA,2,NA,NA,NA,NA,NA,NA,NA,0,0,1,1,2471,NA,NA,42,NA,NA,0,NA,"C:/Data/corr_sacc/asc/JITT1.asc",0,1,10,7,386.8,335.4,694.4,42,32,-1,NA
"904",1,41,2,41,2187288,2187364,335.4,703.3,11,76,24,1,2,14,14,62,7,"said",4,NA,0,0,0,1,2919,0,2,42,1,NA,0,NA,"C:/Data/corr_sacc/asc/JITT1.asc",0,0,NA,44,192.6,1002.3,692.3,42,NA,7,NA
"905",1,41,2,41,2187415,2187567,1002.3,514,12,152,50,1,1,10,10,44,44,"the",2,37,0,0,0,1,3046,0,10,55,1,NA,0,NA,"C:/Data/corr_sacc/asc/JITT1.asc",0,0,7,20,335.4,569,703.3,42,35,44,NA
"906",1,41,2,41,2187612,2187759,569,696.6,13,147,44,1,2,17,17,75,20,"inherited",4,24,0,0,0,1,3243,0,5,42,0,NA,0,NA,"C:/Data/corr_sacc/asc/JITT1.asc",0,0,44,12,1002.3,436.2,514,55,11,20,NA
"907",1,41,2,41,2187798,2187950,436.2,700.7,14,152,38,1,2,16,16,67,12,"have",1,8,0,0,0,1,3429,0,4,42,1,NA,0,NA,"C:/Data/corr_sacc/asc/JITT1.asc",0,0,20,9,569,381.8,696.6,42,22,12,NA
"908",1,41,2,41,2187971,2188094,381.8,696.5,15,123,20,1,2,15,15,64,9,"to",1,3,0,0,0,1,3602,0,3,42,1,NA,0,NA,"C:/Data/corr_sacc/asc/JITT1.asc",0,0,12,NA,436.2,217.6,700.7,42,30,9,NA
"909",1,41,2,41,2188122,2188372,217.6,693.5,16,250,27,NA,2,NA,NA,NA,NA,NA,NA,NA,0,0,1,1,3753,NA,NA,42,NA,NA,0,NA,"C:/Data/corr_sacc/asc/JITT1.asc",0,0,9,11,381.8,416.3,696.5,42,33,0,NA
"910",1,41,2,41,2188401,2188603,416.3,711.1,17,202,28,1,2,16,16,66,11,"have",0,NA,0,0,0,1,4032,0,4,42,1,NA,0,NA,"C:/Data/corr_sacc/asc/JITT1.asc",0,0,NA,23,217.6,628.8,693.5,42,NA,11,NA
"911",1,41,2,41,2188633,2188799,628.8,713.5,18,166,29,1,2,17,17,78,23,"inherited",7,12,0,0,0,1,4264,0,5,42,1,NA,0,NA,"C:/Data/corr_sacc/asc/JITT1.asc",0,0,11,28,416.3,715.4,711.1,42,31,23,NA
"912",1,41,2,41,2188824,2188994,715.4,708.1,19,170,24,1,2,19,19,83,28,"lot",0,5,0,0,0,1,4455,0,7,42,0,NA,0,NA,"C:/Data/corr_sacc/asc/JITT1.asc",0,0,23,34,628.8,833.3,713.5,42,19,28,NA
"913",1,41,2,41,2189019,2189283,833.3,713.3,20,264,24,1,2,20,20,89,34,"of",2,6,0,0,0,1,4650,0,8,42,0,NA,0,NA,"C:/Data/corr_sacc/asc/JITT1.asc",NA,0,28,NA,715.4,NA,708.1,42,14,34,NA
"914",1,41,2,41,NA,NA,NA,NA,NA,NA,NA,1,1,1,NA,NA,NA,"The",NA,NA,NA,NA,NA,NA,NA,NA,1,NA,NA,NA,NA,NA,"C:/Data/corr_sacc/asc/JITT1.asc",NA,0,34,NA,833.3,NA,713.3,42,8,NA,NA
"915",1,41,2,41,NA,NA,NA,NA,NA,NA,NA,1,1,5,NA,NA,NA,"lives",NA,NA,NA,NA,NA,NA,NA,NA,5,NA,NA,NA,NA,NA,"C:/Data/corr_sacc/asc/JITT1.asc",NA,NA,NA,NA,NA,NA,NA,NA,NA,NA,NA
"916",1,41,2,41,NA,NA,NA,NA,NA,NA,NA,1,1,8,NA,NA,NA,"son",NA,NA,NA,NA,NA,NA,NA,NA,8,NA,NA,NA,NA,NA,"C:/Data/corr_sacc/asc/JITT1.asc",NA,NA,NA,NA,NA,NA,NA,NA,NA,NA,NA
"917",1,41,2,41,NA,NA,NA,NA,NA,NA,NA,1,1,12,NA,NA,NA,"house",NA,NA,NA,NA,NA,NA,NA,NA,12,NA,NA,NA,NA,NA,"C:/Data/corr_sacc/asc/JITT1.asc",NA,NA,NA,NA,NA,NA,NA,NA,NA,NA,NA
"918",1,41,2,41,NA,NA,NA,NA,NA,NA,NA,1,2,13,NA,NA,NA,"is",NA,NA,NA,NA,NA,NA,NA,NA,1,NA,NA,NA,NA,NA,"C:/Data/corr_sacc/asc/JITT1.asc",NA,NA,NA,NA,NA,NA,NA,NA,NA,NA,NA
"919",1,41,2,41,NA,NA,NA,NA,NA,NA,NA,1,2,18,NA,NA,NA,"a",NA,NA,NA,NA,NA,NA,NA,NA,6,NA,NA,NA,NA,NA,"C:/Data/corr_sacc/asc/JITT1.asc",NA,NA,NA,NA,NA,NA,NA,NA,NA,NA,NA
"920",1,41,2,41,NA,NA,NA,NA,NA,NA,NA,1,2,21,NA,NA,NA,"money.",NA,NA,NA,NA,NA,NA,NA,NA,9,NA,NA,NA,NA,NA,"C:/Data/corr_sacc/asc/JITT1.asc",NA,NA,NA,NA,NA,NA,NA,NA,NA,NA,NA
"921",1,41,2,41,NA,NA,NA,NA,NA,NA,NA,2,NA,1,NA,NA,NA,NA,NA,NA,NA,NA,NA,NA,NA,NA,NA,NA,NA,NA,NA,NA,"C:/Data/corr_sacc/asc/JITT1.asc",0,NA,NA,NA,NA,NA,NA,NA,NA,NA,NA
"922",1,22,1,42,2232050,2232169,410,479.3,1,119,24,1,1,1,1,4,4,"John",4,NA,0,0,0,1,704,0,1,67,0,NA,0,NA,"C:/Data/corr_sacc/asc/JITT1.asc",0,0,NA,9,NA,503.9,NA,NA,NA,4,NA
"923",1,22,1,42,2232196,2232423,503.9,491.7,2,227,26,1,1,2,2,9,9,"protested",4,5,0,0,0,1,850,0,2,67,0,NA,0,NA,"C:/Data/corr_sacc/asc/JITT1.asc",0,0,4,17,410,650.5,479.3,67,63,9,NA
"924",1,22,1,42,2232450,2232722,650.5,494.1,3,272,26,1,1,3,3,17,17,"the",2,8,0,0,0,1,1104,0,3,67,0,NA,0,NA,"C:/Data/corr_sacc/asc/JITT1.asc",0,0,9,29,503.9,864.4,491.7,67,58,17,NA
"925",1,22,1,42,2232755,2232963,864.4,501.9,4,208,32,1,1,6,6,29,29,"go",2,12,0,0,0,1,1409,0,6,67,0,NA,0,NA,"C:/Data/corr_sacc/asc/JITT1.asc",0,0,17,27,650.5,829.8,494.1,67,50,29,NA
"926",1,22,1,42,2232978,2233222,829.8,499.3,5,244,14,1,1,6,6,27,27,"go",0,2,0,0,0,1,1632,0,6,67,0,NA,0,NA,"C:/Data/corr_sacc/asc/JITT1.asc",0,0,29,34,864.4,950.5,501.9,67,38,27,NA
"927",1,22,1,42,2233247,2233457,950.5,493.6,6,210,24,1,1,8,8,34,34,"the",1,7,0,0,0,1,1901,0,8,67,0,NA,0,NA,"C:/Data/corr_sacc/asc/JITT1.asc",0,0,27,44,829.8,1123,499.3,67,40,34,NA
"928",1,22,1,42,2233485,2233732,1123,496.4,7,247,27,1,1,10,10,44,44,"but",2,10,0,0,0,1,2139,0,10,67,0,NA,0,NA,"C:/Data/corr_sacc/asc/JITT1.asc",0,0,34,50,950.5,1230.3,493.6,67,33,44,NA
"929",1,22,1,42,2233758,2233943,1230.3,508.7,8,185,25,1,1,12,12,50,50,"the",1,6,0,0,0,1,2412,0,12,67,0,NA,0,NA,"C:/Data/corr_sacc/asc/JITT1.asc",0,0,44,56,1123,1346.9,496.4,67,23,50,NA
"930",1,22,1,42,2233967,2234124,1346.9,514.7,9,157,23,1,1,13,13,56,56,"end",3,6,0,0,0,1,2621,0,13,67,0,NA,0,NA,"C:/Data/corr_sacc/asc/JITT1.asc",0,0,50,60,1230.3,1425,508.7,67,17,56,NA
"931",1,22,1,42,2234142,2234318,1425,515.6,10,176,17,1,1,15,15,60,60,"decided",0,4,0,0,0,1,2796,0,15,67,0,NA,0,NA,"C:/Data/corr_sacc/asc/JITT1.asc",1,0,56,4,1346.9,415.5,514.7,67,11,60,NA
"932",1,22,1,42,2234410,2234575,415.5,738.4,11,165,91,1,2,17,17,71,4,"to",0,56,0,0,0,1,3064,0,2,36,0,NA,1,"undersweep","C:/Data/corr_sacc/asc/JITT1.asc",0,0,60,3,1425,382.5,515.6,67,7,4,1
"933",1,22,1,42,2234597,2234811,382.5,706.3,12,214,21,1,2,16,16,70,3,"not",3,1,0,0,0,1,3251,0,1,36,1,NA,0,NA,"C:/Data/corr_sacc/asc/JITT1.asc",0,1,4,15,415.5,611.8,738.4,36,32,3,NA
"934",1,22,1,42,2234841,2235061,611.8,702.4,13,220,29,1,2,19,19,82,15,"with",2,12,0,0,0,1,3495,0,4,36,0,NA,0,NA,"C:/Data/corr_sacc/asc/JITT1.asc",0,0,3,23,382.5,744.5,706.3,36,33,15,NA
"935",1,22,1,42,2235085,2235281,744.5,713.1,14,196,23,1,2,21,21,90,23,"mother-in-law.",1,8,0,0,0,1,3739,0,6,36,0,NA,0,NA,"C:/Data/corr_sacc/asc/JITT1.asc",0,0,15,31,611.8,894.1,702.4,36,21,23,NA
"936",1,22,1,42,2235308,2235477,894.1,706.5,15,169,26,1,2,21,21,98,31,"mother-in-law.",9,8,0,0,0,1,3962,0,6,36,0,NA,0,NA,"C:/Data/corr_sacc/asc/JITT1.asc",NA,0,23,NA,744.5,NA,713.1,36,13,31,NA
"937",1,22,1,42,NA,NA,NA,NA,NA,NA,NA,1,1,4,NA,NA,NA,"plan",NA,NA,NA,NA,NA,NA,NA,NA,4,NA,NA,NA,NA,NA,"C:/Data/corr_sacc/asc/JITT1.asc",NA,0,31,NA,894.1,NA,706.5,36,5,NA,NA
"938",1,22,1,42,NA,NA,NA,NA,NA,NA,NA,1,1,5,NA,NA,NA,"to",NA,NA,NA,NA,NA,NA,NA,NA,5,NA,NA,NA,NA,NA,"C:/Data/corr_sacc/asc/JITT1.asc",NA,NA,NA,NA,NA,NA,NA,NA,NA,NA,NA
"939",1,22,1,42,NA,NA,NA,NA,NA,NA,NA,1,1,7,NA,NA,NA,"to",NA,NA,NA,NA,NA,NA,NA,NA,7,NA,NA,NA,NA,NA,"C:/Data/corr_sacc/asc/JITT1.asc",NA,NA,NA,NA,NA,NA,NA,NA,NA,NA,NA
"940",1,22,1,42,NA,NA,NA,NA,NA,NA,NA,1,1,9,NA,NA,NA,"sea,",NA,NA,NA,NA,NA,NA,NA,NA,9,NA,NA,NA,NA,NA,"C:/Data/corr_sacc/asc/JITT1.asc",NA,NA,NA,NA,NA,NA,NA,NA,NA,NA,NA
"941",1,22,1,42,NA,NA,NA,NA,NA,NA,NA,1,1,11,NA,NA,NA,"in",NA,NA,NA,NA,NA,NA,NA,NA,11,NA,NA,NA,NA,NA,"C:/Data/corr_sacc/asc/JITT1.asc",NA,NA,NA,NA,NA,NA,NA,NA,NA,NA,NA
"942",1,22,1,42,NA,NA,NA,NA,NA,NA,NA,1,1,14,NA,NA,NA,"he",NA,NA,NA,NA,NA,NA,NA,NA,14,NA,NA,NA,NA,NA,"C:/Data/corr_sacc/asc/JITT1.asc",NA,NA,NA,NA,NA,NA,NA,NA,NA,NA,NA
"943",1,22,1,42,NA,NA,NA,NA,NA,NA,NA,1,2,18,NA,NA,NA,"argue",NA,NA,NA,NA,NA,NA,NA,NA,3,NA,NA,NA,NA,NA,"C:/Data/corr_sacc/asc/JITT1.asc",NA,NA,NA,NA,NA,NA,NA,NA,NA,NA,NA
"944",1,22,1,42,NA,NA,NA,NA,NA,NA,NA,1,2,20,NA,NA,NA,"his",NA,NA,NA,NA,NA,NA,NA,NA,5,NA,NA,NA,NA,NA,"C:/Data/corr_sacc/asc/JITT1.asc",0,NA,NA,NA,NA,NA,NA,NA,NA,NA,NA
"945",1,57,3,43,2241680,2241953,494.4,468.7,1,273,24,1,1,2,2,8,8,"local",4,NA,0,0,0,1,672,0,2,51,0,NA,0,NA,"C:/Data/corr_sacc/asc/JITT1.asc",0,0,NA,16,NA,640.4,NA,NA,NA,8,NA
"946",1,57,3,43,2241978,2242165,640.4,472.9,2,187,24,1,1,3,3,16,16,"shopping",6,8,0,0,0,1,970,0,3,51,0,NA,0,NA,"C:/Data/corr_sacc/asc/JITT1.asc",0,0,8,23,494.4,763.6,468.7,51,43,16,NA
"947",1,57,3,43,2242190,2242339,763.6,460.9,3,149,24,1,1,4,4,23,23,"centre",4,7,0,0,0,1,1182,0,4,51,0,NA,0,NA,"C:/Data/corr_sacc/asc/JITT1.asc",0,0,16,29,640.4,884.3,472.9,51,35,23,NA
"948",1,57,3,43,2242374,2242604,884.3,450.9,4,230,34,1,1,6,6,29,29,"not",0,6,0,0,0,1,1366,0,6,51,0,NA,0,NA,"C:/Data/corr_sacc/asc/JITT1.asc",0,0,23,36,763.6,1001.3,460.9,51,28,29,NA
"949",1,57,3,43,2242628,2242797,1001.3,464,5,169,23,1,1,7,7,36,36,"impressive",3,7,0,0,0,1,1620,0,7,51,0,NA,0,NA,"C:/Data/corr_sacc/asc/JITT1.asc",0,0,29,40,884.3,1067.2,450.9,51,22,36,NA
"950",1,57,3,43,2242818,2242960,1067.2,472.8,6,142,20,1,1,7,7,40,40,"impressive",7,4,0,0,0,1,1810,0,7,51,0,NA,0,NA,"C:/Data/corr_sacc/asc/JITT1.asc",0,0,36,47,1001.3,1209.3,464,51,15,40,NA
"951",1,57,3,43,2242987,2243270,1209.3,468.8,7,283,26,1,1,8,8,47,47,"but",3,7,0,0,0,1,1979,0,8,51,0,NA,0,NA,"C:/Data/corr_sacc/asc/JITT1.asc",0,0,40,51,1067.2,1272.3,472.8,51,11,47,NA
"952",1,57,3,43,2243294,2243392,1272.3,472,8,98,23,1,1,9,9,51,51,"has",3,4,0,0,0,1,2286,0,9,51,0,NA,0,NA,"C:/Data/corr_sacc/asc/JITT1.asc",1,0,47,9,1209.3,512.4,468.8,51,4,51,NA
"953",1,57,3,43,2243469,2243777,512.4,642.6,9,308,76,1,2,11,11,60,9,"alcohol",1,42,0,0,0,1,2461,0,2,38,0,NA,1,"accurate","C:/Data/corr_sacc/asc/JITT1.asc",0,0,51,12,1272.3,564.1,472,51,0,9,0
"954",1,57,3,43,2243802,2243997,564.1,655.3,10,195,24,1,2,11,11,63,12,"alcohol",4,3,0,0,0,1,2794,0,2,38,0,NA,0,NA,"C:/Data/corr_sacc/asc/JITT1.asc",0,1,9,9,512.4,517.8,642.6,38,29,12,NA
"955",1,57,3,43,2244028,2244307,517.8,649.5,11,279,30,1,2,11,11,60,9,"alcohol",1,3,0,0,0,1,3020,0,2,38,0,NA,0,NA,"C:/Data/corr_sacc/asc/JITT1.asc",0,0,12,8,564.1,499.1,655.3,38,26,9,NA
"956",1,57,3,43,2244323,2244605,499.1,642.9,12,282,15,1,2,11,11,59,8,"alcohol",0,1,0,0,0,1,3315,0,2,38,0,NA,0,NA,"C:/Data/corr_sacc/asc/JITT1.asc",0,0,9,16,517.8,652.1,649.5,38,29,8,NA
"957",1,57,3,43,2244634,2245213,652.1,655.5,13,579,28,1,2,12,12,67,16,"deals",0,8,0,0,0,1,3626,0,3,38,0,NA,0,NA,"C:/Data/corr_sacc/asc/JITT1.asc",0,0,8,9,499.1,518.2,642.9,38,30,16,NA
"958",1,57,3,43,2245239,2245451,518.2,660.5,14,212,25,1,2,11,11,60,9,"alcohol",1,7,0,0,0,1,4231,0,2,38,1,NA,0,NA,"C:/Data/corr_sacc/asc/JITT1.asc",0,0,16,20,652.1,724.3,655.5,38,22,9,NA
"959",1,57,3,43,2245480,2245629,724.3,666.1,15,149,28,1,2,12,12,71,20,"deals",4,11,0,0,0,1,4472,0,3,38,1,NA,0,NA,"C:/Data/corr_sacc/asc/JITT1.asc",0,0,9,26,518.2,819.4,660.5,38,29,20,NA
"960",1,57,3,43,2245651,2245840,819.4,676.1,16,189,21,1,2,14,14,77,26,"the",1,6,0,0,0,1,4643,0,5,38,0,NA,0,NA,"C:/Data/corr_sacc/asc/JITT1.asc",0,0,20,34,724.3,975,666.1,38,18,26,NA
"961",1,57,3,43,2245878,2246064,975,677,17,186,37,1,2,15,15,85,34,"evening.",5,8,0,0,0,1,4870,0,6,38,0,NA,0,NA,"C:/Data/corr_sacc/asc/JITT1.asc",0,0,26,30,819.4,900.1,676.1,38,12,34,NA
"962",1,57,3,43,2246088,2246271,900.1,677.8,18,183,23,1,2,15,15,81,30,"evening.",1,4,0,0,0,1,5080,0,6,38,0,NA,0,NA,"C:/Data/corr_sacc/asc/JITT1.asc",0,0,34,16,975,651.7,677,38,4,30,NA
"963",1,57,3,43,2246310,2246480,651.7,469.8,19,170,38,1,1,3,3,16,16,"shopping",6,14,0,0,0,1,5302,0,3,51,1,NA,0,NA,"C:/Data/corr_sacc/asc/JITT1.asc",0,0,30,11,900.1,553.2,677.8,38,8,16,NA
"964",1,57,3,43,2246514,2246752,553.2,466.7,20,238,33,1,1,3,3,11,11,"shopping",1,5,0,0,0,1,5506,0,3,51,1,NA,0,NA,"C:/Data/corr_sacc/asc/JITT1.asc",0,0,16,21,651.7,731.3,469.8,51,35,11,NA
"965",1,57,3,43,2246781,2246953,731.3,454.9,21,172,28,1,1,4,4,21,21,"centre",2,10,0,0,0,1,5773,0,4,51,1,NA,0,NA,"C:/Data/corr_sacc/asc/JITT1.asc",0,0,11,28,553.2,854.6,466.7,51,40,21,NA
"966",1,57,3,43,2246979,2247134,854.6,467.1,22,155,25,1,1,5,5,28,28,"is",2,7,0,0,0,1,5971,0,5,51,1,NA,0,NA,"C:/Data/corr_sacc/asc/JITT1.asc",0,0,21,34,731.3,960.4,454.9,51,30,28,NA
"967",1,57,3,43,2247158,2247382,960.4,466.2,23,224,23,1,1,7,7,34,34,"impressive",1,6,0,0,0,1,6150,0,7,51,1,NA,0,NA,"C:/Data/corr_sacc/asc/JITT1.asc",0,0,28,42,854.6,1106,467.1,51,23,34,NA
"968",1,57,3,43,2247409,2247645,1106,472.8,24,236,26,1,1,7,7,42,42,"impressive",9,8,0,0,0,1,6401,0,7,51,1,NA,0,NA,"C:/Data/corr_sacc/asc/JITT1.asc",0,0,34,51,960.4,1279,466.2,51,17,42,NA
"969",1,57,3,43,2247675,2247963,1279,490.2,25,288,29,1,1,9,9,51,51,"has",3,9,0,0,0,1,6667,0,9,51,1,NA,0,NA,"C:/Data/corr_sacc/asc/JITT1.asc",0,0,42,13,1106,586.7,472.8,51,9,51,NA
"970",1,57,3,43,2248041,2248314,586.7,673.9,26,273,77,1,2,11,11,64,13,"alcohol",5,38,0,0,0,1,7033,0,2,38,1,NA,0,NA,"C:/Data/corr_sacc/asc/JITT1.asc",0,0,51,21,1279,726.7,490.2,51,0,13,NA
"971",1,57,3,43,2248340,2248485,726.7,676.8,27,145,25,1,2,12,12,72,21,"deals",5,8,0,0,0,1,7332,0,3,38,1,NA,0,NA,"C:/Data/corr_sacc/asc/JITT1.asc",0,0,13,10,586.7,542.8,673.9,38,25,21,NA
"972",1,57,3,43,2248515,2248677,542.8,665.7,28,162,29,1,2,11,11,61,10,"alcohol",2,11,0,0,0,1,7507,0,2,38,1,NA,0,NA,"C:/Data/corr_sacc/asc/JITT1.asc",0,0,21,21,726.7,728.8,676.8,38,17,10,NA
"973",1,57,3,43,2248706,2248858,728.8,673,29,152,28,1,2,12,12,72,21,"deals",5,11,0,0,0,1,7698,0,3,38,1,NA,0,NA,"C:/Data/corr_sacc/asc/JITT1.asc",0,0,10,33,542.8,956.3,665.7,38,28,21,NA
"974",1,57,3,43,2248902,2249435,956.3,682.7,30,533,43,1,2,15,15,84,33,"evening.",4,12,0,0,0,1,7894,0,6,38,1,NA,0,NA,"C:/Data/corr_sacc/asc/JITT1.asc",0,0,21,27,728.8,840.2,673,38,17,33,NA
"975",1,57,3,43,2249460,2249719,840.2,658.8,31,259,24,1,2,14,14,78,27,"the",2,6,0,0,0,1,8452,0,5,38,1,NA,0,NA,"C:/Data/corr_sacc/asc/JITT1.asc",0,0,33,35,956.3,988,682.7,38,5,27,NA
"976",1,57,3,43,2249766,2249933,988,429.4,32,167,46,1,1,7,7,35,35,"impressive",2,8,0,0,0,1,8758,0,7,51,1,NA,0,NA,"C:/Data/corr_sacc/asc/JITT1.asc",NA,0,27,NA,840.2,NA,658.8,38,11,35,NA
"977",1,57,3,43,NA,NA,NA,NA,NA,NA,NA,1,1,1,NA,NA,NA,"The",NA,NA,NA,NA,NA,NA,NA,NA,1,NA,NA,NA,NA,NA,"C:/Data/corr_sacc/asc/JITT1.asc",NA,0,35,NA,988,NA,429.4,51,16,NA,NA
"978",1,57,3,43,NA,NA,NA,NA,NA,NA,NA,1,2,10,NA,NA,NA,"bargain",NA,NA,NA,NA,NA,NA,NA,NA,1,NA,NA,NA,NA,NA,"C:/Data/corr_sacc/asc/JITT1.asc",NA,NA,NA,NA,NA,NA,NA,NA,NA,NA,NA
"979",1,57,3,43,NA,NA,NA,NA,NA,NA,NA,1,2,13,NA,NA,NA,"in",NA,NA,NA,NA,NA,NA,NA,NA,4,NA,NA,NA,NA,NA,"C:/Data/corr_sacc/asc/JITT1.asc",NA,NA,NA,NA,NA,NA,NA,NA,NA,NA,NA
"980",1,57,3,43,NA,NA,NA,NA,NA,NA,NA,2,NA,1,NA,NA,NA,NA,NA,NA,NA,NA,NA,NA,NA,NA,NA,NA,NA,NA,NA,NA,"C:/Data/corr_sacc/asc/JITT1.asc",0,NA,NA,NA,NA,NA,NA,NA,NA,NA,NA
"981",1,5,2,44,2262668,2262865,411.7,479.9,1,197,18,1,1,2,2,4,4,"two",0,NA,0,0,0,1,437,0,2,55,0,NA,0,NA,"C:/Data/corr_sacc/asc/JITT1.asc",0,0,NA,9,NA,496,NA,NA,NA,4,NA
"982",1,5,2,44,2262899,2263086,496,485.7,2,187,33,1,1,3,3,9,9,"ancient",1,5,0,0,0,1,668,0,3,55,0,NA,0,NA,"C:/Data/corr_sacc/asc/JITT1.asc",0,0,4,16,411.7,622.6,479.9,55,51,9,NA
"983",1,5,2,44,2263110,2263268,622.6,488.1,3,158,23,1,1,4,4,16,16,"graves",0,7,0,0,0,1,879,0,4,55,0,NA,0,NA,"C:/Data/corr_sacc/asc/JITT1.asc",0,0,9,21,496,715.2,485.7,55,46,16,NA
"984",1,5,2,44,2263289,2263408,715.2,491.9,4,119,20,1,1,4,4,21,21,"graves",5,5,0,0,0,1,1058,0,4,55,0,NA,0,NA,"C:/Data/corr_sacc/asc/JITT1.asc",0,0,16,27,622.6,818.3,488.1,55,39,21,NA
"985",1,5,2,44,2263431,2263666,818.3,483.8,5,235,22,1,1,5,5,27,27,"were",4,6,0,0,0,1,1200,0,5,55,0,NA,0,NA,"C:/Data/corr_sacc/asc/JITT1.asc",0,0,21,35,715.2,967.4,491.9,55,34,27,NA
"986",1,5,2,44,2263691,2263818,967.4,482.4,6,127,24,1,1,6,6,35,35,"located",7,8,0,0,0,1,1460,0,6,55,0,NA,0,NA,"C:/Data/corr_sacc/asc/JITT1.asc",0,0,27,41,818.3,1078.9,483.8,55,28,35,NA
"987",1,5,2,44,2263843,2264026,1078.9,478.2,7,183,24,1,1,8,8,41,41,"the",2,6,0,0,0,1,1612,0,8,55,0,NA,0,NA,"C:/Data/corr_sacc/asc/JITT1.asc",0,0,35,47,967.4,1187.4,482.4,55,20,41,NA
"988",1,5,2,44,2264050,2264206,1187.4,481.7,8,156,23,1,1,10,10,47,47,"cemetery",0,6,0,0,0,1,1819,0,10,55,0,NA,0,NA,"C:/Data/corr_sacc/asc/JITT1.asc",0,0,41,52,1078.9,1276.5,478.2,55,14,47,NA
"989",1,5,2,44,2264228,2264557,1276.5,487.5,9,329,21,1,1,10,10,52,52,"cemetery",5,5,0,0,0,1,1997,0,10,55,0,NA,0,NA,"C:/Data/corr_sacc/asc/JITT1.asc",1,0,47,7,1187.4,472.1,481.7,55,8,52,NA
"990",1,5,2,44,2264626,2264741,472.1,630.2,10,115,68,1,2,12,12,62,7,"some",1,45,0,0,0,1,2395,0,2,47,0,NA,1,"undersweep","C:/Data/corr_sacc/asc/JITT1.asc",0,0,52,1,1276.5,353.9,487.5,55,3,7,1
"991",1,5,2,44,2264777,2264999,353.9,663.2,11,222,35,1,2,11,11,56,1,"where",1,6,0,0,0,1,2546,0,1,47,1,NA,0,NA,"C:/Data/corr_sacc/asc/JITT1.asc",0,1,7,8,472.1,492.8,630.2,47,40,1,NA
"992",1,5,2,44,2265023,2265191,492.8,670.9,12,168,23,1,2,12,12,63,8,"some",2,7,0,0,0,1,2792,0,2,47,1,NA,0,NA,"C:/Data/corr_sacc/asc/JITT1.asc",0,0,1,2,353.9,382.3,663.2,47,46,8,NA
"993",1,5,2,44,2265215,2265461,382.3,671.9,13,246,23,1,2,11,11,57,2,"where",2,6,0,0,0,1,2984,0,1,47,1,NA,0,NA,"C:/Data/corr_sacc/asc/JITT1.asc",0,0,8,10,492.8,518.2,670.9,47,39,2,NA
"994",1,5,2,44,2265487,2265657,518.2,681.6,14,170,25,1,2,12,12,65,10,"some",4,8,0,0,0,1,3256,0,2,47,1,NA,0,NA,"C:/Data/corr_sacc/asc/JITT1.asc",0,0,2,18,382.3,673.2,671.9,47,45,10,NA
"995",1,5,2,44,2265693,2265881,673.2,690.1,15,188,35,1,2,15,15,73,18,"tallest",0,8,0,0,0,1,3462,0,5,47,0,NA,0,NA,"C:/Data/corr_sacc/asc/JITT1.asc",0,0,10,26,518.2,817.2,681.6,47,37,18,NA
"996",1,5,2,44,2265907,2266147,817.2,690.3,16,240,25,1,2,16,16,81,26,"trees",0,8,0,0,0,1,3676,0,6,47,0,NA,0,NA,"C:/Data/corr_sacc/asc/JITT1.asc",0,0,18,35,673.2,977.5,690.1,47,29,26,NA
"997",1,5,2,44,2266176,2266515,977.5,689,17,339,28,1,2,17,17,90,35,"could",3,9,0,0,0,1,3945,0,7,47,0,NA,0,NA,"C:/Data/corr_sacc/asc/JITT1.asc",0,0,26,40,817.2,1068.9,690.3,47,21,35,NA
"998",1,5,2,44,2266538,2266698,1068.9,689,18,160,22,1,2,18,18,95,40,"be",2,5,0,0,0,1,4307,0,8,47,0,NA,0,NA,"C:/Data/corr_sacc/asc/JITT1.asc",NA,0,35,NA,977.5,NA,689,47,12,40,NA
"999",1,5,2,44,NA,NA,NA,NA,NA,NA,NA,1,1,1,NA,NA,NA,"The",NA,NA,NA,NA,NA,NA,NA,NA,1,NA,NA,NA,NA,NA,"C:/Data/corr_sacc/asc/JITT1.asc",NA,0,40,NA,1068.9,NA,689,47,7,NA,NA
"1000",1,5,2,44,NA,NA,NA,NA,NA,NA,NA,1,1,7,NA,NA,NA,"in",NA,NA,NA,NA,NA,NA,NA,NA,7,NA,NA,NA,NA,NA,"C:/Data/corr_sacc/asc/JITT1.asc",NA,NA,NA,NA,NA,NA,NA,NA,NA,NA,NA
"1001",1,5,2,44,NA,NA,NA,NA,NA,NA,NA,1,1,9,NA,NA,NA,"old",NA,NA,NA,NA,NA,NA,NA,NA,9,NA,NA,NA,NA,NA,"C:/Data/corr_sacc/asc/JITT1.asc",NA,NA,NA,NA,NA,NA,NA,NA,NA,NA,NA
"1002",1,5,2,44,NA,NA,NA,NA,NA,NA,NA,1,2,13,NA,NA,NA,"of",NA,NA,NA,NA,NA,NA,NA,NA,3,NA,NA,NA,NA,NA,"C:/Data/corr_sacc/asc/JITT1.asc",NA,NA,NA,NA,NA,NA,NA,NA,NA,NA,NA
"1003",1,5,2,44,NA,NA,NA,NA,NA,NA,NA,1,2,14,NA,NA,NA,"the",NA,NA,NA,NA,NA,NA,NA,NA,4,NA,NA,NA,NA,NA,"C:/Data/corr_sacc/asc/JITT1.asc",NA,NA,NA,NA,NA,NA,NA,NA,NA,NA,NA
"1004",1,5,2,44,NA,NA,NA,NA,NA,NA,NA,1,2,19,NA,NA,NA,"found.",NA,NA,NA,NA,NA,NA,NA,NA,9,NA,NA,NA,NA,NA,"C:/Data/corr_sacc/asc/JITT1.asc",0,NA,NA,NA,NA,NA,NA,NA,NA,NA,NA
"1005",1,77,2,45,2272521,2272696,520.9,477.9,1,175,25,1,1,3,3,7,7,"often",0,NA,0,0,0,1,481,0,3,55,0,NA,0,NA,"C:/Data/corr_sacc/asc/JITT1.asc",0,0,NA,15,NA,657.5,NA,NA,NA,7,NA
"1006",1,77,2,45,2272720,2272895,657.5,483.7,2,175,23,1,1,4,4,15,15,"seen",2,8,0,0,0,1,680,0,4,55,0,NA,0,NA,"C:/Data/corr_sacc/asc/JITT1.asc",0,0,7,20,520.9,744.3,477.9,55,48,15,NA
"1007",1,77,2,45,2272918,2273045,744.3,494.1,3,127,22,1,1,5,5,20,20,"as",2,5,0,0,0,1,878,0,5,55,0,NA,0,NA,"C:/Data/corr_sacc/asc/JITT1.asc",0,0,15,32,657.5,958.4,483.7,55,40,20,NA
"1008",1,77,2,45,2273076,2273228,958.4,489.2,4,152,30,1,1,7,7,32,32,"brilliant",9,12,0,0,0,1,1036,0,7,55,0,NA,0,NA,"C:/Data/corr_sacc/asc/JITT1.asc",0,0,20,39,744.3,1090.4,494.1,55,35,32,NA
"1009",1,77,2,45,2273264,2273461,1090.4,493,5,197,35,1,1,9,9,39,39,"young",2,7,0,0,0,1,1224,0,9,55,0,NA,0,NA,"C:/Data/corr_sacc/asc/JITT1.asc",0,0,32,46,958.4,1222.8,489.2,55,23,39,NA
"1010",1,77,2,45,2273487,2273665,1222.8,489.8,6,178,25,1,1,10,10,46,46,"entrepreneur",3,7,0,0,0,1,1447,0,10,55,0,NA,0,NA,"C:/Data/corr_sacc/asc/JITT1.asc",0,0,39,50,1090.4,1293.9,493,55,16,46,NA
"1011",1,77,2,45,2273685,2273787,1293.9,494.6,7,102,19,1,1,10,10,50,50,"entrepreneur",7,4,0,0,0,1,1645,0,10,55,0,NA,0,NA,"C:/Data/corr_sacc/asc/JITT1.asc",1,0,46,8,1222.8,528.2,489.8,55,9,50,NA
"1012",1,77,2,45,2273852,2273971,528.2,668,8,119,64,1,2,12,12,63,8,"strong",3,42,0,0,0,1,1812,0,2,39,0,NA,1,"undersweep","C:/Data/corr_sacc/asc/JITT1.asc",0,0,50,4,1293.9,452,494.6,55,5,8,1
"1013",1,77,2,45,2273996,2274209,452,649.6,9,213,24,1,2,11,11,59,4,"with",4,4,0,0,0,1,1956,0,1,39,1,NA,0,NA,"C:/Data/corr_sacc/asc/JITT1.asc",0,1,8,16,528.2,667.1,668,39,31,4,NA
"1014",1,77,2,45,2274239,2274438,667.1,653.6,10,199,29,1,2,13,13,71,16,"opinions",4,12,0,0,0,1,2199,0,3,39,0,NA,0,NA,"C:/Data/corr_sacc/asc/JITT1.asc",0,0,4,25,452,842.4,649.6,39,35,16,NA
"1015",1,77,2,45,2274467,2274677,842.4,659.4,11,210,28,1,2,14,14,80,25,"about",4,9,0,0,0,1,2427,0,4,39,0,NA,0,NA,"C:/Data/corr_sacc/asc/JITT1.asc",0,0,16,32,667.1,957,653.6,39,23,25,NA
"1016",1,77,2,45,2274703,2274973,957,666.9,12,270,25,1,2,16,16,87,32,"economy.",1,7,0,0,0,1,2663,0,6,39,0,NA,0,NA,"C:/Data/corr_sacc/asc/JITT1.asc",NA,0,25,NA,842.4,NA,659.4,39,14,32,NA
"1017",1,77,2,45,NA,NA,NA,NA,NA,NA,NA,1,1,1,NA,NA,NA,"She",NA,NA,NA,NA,NA,NA,NA,NA,1,NA,NA,NA,NA,NA,"C:/Data/corr_sacc/asc/JITT1.asc",NA,0,32,NA,957,NA,666.9,39,7,NA,NA
"1018",1,77,2,45,NA,NA,NA,NA,NA,NA,NA,1,1,2,NA,NA,NA,"is",NA,NA,NA,NA,NA,NA,NA,NA,2,NA,NA,NA,NA,NA,"C:/Data/corr_sacc/asc/JITT1.asc",NA,NA,NA,NA,NA,NA,NA,NA,NA,NA,NA
"1019",1,77,2,45,NA,NA,NA,NA,NA,NA,NA,1,1,6,NA,NA,NA,"a",NA,NA,NA,NA,NA,NA,NA,NA,6,NA,NA,NA,NA,NA,"C:/Data/corr_sacc/asc/JITT1.asc",NA,NA,NA,NA,NA,NA,NA,NA,NA,NA,NA
"1020",1,77,2,45,NA,NA,NA,NA,NA,NA,NA,1,1,8,NA,NA,NA,"and",NA,NA,NA,NA,NA,NA,NA,NA,8,NA,NA,NA,NA,NA,"C:/Data/corr_sacc/asc/JITT1.asc",NA,NA,NA,NA,NA,NA,NA,NA,NA,NA,NA
"1021",1,77,2,45,NA,NA,NA,NA,NA,NA,NA,1,2,15,NA,NA,NA,"the",NA,NA,NA,NA,NA,NA,NA,NA,5,NA,NA,NA,NA,NA,"C:/Data/corr_sacc/asc/JITT1.asc",0,NA,NA,NA,NA,NA,NA,NA,NA,NA,NA
"1022",1,7,1,46,2279612,2279775,345.6,486.3,1,163,24,1,1,1,1,3,3,"After",3,NA,0,0,0,1,463,0,1,54,0,NA,0,NA,"C:/Data/corr_sacc/asc/JITT1.asc",0,0,NA,9,NA,469.6,NA,NA,NA,3,NA
"1023",1,7,1,46,2279800,2280157,469.6,489.6,2,357,24,1,1,3,3,9,9,"closed",0,6,0,0,0,1,651,0,3,54,0,NA,0,NA,"C:/Data/corr_sacc/asc/JITT1.asc",0,0,3,19,345.6,639.1,486.3,54,51,9,NA
"1024",1,7,1,46,2280197,2280336,639.1,483.3,3,139,39,1,1,4,4,19,19,"the",3,10,0,0,0,1,1048,0,4,54,0,NA,0,NA,"C:/Data/corr_sacc/asc/JITT1.asc",0,0,9,27,469.6,777.4,489.6,54,45,19,NA
"1025",1,7,1,46,2280362,2280538,777.4,487,4,176,25,1,1,6,6,27,27,"the",1,8,0,0,0,1,1213,0,6,54,0,NA,0,NA,"C:/Data/corr_sacc/asc/JITT1.asc",0,0,19,34,639.1,904.5,483.3,54,35,27,NA
"1026",1,7,1,46,2280563,2280732,904.5,491.8,5,169,24,1,1,7,7,34,34,"room",4,7,0,0,0,1,1414,0,7,54,0,NA,0,NA,"C:/Data/corr_sacc/asc/JITT1.asc",0,0,27,41,777.4,1043.5,487,54,27,34,NA
"1027",1,7,1,46,2280758,2280980,1043.5,495,6,222,25,1,1,9,9,41,41,"dark",2,7,0,0,0,1,1609,0,9,54,0,NA,0,NA,"C:/Data/corr_sacc/asc/JITT1.asc",0,0,34,48,904.5,1161.9,491.8,54,20,41,NA
"1028",1,7,1,46,2281004,2281291,1161.9,499.8,7,287,23,1,1,10,10,48,48,"except",4,7,0,0,0,1,1855,0,10,54,0,NA,0,NA,"C:/Data/corr_sacc/asc/JITT1.asc",0,0,41,54,1043.5,1271.7,495,54,13,48,NA
"1029",1,7,1,46,2281315,2281517,1271.7,497.7,8,202,23,1,1,11,11,54,54,"for",3,6,0,0,0,1,2166,0,11,54,0,NA,0,NA,"C:/Data/corr_sacc/asc/JITT1.asc",1,0,48,7,1161.9,430.5,499.8,54,6,54,NA
"1030",1,7,1,46,2281574,2281737,430.5,670.7,9,163,56,1,2,13,13,61,7,"small",5,47,0,0,0,1,2425,0,2,40,0,NA,1,"undersweep","C:/Data/corr_sacc/asc/JITT1.asc",0,0,54,5,1271.7,388,497.7,54,0,7,1
"1031",1,7,1,46,2281758,2281880,388,680.4,10,122,20,1,2,13,13,59,5,"small",3,2,0,0,0,1,2609,0,2,40,0,NA,0,NA,"C:/Data/corr_sacc/asc/JITT1.asc",0,1,7,14,430.5,545.1,670.7,40,33,5,NA
"1032",1,7,1,46,2281908,2282087,545.1,676.6,11,179,27,1,2,15,15,68,14,"coming",0,9,0,0,0,1,2759,0,4,40,0,NA,0,NA,"C:/Data/corr_sacc/asc/JITT1.asc",0,0,5,19,388,637.6,680.4,40,35,14,NA
"1033",1,7,1,46,2282110,2282262,637.6,686.1,12,152,22,1,2,15,15,73,19,"coming",5,5,0,0,0,1,2961,0,4,40,0,NA,0,NA,"C:/Data/corr_sacc/asc/JITT1.asc",0,0,14,33,545.1,885.2,676.6,40,26,19,NA
"1034",1,7,1,46,2282304,2282582,885.2,687.1,13,278,41,1,2,18,18,87,33,"LED",3,14,0,0,0,1,3155,0,7,40,0,NA,0,NA,"C:/Data/corr_sacc/asc/JITT1.asc",0,0,19,39,637.6,992.8,686.1,40,21,33,NA
"1035",1,7,1,46,2282608,2282830,992.8,702.6,14,222,25,1,2,19,19,93,39,"clock.",5,6,0,0,0,1,3459,0,8,40,0,NA,0,NA,"C:/Data/corr_sacc/asc/JITT1.asc",NA,0,33,NA,885.2,NA,687.1,40,7,39,NA
"1036",1,7,1,46,NA,NA,NA,NA,NA,NA,NA,1,1,2,NA,NA,NA,"he",NA,NA,NA,NA,NA,NA,NA,NA,2,NA,NA,NA,NA,NA,"C:/Data/corr_sacc/asc/JITT1.asc",NA,0,39,NA,992.8,NA,702.6,40,1,NA,NA
"1037",1,7,1,46,NA,NA,NA,NA,NA,NA,NA,1,1,5,NA,NA,NA,"door,",NA,NA,NA,NA,NA,NA,NA,NA,5,NA,NA,NA,NA,NA,"C:/Data/corr_sacc/asc/JITT1.asc",NA,NA,NA,NA,NA,NA,NA,NA,NA,NA,NA
"1038",1,7,1,46,NA,NA,NA,NA,NA,NA,NA,1,1,8,NA,NA,NA,"was",NA,NA,NA,NA,NA,NA,NA,NA,8,NA,NA,NA,NA,NA,"C:/Data/corr_sacc/asc/JITT1.asc",NA,NA,NA,NA,NA,NA,NA,NA,NA,NA,NA
"1039",1,7,1,46,NA,NA,NA,NA,NA,NA,NA,1,2,12,NA,NA,NA,"a",NA,NA,NA,NA,NA,NA,NA,NA,1,NA,NA,NA,NA,NA,"C:/Data/corr_sacc/asc/JITT1.asc",NA,NA,NA,NA,NA,NA,NA,NA,NA,NA,NA
"1040",1,7,1,46,NA,NA,NA,NA,NA,NA,NA,1,2,14,NA,NA,NA,"light",NA,NA,NA,NA,NA,NA,NA,NA,3,NA,NA,NA,NA,NA,"C:/Data/corr_sacc/asc/JITT1.asc",NA,NA,NA,NA,NA,NA,NA,NA,NA,NA,NA
"1041",1,7,1,46,NA,NA,NA,NA,NA,NA,NA,1,2,16,NA,NA,NA,"from",NA,NA,NA,NA,NA,NA,NA,NA,5,NA,NA,NA,NA,NA,"C:/Data/corr_sacc/asc/JITT1.asc",NA,NA,NA,NA,NA,NA,NA,NA,NA,NA,NA
"1042",1,7,1,46,NA,NA,NA,NA,NA,NA,NA,1,2,17,NA,NA,NA,"the",NA,NA,NA,NA,NA,NA,NA,NA,6,NA,NA,NA,NA,NA,"C:/Data/corr_sacc/asc/JITT1.asc",0,NA,NA,NA,NA,NA,NA,NA,NA,NA,NA
"1043",1,26,2,47,2290187,2290314,492.4,492.5,1,127,32,1,1,2,2,6,6,"had",3,NA,0,0,0,1,690,0,2,65,0,NA,0,NA,"C:/Data/corr_sacc/asc/JITT1.asc",0,0,NA,16,NA,674.5,NA,NA,NA,6,NA
"1044",1,26,2,47,2290342,2290509,674.5,497.1,2,167,27,1,1,4,4,16,16,"to",1,10,0,0,0,1,845,0,4,65,0,NA,0,NA,"C:/Data/corr_sacc/asc/JITT1.asc",0,0,6,25,492.4,825.4,492.5,65,59,16,NA
"1045",1,26,2,47,2290544,2290786,825.4,494.3,3,242,34,1,1,7,7,25,25,"we",0,9,0,0,0,1,1047,0,7,65,0,NA,0,NA,"C:/Data/corr_sacc/asc/JITT1.asc",0,0,16,33,674.5,972,497.1,65,49,25,NA
"1046",1,26,2,47,2290811,2290967,972,493.1,4,156,24,1,1,8,8,33,33,"walked",5,8,0,0,0,1,1314,0,8,65,0,NA,0,NA,"C:/Data/corr_sacc/asc/JITT1.asc",0,0,25,40,825.4,1101,494.3,65,40,33,NA
"1047",1,26,2,47,2290992,2291196,1101,501.1,5,204,24,1,1,9,9,40,40,"aimlessly",5,7,0,0,0,1,1495,0,9,65,0,NA,0,NA,"C:/Data/corr_sacc/asc/JITT1.asc",0,0,33,52,972,1309.5,493.1,65,32,40,NA
"1048",1,26,2,47,2291232,2291440,1309.5,484.4,6,208,35,1,1,12,12,52,52,"forested",0,12,0,0,0,1,1735,0,12,65,0,NA,0,NA,"C:/Data/corr_sacc/asc/JITT1.asc",0,0,40,48,1101,1246.7,501.1,65,25,52,NA
"1049",1,26,2,47,2291459,2291833,1246.7,482.6,7,374,18,1,1,11,11,48,48,"the",0,4,0,0,0,1,1962,0,11,65,1,NA,0,NA,"C:/Data/corr_sacc/asc/JITT1.asc",0,0,52,56,1309.5,1381.2,484.4,65,13,48,NA
"1050",1,26,2,47,2291860,2292170,1381.2,481.5,8,310,26,1,1,12,12,56,56,"forested",4,8,0,0,0,1,2363,0,12,65,1,NA,0,NA,"C:/Data/corr_sacc/asc/JITT1.asc",0,0,48,63,1246.7,1523.8,482.6,65,17,56,NA
"1051",1,26,2,47,2292196,2292377,1523.8,480.3,9,181,25,1,1,13,13,63,63,"area",2,7,0,0,0,1,2699,0,13,65,0,NA,0,NA,"C:/Data/corr_sacc/asc/JITT1.asc",1,0,56,7,1381.2,507,481.5,65,9,63,NA
"1052",1,26,2,47,2292453,2292562,507,682.6,10,109,75,1,2,15,15,72,7,"our",1,56,0,0,0,1,2956,0,2,52,0,NA,1,"undersweep","C:/Data/corr_sacc/asc/JITT1.asc",0,0,63,1,1523.8,408.4,480.3,65,2,7,1
"1053",1,26,2,47,2292583,2292803,408.4,676.1,11,220,20,1,2,14,14,66,1,"until",1,6,0,0,0,1,3086,0,1,52,1,NA,0,NA,"C:/Data/corr_sacc/asc/JITT1.asc",0,1,7,8,507,527.7,682.6,52,45,1,NA
"1054",1,26,2,47,2292828,2292978,527.7,671.4,12,150,24,1,2,15,15,73,8,"our",2,7,0,0,0,1,3331,0,2,52,1,NA,0,NA,"C:/Data/corr_sacc/asc/JITT1.asc",0,0,1,19,408.4,724.8,676.1,52,51,8,NA
"1055",1,26,2,47,2293017,2293255,724.8,675.1,13,238,38,1,2,17,17,84,19,"called",1,11,0,0,0,1,3520,0,4,52,0,NA,0,NA,"C:/Data/corr_sacc/asc/JITT1.asc",0,0,8,26,527.7,857.9,671.4,52,44,19,NA
"1056",1,26,2,47,2293281,2293461,857.9,683.9,14,180,25,1,2,18,18,91,26,"us",1,7,0,0,0,1,3784,0,5,52,0,NA,0,NA,"C:/Data/corr_sacc/asc/JITT1.asc",0,0,19,33,724.8,969.3,675.1,52,33,26,NA
"1057",1,26,2,47,2293486,2293787,969.3,696.4,15,301,24,1,2,20,20,98,33,"come",2,7,0,0,0,1,3989,0,7,52,0,NA,0,NA,"C:/Data/corr_sacc/asc/JITT1.asc",0,0,26,41,857.9,1112.3,683.9,52,26,33,NA
"1058",1,26,2,47,2293813,2294081,1112.3,688.1,16,268,25,1,2,22,22,106,41,"for",0,8,0,0,0,1,4316,0,9,52,0,NA,0,NA,"C:/Data/corr_sacc/asc/JITT1.asc",0,0,33,44,969.3,1173.8,696.4,52,19,41,NA
"1059",1,26,2,47,2294105,2294135,1173.8,688.4,17,30,23,1,2,22,22,109,44,"for",3,3,0,0,0,1,4608,0,9,52,0,NA,0,NA,"C:/Data/corr_sacc/asc/JITT1.asc",NA,0,41,NA,1112.3,NA,688.1,52,11,44,NA
"1060",1,26,2,47,NA,NA,NA,NA,NA,NA,NA,1,1,1,NA,NA,NA,"We",NA,NA,NA,NA,NA,NA,NA,NA,1,NA,NA,NA,NA,NA,"C:/Data/corr_sacc/asc/JITT1.asc",NA,0,44,NA,1173.8,NA,688.4,52,8,NA,NA
"1061",1,26,2,47,NA,NA,NA,NA,NA,NA,NA,1,1,3,NA,NA,NA,"nothing",NA,NA,NA,NA,NA,NA,NA,NA,3,NA,NA,NA,NA,NA,"C:/Data/corr_sacc/asc/JITT1.asc",NA,NA,NA,NA,NA,NA,NA,NA,NA,NA,NA
"1062",1,26,2,47,NA,NA,NA,NA,NA,NA,NA,1,1,5,NA,NA,NA,"do,",NA,NA,NA,NA,NA,NA,NA,NA,5,NA,NA,NA,NA,NA,"C:/Data/corr_sacc/asc/JITT1.asc",NA,NA,NA,NA,NA,NA,NA,NA,NA,NA,NA
"1063",1,26,2,47,NA,NA,NA,NA,NA,NA,NA,1,1,6,NA,NA,NA,"so",NA,NA,NA,NA,NA,NA,NA,NA,6,NA,NA,NA,NA,NA,"C:/Data/corr_sacc/asc/JITT1.asc",NA,NA,NA,NA,NA,NA,NA,NA,NA,NA,NA
"1064",1,26,2,47,NA,NA,NA,NA,NA,NA,NA,1,1,10,NA,NA,NA,"in",NA,NA,NA,NA,NA,NA,NA,NA,10,NA,NA,NA,NA,NA,"C:/Data/corr_sacc/asc/JITT1.asc",NA,NA,NA,NA,NA,NA,NA,NA,NA,NA,NA
"1065",1,26,2,47,NA,NA,NA,NA,NA,NA,NA,1,2,16,NA,NA,NA,"parents",NA,NA,NA,NA,NA,NA,NA,NA,3,NA,NA,NA,NA,NA,"C:/Data/corr_sacc/asc/JITT1.asc",NA,NA,NA,NA,NA,NA,NA,NA,NA,NA,NA
"1066",1,26,2,47,NA,NA,NA,NA,NA,NA,NA,1,2,19,NA,NA,NA,"to",NA,NA,NA,NA,NA,NA,NA,NA,6,NA,NA,NA,NA,NA,"C:/Data/corr_sacc/asc/JITT1.asc",NA,NA,NA,NA,NA,NA,NA,NA,NA,NA,NA
"1067",1,26,2,47,NA,NA,NA,NA,NA,NA,NA,1,2,21,NA,NA,NA,"back",NA,NA,NA,NA,NA,NA,NA,NA,8,NA,NA,NA,NA,NA,"C:/Data/corr_sacc/asc/JITT1.asc",NA,NA,NA,NA,NA,NA,NA,NA,NA,NA,NA
"1068",1,26,2,47,NA,NA,NA,NA,NA,NA,NA,1,2,23,NA,NA,NA,"dinner.",NA,NA,NA,NA,NA,NA,NA,NA,10,NA,NA,NA,NA,NA,"C:/Data/corr_sacc/asc/JITT1.asc",0,NA,NA,NA,NA,NA,NA,NA,NA,NA,NA
"1069",1,33,3,48,2346926,2347207,490.8,492.1,1,281,31,1,1,2,2,6,6,"cold",2,NA,0,0,0,1,618,0,2,53,0,NA,0,NA,"C:/Data/corr_sacc/asc/JITT1.asc",0,0,NA,14,NA,627.8,NA,NA,NA,6,NA
"1070",1,33,3,48,2347233,2347363,627.8,505.5,2,130,25,1,1,3,3,14,14,"temperature",5,8,0,0,0,1,925,0,3,53,0,NA,0,NA,"C:/Data/corr_sacc/asc/JITT1.asc",0,0,6,22,490.8,778,492.1,53,47,14,NA
"1071",1,33,3,48,2347389,2347624,778,497.4,3,235,25,1,1,4,4,22,22,"last",1,8,0,0,0,1,1081,0,4,53,0,NA,0,NA,"C:/Data/corr_sacc/asc/JITT1.asc",0,0,14,30,627.8,914.5,505.5,53,39,22,NA
"1072",1,33,3,48,2347648,2347798,914.5,492.4,4,150,23,1,1,5,5,30,30,"winter",4,8,0,0,0,1,1340,0,5,53,0,NA,0,NA,"C:/Data/corr_sacc/asc/JITT1.asc",0,0,22,36,778,1033.1,497.4,53,31,30,NA
"1073",1,33,3,48,2347824,2348045,1033.1,494.8,5,221,25,1,1,6,6,36,36,"had",3,6,0,0,0,1,1516,0,6,53,0,NA,0,NA,"C:/Data/corr_sacc/asc/JITT1.asc",0,0,30,43,914.5,1150.9,492.4,53,23,36,NA
"1074",1,33,3,48,2348066,2348213,1150.9,504,6,147,20,1,1,7,7,43,43,"caused",6,7,0,0,0,1,1758,0,7,53,0,NA,0,NA,"C:/Data/corr_sacc/asc/JITT1.asc",0,0,36,48,1033.1,1233.2,494.8,53,17,43,NA
"1075",1,33,3,48,2348235,2348575,1233.2,503.7,7,340,21,1,1,9,9,48,48,"water",0,5,0,0,0,1,1927,0,9,53,0,NA,0,NA,"C:/Data/corr_sacc/asc/JITT1.asc",1,0,43,5,1150.9,469.5,504,53,10,48,NA
"1076",1,33,3,48,2348632,2348814,469.5,679.6,8,182,56,1,2,11,11,58,5,"in",0,43,0,0,0,1,2324,0,2,45,0,NA,1,"accurate","C:/Data/corr_sacc/asc/JITT1.asc",0,0,48,9,1233.2,542.4,503.7,53,5,5,0
"1077",1,33,3,48,2348846,2349103,542.4,672.8,9,257,31,1,2,12,12,62,9,"the",1,4,0,0,0,1,2538,0,3,45,0,NA,0,NA,"C:/Data/corr_sacc/asc/JITT1.asc",0,1,5,19,469.5,718.8,679.6,45,40,9,NA
"1078",1,33,3,48,2349127,2349284,718.8,670.4,10,157,23,1,2,14,14,72,19,"to",0,10,0,0,0,1,2819,0,5,45,0,NA,0,NA,"C:/Data/corr_sacc/asc/JITT1.asc",0,0,9,28,542.4,886.2,672.8,45,36,19,NA
"1079",1,33,3,48,2349311,2349532,886.2,677.1,11,221,26,1,2,15,15,81,28,"completely",6,9,0,0,0,1,3003,0,6,45,0,NA,0,NA,"C:/Data/corr_sacc/asc/JITT1.asc",0,0,19,40,718.8,1095.1,670.4,45,26,28,NA
"1080",1,33,3,48,2349562,2349867,1095.1,670.5,12,305,29,1,2,17,17,93,40,"over.",0,12,0,0,0,1,3254,0,8,45,0,NA,0,NA,"C:/Data/corr_sacc/asc/JITT1.asc",0,0,28,42,886.2,1129.2,677.1,45,17,40,NA
"1081",1,33,3,48,2349882,2349913,1129.2,680.4,13,31,14,1,2,17,17,95,42,"over.",2,2,0,0,0,1,3574,0,8,45,0,NA,0,NA,"C:/Data/corr_sacc/asc/JITT1.asc",NA,0,40,NA,1095.1,NA,670.5,45,5,42,NA
"1082",1,33,3,48,NA,NA,NA,NA,NA,NA,NA,1,1,1,NA,NA,NA,"The",NA,NA,NA,NA,NA,NA,NA,NA,1,NA,NA,NA,NA,NA,"C:/Data/corr_sacc/asc/JITT1.asc",NA,0,42,NA,1129.2,NA,680.4,45,3,NA,NA
"1083",1,33,3,48,NA,NA,NA,NA,NA,NA,NA,1,1,8,NA,NA,NA,"the",NA,NA,NA,NA,NA,NA,NA,NA,8,NA,NA,NA,NA,NA,"C:/Data/corr_sacc/asc/JITT1.asc",NA,NA,NA,NA,NA,NA,NA,NA,NA,NA,NA
"1084",1,33,3,48,NA,NA,NA,NA,NA,NA,NA,1,2,10,NA,NA,NA,"pipe",NA,NA,NA,NA,NA,NA,NA,NA,1,NA,NA,NA,NA,NA,"C:/Data/corr_sacc/asc/JITT1.asc",NA,NA,NA,NA,NA,NA,NA,NA,NA,NA,NA
"1085",1,33,3,48,NA,NA,NA,NA,NA,NA,NA,1,2,13,NA,NA,NA,"garden",NA,NA,NA,NA,NA,NA,NA,NA,4,NA,NA,NA,NA,NA,"C:/Data/corr_sacc/asc/JITT1.asc",NA,NA,NA,NA,NA,NA,NA,NA,NA,NA,NA
"1086",1,33,3,48,NA,NA,NA,NA,NA,NA,NA,1,2,16,NA,NA,NA,"freeze",NA,NA,NA,NA,NA,NA,NA,NA,7,NA,NA,NA,NA,NA,"C:/Data/corr_sacc/asc/JITT1.asc",0,NA,NA,NA,NA,NA,NA,NA,NA,NA,NA
"1087",1,6,3,49,2390630,2390824,464.8,509.1,1,194,24,1,1,2,2,6,6,"spent",2,NA,0,0,0,1,414,0,2,66,0,NA,0,NA,"C:/Data/corr_sacc/asc/JITT1.asc",0,0,NA,12,NA,569.8,NA,NA,NA,6,NA
"1088",1,6,3,49,2390858,2391095,569.8,511.3,2,237,33,1,1,3,3,12,12,"her",2,6,0,0,0,1,642,0,3,66,0,NA,0,NA,"C:/Data/corr_sacc/asc/JITT1.asc",0,0,6,21,464.8,734.2,509.1,66,60,12,NA
"1089",1,6,3,49,2391122,2391309,734.2,509.1,3,187,26,1,1,5,5,21,21,"lunch",0,9,0,0,0,1,906,0,5,66,0,NA,0,NA,"C:/Data/corr_sacc/asc/JITT1.asc",0,0,12,26,569.8,812.4,511.3,66,54,21,NA
"1090",1,6,3,49,2391332,2391465,812.4,517.7,4,133,22,1,1,5,5,26,26,"lunch",5,5,0,0,0,1,1116,0,5,66,0,NA,0,NA,"C:/Data/corr_sacc/asc/JITT1.asc",0,0,21,34,734.2,968.5,509.1,66,45,26,NA
"1091",1,6,3,49,2391490,2391714,968.5,523.1,5,224,24,1,1,7,7,34,34,"nervously",1,8,0,0,0,1,1274,0,7,66,0,NA,0,NA,"C:/Data/corr_sacc/asc/JITT1.asc",0,0,26,39,812.4,1050.9,517.7,66,40,34,NA
"1092",1,6,3,49,2391735,2391889,1050.9,529.6,6,154,20,1,1,7,7,39,39,"nervously",6,5,0,0,0,1,1519,0,7,66,0,NA,0,NA,"C:/Data/corr_sacc/asc/JITT1.asc",0,0,34,46,968.5,1175.7,523.1,66,32,39,NA
"1093",1,6,3,49,2391914,2392166,1175.7,533.2,7,252,24,1,1,8,8,46,46,"pacing",3,7,0,0,0,1,1698,0,8,66,0,NA,0,NA,"C:/Data/corr_sacc/asc/JITT1.asc",0,0,39,53,1050.9,1296.5,529.6,66,27,46,NA
"1094",1,6,3,49,2392192,2392454,1296.5,530.8,8,262,25,1,1,9,9,53,53,"down",3,7,0,0,0,1,1976,0,9,66,0,NA,0,NA,"C:/Data/corr_sacc/asc/JITT1.asc",0,0,46,59,1175.7,1416.9,533.2,66,20,53,NA
"1095",1,6,3,49,2392478,2392572,1416.9,537.7,9,94,23,1,1,11,11,59,59,"hallway",0,6,0,0,0,1,2262,0,11,66,0,NA,0,NA,"C:/Data/corr_sacc/asc/JITT1.asc",1,0,53,4,1296.5,419.6,530.8,66,13,59,NA
"1096",1,6,3,49,2392651,2392871,419.6,733.9,10,220,78,1,2,12,12,70,4,"because",4,55,0,0,0,1,2435,0,1,53,0,NA,1,"accurate","C:/Data/corr_sacc/asc/JITT1.asc",0,0,59,13,1416.9,589.4,537.7,66,7,4,0
"1097",1,6,3,49,2392899,2393112,589.4,714.4,11,213,27,1,2,14,14,79,13,"was",1,9,0,0,0,1,2683,0,3,53,0,NA,0,NA,"C:/Data/corr_sacc/asc/JITT1.asc",0,1,4,23,419.6,757.9,733.9,53,49,13,NA
"1098",1,6,3,49,2393141,2393283,757.9,713.2,12,142,28,1,2,15,15,89,23,"worried",7,10,0,0,0,1,2925,0,4,53,0,NA,0,NA,"C:/Data/corr_sacc/asc/JITT1.asc",0,0,13,31,589.4,906.6,714.4,53,40,23,NA
"1099",1,6,3,49,2393308,2393507,906.6,705.6,13,199,24,1,2,17,17,97,31,"what",1,8,0,0,0,1,3092,0,6,53,0,NA,0,NA,"C:/Data/corr_sacc/asc/JITT1.asc",0,0,23,41,757.9,1096.6,713.2,53,30,31,NA
"1100",1,6,3,49,2393536,2393771,1096.6,705.6,14,235,28,1,2,19,19,107,41,"happen",0,10,0,0,0,1,3320,0,8,53,0,NA,0,NA,"C:/Data/corr_sacc/asc/JITT1.asc",0,0,31,52,906.6,1284.3,705.6,53,22,41,NA
"1101",1,6,3,49,2393802,2393919,1284.3,717.3,15,117,30,1,2,20,20,118,52,"next.",4,11,0,0,0,1,3586,0,9,53,0,NA,0,NA,"C:/Data/corr_sacc/asc/JITT1.asc",NA,0,41,NA,1096.6,NA,705.6,53,12,52,NA
"1102",1,6,3,49,NA,NA,NA,NA,NA,NA,NA,1,1,1,NA,NA,NA,"She",NA,NA,NA,NA,NA,NA,NA,NA,1,NA,NA,NA,NA,NA,"C:/Data/corr_sacc/asc/JITT1.asc",NA,0,52,NA,1284.3,NA,717.3,53,1,NA,NA
"1103",1,6,3,49,NA,NA,NA,NA,NA,NA,NA,1,1,4,NA,NA,NA,"entire",NA,NA,NA,NA,NA,NA,NA,NA,4,NA,NA,NA,NA,NA,"C:/Data/corr_sacc/asc/JITT1.asc",NA,NA,NA,NA,NA,NA,NA,NA,NA,NA,NA
"1104",1,6,3,49,NA,NA,NA,NA,NA,NA,NA,1,1,6,NA,NA,NA,"break",NA,NA,NA,NA,NA,NA,NA,NA,6,NA,NA,NA,NA,NA,"C:/Data/corr_sacc/asc/JITT1.asc",NA,NA,NA,NA,NA,NA,NA,NA,NA,NA,NA
"1105",1,6,3,49,NA,NA,NA,NA,NA,NA,NA,1,1,10,NA,NA,NA,"the",NA,NA,NA,NA,NA,NA,NA,NA,10,NA,NA,NA,NA,NA,"C:/Data/corr_sacc/asc/JITT1.asc",NA,NA,NA,NA,NA,NA,NA,NA,NA,NA,NA
"1106",1,6,3,49,NA,NA,NA,NA,NA,NA,NA,1,2,13,NA,NA,NA,"she",NA,NA,NA,NA,NA,NA,NA,NA,2,NA,NA,NA,NA,NA,"C:/Data/corr_sacc/asc/JITT1.asc",NA,NA,NA,NA,NA,NA,NA,NA,NA,NA,NA
"1107",1,6,3,49,NA,NA,NA,NA,NA,NA,NA,1,2,16,NA,NA,NA,"about",NA,NA,NA,NA,NA,NA,NA,NA,5,NA,NA,NA,NA,NA,"C:/Data/corr_sacc/asc/JITT1.asc",NA,NA,NA,NA,NA,NA,NA,NA,NA,NA,NA
"1108",1,6,3,49,NA,NA,NA,NA,NA,NA,NA,1,2,18,NA,NA,NA,"would",NA,NA,NA,NA,NA,NA,NA,NA,7,NA,NA,NA,NA,NA,"C:/Data/corr_sacc/asc/JITT1.asc",0,NA,NA,NA,NA,NA,NA,NA,NA,NA,NA
"1109",1,46,1,50,2403183,2403530,459,476.4,1,347,20,1,1,1,1,6,6,"Despite",6,NA,0,0,0,1,2391,0,1,57,0,NA,0,NA,"C:/Data/corr_sacc/asc/JITT1.asc",0,0,NA,15,NA,616,NA,NA,NA,6,NA
"1110",1,46,1,50,2403560,2403779,616,484.4,2,219,29,1,1,2,2,15,15,"normally",7,9,0,0,0,1,2768,0,2,57,0,NA,0,NA,"C:/Data/corr_sacc/asc/JITT1.asc",0,0,6,22,459,750.8,476.4,57,51,15,NA
"1111",1,46,1,50,2403805,2404112,750.8,484.2,3,307,25,1,1,3,3,22,22,"feeling",5,7,0,0,0,1,3013,0,3,57,0,NA,0,NA,"C:/Data/corr_sacc/asc/JITT1.asc",0,0,15,29,616,872.2,484.4,57,42,22,NA
"1112",1,46,1,50,2404134,2404426,872.2,489.4,4,292,21,1,1,4,4,29,29,"very",4,7,0,0,0,1,3342,0,4,57,0,NA,0,NA,"C:/Data/corr_sacc/asc/JITT1.asc",0,0,22,38,750.8,1033.2,484.2,57,35,29,NA
"1113",1,46,1,50,2404449,2404735,1033.2,478,5,286,22,1,1,7,7,38,38,"classes",1,9,0,0,0,1,3657,0,7,57,0,NA,0,NA,"C:/Data/corr_sacc/asc/JITT1.asc",0,0,29,44,872.2,1148.5,489.4,57,28,38,NA
"1114",1,46,1,50,2404760,2404926,1148.5,489.2,6,166,24,1,1,7,7,44,44,"classes",7,6,0,0,0,1,3968,0,7,57,0,NA,0,NA,"C:/Data/corr_sacc/asc/JITT1.asc",0,0,38,48,1033.2,1222.6,478,57,19,44,NA
"1115",1,46,1,50,2404946,2405117,1222.6,485,7,171,19,1,1,9,9,48,48,"school,",0,4,0,0,0,1,4154,0,9,57,0,NA,0,NA,"C:/Data/corr_sacc/asc/JITT1.asc",0,0,44,44,1148.5,1145,489.2,57,13,48,NA
"1116",1,46,1,50,2405219,2405422,1145,526.1,8,203,101,1,1,7,7,44,44,"classes",7,4,0,0,0,1,4427,0,7,57,1,NA,0,NA,"C:/Data/corr_sacc/asc/JITT1.asc",0,0,48,57,1222.6,1371.2,485,57,9,44,NA
"1117",1,46,1,50,2405460,2405696,1371.2,500,9,236,37,1,1,10,10,57,57,"a",1,13,0,0,0,1,4668,0,10,57,0,NA,0,NA,"C:/Data/corr_sacc/asc/JITT1.asc",1,0,44,8,1145,500.4,526.1,57,13,57,NA
"1118",1,46,1,50,2405817,2405960,500.4,700.3,10,143,120,1,2,11,11,65,8,"fearless",8,49,0,0,0,1,5025,0,1,51,0,NA,1,"undersweep","C:/Data/corr_sacc/asc/JITT1.asc",0,0,57,4,1371.2,422.7,500,57,0,8,1
"1119",1,46,1,50,2405985,2406302,422.7,701,11,317,24,1,2,11,11,61,4,"fearless",4,4,0,0,0,1,5193,0,1,51,0,NA,0,NA,"C:/Data/corr_sacc/asc/JITT1.asc",0,1,8,13,500.4,581.4,700.3,51,43,4,NA
"1120",1,46,1,50,2406330,2406506,581.4,701.9,12,176,27,1,2,12,12,70,13,"juvenile",4,9,0,0,0,1,5538,0,2,51,0,NA,0,NA,"C:/Data/corr_sacc/asc/JITT1.asc",0,0,4,20,422.7,715.2,701,51,47,13,NA
"1121",1,46,1,50,2406540,2406772,715.2,696.8,13,232,33,1,2,13,13,77,20,"raised",2,7,0,0,0,1,5748,0,3,51,0,NA,0,NA,"C:/Data/corr_sacc/asc/JITT1.asc",0,0,13,29,581.4,871.8,701.9,51,38,20,NA
"1122",1,46,1,50,2406798,2407090,871.8,694.1,14,292,25,1,2,14,14,86,29,"their",4,9,0,0,0,1,6006,0,4,51,0,NA,0,NA,"C:/Data/corr_sacc/asc/JITT1.asc",0,0,20,36,715.2,992.8,696.8,51,31,29,NA
"1123",1,46,1,50,2407112,2407285,992.8,691.9,15,173,21,1,2,16,16,93,36,"for",0,7,0,0,0,1,6320,0,6,51,0,NA,0,NA,"C:/Data/corr_sacc/asc/JITT1.asc",0,0,29,43,871.8,1130.3,694.1,51,22,36,NA
"1124",1,46,1,50,2407310,2407572,1130.3,699.6,16,262,24,1,2,18,18,100,43,"question.",1,7,0,0,0,1,6518,0,8,51,0,NA,0,NA,"C:/Data/corr_sacc/asc/JITT1.asc",0,0,36,40,992.8,1074.1,691.9,51,15,43,NA
"1125",1,46,1,50,2407588,2407647,1074.1,701.5,17,59,15,1,2,17,17,97,40,"a",0,3,0,0,0,1,6796,0,7,51,1,NA,0,NA,"C:/Data/corr_sacc/asc/JITT1.asc",NA,0,43,NA,1130.3,NA,699.6,51,8,40,NA
"1126",1,46,1,50,NA,NA,NA,NA,NA,NA,NA,1,1,5,NA,NA,NA,"shy",NA,NA,NA,NA,NA,NA,NA,NA,5,NA,NA,NA,NA,NA,"C:/Data/corr_sacc/asc/JITT1.asc",NA,0,40,NA,1074.1,NA,701.5,51,11,NA,NA
"1127",1,46,1,50,NA,NA,NA,NA,NA,NA,NA,1,1,6,NA,NA,NA,"in",NA,NA,NA,NA,NA,NA,NA,NA,6,NA,NA,NA,NA,NA,"C:/Data/corr_sacc/asc/JITT1.asc",NA,NA,NA,NA,NA,NA,NA,NA,NA,NA,NA
"1128",1,46,1,50,NA,NA,NA,NA,NA,NA,NA,1,1,8,NA,NA,NA,"at",NA,NA,NA,NA,NA,NA,NA,NA,8,NA,NA,NA,NA,NA,"C:/Data/corr_sacc/asc/JITT1.asc",NA,NA,NA,NA,NA,NA,NA,NA,NA,NA,NA
"1129",1,46,1,50,NA,NA,NA,NA,NA,NA,NA,1,2,15,NA,NA,NA,"hand",NA,NA,NA,NA,NA,NA,NA,NA,5,NA,NA,NA,NA,NA,"C:/Data/corr_sacc/asc/JITT1.asc",0,NA,NA,NA,NA,NA,NA,NA,NA,NA,NA
"1130",1,31,1,51,2415503,2415676,385.5,479.7,1,173,22,1,1,2,2,9,9,"King",4,NA,0,0,0,1,819,0,2,53,0,NA,0,NA,"C:/Data/corr_sacc/asc/JITT1.asc",0,0,NA,22,NA,610.6,NA,NA,NA,9,NA
"1131",1,31,1,51,2415707,2415946,610.6,494.4,2,239,30,1,1,4,4,22,22,"was",2,13,0,0,0,1,1023,0,4,53,0,NA,0,NA,"C:/Data/corr_sacc/asc/JITT1.asc",0,0,9,28,385.5,736.3,479.7,53,44,22,NA
"1132",1,31,1,51,2415972,2416185,736.3,493.1,3,213,25,1,1,6,6,28,28,"year",0,6,0,0,0,1,1288,0,6,53,0,NA,0,NA,"C:/Data/corr_sacc/asc/JITT1.asc",0,0,22,39,610.6,928.7,494.4,53,31,28,NA
"1133",1,31,1,51,2416215,2416581,928.7,504.5,4,366,29,1,1,8,8,39,39,"nine",2,11,0,0,0,1,1531,0,8,53,0,NA,0,NA,"C:/Data/corr_sacc/asc/JITT1.asc",0,0,28,35,736.3,860.3,493.1,53,25,39,NA
"1134",1,31,1,51,2416599,2416797,860.3,500.5,5,198,17,1,1,7,7,35,35,"and",2,4,0,0,0,1,1915,0,7,53,1,NA,0,NA,"C:/Data/corr_sacc/asc/JITT1.asc",0,0,39,42,928.7,974.1,504.5,53,14,35,NA
"1135",1,31,1,51,2416819,2417026,974.1,505.6,6,207,21,1,1,9,9,42,42,"months",0,7,0,0,0,1,2135,0,9,53,0,NA,0,NA,"C:/Data/corr_sacc/asc/JITT1.asc",0,0,35,48,860.3,1095.1,500.5,53,18,42,NA
"1136",1,31,1,51,2417048,2417165,1095.1,508.2,7,117,21,1,1,9,9,48,48,"months",6,6,0,0,0,1,2364,0,9,53,0,NA,0,NA,"C:/Data/corr_sacc/asc/JITT1.asc",0,0,42,36,974.1,880,505.6,53,11,48,NA
"1137",1,31,1,51,2417207,2417490,880,489.9,8,283,41,1,1,7,7,36,36,"and",3,12,0,0,0,1,2523,0,7,53,1,NA,0,NA,"C:/Data/corr_sacc/asc/JITT1.asc",0,0,48,45,1095.1,1026.6,508.2,53,5,36,NA
"1138",1,31,1,51,2417525,2417799,1026.6,489.3,9,274,34,1,1,9,9,45,45,"months",3,9,0,0,0,1,2841,0,9,53,1,NA,0,NA,"C:/Data/corr_sacc/asc/JITT1.asc",0,0,36,48,880,1083,489.9,53,17,45,NA
"1139",1,31,1,51,2417816,2417944,1083,494.6,10,128,16,1,1,9,9,48,48,"months",6,3,0,0,0,1,3132,0,9,53,1,NA,0,NA,"C:/Data/corr_sacc/asc/JITT1.asc",1,0,45,8,1026.6,367.2,489.3,53,8,48,NA
"1140",1,31,1,51,2418051,2418237,367.2,717.8,11,186,106,1,2,13,13,61,8,"already",1,40,0,0,0,1,3367,0,3,70,0,NA,1,"undersweep","C:/Data/corr_sacc/asc/JITT1.asc",0,0,48,6,1083,330.3,494.6,53,5,8,1
"1141",1,31,1,51,2418259,2418599,330.3,684.2,12,340,21,1,2,12,12,59,6,"was",3,2,0,0,0,1,3575,0,2,70,1,NA,0,NA,"C:/Data/corr_sacc/asc/JITT1.asc",0,1,8,11,367.2,430,717.8,70,62,6,NA
"1142",1,31,1,51,2418623,2418772,430,684.4,13,149,23,1,2,13,13,64,11,"already",4,5,0,0,0,1,3939,0,3,70,1,NA,0,NA,"C:/Data/corr_sacc/asc/JITT1.asc",0,0,6,20,330.3,586.1,684.2,70,64,11,NA
"1143",1,31,1,51,2418809,2419069,586.1,702.9,14,260,36,1,2,14,14,73,20,"showing",5,9,0,0,0,1,4125,0,4,70,0,NA,0,NA,"C:/Data/corr_sacc/asc/JITT1.asc",0,0,11,28,430,724.2,684.4,70,59,20,NA
"1144",1,31,1,51,2419093,2419288,724.2,699.2,15,195,23,1,2,16,16,81,28,"impressive",2,8,0,0,0,1,4409,0,6,70,0,NA,0,NA,"C:/Data/corr_sacc/asc/JITT1.asc",0,0,20,40,586.1,936.2,702.9,70,50,28,NA
"1145",1,31,1,51,2419317,2419617,936.2,689.4,16,300,28,1,2,17,17,93,40,"aptitude",3,12,0,0,0,1,4633,0,7,70,0,NA,0,NA,"C:/Data/corr_sacc/asc/JITT1.asc",0,0,28,53,724.2,1176.8,699.2,70,42,40,NA
"1146",1,31,1,51,2419643,2419887,1176.8,693.1,17,244,25,1,2,19,19,106,53,"learning",3,13,0,0,0,1,4959,0,9,70,0,NA,0,NA,"C:/Data/corr_sacc/asc/JITT1.asc",0,0,40,61,936.2,1313.5,689.4,70,30,53,NA
"1147",1,31,1,51,2419909,2420086,1313.5,710.2,18,177,21,1,2,20,20,114,61,"new",2,8,0,0,0,1,5225,0,10,70,0,NA,0,NA,"C:/Data/corr_sacc/asc/JITT1.asc",0,0,53,63,1176.8,1360.6,693.1,70,17,61,NA
"1148",1,31,1,51,2420101,2420332,1360.6,716.2,19,231,14,1,2,21,21,116,63,"things.",0,2,0,0,0,1,5417,0,11,70,0,NA,0,NA,"C:/Data/corr_sacc/asc/JITT1.asc",NA,0,61,NA,1313.5,NA,710.2,70,9,63,NA
"1149",1,31,1,51,NA,NA,NA,NA,NA,NA,NA,1,1,1,NA,NA,NA,"When",NA,NA,NA,NA,NA,NA,NA,NA,1,NA,NA,NA,NA,NA,"C:/Data/corr_sacc/asc/JITT1.asc",NA,0,63,NA,1360.6,NA,716.2,70,7,NA,NA
"1150",1,31,1,51,NA,NA,NA,NA,NA,NA,NA,1,1,3,NA,NA,NA,"Alexander",NA,NA,NA,NA,NA,NA,NA,NA,3,NA,NA,NA,NA,NA,"C:/Data/corr_sacc/asc/JITT1.asc",NA,NA,NA,NA,NA,NA,NA,NA,NA,NA,NA
"1151",1,31,1,51,NA,NA,NA,NA,NA,NA,NA,1,1,5,NA,NA,NA,"one",NA,NA,NA,NA,NA,NA,NA,NA,5,NA,NA,NA,NA,NA,"C:/Data/corr_sacc/asc/JITT1.asc",NA,NA,NA,NA,NA,NA,NA,NA,NA,NA,NA
"1152",1,31,1,51,NA,NA,NA,NA,NA,NA,NA,1,1,10,NA,NA,NA,"old,",NA,NA,NA,NA,NA,NA,NA,NA,10,NA,NA,NA,NA,NA,"C:/Data/corr_sacc/asc/JITT1.asc",NA,NA,NA,NA,NA,NA,NA,NA,NA,NA,NA
"1153",1,31,1,51,NA,NA,NA,NA,NA,NA,NA,1,2,11,NA,NA,NA,"he",NA,NA,NA,NA,NA,NA,NA,NA,1,NA,NA,NA,NA,NA,"C:/Data/corr_sacc/asc/JITT1.asc",NA,NA,NA,NA,NA,NA,NA,NA,NA,NA,NA
"1154",1,31,1,51,NA,NA,NA,NA,NA,NA,NA,1,2,15,NA,NA,NA,"an",NA,NA,NA,NA,NA,NA,NA,NA,5,NA,NA,NA,NA,NA,"C:/Data/corr_sacc/asc/JITT1.asc",NA,NA,NA,NA,NA,NA,NA,NA,NA,NA,NA
"1155",1,31,1,51,NA,NA,NA,NA,NA,NA,NA,1,2,18,NA,NA,NA,"for",NA,NA,NA,NA,NA,NA,NA,NA,8,NA,NA,NA,NA,NA,"C:/Data/corr_sacc/asc/JITT1.asc",0,NA,NA,NA,NA,NA,NA,NA,NA,NA,NA
"1156",1,16,1,52,2459841,2459998,458.6,502.6,1,157,34,1,1,2,2,8,8,"she",3,NA,0,0,0,1,828,0,2,67,0,NA,0,NA,"C:/Data/corr_sacc/asc/JITT1.asc",0,0,NA,17,NA,622.4,NA,NA,NA,8,NA
"1157",1,16,1,52,2460025,2460225,622.4,496.6,2,200,26,1,1,5,5,17,17,"very",0,9,0,0,0,1,1012,0,5,67,0,NA,0,NA,"C:/Data/corr_sacc/asc/JITT1.asc",0,0,8,23,458.6,724.5,502.6,67,59,17,NA
"1158",1,16,1,52,2460249,2460420,724.5,498.6,3,171,23,1,1,6,6,23,23,"early",1,6,0,0,0,1,1236,0,6,67,0,NA,0,NA,"C:/Data/corr_sacc/asc/JITT1.asc",0,0,17,27,622.4,789.8,496.6,67,50,23,NA
"1159",1,16,1,52,2460440,2460640,789.8,494.1,4,200,19,1,1,6,6,27,27,"early",5,4,0,0,0,1,1427,0,6,67,0,NA,0,NA,"C:/Data/corr_sacc/asc/JITT1.asc",0,0,23,21,724.5,679.2,498.6,67,44,27,NA
"1160",1,16,1,52,2460664,2460916,679.2,484.4,5,252,23,1,1,5,5,21,21,"very",4,6,0,0,0,1,1651,0,5,67,1,NA,0,NA,"C:/Data/corr_sacc/asc/JITT1.asc",0,0,27,32,789.8,891.2,494.1,67,40,21,NA
"1161",1,16,1,52,2460945,2461222,891.2,488.1,6,277,28,1,1,8,8,32,32,"the",1,11,0,0,0,1,1932,0,8,67,0,NA,0,NA,"C:/Data/corr_sacc/asc/JITT1.asc",0,0,21,41,679.2,1038.3,484.4,67,46,32,NA
"1162",1,16,1,52,2461248,2461389,1038.3,497.8,7,141,25,1,1,9,9,41,41,"morning",6,9,0,0,0,1,2235,0,9,67,0,NA,0,NA,"C:/Data/corr_sacc/asc/JITT1.asc",0,0,32,48,891.2,1165.5,488.1,67,35,41,NA
"1163",1,16,1,52,2461414,2461652,1165.5,500.4,8,238,24,1,1,10,10,48,48,"feeling",5,7,0,0,0,1,2401,0,10,67,0,NA,0,NA,"C:/Data/corr_sacc/asc/JITT1.asc",0,0,41,57,1038.3,1331.8,497.8,67,26,48,NA
"1164",1,16,1,52,2461678,2461828,1331.8,498.6,9,150,25,1,1,12,12,57,57,"Sally",0,9,0,0,0,1,2665,0,12,67,0,NA,0,NA,"C:/Data/corr_sacc/asc/JITT1.asc",0,0,48,63,1165.5,1439.4,500.4,67,19,57,NA
"1165",1,16,1,52,2461851,2462047,1439.4,499,10,196,22,1,1,13,13,63,63,"knew",0,6,0,0,0,1,2838,0,13,67,0,NA,0,NA,"C:/Data/corr_sacc/asc/JITT1.asc",0,0,57,67,1331.8,1518.6,498.6,67,10,63,NA
"1166",1,16,1,52,2462067,2462223,1518.6,508.8,11,156,19,1,1,13,13,67,67,"knew",4,4,0,0,0,1,3054,0,13,67,0,NA,0,NA,"C:/Data/corr_sacc/asc/JITT1.asc",1,0,63,8,1439.4,449.3,499,67,4,67,NA
"1167",1,16,1,52,2462299,2462441,449.3,679.6,12,142,75,1,2,15,15,75,8,"probably",4,59,0,0,0,1,3286,0,2,67,0,NA,1,"undersweep","C:/Data/corr_sacc/asc/JITT1.asc",0,0,67,5,1518.6,395,508.8,67,0,8,1
"1168",1,16,1,52,2462465,2462625,395,684.2,13,160,23,1,2,15,15,72,5,"probably",1,3,0,0,0,1,3452,0,2,67,0,NA,0,NA,"C:/Data/corr_sacc/asc/JITT1.asc",0,1,8,18,449.3,639.7,679.6,67,59,5,NA
"1169",1,16,1,52,2462665,2462948,639.7,675,14,283,39,1,2,17,17,85,18,"food",1,13,0,0,0,1,3652,0,4,67,0,NA,0,NA,"C:/Data/corr_sacc/asc/JITT1.asc",0,0,5,26,395,770.2,684.2,67,62,18,NA
"1170",1,16,1,52,2462973,2463100,770.2,672.1,15,127,24,1,2,18,18,93,26,"poisoning",4,8,0,0,0,1,3960,0,5,67,0,NA,0,NA,"C:/Data/corr_sacc/asc/JITT1.asc",0,0,18,40,639.7,1032.6,675,67,49,26,NA
"1171",1,16,1,52,2463146,2463325,1032.6,674.6,16,179,45,1,2,20,20,107,40,"the",3,14,0,0,0,1,4133,0,7,67,0,NA,0,NA,"C:/Data/corr_sacc/asc/JITT1.asc",0,0,26,37,770.2,976.1,672.1,67,41,40,NA
"1172",1,16,1,52,2463346,2463551,976.1,678.3,17,205,20,1,2,20,20,104,37,"the",0,3,0,0,0,1,4333,0,7,67,0,NA,0,NA,"C:/Data/corr_sacc/asc/JITT1.asc",0,0,40,54,1032.6,1288.4,674.6,67,27,37,NA
"1173",1,16,1,52,2463597,2463828,1288.4,686.5,18,231,45,1,2,23,23,121,54,"previous",2,17,0,0,0,1,4584,0,10,67,0,NA,0,NA,"C:/Data/corr_sacc/asc/JITT1.asc",0,0,37,59,976.1,1362.6,678.3,67,30,54,NA
"1174",1,16,1,52,2463847,2464021,1362.6,691.3,19,174,18,1,2,23,23,126,59,"previous",7,5,0,0,0,1,4834,0,10,67,0,NA,0,NA,"C:/Data/corr_sacc/asc/JITT1.asc",NA,0,54,NA,1288.4,NA,686.5,67,13,59,NA
"1175",1,16,1,52,NA,NA,NA,NA,NA,NA,NA,1,1,1,NA,NA,NA,"When",NA,NA,NA,NA,NA,NA,NA,NA,1,NA,NA,NA,NA,NA,"C:/Data/corr_sacc/asc/JITT1.asc",NA,0,59,NA,1362.6,NA,691.3,67,8,NA,NA
"1176",1,16,1,52,NA,NA,NA,NA,NA,NA,NA,1,1,3,NA,NA,NA,"woke",NA,NA,NA,NA,NA,NA,NA,NA,3,NA,NA,NA,NA,NA,"C:/Data/corr_sacc/asc/JITT1.asc",NA,NA,NA,NA,NA,NA,NA,NA,NA,NA,NA
"1177",1,16,1,52,NA,NA,NA,NA,NA,NA,NA,1,1,4,NA,NA,NA,"up",NA,NA,NA,NA,NA,NA,NA,NA,4,NA,NA,NA,NA,NA,"C:/Data/corr_sacc/asc/JITT1.asc",NA,NA,NA,NA,NA,NA,NA,NA,NA,NA,NA
"1178",1,16,1,52,NA,NA,NA,NA,NA,NA,NA,1,1,7,NA,NA,NA,"in",NA,NA,NA,NA,NA,NA,NA,NA,7,NA,NA,NA,NA,NA,"C:/Data/corr_sacc/asc/JITT1.asc",NA,NA,NA,NA,NA,NA,NA,NA,NA,NA,NA
"1179",1,16,1,52,NA,NA,NA,NA,NA,NA,NA,1,1,11,NA,NA,NA,"sick,",NA,NA,NA,NA,NA,NA,NA,NA,11,NA,NA,NA,NA,NA,"C:/Data/corr_sacc/asc/JITT1.asc",NA,NA,NA,NA,NA,NA,NA,NA,NA,NA,NA
"1180",1,16,1,52,NA,NA,NA,NA,NA,NA,NA,1,2,14,NA,NA,NA,"she",NA,NA,NA,NA,NA,NA,NA,NA,1,NA,NA,NA,NA,NA,"C:/Data/corr_sacc/asc/JITT1.asc",NA,NA,NA,NA,NA,NA,NA,NA,NA,NA,NA
"1181",1,16,1,52,NA,NA,NA,NA,NA,NA,NA,1,2,16,NA,NA,NA,"had",NA,NA,NA,NA,NA,NA,NA,NA,3,NA,NA,NA,NA,NA,"C:/Data/corr_sacc/asc/JITT1.asc",NA,NA,NA,NA,NA,NA,NA,NA,NA,NA,NA
"1182",1,16,1,52,NA,NA,NA,NA,NA,NA,NA,1,2,19,NA,NA,NA,"from",NA,NA,NA,NA,NA,NA,NA,NA,6,NA,NA,NA,NA,NA,"C:/Data/corr_sacc/asc/JITT1.asc",NA,NA,NA,NA,NA,NA,NA,NA,NA,NA,NA
"1183",1,16,1,52,NA,NA,NA,NA,NA,NA,NA,1,2,21,NA,NA,NA,"dinner",NA,NA,NA,NA,NA,NA,NA,NA,8,NA,NA,NA,NA,NA,"C:/Data/corr_sacc/asc/JITT1.asc",NA,NA,NA,NA,NA,NA,NA,NA,NA,NA,NA
"1184",1,16,1,52,NA,NA,NA,NA,NA,NA,NA,1,2,22,NA,NA,NA,"the",NA,NA,NA,NA,NA,NA,NA,NA,9,NA,NA,NA,NA,NA,"C:/Data/corr_sacc/asc/JITT1.asc",NA,NA,NA,NA,NA,NA,NA,NA,NA,NA,NA
"1185",1,16,1,52,NA,NA,NA,NA,NA,NA,NA,1,2,24,NA,NA,NA,"night.",NA,NA,NA,NA,NA,NA,NA,NA,11,NA,NA,NA,NA,NA,"C:/Data/corr_sacc/asc/JITT1.asc",0,NA,NA,NA,NA,NA,NA,NA,NA,NA,NA
"1186",1,83,2,53,2472462,2472631,433,472,1,169,28,1,1,2,2,6,6,"usually",3,NA,0,0,0,1,627,0,2,55,0,NA,0,NA,"C:/Data/corr_sacc/asc/JITT1.asc",0,0,NA,14,NA,579.8,NA,NA,NA,6,NA
"1187",1,83,2,53,2472668,2472961,579.8,479.5,2,293,36,1,1,3,3,14,14,"thought",3,8,0,0,0,1,833,0,3,55,0,NA,0,NA,"C:/Data/corr_sacc/asc/JITT1.asc",0,0,6,20,433,691.3,472,55,49,14,NA
"1188",1,83,2,53,2472982,2473249,691.3,488.4,3,267,20,1,1,4,4,20,20,"a",1,6,0,0,0,1,1147,0,4,55,0,NA,0,NA,"C:/Data/corr_sacc/asc/JITT1.asc",0,0,14,27,579.8,810.1,479.5,55,41,20,NA
"1189",1,83,2,53,2473274,2473516,810.1,490.2,4,242,24,1,1,6,6,27,27,"about",2,7,0,0,0,1,1439,0,6,55,0,NA,0,NA,"C:/Data/corr_sacc/asc/JITT1.asc",0,0,20,35,691.3,954.8,488.4,55,35,27,NA
"1190",1,83,2,53,2473541,2473781,954.8,493.8,5,240,24,1,1,8,8,35,35,"huge",0,8,0,0,0,1,1706,0,8,55,0,NA,0,NA,"C:/Data/corr_sacc/asc/JITT1.asc",0,0,27,40,810.1,1051,490.2,55,28,35,NA
"1191",1,83,2,53,2473803,2474055,1051,494.5,6,252,21,1,1,9,9,40,40,"difference",0,5,0,0,0,1,1968,0,9,55,0,NA,0,NA,"C:/Data/corr_sacc/asc/JITT1.asc",0,0,35,46,954.8,1157.7,493.8,55,20,40,NA
"1192",1,83,2,53,2474078,2474237,1157.7,496.1,7,159,22,1,1,9,9,46,46,"difference",6,6,0,0,0,1,2243,0,9,55,0,NA,0,NA,"C:/Data/corr_sacc/asc/JITT1.asc",0,0,40,54,1051,1292.2,494.5,55,15,46,NA
"1193",1,83,2,53,2474263,2474491,1292.2,496.1,8,228,25,1,1,10,10,54,54,"that",3,8,0,0,0,1,2428,0,10,55,0,NA,0,NA,"C:/Data/corr_sacc/asc/JITT1.asc",1,0,46,6,1157.7,442.3,496.1,55,9,54,NA
"1194",1,83,2,53,2474563,2474708,442.3,651.7,9,145,71,1,2,12,12,61,6,"charity",2,48,0,0,0,1,2728,0,2,57,0,NA,1,"undersweep","C:/Data/corr_sacc/asc/JITT1.asc",0,0,54,NA,1292.2,332.2,496.1,55,1,6,1
"1195",1,83,2,53,2474733,2474929,332.2,672.5,10,196,24,NA,2,NA,NA,NA,NA,NA,NA,NA,0,0,1,1,2898,NA,NA,57,NA,NA,0,NA,"C:/Data/corr_sacc/asc/JITT1.asc",0,1,6,13,442.3,568.8,651.7,57,51,6,NA
"1196",1,83,2,53,2474959,2475233,568.8,670.8,11,274,29,1,2,13,13,68,13,"work",1,NA,0,0,0,1,3124,0,3,57,0,NA,0,NA,"C:/Data/corr_sacc/asc/JITT1.asc",0,0,NA,20,332.2,691.6,672.5,57,NA,13,NA
"1197",1,83,2,53,2475258,2475436,691.6,666.5,12,178,24,1,2,14,14,75,20,"would",3,7,0,0,0,1,3423,0,4,57,0,NA,0,NA,"C:/Data/corr_sacc/asc/JITT1.asc",0,0,13,26,568.8,787.9,670.8,57,44,20,NA
"1198",1,83,2,53,2475458,2475652,787.9,672.1,13,194,21,1,2,15,15,81,26,"make",3,6,0,0,0,1,3623,0,5,57,0,NA,0,NA,"C:/Data/corr_sacc/asc/JITT1.asc",0,0,20,33,691.6,924.2,666.5,57,37,26,NA
"1199",1,83,2,53,2475676,2475962,924.2,674.7,14,286,23,1,2,17,17,88,33,"he",2,7,0,0,0,1,3841,0,7,57,0,NA,0,NA,"C:/Data/corr_sacc/asc/JITT1.asc",0,0,26,41,787.9,1070.4,672.1,57,31,33,NA
"1200",1,83,2,53,2475989,2476157,1070.4,676.5,15,168,26,1,2,19,19,96,41,"raise",1,8,0,0,0,1,4154,0,9,57,0,NA,0,NA,"C:/Data/corr_sacc/asc/JITT1.asc",NA,0,33,NA,924.2,NA,674.7,57,24,41,NA
"1201",1,83,2,53,NA,NA,NA,NA,NA,NA,NA,1,1,1,NA,NA,NA,"He",NA,NA,NA,NA,NA,NA,NA,NA,1,NA,NA,NA,NA,NA,"C:/Data/corr_sacc/asc/JITT1.asc",NA,0,41,NA,1070.4,NA,676.5,57,16,NA,NA
"1202",1,83,2,53,NA,NA,NA,NA,NA,NA,NA,1,1,5,NA,NA,NA,"lot",NA,NA,NA,NA,NA,NA,NA,NA,5,NA,NA,NA,NA,NA,"C:/Data/corr_sacc/asc/JITT1.asc",NA,NA,NA,NA,NA,NA,NA,NA,NA,NA,NA
"1203",1,83,2,53,NA,NA,NA,NA,NA,NA,NA,1,1,7,NA,NA,NA,"the",NA,NA,NA,NA,NA,NA,NA,NA,7,NA,NA,NA,NA,NA,"C:/Data/corr_sacc/asc/JITT1.asc",NA,NA,NA,NA,NA,NA,NA,NA,NA,NA,NA
"1204",1,83,2,53,NA,NA,NA,NA,NA,NA,NA,1,2,11,NA,NA,NA,"his",NA,NA,NA,NA,NA,NA,NA,NA,1,NA,NA,NA,NA,NA,"C:/Data/corr_sacc/asc/JITT1.asc",NA,NA,NA,NA,NA,NA,NA,NA,NA,NA,NA
"1205",1,83,2,53,NA,NA,NA,NA,NA,NA,NA,1,2,16,NA,NA,NA,"if",NA,NA,NA,NA,NA,NA,NA,NA,6,NA,NA,NA,NA,NA,"C:/Data/corr_sacc/asc/JITT1.asc",NA,NA,NA,NA,NA,NA,NA,NA,NA,NA,NA
"1206",1,83,2,53,NA,NA,NA,NA,NA,NA,NA,1,2,18,NA,NA,NA,"could",NA,NA,NA,NA,NA,NA,NA,NA,8,NA,NA,NA,NA,NA,"C:/Data/corr_sacc/asc/JITT1.asc",NA,NA,NA,NA,NA,NA,NA,NA,NA,NA,NA
"1207",1,83,2,53,NA,NA,NA,NA,NA,NA,NA,1,2,20,NA,NA,NA,"more",NA,NA,NA,NA,NA,NA,NA,NA,10,NA,NA,NA,NA,NA,"C:/Data/corr_sacc/asc/JITT1.asc",NA,NA,NA,NA,NA,NA,NA,NA,NA,NA,NA
"1208",1,83,2,53,NA,NA,NA,NA,NA,NA,NA,1,2,21,NA,NA,NA,"money.",NA,NA,NA,NA,NA,NA,NA,NA,11,NA,NA,NA,NA,NA,"C:/Data/corr_sacc/asc/JITT1.asc",0,NA,NA,NA,NA,NA,NA,NA,NA,NA,NA
"1209",1,81,3,54,2517255,2517397,340.5,487.1,1,142,21,1,1,1,1,5,5,"While",5,NA,0,0,0,1,580,1,1,54,0,NA,0,NA,"C:/Data/corr_sacc/asc/JITT1.asc",0,0,NA,9,NA,421,NA,NA,NA,5,NA
"1210",1,81,3,54,2517419,2517849,421,495,2,430,21,1,1,2,2,9,9,"the",3,4,0,0,0,1,744,0,2,54,0,NA,0,NA,"C:/Data/corr_sacc/asc/JITT1.asc",0,0,5,17,340.5,565.3,487.1,54,49,9,NA
"1211",1,81,3,54,2517875,2518045,565.3,499.3,3,170,25,1,1,4,4,17,17,"young",3,8,0,0,0,1,1200,0,4,54,0,NA,0,NA,"C:/Data/corr_sacc/asc/JITT1.asc",0,0,9,24,421,685.1,495,54,45,17,NA
"1212",1,81,3,54,2518070,2518294,685.1,506.5,4,224,24,1,1,5,5,24,24,"children",4,7,0,0,0,1,1395,0,5,54,0,NA,0,NA,"C:/Data/corr_sacc/asc/JITT1.asc",0,0,17,34,565.3,864.2,499.3,54,37,24,NA
"1213",1,81,3,54,2518321,2518630,864.2,500.1,5,309,26,1,1,7,7,34,34,"playing",0,10,0,0,0,1,1646,0,7,54,0,NA,0,NA,"C:/Data/corr_sacc/asc/JITT1.asc",0,0,24,41,685.1,997.7,506.5,54,30,34,NA
"1214",1,81,3,54,2518656,2518801,997.7,501.3,6,145,25,1,1,7,7,41,41,"playing",7,7,0,0,0,1,1981,0,7,54,0,NA,0,NA,"C:/Data/corr_sacc/asc/JITT1.asc",0,0,34,47,864.2,1108.9,500.1,54,20,41,NA
"1215",1,81,3,54,2518822,2519322,1108.9,495.3,7,500,20,1,1,9,9,47,47,"the",2,6,0,0,0,1,2147,0,9,54,0,NA,0,NA,"C:/Data/corr_sacc/asc/JITT1.asc",1,0,41,10,997.7,440.5,501.3,54,13,47,NA
"1216",1,81,3,54,2519377,2519616,440.5,667.2,8,239,54,1,2,12,12,64,10,"parents",4,37,0,0,0,1,2702,0,2,60,0,NA,1,"accurate","C:/Data/corr_sacc/asc/JITT1.asc",0,0,47,11,1108.9,453.4,495.3,54,7,10,0
"1217",1,81,3,54,2519625,2519739,453.4,683.6,9,114,8,1,2,12,12,65,11,"parents",5,1,0,0,0,1,2950,0,2,60,0,NA,0,NA,"C:/Data/corr_sacc/asc/JITT1.asc",0,1,10,22,440.5,656.2,667.2,60,50,11,NA
"1218",1,81,3,54,2519769,2520005,656.2,691.9,10,236,29,1,2,14,14,76,22,"talking",3,11,0,0,0,1,3094,0,4,60,0,NA,0,NA,"C:/Data/corr_sacc/asc/JITT1.asc",0,0,11,29,453.4,786,683.6,60,49,22,NA
"1219",1,81,3,54,2520040,2520192,786,686.1,11,152,34,1,2,15,15,83,29,"about",2,7,0,0,0,1,3365,0,5,60,0,NA,0,NA,"C:/Data/corr_sacc/asc/JITT1.asc",0,0,22,35,656.2,895.6,691.9,60,38,29,NA
"1220",1,81,3,54,2520217,2520388,895.6,690.8,12,171,24,1,2,16,16,89,35,"last",2,6,0,0,0,1,3542,0,6,60,0,NA,0,NA,"C:/Data/corr_sacc/asc/JITT1.asc",0,0,29,43,786,1029.8,686.1,60,31,35,NA
"1221",1,81,3,54,2520414,2520582,1029.8,700,13,168,25,1,2,17,17,97,43,"night's",5,8,0,0,0,1,3739,0,7,60,0,NA,0,NA,"C:/Data/corr_sacc/asc/JITT1.asc",0,0,35,52,895.6,1201.3,690.8,60,25,43,NA
"1222",1,81,3,54,2520610,2520821,1201.3,708.8,14,211,27,1,2,18,18,106,52,"football",6,9,0,0,0,1,3935,0,8,60,0,NA,0,NA,"C:/Data/corr_sacc/asc/JITT1.asc",0,0,43,59,1029.8,1323.9,700,60,17,52,NA
"1223",1,81,3,54,2520848,2520960,1323.9,701.9,15,112,26,1,2,19,19,113,59,"game.",4,7,0,0,0,1,4173,0,9,60,0,NA,0,NA,"C:/Data/corr_sacc/asc/JITT1.asc",NA,0,52,NA,1201.3,NA,708.8,60,8,59,NA
"1224",1,81,3,54,NA,NA,NA,NA,NA,NA,NA,1,1,3,NA,NA,NA,"two",NA,NA,NA,NA,NA,NA,NA,NA,3,NA,NA,NA,NA,NA,"C:/Data/corr_sacc/asc/JITT1.asc",NA,0,59,NA,1323.9,NA,701.9,60,1,NA,NA
"1225",1,81,3,54,NA,NA,NA,NA,NA,NA,NA,1,1,6,NA,NA,NA,"were",NA,NA,NA,NA,NA,NA,NA,NA,6,NA,NA,NA,NA,NA,"C:/Data/corr_sacc/asc/JITT1.asc",NA,NA,NA,NA,NA,NA,NA,NA,NA,NA,NA
"1226",1,81,3,54,NA,NA,NA,NA,NA,NA,NA,1,1,8,NA,NA,NA,"in",NA,NA,NA,NA,NA,NA,NA,NA,8,NA,NA,NA,NA,NA,"C:/Data/corr_sacc/asc/JITT1.asc",NA,NA,NA,NA,NA,NA,NA,NA,NA,NA,NA
"1227",1,81,3,54,NA,NA,NA,NA,NA,NA,NA,1,1,10,NA,NA,NA,"park,",NA,NA,NA,NA,NA,NA,NA,NA,10,NA,NA,NA,NA,NA,"C:/Data/corr_sacc/asc/JITT1.asc",NA,NA,NA,NA,NA,NA,NA,NA,NA,NA,NA
"1228",1,81,3,54,NA,NA,NA,NA,NA,NA,NA,1,2,11,NA,NA,NA,"their",NA,NA,NA,NA,NA,NA,NA,NA,1,NA,NA,NA,NA,NA,"C:/Data/corr_sacc/asc/JITT1.asc",NA,NA,NA,NA,NA,NA,NA,NA,NA,NA,NA
"1229",1,81,3,54,NA,NA,NA,NA,NA,NA,NA,1,2,13,NA,NA,NA,"were",NA,NA,NA,NA,NA,NA,NA,NA,3,NA,NA,NA,NA,NA,"C:/Data/corr_sacc/asc/JITT1.asc",0,NA,NA,NA,NA,NA,NA,NA,NA,NA,NA
"1230",1,8,2,55,2524534,2524773,377.7,465.8,1,239,24,1,1,2,2,7,7,"old",3,NA,0,0,0,1,461,0,2,65,0,NA,0,NA,"C:/Data/corr_sacc/asc/JITT1.asc",0,0,NA,13,NA,495.9,NA,NA,NA,7,NA
"1231",1,8,2,55,2524798,2524985,495.9,464.2,2,187,24,1,1,3,3,13,13,"house",5,6,0,0,0,1,725,0,3,65,0,NA,0,NA,"C:/Data/corr_sacc/asc/JITT1.asc",0,0,7,18,377.7,586.5,465.8,65,58,13,NA
"1232",1,8,2,55,2525007,2525193,586.5,466.3,3,186,21,1,1,4,4,18,18,"near",4,5,0,0,0,1,934,0,4,65,0,NA,0,NA,"C:/Data/corr_sacc/asc/JITT1.asc",0,0,13,27,495.9,740.8,464.2,65,52,18,NA
"1233",1,8,2,55,2525220,2525373,740.8,463.3,4,153,26,1,1,7,7,27,27,"of",0,9,0,0,0,1,1147,0,7,65,0,NA,0,NA,"C:/Data/corr_sacc/asc/JITT1.asc",0,0,18,38,586.5,936.5,466.3,65,47,27,NA
"1234",1,8,2,55,2525413,2525613,936.5,469.5,5,200,39,1,1,9,9,38,38,"hill",4,11,0,0,0,1,1340,0,9,65,0,NA,0,NA,"C:/Data/corr_sacc/asc/JITT1.asc",0,0,27,46,740.8,1086.8,463.3,65,38,38,NA
"1235",1,8,2,55,2525639,2525890,1086.8,481.8,6,251,25,1,1,11,11,46,46,"believed",3,8,0,0,0,1,1566,0,11,65,0,NA,0,NA,"C:/Data/corr_sacc/asc/JITT1.asc",0,0,38,58,936.5,1304.6,469.5,65,27,46,NA
"1236",1,8,2,55,2525922,2526280,1304.6,490.4,7,358,31,1,1,14,14,58,58,"haunted",0,12,0,0,0,1,1849,0,14,65,0,NA,0,NA,"C:/Data/corr_sacc/asc/JITT1.asc",1,0,46,13,1086.8,487.9,481.8,65,19,58,NA
"1237",1,8,2,55,2526338,2526453,487.9,634.8,8,115,57,1,2,17,17,78,13,"whole",3,45,0,0,0,1,2265,0,3,66,0,NA,1,"undersweep","C:/Data/corr_sacc/asc/JITT1.asc",0,0,58,3,1304.6,309.5,490.4,65,7,13,1
"1238",1,8,2,55,2526496,2526685,309.5,683.1,9,189,42,1,2,15,15,68,3,"because",3,10,0,0,0,1,2423,0,1,66,1,NA,0,NA,"C:/Data/corr_sacc/asc/JITT1.asc",0,1,13,13,487.9,489.8,634.8,66,53,3,NA
"1239",1,8,2,55,2526711,2526873,489.8,668.6,10,162,25,1,2,17,17,78,13,"whole",3,10,0,0,0,1,2638,0,3,66,1,NA,0,NA,"C:/Data/corr_sacc/asc/JITT1.asc",0,0,3,25,309.5,702,683.1,66,63,13,NA
"1240",1,8,2,55,2526899,2527179,702,655.4,11,280,25,1,2,19,19,90,25,"vanished",2,12,0,0,0,1,2826,0,5,66,0,NA,0,NA,"C:/Data/corr_sacc/asc/JITT1.asc",0,0,13,34,489.8,863.2,668.6,66,53,25,NA
"1241",1,8,2,55,2527208,2527431,863.2,663.7,12,223,28,1,2,20,20,99,34,"under",2,9,0,0,0,1,3135,0,6,66,0,NA,0,NA,"C:/Data/corr_sacc/asc/JITT1.asc",0,0,25,42,702,1002.8,655.4,66,41,34,NA
"1242",1,8,2,55,2527458,2527664,1002.8,664.4,13,206,26,1,2,21,21,107,42,"strange",4,8,0,0,0,1,3385,0,7,66,0,NA,0,NA,"C:/Data/corr_sacc/asc/JITT1.asc",0,0,34,50,863.2,1153,663.7,66,32,42,NA
"1243",1,8,2,55,2527689,2527836,1153,669,14,147,24,1,2,22,22,115,50,"circumstances",4,8,0,0,0,1,3616,0,8,66,0,NA,0,NA,"C:/Data/corr_sacc/asc/JITT1.asc",0,0,42,62,1002.8,1366.4,664.4,66,24,50,NA
"1244",1,8,2,55,2527868,2528088,1366.4,680.7,15,220,31,1,2,23,23,127,62,"there.",2,12,0,0,0,1,3795,0,9,66,0,NA,0,NA,"C:/Data/corr_sacc/asc/JITT1.asc",NA,0,50,NA,1153,NA,669,66,16,62,NA
"1245",1,8,2,55,NA,NA,NA,NA,NA,NA,NA,1,1,1,NA,NA,NA,"The",NA,NA,NA,NA,NA,NA,NA,NA,1,NA,NA,NA,NA,NA,"C:/Data/corr_sacc/asc/JITT1.asc",NA,0,62,NA,1366.4,NA,680.7,66,4,NA,NA
"1246",1,8,2,55,NA,NA,NA,NA,NA,NA,NA,1,1,5,NA,NA,NA,"the",NA,NA,NA,NA,NA,NA,NA,NA,5,NA,NA,NA,NA,NA,"C:/Data/corr_sacc/asc/JITT1.asc",NA,NA,NA,NA,NA,NA,NA,NA,NA,NA,NA
"1247",1,8,2,55,NA,NA,NA,NA,NA,NA,NA,1,1,6,NA,NA,NA,"top",NA,NA,NA,NA,NA,NA,NA,NA,6,NA,NA,NA,NA,NA,"C:/Data/corr_sacc/asc/JITT1.asc",NA,NA,NA,NA,NA,NA,NA,NA,NA,NA,NA
"1248",1,8,2,55,NA,NA,NA,NA,NA,NA,NA,1,1,8,NA,NA,NA,"the",NA,NA,NA,NA,NA,NA,NA,NA,8,NA,NA,NA,NA,NA,"C:/Data/corr_sacc/asc/JITT1.asc",NA,NA,NA,NA,NA,NA,NA,NA,NA,NA,NA
"1249",1,8,2,55,NA,NA,NA,NA,NA,NA,NA,1,1,10,NA,NA,NA,"was",NA,NA,NA,NA,NA,NA,NA,NA,10,NA,NA,NA,NA,NA,"C:/Data/corr_sacc/asc/JITT1.asc",NA,NA,NA,NA,NA,NA,NA,NA,NA,NA,NA
"1250",1,8,2,55,NA,NA,NA,NA,NA,NA,NA,1,1,12,NA,NA,NA,"to",NA,NA,NA,NA,NA,NA,NA,NA,12,NA,NA,NA,NA,NA,"C:/Data/corr_sacc/asc/JITT1.asc",NA,NA,NA,NA,NA,NA,NA,NA,NA,NA,NA
"1251",1,8,2,55,NA,NA,NA,NA,NA,NA,NA,1,1,13,NA,NA,NA,"be",NA,NA,NA,NA,NA,NA,NA,NA,13,NA,NA,NA,NA,NA,"C:/Data/corr_sacc/asc/JITT1.asc",NA,NA,NA,NA,NA,NA,NA,NA,NA,NA,NA
"1252",1,8,2,55,NA,NA,NA,NA,NA,NA,NA,1,2,16,NA,NA,NA,"a",NA,NA,NA,NA,NA,NA,NA,NA,2,NA,NA,NA,NA,NA,"C:/Data/corr_sacc/asc/JITT1.asc",NA,NA,NA,NA,NA,NA,NA,NA,NA,NA,NA
"1253",1,8,2,55,NA,NA,NA,NA,NA,NA,NA,1,2,18,NA,NA,NA,"family",NA,NA,NA,NA,NA,NA,NA,NA,4,NA,NA,NA,NA,NA,"C:/Data/corr_sacc/asc/JITT1.asc",0,NA,NA,NA,NA,NA,NA,NA,NA,NA,NA
"1254",1,56,2,56,2548831,2548995,458.4,483.6,1,164,26,1,1,3,3,13,13,"middle-sized",6,NA,0,0,0,1,613,0,3,53,0,NA,0,NA,"C:/Data/corr_sacc/asc/JITT1.asc",0,0,NA,19,NA,569.4,NA,NA,NA,13,NA
"1255",1,56,2,56,2549029,2549241,569.4,486,2,212,33,1,1,3,3,19,19,"middle-sized",12,6,0,0,0,1,811,0,3,53,0,NA,0,NA,"C:/Data/corr_sacc/asc/JITT1.asc",0,0,13,12,458.4,434.2,483.6,53,40,19,NA
"1256",1,56,2,56,2549278,2549499,434.2,474.4,3,221,36,1,1,3,3,12,12,"middle-sized",5,7,0,0,0,1,1060,0,3,53,0,NA,0,NA,"C:/Data/corr_sacc/asc/JITT1.asc",0,0,19,6,569.4,329.7,486,53,34,12,NA
"1257",1,56,2,56,2549524,2549840,329.7,477.3,4,316,24,1,1,2,2,6,6,"our",3,6,0,0,0,1,1306,0,2,53,1,NA,0,NA,"C:/Data/corr_sacc/asc/JITT1.asc",0,0,12,19,434.2,571.6,474.4,53,41,6,NA
"1258",1,56,2,56,2549880,2550012,571.6,482.6,5,132,39,1,1,3,3,19,19,"middle-sized",12,13,0,0,0,1,1662,0,3,53,1,NA,0,NA,"C:/Data/corr_sacc/asc/JITT1.asc",0,0,6,27,329.7,704.7,477.3,53,47,19,NA
"1259",1,56,2,56,2550037,2550177,704.7,489.6,6,140,24,1,1,5,5,27,27,"numerous",1,8,0,0,0,1,1819,0,5,53,0,NA,0,NA,"C:/Data/corr_sacc/asc/JITT1.asc",0,0,19,32,571.6,808.1,482.6,53,34,27,NA
"1260",1,56,2,56,2550200,2550371,808.1,487.8,7,171,22,1,1,5,5,32,32,"numerous",6,5,0,0,0,1,1982,0,5,53,0,NA,0,NA,"C:/Data/corr_sacc/asc/JITT1.asc",0,0,27,42,704.7,977.5,489.6,53,26,32,NA
"1261",1,56,2,56,2550399,2550651,977.5,497,8,252,27,1,1,7,7,42,42,"cafes",1,10,0,0,0,1,2181,0,7,53,0,NA,0,NA,"C:/Data/corr_sacc/asc/JITT1.asc",0,0,32,47,808.1,1070.2,487.8,53,21,42,NA
"1262",1,56,2,56,2550675,2550942,1070.2,500,9,267,23,1,1,8,8,47,47,"serve",0,5,0,0,0,1,2457,0,8,53,0,NA,0,NA,"C:/Data/corr_sacc/asc/JITT1.asc",0,0,42,52,977.5,1158.9,497,53,11,47,NA
"1263",1,56,2,56,2550967,2551206,1158.9,506.7,10,239,24,1,1,8,8,52,52,"serve",5,5,0,0,0,1,2749,0,8,53,0,NA,0,NA,"C:/Data/corr_sacc/asc/JITT1.asc",1,0,47,9,1070.2,393.5,500,53,6,52,NA
"1264",1,56,2,56,2551262,2551379,393.5,668.4,11,117,55,1,2,11,11,62,9,"pastries",0,43,0,0,0,1,3044,0,2,41,0,NA,1,"undersweep","C:/Data/corr_sacc/asc/JITT1.asc",0,0,52,4,1158.9,290.6,506.7,53,1,9,1
"1265",1,56,2,56,2551414,2551685,290.6,696.7,12,271,34,1,2,10,10,57,4,"fabulous",4,5,0,0,0,1,3196,0,1,41,1,NA,0,NA,"C:/Data/corr_sacc/asc/JITT1.asc",0,1,9,14,393.5,474.9,668.4,41,32,4,NA
"1266",1,56,2,56,2551713,2551868,474.9,702,13,155,27,1,2,11,11,67,14,"pastries",5,10,0,0,0,1,3495,0,2,41,1,NA,0,NA,"C:/Data/corr_sacc/asc/JITT1.asc",0,0,4,24,290.6,651.5,696.7,41,37,14,NA
"1267",1,56,2,56,2551896,2552309,651.5,704,14,413,27,1,2,13,13,77,24,"freshly",2,10,0,0,0,1,3678,0,4,41,0,NA,0,NA,"C:/Data/corr_sacc/asc/JITT1.asc",0,0,14,33,474.9,814.2,702,41,27,24,NA
"1268",1,56,2,56,2552350,2552640,814.2,706.9,15,290,40,1,2,14,14,86,33,"brewed",3,9,0,0,0,1,4132,0,5,41,0,NA,0,NA,"C:/Data/corr_sacc/asc/JITT1.asc",0,0,24,38,651.5,903.5,704,41,17,33,NA
"1269",1,56,2,56,2552665,2552838,903.5,702.8,16,173,24,1,2,15,15,91,38,"tea.",1,5,0,0,0,1,4447,0,6,41,0,NA,0,NA,"C:/Data/corr_sacc/asc/JITT1.asc",NA,0,33,NA,814.2,NA,706.9,41,8,38,NA
"1270",1,56,2,56,NA,NA,NA,NA,NA,NA,NA,1,1,1,NA,NA,NA,"In",NA,NA,NA,NA,NA,NA,NA,NA,1,NA,NA,NA,NA,NA,"C:/Data/corr_sacc/asc/JITT1.asc",NA,0,38,NA,903.5,NA,702.8,41,3,NA,NA
"1271",1,56,2,56,NA,NA,NA,NA,NA,NA,NA,1,1,4,NA,NA,NA,"city,",NA,NA,NA,NA,NA,NA,NA,NA,4,NA,NA,NA,NA,NA,"C:/Data/corr_sacc/asc/JITT1.asc",NA,NA,NA,NA,NA,NA,NA,NA,NA,NA,NA
"1272",1,56,2,56,NA,NA,NA,NA,NA,NA,NA,1,1,6,NA,NA,NA,"local",NA,NA,NA,NA,NA,NA,NA,NA,6,NA,NA,NA,NA,NA,"C:/Data/corr_sacc/asc/JITT1.asc",NA,NA,NA,NA,NA,NA,NA,NA,NA,NA,NA
"1273",1,56,2,56,NA,NA,NA,NA,NA,NA,NA,1,2,9,NA,NA,NA,"fabulous",NA,NA,NA,NA,NA,NA,NA,NA,1,NA,NA,NA,NA,NA,"C:/Data/corr_sacc/asc/JITT1.asc",NA,NA,NA,NA,NA,NA,NA,NA,NA,NA,NA
"1274",1,56,2,56,NA,NA,NA,NA,NA,NA,NA,1,2,12,NA,NA,NA,"freshly",NA,NA,NA,NA,NA,NA,NA,NA,4,NA,NA,NA,NA,NA,"C:/Data/corr_sacc/asc/JITT1.asc",0,NA,NA,NA,NA,NA,NA,NA,NA,NA,NA
"1275",1,53,2,57,2560751,2560907,342.7,490.9,1,156,31,1,1,2,2,5,5,"large",1,NA,0,0,0,1,430,0,2,47,0,NA,0,NA,"C:/Data/corr_sacc/asc/JITT1.asc",0,0,NA,14,NA,502.1,NA,NA,NA,5,NA
"1276",1,53,2,57,2560934,2561090,502.1,503.2,2,156,26,1,1,3,3,14,14,"group",4,9,0,0,0,1,613,0,3,47,0,NA,0,NA,"C:/Data/corr_sacc/asc/JITT1.asc",0,0,5,22,342.7,648.2,490.9,47,42,14,NA
"1277",1,53,2,57,2561116,2561279,648.2,508.4,3,163,25,1,1,5,5,22,22,"friends",3,8,0,0,0,1,795,0,5,47,0,NA,0,NA,"C:/Data/corr_sacc/asc/JITT1.asc",0,0,14,29,502.1,784.3,503.2,47,33,22,NA
"1278",1,53,2,57,2561304,2561549,784.3,495.6,4,245,24,1,1,6,6,29,29,"went",2,7,0,0,0,1,983,0,6,47,0,NA,0,NA,"C:/Data/corr_sacc/asc/JITT1.asc",0,0,22,36,648.2,902.2,508.4,47,25,29,NA
"1279",1,53,2,57,2561573,2561724,902.2,504,5,151,23,1,1,8,8,36,36,"explore",1,7,0,0,0,1,1252,0,8,47,0,NA,0,NA,"C:/Data/corr_sacc/asc/JITT1.asc",0,0,29,45,784.3,1060.5,495.6,47,18,36,NA
"1280",1,53,2,57,2561765,2561949,1060.5,527.4,6,184,40,1,1,9,9,45,45,"the",2,9,0,0,0,1,1444,0,9,47,0,NA,0,NA,"C:/Data/corr_sacc/asc/JITT1.asc",1,0,36,5,902.2,347.7,504,47,11,45,NA
"1281",1,53,2,57,2562016,2562145,347.7,664.4,7,129,66,1,2,11,11,52,5,"sinister",5,40,0,0,0,1,1695,0,1,45,0,NA,1,"undersweep","C:/Data/corr_sacc/asc/JITT1.asc",0,0,45,2,1060.5,289.9,527.4,47,2,5,1
"1282",1,53,2,57,2562178,2562541,289.9,699.2,8,363,32,1,2,11,11,49,2,"sinister",2,3,0,0,0,1,1857,0,1,45,0,NA,0,NA,"C:/Data/corr_sacc/asc/JITT1.asc",0,1,5,10,347.7,432.7,664.4,45,40,2,NA
"1283",1,53,2,57,2562580,2562840,432.7,709.8,9,260,38,1,2,12,12,57,10,"woodland",1,8,0,0,0,1,2259,0,2,45,0,NA,0,NA,"C:/Data/corr_sacc/asc/JITT1.asc",0,0,2,18,289.9,580.4,699.2,45,43,10,NA
"1284",1,53,2,57,2562878,2563291,580.4,717.8,10,413,37,1,2,13,13,65,18,"outside",0,8,0,0,0,1,2557,0,3,45,0,NA,0,NA,"C:/Data/corr_sacc/asc/JITT1.asc",0,0,10,27,432.7,747.9,709.8,45,35,18,NA
"1285",1,53,2,57,2563317,2563583,747.9,729.1,11,266,25,1,2,14,14,74,27,"of",1,9,0,0,0,1,2996,0,4,45,0,NA,0,NA,"C:/Data/corr_sacc/asc/JITT1.asc",0,0,18,24,580.4,690.1,717.8,45,27,27,NA
"1286",1,53,2,57,2563601,2563778,690.1,726.5,12,177,17,1,2,13,13,71,24,"outside",6,3,0,0,0,1,3280,0,3,45,1,NA,0,NA,"C:/Data/corr_sacc/asc/JITT1.asc",0,0,27,34,747.9,868.6,729.1,45,18,24,NA
"1287",1,53,2,57,2563805,2564057,868.6,728.6,13,252,26,1,2,16,16,81,34,"last",0,10,0,0,0,1,3484,0,6,45,0,NA,0,NA,"C:/Data/corr_sacc/asc/JITT1.asc",NA,0,24,NA,690.1,NA,726.5,45,21,34,NA
"1288",1,53,2,57,NA,NA,NA,NA,NA,NA,NA,1,1,1,NA,NA,NA,"The",NA,NA,NA,NA,NA,NA,NA,NA,1,NA,NA,NA,NA,NA,"C:/Data/corr_sacc/asc/JITT1.asc",NA,0,34,NA,868.6,NA,728.6,45,11,NA,NA
"1289",1,53,2,57,NA,NA,NA,NA,NA,NA,NA,1,1,4,NA,NA,NA,"of",NA,NA,NA,NA,NA,NA,NA,NA,4,NA,NA,NA,NA,NA,"C:/Data/corr_sacc/asc/JITT1.asc",NA,NA,NA,NA,NA,NA,NA,NA,NA,NA,NA
"1290",1,53,2,57,NA,NA,NA,NA,NA,NA,NA,1,1,7,NA,NA,NA,"to",NA,NA,NA,NA,NA,NA,NA,NA,7,NA,NA,NA,NA,NA,"C:/Data/corr_sacc/asc/JITT1.asc",NA,NA,NA,NA,NA,NA,NA,NA,NA,NA,NA
"1291",1,53,2,57,NA,NA,NA,NA,NA,NA,NA,1,2,10,NA,NA,NA,"sinister",NA,NA,NA,NA,NA,NA,NA,NA,1,NA,NA,NA,NA,NA,"C:/Data/corr_sacc/asc/JITT1.asc",NA,NA,NA,NA,NA,NA,NA,NA,NA,NA,NA
"1292",1,53,2,57,NA,NA,NA,NA,NA,NA,NA,1,2,15,NA,NA,NA,"last",NA,NA,NA,NA,NA,NA,NA,NA,6,NA,NA,NA,NA,NA,"C:/Data/corr_sacc/asc/JITT1.asc",NA,NA,NA,NA,NA,NA,NA,NA,NA,NA,NA
"1293",1,53,2,57,NA,NA,NA,NA,NA,NA,NA,1,NA,17,NA,NA,NA,NA,NA,NA,NA,NA,NA,NA,NA,NA,NA,NA,NA,NA,NA,NA,"C:/Data/corr_sacc/asc/JITT1.asc",0,NA,NA,NA,NA,NA,NA,NA,NA,NA,NA
"1294",1,29,2,58,2579636,2579791,388.5,488.2,1,155,26,1,1,3,3,10,10,"the",0,NA,0,0,0,1,694,0,3,53,0,NA,0,NA,"C:/Data/corr_sacc/asc/JITT1.asc",0,0,NA,19,NA,541.4,NA,NA,NA,10,NA
"1295",1,29,2,58,2579826,2579976,541.4,476.9,2,150,34,1,1,5,5,19,19,"usually",0,9,0,0,0,1,884,0,5,53,0,NA,0,NA,"C:/Data/corr_sacc/asc/JITT1.asc",0,0,10,25,388.5,656.5,488.2,53,43,19,NA
"1296",1,29,2,58,2580011,2580142,656.5,497.9,3,131,34,1,1,5,5,25,25,"usually",6,6,0,0,0,1,1069,0,5,53,0,NA,0,NA,"C:/Data/corr_sacc/asc/JITT1.asc",0,0,19,33,541.4,791.6,476.9,53,34,25,NA
"1297",1,29,2,58,2580167,2580372,791.6,501.9,4,205,24,1,1,6,6,33,33,"avoided",6,8,0,0,0,1,1225,0,6,53,0,NA,0,NA,"C:/Data/corr_sacc/asc/JITT1.asc",0,0,25,43,656.5,969.4,497.9,53,28,33,NA
"1298",1,29,2,58,2580398,2580819,969.4,506,5,421,25,1,1,8,8,43,43,"mountain",4,10,0,0,0,1,1456,0,8,53,0,NA,0,NA,"C:/Data/corr_sacc/asc/JITT1.asc",0,0,33,52,791.6,1147.7,501.9,53,20,43,NA
"1299",1,29,2,58,2580858,2581070,1147.7,510.5,6,212,38,1,1,9,9,52,52,"trail",4,9,0,0,0,1,1916,0,9,53,0,NA,0,NA,"C:/Data/corr_sacc/asc/JITT1.asc",1,0,43,10,969.4,380.3,506,53,10,52,NA
"1300",1,29,2,58,2581125,2581251,380.3,676.6,7,126,54,1,2,11,11,63,10,"all",2,42,0,0,0,1,2183,0,2,68,0,NA,1,"undersweep","C:/Data/corr_sacc/asc/JITT1.asc",0,0,52,2,1147.7,233.3,510.5,53,1,10,1
"1301",1,29,2,58,2581277,2581496,233.3,697.2,8,219,25,1,2,10,10,55,2,"because",2,8,0,0,0,1,2335,0,1,68,1,NA,0,NA,"C:/Data/corr_sacc/asc/JITT1.asc",0,1,10,11,380.3,400.5,676.6,68,58,2,NA
"1302",1,29,2,58,2581532,2581727,400.5,693,9,195,35,1,2,11,11,64,11,"all",3,9,0,0,0,1,2590,0,2,68,1,NA,0,NA,"C:/Data/corr_sacc/asc/JITT1.asc",0,0,2,18,233.3,520.4,697.2,68,66,11,NA
"1303",1,29,2,58,2581751,2581906,520.4,709,10,155,23,1,2,13,13,71,18,"signs",2,7,0,0,0,1,2809,0,4,68,0,NA,0,NA,"C:/Data/corr_sacc/asc/JITT1.asc",0,0,11,24,400.5,627.7,693,68,57,18,NA
"1304",1,29,2,58,2581940,2582135,627.7,703.3,11,195,33,1,2,14,14,77,24,"had",2,6,0,0,0,1,2998,0,5,68,0,NA,0,NA,"C:/Data/corr_sacc/asc/JITT1.asc",0,0,18,22,520.4,598.8,709,68,50,24,NA
"1305",1,29,2,58,2582147,2582275,598.8,706.4,12,128,11,1,2,14,14,75,22,"had",0,2,0,0,0,1,3205,0,5,68,0,NA,0,NA,"C:/Data/corr_sacc/asc/JITT1.asc",0,0,24,32,627.7,778.4,703.3,68,44,22,NA
"1306",1,29,2,58,2582302,2582479,778.4,694.2,13,177,26,1,2,16,16,85,32,"away",0,10,0,0,0,1,3360,0,7,68,0,NA,0,NA,"C:/Data/corr_sacc/asc/JITT1.asc",0,0,22,41,598.8,935.9,706.4,68,46,32,NA
"1307",1,29,2,58,2582506,2582738,935.9,696.9,14,232,26,1,2,18,18,94,41,"to",0,9,0,0,0,1,3564,0,9,68,0,NA,0,NA,"C:/Data/corr_sacc/asc/JITT1.asc",0,0,32,51,778.4,1115.6,694.2,68,36,41,NA
"1308",1,29,2,58,2582765,2582930,1115.6,706.6,15,165,26,1,2,20,20,104,51,"lack",3,10,0,0,0,1,3823,0,11,68,0,NA,0,NA,"C:/Data/corr_sacc/asc/JITT1.asc",0,0,41,58,935.9,1254,696.9,68,27,51,NA
"1309",1,29,2,58,2582958,2583262,1254,703.3,16,304,27,1,2,22,22,111,58,"maintenance.",2,7,0,0,0,1,4016,0,13,68,0,NA,0,NA,"C:/Data/corr_sacc/asc/JITT1.asc",0,0,51,63,1115.6,1328.5,706.6,68,17,58,NA
"1310",1,29,2,58,2583283,2583537,1328.5,701.7,17,254,20,1,2,22,22,116,63,"maintenance.",7,5,0,0,0,1,4341,1,13,68,0,NA,0,NA,"C:/Data/corr_sacc/asc/JITT1.asc",NA,0,58,NA,1254,NA,703.3,68,10,63,NA
"1311",1,29,2,58,NA,NA,NA,NA,NA,NA,NA,1,1,1,NA,NA,NA,"People",NA,NA,NA,NA,NA,NA,NA,NA,1,NA,NA,NA,NA,NA,"C:/Data/corr_sacc/asc/JITT1.asc",NA,0,63,NA,1328.5,NA,701.7,68,5,NA,NA
"1312",1,29,2,58,NA,NA,NA,NA,NA,NA,NA,1,1,2,NA,NA,NA,"in",NA,NA,NA,NA,NA,NA,NA,NA,2,NA,NA,NA,NA,NA,"C:/Data/corr_sacc/asc/JITT1.asc",NA,NA,NA,NA,NA,NA,NA,NA,NA,NA,NA
"1313",1,29,2,58,NA,NA,NA,NA,NA,NA,NA,1,1,4,NA,NA,NA,"area",NA,NA,NA,NA,NA,NA,NA,NA,4,NA,NA,NA,NA,NA,"C:/Data/corr_sacc/asc/JITT1.asc",NA,NA,NA,NA,NA,NA,NA,NA,NA,NA,NA
"1314",1,29,2,58,NA,NA,NA,NA,NA,NA,NA,1,1,7,NA,NA,NA,"the",NA,NA,NA,NA,NA,NA,NA,NA,7,NA,NA,NA,NA,NA,"C:/Data/corr_sacc/asc/JITT1.asc",NA,NA,NA,NA,NA,NA,NA,NA,NA,NA,NA
"1315",1,29,2,58,NA,NA,NA,NA,NA,NA,NA,1,2,12,NA,NA,NA,"the",NA,NA,NA,NA,NA,NA,NA,NA,3,NA,NA,NA,NA,NA,"C:/Data/corr_sacc/asc/JITT1.asc",NA,NA,NA,NA,NA,NA,NA,NA,NA,NA,NA
"1316",1,29,2,58,NA,NA,NA,NA,NA,NA,NA,1,2,15,NA,NA,NA,"faded",NA,NA,NA,NA,NA,NA,NA,NA,6,NA,NA,NA,NA,NA,"C:/Data/corr_sacc/asc/JITT1.asc",NA,NA,NA,NA,NA,NA,NA,NA,NA,NA,NA
"1317",1,29,2,58,NA,NA,NA,NA,NA,NA,NA,1,2,17,NA,NA,NA,"due",NA,NA,NA,NA,NA,NA,NA,NA,8,NA,NA,NA,NA,NA,"C:/Data/corr_sacc/asc/JITT1.asc",NA,NA,NA,NA,NA,NA,NA,NA,NA,NA,NA
"1318",1,29,2,58,NA,NA,NA,NA,NA,NA,NA,1,2,19,NA,NA,NA,"the",NA,NA,NA,NA,NA,NA,NA,NA,10,NA,NA,NA,NA,NA,"C:/Data/corr_sacc/asc/JITT1.asc",NA,NA,NA,NA,NA,NA,NA,NA,NA,NA,NA
"1319",1,29,2,58,NA,NA,NA,NA,NA,NA,NA,1,2,21,NA,NA,NA,"of",NA,NA,NA,NA,NA,NA,NA,NA,12,NA,NA,NA,NA,NA,"C:/Data/corr_sacc/asc/JITT1.asc",0,NA,NA,NA,NA,NA,NA,NA,NA,NA,NA
"1320",1,32,2,59,2613056,2613169,482.3,506,1,113,20,1,1,1,1,5,5,"Penny",5,NA,0,0,0,1,1775,0,1,67,0,NA,0,NA,"C:/Data/corr_sacc/asc/JITT1.asc",0,0,NA,10,NA,565.1,NA,NA,NA,5,NA
"1321",1,32,2,59,2613193,2613453,565.1,514.1,2,260,23,1,1,3,3,10,10,"feeling",0,5,0,0,0,1,1912,0,3,67,0,NA,0,NA,"C:/Data/corr_sacc/asc/JITT1.asc",0,0,5,19,482.3,720.8,506,67,62,10,NA
"1322",1,32,2,59,2613550,2613752,720.8,533,3,202,96,1,1,4,4,19,19,"cold,",1,9,0,0,0,1,2269,0,4,67,0,NA,0,NA,"C:/Data/corr_sacc/asc/JITT1.asc",0,0,10,27,565.1,868.7,514.1,67,57,19,NA
"1323",1,32,2,59,2613778,2614025,868.7,521.3,4,247,25,1,1,6,6,27,27,"she",0,8,0,0,0,1,2497,0,6,67,0,NA,0,NA,"C:/Data/corr_sacc/asc/JITT1.asc",0,0,19,33,720.8,973.2,533,67,48,27,NA
"1324",1,32,2,59,2614049,2614353,973.2,523.7,5,304,23,1,1,7,7,33,33,"wanted",2,6,0,0,0,1,2768,0,7,67,0,NA,0,NA,"C:/Data/corr_sacc/asc/JITT1.asc",0,0,27,28,868.7,892.4,521.3,67,40,33,NA
"1325",1,32,2,59,2614378,2614583,892.4,520.5,6,205,24,1,1,6,6,28,28,"she",1,5,0,0,0,1,3097,0,6,67,1,NA,0,NA,"C:/Data/corr_sacc/asc/JITT1.asc",0,0,33,34,973.2,1000.7,523.7,67,34,28,NA
"1326",1,32,2,59,2614608,2614757,1000.7,527.6,7,149,24,1,1,7,7,34,34,"wanted",3,6,0,0,0,1,3327,0,7,67,1,NA,0,NA,"C:/Data/corr_sacc/asc/JITT1.asc",0,0,28,44,892.4,1177,520.5,67,39,34,NA
"1327",1,32,2,59,2614785,2615091,1177,511.9,8,306,27,1,1,9,9,44,44,"move",3,10,0,0,0,1,3504,0,9,67,0,NA,0,NA,"C:/Data/corr_sacc/asc/JITT1.asc",0,0,34,51,1000.7,1300.4,527.6,67,33,44,NA
"1328",1,32,2,59,2615117,2615277,1300.4,506.3,9,160,25,1,1,10,10,51,51,"indoors",5,7,0,0,0,1,3836,0,10,67,0,NA,0,NA,"C:/Data/corr_sacc/asc/JITT1.asc",0,0,44,58,1177,1431.3,511.9,67,23,51,NA
"1329",1,32,2,59,2615301,2615494,1431.3,499.6,10,193,23,1,1,11,11,58,58,"after",4,7,0,0,0,1,4020,0,11,67,0,NA,0,NA,"C:/Data/corr_sacc/asc/JITT1.asc",0,0,51,64,1300.4,1535.8,506.3,67,16,58,NA
"1330",1,32,2,59,2615518,2615660,1535.8,510.5,11,142,23,1,1,13,13,64,64,"had",0,6,0,0,0,1,4237,0,13,67,0,NA,0,NA,"C:/Data/corr_sacc/asc/JITT1.asc",1,0,58,7,1431.3,506.9,499.6,67,9,64,NA
"1331",1,32,2,59,2615737,2615847,506.9,639.6,12,110,76,1,2,15,15,74,7,"the",1,57,0,0,0,1,4456,0,2,46,0,NA,1,"undersweep","C:/Data/corr_sacc/asc/JITT1.asc",0,0,64,NA,1535.8,394.5,510.5,67,3,7,1
"1332",1,32,2,59,2615872,2616122,394.5,683.8,13,250,24,NA,2,NA,NA,NA,NA,NA,NA,NA,0,0,1,1,4591,NA,NA,46,NA,NA,0,NA,"C:/Data/corr_sacc/asc/JITT1.asc",0,1,7,10,506.9,561.8,639.6,46,39,10,NA
"1333",1,32,2,59,2616150,2616306,561.8,689.5,14,156,27,1,2,16,16,77,10,"whole",0,NA,0,0,0,1,4869,0,3,46,0,NA,0,NA,"C:/Data/corr_sacc/asc/JITT1.asc",0,0,NA,19,394.5,733.1,683.8,46,NA,10,NA
"1334",1,32,2,59,2616335,2616492,733.1,690.7,15,157,28,1,2,17,17,86,19,"afternoon",3,9,0,0,0,1,5054,0,4,46,0,NA,0,NA,"C:/Data/corr_sacc/asc/JITT1.asc",0,0,10,27,561.8,866.7,689.5,46,36,19,NA
"1335",1,32,2,59,2616517,2616738,866.7,686.9,16,221,24,1,2,18,18,94,27,"skiing",1,8,0,0,0,1,5236,0,5,46,0,NA,0,NA,"C:/Data/corr_sacc/asc/JITT1.asc",0,0,19,35,733.1,1020,690.7,46,27,27,NA
"1336",1,32,2,59,2616765,2616975,1020,681.3,17,210,26,1,2,19,19,102,35,"on",2,8,0,0,0,1,5484,0,6,46,0,NA,0,NA,"C:/Data/corr_sacc/asc/JITT1.asc",0,0,27,33,866.7,986.1,686.9,46,19,35,NA
"1337",1,32,2,59,2616990,2617125,986.1,685.7,18,135,14,1,2,19,19,100,33,"on",0,2,0,0,0,1,5709,0,6,46,0,NA,0,NA,"C:/Data/corr_sacc/asc/JITT1.asc",0,0,35,40,1020,1112.9,681.3,46,11,33,NA
"1338",1,32,2,59,2617152,2617401,1112.9,688.8,19,249,26,1,2,21,21,107,40,"slope.",0,7,0,0,0,1,5871,0,8,46,0,NA,0,NA,"C:/Data/corr_sacc/asc/JITT1.asc",NA,0,33,NA,986.1,NA,685.7,46,13,40,NA
"1339",1,32,2,59,NA,NA,NA,NA,NA,NA,NA,1,1,2,NA,NA,NA,"was",NA,NA,NA,NA,NA,NA,NA,NA,2,NA,NA,NA,NA,NA,"C:/Data/corr_sacc/asc/JITT1.asc",NA,0,40,NA,1112.9,NA,688.8,46,6,NA,NA
"1340",1,32,2,59,NA,NA,NA,NA,NA,NA,NA,1,1,5,NA,NA,NA,"so",NA,NA,NA,NA,NA,NA,NA,NA,5,NA,NA,NA,NA,NA,"C:/Data/corr_sacc/asc/JITT1.asc",NA,NA,NA,NA,NA,NA,NA,NA,NA,NA,NA
"1341",1,32,2,59,NA,NA,NA,NA,NA,NA,NA,1,1,8,NA,NA,NA,"to",NA,NA,NA,NA,NA,NA,NA,NA,8,NA,NA,NA,NA,NA,"C:/Data/corr_sacc/asc/JITT1.asc",NA,NA,NA,NA,NA,NA,NA,NA,NA,NA,NA
"1342",1,32,2,59,NA,NA,NA,NA,NA,NA,NA,1,1,12,NA,NA,NA,"she",NA,NA,NA,NA,NA,NA,NA,NA,12,NA,NA,NA,NA,NA,"C:/Data/corr_sacc/asc/JITT1.asc",NA,NA,NA,NA,NA,NA,NA,NA,NA,NA,NA
"1343",1,32,2,59,NA,NA,NA,NA,NA,NA,NA,1,2,14,NA,NA,NA,"spent",NA,NA,NA,NA,NA,NA,NA,NA,1,NA,NA,NA,NA,NA,"C:/Data/corr_sacc/asc/JITT1.asc",NA,NA,NA,NA,NA,NA,NA,NA,NA,NA,NA
"1344",1,32,2,59,NA,NA,NA,NA,NA,NA,NA,1,2,20,NA,NA,NA,"the",NA,NA,NA,NA,NA,NA,NA,NA,7,NA,NA,NA,NA,NA,"C:/Data/corr_sacc/asc/JITT1.asc",0,NA,NA,NA,NA,NA,NA,NA,NA,NA,NA
"1345",1,58,1,60,2635701,2635875,344.9,490.5,1,174,30,1,1,2,2,5,5,"struggles",2,NA,0,0,0,1,424,0,2,47,0,NA,0,NA,"C:/Data/corr_sacc/asc/JITT1.asc",0,0,NA,13,NA,489.5,NA,NA,NA,5,NA
"1346",1,58,1,60,2635913,2636217,489.5,497.6,2,304,37,1,1,3,3,13,13,"to",0,8,0,0,0,1,636,0,3,47,0,NA,0,NA,"C:/Data/corr_sacc/asc/JITT1.asc",0,0,5,20,344.9,620.8,490.5,47,42,13,NA
"1347",1,58,1,60,2636243,2636477,620.8,503,3,234,25,1,1,5,5,20,20,"his",1,7,0,0,0,1,966,0,5,47,0,NA,0,NA,"C:/Data/corr_sacc/asc/JITT1.asc",0,0,13,29,489.5,782.1,497.6,47,34,20,NA
"1348",1,58,1,60,2636504,2636660,782.1,501.6,4,156,26,1,1,6,6,29,29,"presentation",6,9,0,0,0,1,1227,0,6,47,0,NA,0,NA,"C:/Data/corr_sacc/asc/JITT1.asc",0,0,20,40,620.8,968.1,503,47,27,29,NA
"1349",1,58,1,60,2636687,2636904,968.1,508.2,5,217,26,1,1,7,7,40,40,"because",4,11,0,0,0,1,1410,0,7,47,0,NA,0,NA,"C:/Data/corr_sacc/asc/JITT1.asc",0,0,29,42,782.1,1010.7,501.6,47,18,40,NA
"1350",1,58,1,60,2636918,2636951,1010.7,524.1,6,33,13,1,1,7,7,42,42,"because",6,2,0,0,0,1,1641,0,7,47,0,NA,0,NA,"C:/Data/corr_sacc/asc/JITT1.asc",1,0,40,3,968.1,313,508.2,47,7,42,NA
"1351",1,58,1,60,2637016,2637381,313,678.1,7,365,64,1,2,9,9,50,3,"internet",3,39,0,0,0,1,1739,0,1,32,0,NA,1,"accurate","C:/Data/corr_sacc/asc/JITT1.asc",0,0,42,12,1010.7,461.5,524.1,47,5,3,0
"1352",1,58,1,60,2637406,2637777,461.5,699.7,8,371,24,1,2,10,10,59,12,"disrupts",3,9,0,0,0,1,2129,0,2,32,0,NA,0,NA,"C:/Data/corr_sacc/asc/JITT1.asc",0,1,3,16,313,533.9,678.1,32,29,12,NA
"1353",1,58,1,60,2637808,2637953,533.9,709.3,9,145,30,1,2,10,10,63,16,"disrupts",7,4,0,0,0,1,2531,0,2,32,0,NA,0,NA,"C:/Data/corr_sacc/asc/JITT1.asc",0,0,12,23,461.5,674,699.7,32,20,16,NA
"1354",1,58,1,60,2637979,2638345,674,697.5,10,366,25,1,2,12,12,70,23,"attention.",1,7,0,0,0,1,2702,0,4,32,0,NA,0,NA,"C:/Data/corr_sacc/asc/JITT1.asc",NA,0,16,NA,533.9,NA,709.3,32,16,23,NA
"1355",1,58,1,60,NA,NA,NA,NA,NA,NA,NA,1,1,1,NA,NA,NA,"He",NA,NA,NA,NA,NA,NA,NA,NA,1,NA,NA,NA,NA,NA,"C:/Data/corr_sacc/asc/JITT1.asc",NA,0,23,NA,674,NA,697.5,32,9,NA,NA
"1356",1,58,1,60,NA,NA,NA,NA,NA,NA,NA,1,1,4,NA,NA,NA,"do",NA,NA,NA,NA,NA,NA,NA,NA,4,NA,NA,NA,NA,NA,"C:/Data/corr_sacc/asc/JITT1.asc",NA,NA,NA,NA,NA,NA,NA,NA,NA,NA,NA
"1357",1,58,1,60,NA,NA,NA,NA,NA,NA,NA,1,1,8,NA,NA,NA,"the",NA,NA,NA,NA,NA,NA,NA,NA,8,NA,NA,NA,NA,NA,"C:/Data/corr_sacc/asc/JITT1.asc",NA,NA,NA,NA,NA,NA,NA,NA,NA,NA,NA
"1358",1,58,1,60,NA,NA,NA,NA,NA,NA,NA,1,2,11,NA,NA,NA,"his",NA,NA,NA,NA,NA,NA,NA,NA,3,NA,NA,NA,NA,NA,"C:/Data/corr_sacc/asc/JITT1.asc",0,NA,NA,NA,NA,NA,NA,NA,NA,NA,NA
"1359",1,63,3,61,2830942,2831095,476.6,482.9,1,153,23,1,1,2,2,7,7,"room",3,NA,0,0,0,1,490,0,2,54,0,NA,0,NA,"C:/Data/corr_sacc/asc/JITT1.asc",0,0,NA,15,NA,615.8,NA,NA,NA,7,NA
"1360",1,63,3,61,2831120,2831275,615.8,479.1,2,155,24,1,1,3,3,15,15,"behind",6,8,0,0,0,1,668,0,3,54,0,NA,0,NA,"C:/Data/corr_sacc/asc/JITT1.asc",0,0,7,23,476.6,747.5,482.9,54,47,15,NA
"1361",1,63,3,61,2831300,2831472,747.5,472.4,3,172,24,1,1,5,5,23,23,"bathroom",3,8,0,0,0,1,848,0,5,54,0,NA,0,NA,"C:/Data/corr_sacc/asc/JITT1.asc",0,0,15,34,615.8,958.8,479.1,54,39,23,NA
"1362",1,63,3,61,2831502,2831718,958.8,464.8,4,216,29,1,1,7,7,34,34,"recently",1,11,0,0,0,1,1050,0,7,54,0,NA,0,NA,"C:/Data/corr_sacc/asc/JITT1.asc",0,0,23,44,747.5,1129.9,472.4,54,31,34,NA
"1363",1,63,3,61,2831744,2832044,1129.9,459.9,5,300,25,1,1,8,8,44,44,"painted",2,10,0,0,0,1,1292,0,8,54,0,NA,0,NA,"C:/Data/corr_sacc/asc/JITT1.asc",0,0,34,50,958.8,1244.6,464.8,54,20,44,NA
"1364",1,63,3,61,2832068,2832292,1244.6,460.6,6,224,23,1,1,9,9,50,50,"blue",0,6,0,0,0,1,1616,0,9,54,0,NA,0,NA,"C:/Data/corr_sacc/asc/JITT1.asc",0,0,44,NA,1129.9,1325.1,459.9,54,10,50,NA
"1365",1,63,3,61,2832312,2832446,1325.1,457.6,7,134,19,NA,1,NA,NA,NA,NA,NA,NA,NA,0,0,1,1,1860,NA,NA,54,NA,NA,0,NA,"C:/Data/corr_sacc/asc/JITT1.asc",1,0,50,5,1244.6,440.6,460.6,54,4,61,NA
"1366",1,63,3,61,2832517,2832745,440.6,680.7,8,228,70,1,2,11,11,59,5,"preparation",2,NA,0,0,0,1,2065,0,2,35,0,NA,1,"accurate","C:/Data/corr_sacc/asc/JITT1.asc",0,0,NA,11,1325.1,537.3,457.6,54,NA,5,0
"1367",1,63,3,61,2832770,2832900,537.3,666.5,9,130,24,1,2,11,11,65,11,"preparation",8,6,0,0,0,1,2318,0,2,35,0,NA,0,NA,"C:/Data/corr_sacc/asc/JITT1.asc",0,1,5,24,440.6,770.7,680.7,35,30,11,NA
"1368",1,63,3,61,2832931,2833103,770.7,656.2,10,172,30,1,2,14,14,78,24,"new",1,13,0,0,0,1,2479,0,5,35,0,NA,0,NA,"C:/Data/corr_sacc/asc/JITT1.asc",0,0,11,31,537.3,891.9,666.5,35,24,24,NA
"1369",1,63,3,61,2833128,2833354,891.9,659.8,11,226,24,1,2,15,15,85,31,"tenants.",4,7,0,0,0,1,2676,0,6,35,0,NA,0,NA,"C:/Data/corr_sacc/asc/JITT1.asc",0,0,24,NA,770.7,990.4,656.2,35,11,31,NA
"1370",1,63,3,61,2833376,2833739,990.4,654.6,12,363,21,NA,2,NA,NA,NA,NA,NA,NA,NA,0,0,1,1,2924,NA,NA,35,NA,NA,0,NA,"C:/Data/corr_sacc/asc/JITT1.asc",0,0,31,39,891.9,1035.7,659.8,35,4,43,NA
"1371",1,63,3,61,2833895,2834045,1035.7,491.1,13,150,155,1,1,7,7,39,39,"recently",6,NA,1,0,0,1,3443,0,7,54,NA,NA,0,NA,"C:/Data/corr_sacc/asc/JITT1.asc",0,0,NA,47,990.4,1182,654.6,35,NA,39,NA
"1372",1,63,3,61,2834070,2834299,1182,481.9,14,229,24,1,1,8,8,47,47,"painted",5,8,0,0,0,1,3618,0,8,54,1,NA,0,NA,"C:/Data/corr_sacc/asc/JITT1.asc",NA,0,39,NA,1035.7,NA,491.1,54,15,47,NA
"1373",1,63,3,61,NA,NA,NA,NA,NA,NA,NA,1,1,1,NA,NA,NA,"The",NA,NA,NA,NA,NA,NA,NA,NA,1,NA,NA,NA,NA,NA,"C:/Data/corr_sacc/asc/JITT1.asc",NA,0,47,NA,1182,NA,481.9,54,7,NA,NA
"1374",1,63,3,61,NA,NA,NA,NA,NA,NA,NA,1,1,4,NA,NA,NA,"the",NA,NA,NA,NA,NA,NA,NA,NA,4,NA,NA,NA,NA,NA,"C:/Data/corr_sacc/asc/JITT1.asc",NA,NA,NA,NA,NA,NA,NA,NA,NA,NA,NA
"1375",1,63,3,61,NA,NA,NA,NA,NA,NA,NA,1,1,6,NA,NA,NA,"was",NA,NA,NA,NA,NA,NA,NA,NA,6,NA,NA,NA,NA,NA,"C:/Data/corr_sacc/asc/JITT1.asc",NA,NA,NA,NA,NA,NA,NA,NA,NA,NA,NA
"1376",1,63,3,61,NA,NA,NA,NA,NA,NA,NA,1,2,10,NA,NA,NA,"in",NA,NA,NA,NA,NA,NA,NA,NA,1,NA,NA,NA,NA,NA,"C:/Data/corr_sacc/asc/JITT1.asc",NA,NA,NA,NA,NA,NA,NA,NA,NA,NA,NA
"1377",1,63,3,61,NA,NA,NA,NA,NA,NA,NA,1,2,12,NA,NA,NA,"for",NA,NA,NA,NA,NA,NA,NA,NA,3,NA,NA,NA,NA,NA,"C:/Data/corr_sacc/asc/JITT1.asc",NA,NA,NA,NA,NA,NA,NA,NA,NA,NA,NA
"1378",1,63,3,61,NA,NA,NA,NA,NA,NA,NA,1,2,13,NA,NA,NA,"the",NA,NA,NA,NA,NA,NA,NA,NA,4,NA,NA,NA,NA,NA,"C:/Data/corr_sacc/asc/JITT1.asc",0,NA,NA,NA,NA,NA,NA,NA,NA,NA,NA
"1379",1,24,3,62,2854673,2854865,354,502.5,1,192,16,1,1,1,1,2,2,"Many",2,NA,0,0,0,1,416,0,1,65,0,NA,0,NA,"C:/Data/corr_sacc/asc/JITT1.asc",0,0,NA,15,NA,594.2,NA,NA,NA,2,NA
"1380",1,24,3,62,2854896,2855135,594.2,496.5,2,239,30,1,1,3,3,15,15,"who",1,13,0,0,0,1,639,0,3,65,0,NA,0,NA,"C:/Data/corr_sacc/asc/JITT1.asc",0,0,2,22,354,716.6,502.5,65,63,15,NA
"1381",1,24,3,62,2855160,2855315,716.6,501.6,3,155,24,1,1,5,5,22,22,"travelled",0,7,0,0,0,1,903,0,5,65,0,NA,0,NA,"C:/Data/corr_sacc/asc/JITT1.asc",0,0,15,33,594.2,909.2,496.5,65,50,22,NA
"1382",1,24,3,62,2855343,2855507,909.2,501.3,4,164,27,1,1,6,6,33,33,"from",1,11,0,0,0,1,1086,0,6,65,0,NA,0,NA,"C:/Data/corr_sacc/asc/JITT1.asc",0,0,22,39,716.6,1025.8,501.6,65,43,33,NA
"1383",1,24,3,62,2855530,2855745,1025.8,505,5,215,22,1,1,7,7,39,39,"far",2,6,0,0,0,1,1273,0,7,65,0,NA,0,NA,"C:/Data/corr_sacc/asc/JITT1.asc",0,0,33,50,909.2,1220.2,501.3,65,32,39,NA
"1384",1,24,3,62,2855777,2855937,1220.2,484.5,6,160,31,1,1,10,10,50,50,"visit",1,11,0,0,0,1,1520,0,10,65,0,NA,0,NA,"C:/Data/corr_sacc/asc/JITT1.asc",0,0,39,56,1025.8,1329.1,505,65,26,50,NA
"1385",1,24,3,62,2855958,2856109,1329.1,486.3,7,151,20,1,1,11,11,56,56,"the",1,6,0,0,0,1,1701,0,11,65,0,NA,0,NA,"C:/Data/corr_sacc/asc/JITT1.asc",0,0,50,61,1220.2,1430.1,484.5,65,15,56,NA
"1386",1,24,3,62,2856131,2856284,1430.1,482,8,153,21,1,1,12,12,61,61,"castle",2,5,0,0,0,1,1874,0,12,65,0,NA,0,NA,"C:/Data/corr_sacc/asc/JITT1.asc",1,0,56,5,1329.1,412.6,486.3,65,9,61,NA
"1387",1,24,3,62,2856355,2856561,412.6,725.1,9,206,70,1,2,14,14,70,5,"disappointed",0,56,0,0,0,1,2098,0,2,69,0,NA,1,"accurate","C:/Data/corr_sacc/asc/JITT1.asc",0,0,61,13,1430.1,548.9,482,65,4,5,0
"1388",1,24,3,62,2856588,2856729,548.9,701.4,10,141,26,1,2,14,14,78,13,"disappointed",8,8,0,0,0,1,2331,0,2,69,0,NA,0,NA,"C:/Data/corr_sacc/asc/JITT1.asc",0,1,5,25,412.6,771.2,725.1,69,64,13,NA
"1389",1,24,3,62,2856761,2856950,771.2,698.4,11,189,31,1,2,16,16,90,25,"they",4,12,0,0,0,1,2504,0,4,69,0,NA,0,NA,"C:/Data/corr_sacc/asc/JITT1.asc",0,0,13,34,548.9,935.7,701.4,69,56,25,NA
"1390",1,24,3,62,2856977,2857168,935.7,687.3,12,191,26,1,2,18,18,99,34,"allowed",0,9,0,0,0,1,2720,0,6,69,0,NA,0,NA,"C:/Data/corr_sacc/asc/JITT1.asc",0,0,25,43,771.2,1098.5,698.4,69,44,34,NA
"1391",1,24,3,62,2857196,2857418,1098.5,675,13,222,27,1,2,19,19,108,43,"to",1,9,0,0,0,1,2939,0,7,69,0,NA,0,NA,"C:/Data/corr_sacc/asc/JITT1.asc",0,0,34,53,935.7,1283.1,687.3,69,35,43,NA
"1392",1,24,3,62,2857447,2857644,1283.1,687.1,14,197,28,1,2,22,22,118,53,"king's",0,10,0,0,0,1,3190,0,10,69,0,NA,0,NA,"C:/Data/corr_sacc/asc/JITT1.asc",0,0,43,61,1098.5,1413.7,675,69,26,53,NA
"1393",1,24,3,62,2857668,2857816,1413.7,694.1,15,148,23,1,2,23,23,126,61,"chambers.",1,8,0,0,0,1,3411,0,11,69,0,NA,0,NA,"C:/Data/corr_sacc/asc/JITT1.asc",0,0,53,68,1283.1,1546,687.1,69,16,61,NA
"1394",1,24,3,62,2857840,2858091,1546,694,16,251,23,1,2,23,23,133,68,"chambers.",8,7,0,0,0,1,3583,0,11,69,0,NA,0,NA,"C:/Data/corr_sacc/asc/JITT1.asc",NA,0,61,NA,1413.7,NA,694.1,69,8,68,NA
"1395",1,24,3,62,NA,NA,NA,NA,NA,NA,NA,1,1,2,NA,NA,NA,"tourists",NA,NA,NA,NA,NA,NA,NA,NA,2,NA,NA,NA,NA,NA,"C:/Data/corr_sacc/asc/JITT1.asc",NA,0,68,NA,1546,NA,694,69,1,NA,NA
"1396",1,24,3,62,NA,NA,NA,NA,NA,NA,NA,1,1,4,NA,NA,NA,"had",NA,NA,NA,NA,NA,NA,NA,NA,4,NA,NA,NA,NA,NA,"C:/Data/corr_sacc/asc/JITT1.asc",NA,NA,NA,NA,NA,NA,NA,NA,NA,NA,NA
"1397",1,24,3,62,NA,NA,NA,NA,NA,NA,NA,1,1,8,NA,NA,NA,"away",NA,NA,NA,NA,NA,NA,NA,NA,8,NA,NA,NA,NA,NA,"C:/Data/corr_sacc/asc/JITT1.asc",NA,NA,NA,NA,NA,NA,NA,NA,NA,NA,NA
"1398",1,24,3,62,NA,NA,NA,NA,NA,NA,NA,1,1,9,NA,NA,NA,"to",NA,NA,NA,NA,NA,NA,NA,NA,9,NA,NA,NA,NA,NA,"C:/Data/corr_sacc/asc/JITT1.asc",NA,NA,NA,NA,NA,NA,NA,NA,NA,NA,NA
"1399",1,24,3,62,NA,NA,NA,NA,NA,NA,NA,1,2,13,NA,NA,NA,"were",NA,NA,NA,NA,NA,NA,NA,NA,1,NA,NA,NA,NA,NA,"C:/Data/corr_sacc/asc/JITT1.asc",NA,NA,NA,NA,NA,NA,NA,NA,NA,NA,NA
"1400",1,24,3,62,NA,NA,NA,NA,NA,NA,NA,1,2,15,NA,NA,NA,"as",NA,NA,NA,NA,NA,NA,NA,NA,3,NA,NA,NA,NA,NA,"C:/Data/corr_sacc/asc/JITT1.asc",NA,NA,NA,NA,NA,NA,NA,NA,NA,NA,NA
"1401",1,24,3,62,NA,NA,NA,NA,NA,NA,NA,1,2,17,NA,NA,NA,"weren't",NA,NA,NA,NA,NA,NA,NA,NA,5,NA,NA,NA,NA,NA,"C:/Data/corr_sacc/asc/JITT1.asc",NA,NA,NA,NA,NA,NA,NA,NA,NA,NA,NA
"1402",1,24,3,62,NA,NA,NA,NA,NA,NA,NA,1,2,20,NA,NA,NA,"see",NA,NA,NA,NA,NA,NA,NA,NA,8,NA,NA,NA,NA,NA,"C:/Data/corr_sacc/asc/JITT1.asc",NA,NA,NA,NA,NA,NA,NA,NA,NA,NA,NA
"1403",1,24,3,62,NA,NA,NA,NA,NA,NA,NA,1,2,21,NA,NA,NA,"the",NA,NA,NA,NA,NA,NA,NA,NA,9,NA,NA,NA,NA,NA,"C:/Data/corr_sacc/asc/JITT1.asc",0,NA,NA,NA,NA,NA,NA,NA,NA,NA,NA
"1404",1,27,3,63,2864832,2865004,518.5,499.1,1,172,25,1,1,3,3,9,9,"returned",2,NA,0,0,0,1,623,0,3,55,0,NA,0,NA,"C:/Data/corr_sacc/asc/JITT1.asc",0,0,NA,18,NA,680.4,NA,NA,NA,9,NA
"1405",1,27,3,63,2865031,2865333,680.4,502.5,2,302,26,1,1,4,4,18,18,"from",2,9,0,0,0,1,822,0,4,55,0,NA,0,NA,"C:/Data/corr_sacc/asc/JITT1.asc",0,0,9,26,518.5,825.1,499.1,55,46,18,NA
"1406",1,27,3,63,2865359,2865493,825.1,498.9,3,134,25,1,1,5,5,26,26,"shopping,",5,8,0,0,0,1,1150,0,5,55,0,NA,0,NA,"C:/Data/corr_sacc/asc/JITT1.asc",0,0,18,36,680.4,998.9,502.5,55,37,26,NA
"1407",1,27,3,63,2865528,2865724,998.9,488.6,4,196,34,1,1,7,7,36,36,"were",0,10,0,0,0,1,1319,0,7,55,0,NA,0,NA,"C:/Data/corr_sacc/asc/JITT1.asc",0,0,26,43,825.1,1136.6,498.9,55,29,36,NA
"1408",1,27,3,63,2865747,2865906,1136.6,489.8,5,159,22,1,1,8,8,43,43,"already",2,7,0,0,0,1,1538,0,8,55,0,NA,0,NA,"C:/Data/corr_sacc/asc/JITT1.asc",0,0,36,49,998.9,1232.6,488.6,55,19,43,NA
"1409",1,27,3,63,2865926,2866099,1232.6,495.6,6,173,19,1,1,9,9,49,49,"in",0,6,0,0,0,1,1717,0,9,55,0,NA,0,NA,"C:/Data/corr_sacc/asc/JITT1.asc",0,0,43,54,1136.6,1332.4,489.8,55,12,49,NA
"1410",1,27,3,63,2866123,2866370,1332.4,489.6,7,247,23,1,1,10,10,54,54,"the",2,5,0,0,0,1,1914,0,10,55,0,NA,0,NA,"C:/Data/corr_sacc/asc/JITT1.asc",1,0,49,7,1232.6,477.3,495.6,55,6,54,NA
"1411",1,27,3,63,2866437,2866699,477.3,687.7,8,262,66,1,2,11,11,62,7,"restaurant",7,47,0,0,0,1,2228,0,1,63,0,NA,1,"accurate","C:/Data/corr_sacc/asc/JITT1.asc",0,0,54,19,1332.4,707.6,489.6,55,1,7,0
"1412",1,27,3,63,2866727,2866954,707.6,688.5,9,227,27,1,2,14,14,74,19,"left",0,12,0,0,0,1,2518,0,4,63,0,NA,0,NA,"C:/Data/corr_sacc/asc/JITT1.asc",0,1,7,19,477.3,693.2,687.7,63,56,19,NA
"1413",1,27,3,63,2866963,2867130,693.2,695.6,10,167,8,1,2,14,14,74,19,"left",0,0,0,0,0,1,2754,0,4,63,0,NA,0,NA,"C:/Data/corr_sacc/asc/JITT1.asc",0,0,19,26,707.6,820.8,688.5,63,44,19,NA
"1414",1,27,3,63,2867156,2867338,820.8,690,11,182,25,1,2,15,15,81,26,"me",2,7,0,0,0,1,2947,0,5,63,0,NA,0,NA,"C:/Data/corr_sacc/asc/JITT1.asc",0,0,19,34,693.2,963.5,695.6,63,44,26,NA
"1415",1,27,3,63,2867364,2867784,963.5,682.6,12,420,25,1,2,17,17,89,34,"voicemail",5,8,0,0,0,1,3155,0,7,63,0,NA,0,NA,"C:/Data/corr_sacc/asc/JITT1.asc",0,0,26,45,820.8,1172.9,690,63,37,34,NA
"1416",1,27,3,63,2867812,2868052,1172.9,675,13,240,27,1,2,18,18,100,45,"telling",6,11,0,0,0,1,3603,0,8,63,0,NA,0,NA,"C:/Data/corr_sacc/asc/JITT1.asc",0,0,34,59,963.5,1418.9,682.6,63,29,45,NA
"1417",1,27,3,63,2868084,2868294,1418.9,690.6,14,210,31,1,2,22,22,114,59,"them.",1,14,0,0,0,1,3875,0,12,63,0,NA,0,NA,"C:/Data/corr_sacc/asc/JITT1.asc",0,0,45,62,1172.9,1471.4,675,63,18,59,NA
"1418",1,27,3,63,2868310,2868919,1471.4,705.9,15,609,15,1,2,22,22,117,62,"them.",4,3,0,0,0,1,4101,0,12,63,0,NA,0,NA,"C:/Data/corr_sacc/asc/JITT1.asc",NA,0,59,NA,1418.9,NA,690.6,63,4,62,NA
"1419",1,27,3,63,NA,NA,NA,NA,NA,NA,NA,1,1,1,NA,NA,NA,"When",NA,NA,NA,NA,NA,NA,NA,NA,1,NA,NA,NA,NA,NA,"C:/Data/corr_sacc/asc/JITT1.asc",NA,0,62,NA,1471.4,NA,705.9,63,1,NA,NA
"1420",1,27,3,63,NA,NA,NA,NA,NA,NA,NA,1,1,2,NA,NA,NA,"I",NA,NA,NA,NA,NA,NA,NA,NA,2,NA,NA,NA,NA,NA,"C:/Data/corr_sacc/asc/JITT1.asc",NA,NA,NA,NA,NA,NA,NA,NA,NA,NA,NA
"1421",1,27,3,63,NA,NA,NA,NA,NA,NA,NA,1,1,6,NA,NA,NA,"they",NA,NA,NA,NA,NA,NA,NA,NA,6,NA,NA,NA,NA,NA,"C:/Data/corr_sacc/asc/JITT1.asc",NA,NA,NA,NA,NA,NA,NA,NA,NA,NA,NA
"1422",1,27,3,63,NA,NA,NA,NA,NA,NA,NA,1,2,12,NA,NA,NA,"and",NA,NA,NA,NA,NA,NA,NA,NA,2,NA,NA,NA,NA,NA,"C:/Data/corr_sacc/asc/JITT1.asc",NA,NA,NA,NA,NA,NA,NA,NA,NA,NA,NA
"1423",1,27,3,63,NA,NA,NA,NA,NA,NA,NA,1,2,13,NA,NA,NA,"had",NA,NA,NA,NA,NA,NA,NA,NA,3,NA,NA,NA,NA,NA,"C:/Data/corr_sacc/asc/JITT1.asc",NA,NA,NA,NA,NA,NA,NA,NA,NA,NA,NA
"1424",1,27,3,63,NA,NA,NA,NA,NA,NA,NA,1,2,16,NA,NA,NA,"a",NA,NA,NA,NA,NA,NA,NA,NA,6,NA,NA,NA,NA,NA,"C:/Data/corr_sacc/asc/JITT1.asc",NA,NA,NA,NA,NA,NA,NA,NA,NA,NA,NA
"1425",1,27,3,63,NA,NA,NA,NA,NA,NA,NA,1,2,19,NA,NA,NA,"me",NA,NA,NA,NA,NA,NA,NA,NA,9,NA,NA,NA,NA,NA,"C:/Data/corr_sacc/asc/JITT1.asc",NA,NA,NA,NA,NA,NA,NA,NA,NA,NA,NA
"1426",1,27,3,63,NA,NA,NA,NA,NA,NA,NA,1,2,20,NA,NA,NA,"to",NA,NA,NA,NA,NA,NA,NA,NA,10,NA,NA,NA,NA,NA,"C:/Data/corr_sacc/asc/JITT1.asc",NA,NA,NA,NA,NA,NA,NA,NA,NA,NA,NA
"1427",1,27,3,63,NA,NA,NA,NA,NA,NA,NA,1,2,21,NA,NA,NA,"join",NA,NA,NA,NA,NA,NA,NA,NA,11,NA,NA,NA,NA,NA,"C:/Data/corr_sacc/asc/JITT1.asc",0,NA,NA,NA,NA,NA,NA,NA,NA,NA,NA
"1428",1,90,3,64,2877647,2877851,395.8,505,1,204,15,1,1,1,1,3,3,"Although",3,NA,0,0,0,1,274,0,1,65,0,NA,0,NA,"C:/Data/corr_sacc/asc/JITT1.asc",0,0,NA,13,NA,581,NA,NA,NA,3,NA
"1429",1,90,3,64,2877879,2878034,581,502.3,2,155,27,1,1,3,3,13,13,"wife",0,10,0,0,0,1,506,0,3,65,0,NA,0,NA,"C:/Data/corr_sacc/asc/JITT1.asc",0,0,3,20,395.8,706.2,505,65,62,13,NA
"1430",1,90,3,64,2878069,2878333,706.2,495.3,3,264,34,1,1,4,4,20,20,"of",2,7,0,0,0,1,696,0,4,65,0,NA,0,NA,"C:/Data/corr_sacc/asc/JITT1.asc",0,0,13,30,581,888.2,502.3,65,52,20,NA
"1431",1,90,3,64,2878363,2878620,888.2,496.6,4,257,29,1,1,6,6,30,30,"business",5,10,0,0,0,1,990,0,6,65,0,NA,0,NA,"C:/Data/corr_sacc/asc/JITT1.asc",0,0,20,38,706.2,1036.7,495.3,65,45,30,NA
"1432",1,90,3,64,2878646,2878821,1036.7,498.5,5,175,25,1,1,7,7,38,38,"director",4,8,0,0,0,1,1273,0,7,65,0,NA,0,NA,"C:/Data/corr_sacc/asc/JITT1.asc",0,0,30,48,888.2,1203.7,496.6,65,35,38,NA
"1433",1,90,3,64,2878848,2879179,1203.7,500,6,331,26,1,1,8,8,48,48,"spoke",5,10,0,0,0,1,1475,0,8,65,0,NA,0,NA,"C:/Data/corr_sacc/asc/JITT1.asc",0,0,38,57,1036.7,1373.2,498.5,65,27,48,NA
"1434",1,90,3,64,2879203,2879363,1373.2,509.2,7,160,23,1,1,10,10,57,57,"clearly",3,9,0,0,0,1,1830,0,10,65,0,NA,0,NA,"C:/Data/corr_sacc/asc/JITT1.asc",0,0,48,NA,1203.7,1524.4,500,65,17,57,NA
"1435",1,90,3,64,2879388,2879685,1524.4,518.1,8,297,24,NA,1,NA,11,NA,NA,NA,NA,NA,0,0,1,1,2015,NA,NA,65,NA,NA,0,NA,"C:/Data/corr_sacc/asc/JITT1.asc",1,0,57,6,1373.2,458.8,509.2,65,8,73,NA
"1436",1,90,3,64,2879772,2880026,458.8,704.2,9,254,86,1,2,12,12,71,6,"fluently,",6,NA,0,0,0,1,2399,0,1,66,0,NA,1,"accurate","C:/Data/corr_sacc/asc/JITT1.asc",0,0,NA,18,1524.4,673.7,518.1,65,NA,6,0
"1437",1,90,3,64,2880055,2880291,673.7,711.2,10,236,28,1,2,14,14,83,18,"words",4,12,0,0,0,1,2682,0,3,66,0,NA,0,NA,"C:/Data/corr_sacc/asc/JITT1.asc",0,1,6,29,458.8,862.5,704.2,66,60,18,NA
"1438",1,90,3,64,2880330,2880564,862.5,684.8,11,234,38,1,2,16,16,94,29,"unintelligible",4,11,0,0,0,1,2957,0,5,66,0,NA,0,NA,"C:/Data/corr_sacc/asc/JITT1.asc",0,0,18,36,673.7,993,711.2,66,48,29,NA
"1439",1,90,3,64,2880590,2880903,993,691.6,12,313,25,1,2,16,16,101,36,"unintelligible",11,7,0,0,0,1,3217,0,5,66,0,NA,0,NA,"C:/Data/corr_sacc/asc/JITT1.asc",0,0,29,52,862.5,1284.8,684.8,66,37,36,NA
"1440",1,90,3,64,2880936,2881209,1284.8,720.9,13,273,32,1,2,19,19,117,52,"background",5,16,0,0,0,1,3563,0,8,66,0,NA,0,NA,"C:/Data/corr_sacc/asc/JITT1.asc",0,0,36,48,993,1209.3,691.6,66,30,52,NA
"1441",1,90,3,64,2881230,2881471,1209.3,709.8,14,241,20,1,2,19,19,113,48,"background",1,4,0,0,0,1,3857,0,8,66,0,NA,0,NA,"C:/Data/corr_sacc/asc/JITT1.asc",0,0,52,64,1284.8,1504.3,720.9,66,14,48,NA
"1442",1,90,3,64,2881510,2881749,1504.3,709.9,15,239,38,1,2,20,20,129,64,"chatter.",6,16,0,0,0,1,4137,0,9,66,0,NA,0,NA,"C:/Data/corr_sacc/asc/JITT1.asc",NA,0,48,NA,1209.3,NA,709.8,66,18,64,NA
"1443",1,90,3,64,NA,NA,NA,NA,NA,NA,NA,1,1,2,NA,NA,NA,"the",NA,NA,NA,NA,NA,NA,NA,NA,2,NA,NA,NA,NA,NA,"C:/Data/corr_sacc/asc/JITT1.asc",NA,0,64,NA,1504.3,NA,709.9,66,2,NA,NA
"1444",1,90,3,64,NA,NA,NA,NA,NA,NA,NA,1,1,5,NA,NA,NA,"the",NA,NA,NA,NA,NA,NA,NA,NA,5,NA,NA,NA,NA,NA,"C:/Data/corr_sacc/asc/JITT1.asc",NA,NA,NA,NA,NA,NA,NA,NA,NA,NA,NA
"1445",1,90,3,64,NA,NA,NA,NA,NA,NA,NA,1,1,9,NA,NA,NA,"very",NA,NA,NA,NA,NA,NA,NA,NA,9,NA,NA,NA,NA,NA,"C:/Data/corr_sacc/asc/JITT1.asc",NA,NA,NA,NA,NA,NA,NA,NA,NA,NA,NA
"1446",1,90,3,64,NA,NA,NA,NA,NA,NA,NA,1,1,11,NA,NA,NA,"and",NA,NA,NA,NA,NA,NA,NA,NA,11,NA,NA,NA,NA,NA,"C:/Data/corr_sacc/asc/JITT1.asc",NA,NA,NA,NA,NA,NA,NA,NA,NA,NA,NA
"1447",1,90,3,64,NA,NA,NA,NA,NA,NA,NA,1,2,13,NA,NA,NA,"her",NA,NA,NA,NA,NA,NA,NA,NA,2,NA,NA,NA,NA,NA,"C:/Data/corr_sacc/asc/JITT1.asc",NA,NA,NA,NA,NA,NA,NA,NA,NA,NA,NA
"1448",1,90,3,64,NA,NA,NA,NA,NA,NA,NA,1,2,15,NA,NA,NA,"were",NA,NA,NA,NA,NA,NA,NA,NA,4,NA,NA,NA,NA,NA,"C:/Data/corr_sacc/asc/JITT1.asc",NA,NA,NA,NA,NA,NA,NA,NA,NA,NA,NA
"1449",1,90,3,64,NA,NA,NA,NA,NA,NA,NA,1,2,17,NA,NA,NA,"in",NA,NA,NA,NA,NA,NA,NA,NA,6,NA,NA,NA,NA,NA,"C:/Data/corr_sacc/asc/JITT1.asc",NA,NA,NA,NA,NA,NA,NA,NA,NA,NA,NA
"1450",1,90,3,64,NA,NA,NA,NA,NA,NA,NA,1,2,18,NA,NA,NA,"the",NA,NA,NA,NA,NA,NA,NA,NA,7,NA,NA,NA,NA,NA,"C:/Data/corr_sacc/asc/JITT1.asc",0,NA,NA,NA,NA,NA,NA,NA,NA,NA,NA
"1451",1,54,3,65,2886157,2886308,246.7,497,1,151,16,1,1,1,1,1,1,"The",1,NA,0,0,0,1,500,0,1,56,0,NA,0,NA,"C:/Data/corr_sacc/asc/JITT1.asc",0,0,NA,14,NA,469.9,NA,NA,NA,1,NA
"1452",1,54,3,65,2886336,2886557,469.9,495.2,2,221,27,1,1,3,3,14,14,"discovered",0,13,0,0,0,1,679,0,3,56,0,NA,0,NA,"C:/Data/corr_sacc/asc/JITT1.asc",0,0,1,25,246.7,671.9,497,56,55,14,NA
"1453",1,54,3,65,2886594,2886787,671.9,484.8,3,193,36,1,1,4,4,25,25,"that",0,11,0,0,0,1,937,0,4,56,0,NA,0,NA,"C:/Data/corr_sacc/asc/JITT1.asc",0,0,14,35,469.9,845.7,495.2,56,42,25,NA
"1454",1,54,3,65,2886814,2887001,845.7,480.5,4,187,26,1,1,6,6,35,35,"victim",1,10,0,0,0,1,1157,0,6,56,0,NA,0,NA,"C:/Data/corr_sacc/asc/JITT1.asc",0,0,25,44,671.9,1015.5,484.8,56,31,35,NA
"1455",1,54,3,65,2887026,2887303,1015.5,481.1,5,277,24,1,1,7,7,44,44,"was",3,9,0,0,0,1,1369,0,7,56,0,NA,0,NA,"C:/Data/corr_sacc/asc/JITT1.asc",0,0,35,54,845.7,1185,480.5,56,21,44,NA
"1456",1,54,3,65,2887331,2887528,1185,484.1,6,197,27,1,1,9,9,54,54,"by",2,10,0,0,0,1,1674,0,9,56,0,NA,0,NA,"C:/Data/corr_sacc/asc/JITT1.asc",1,0,44,4,1015.5,296.4,481.1,56,12,54,NA
"1457",1,54,3,65,2887598,2887808,296.4,727.8,7,210,69,1,2,11,11,60,4,"poisonous",4,50,0,0,0,1,1941,0,1,52,0,NA,1,"accurate","C:/Data/corr_sacc/asc/JITT1.asc",0,0,54,8,1185,360.2,484.1,56,2,4,0
"1458",1,54,3,65,2887833,2887989,360.2,720.1,8,156,24,1,2,11,11,64,8,"poisonous",8,4,0,0,0,1,2176,0,1,52,0,NA,0,NA,"C:/Data/corr_sacc/asc/JITT1.asc",0,1,4,18,296.4,537,727.8,52,48,8,NA
"1459",1,54,3,65,2888016,2888319,537,704.7,9,303,26,1,2,12,12,74,18,"substance",8,10,0,0,0,1,2359,0,2,52,0,NA,0,NA,"C:/Data/corr_sacc/asc/JITT1.asc",0,0,8,27,360.2,710.2,720.1,52,44,18,NA
"1460",1,54,3,65,2888346,2888551,710.2,684.4,10,205,26,1,2,14,14,83,27,"ingested",2,9,0,0,0,1,2689,0,4,52,0,NA,0,NA,"C:/Data/corr_sacc/asc/JITT1.asc",0,0,18,27,537,703.5,704.7,52,34,27,NA
"1461",1,54,3,65,2888559,2888895,703.5,686.7,11,336,7,1,2,14,14,83,27,"ingested",2,0,0,0,0,1,2902,0,4,52,0,NA,0,NA,"C:/Data/corr_sacc/asc/JITT1.asc",0,0,27,36,710.2,861.6,684.4,52,25,27,NA
"1462",1,54,3,65,2888921,2889069,861.6,687.6,12,148,25,1,2,15,15,92,36,"during",2,9,0,0,0,1,3264,0,5,52,0,NA,0,NA,"C:/Data/corr_sacc/asc/JITT1.asc",0,0,27,43,703.5,988.1,686.7,52,25,36,NA
"1463",1,54,3,65,2889094,2889327,988.1,697.6,13,233,24,1,2,16,16,99,43,"the",2,7,0,0,0,1,3437,0,6,52,0,NA,0,NA,"C:/Data/corr_sacc/asc/JITT1.asc",0,0,36,49,861.6,1110.7,687.6,52,16,43,NA
"1464",1,54,3,65,2889350,2889716,1110.7,682.5,14,366,22,1,2,17,17,105,49,"dinner.",4,6,0,0,0,1,3693,0,7,52,0,NA,0,NA,"C:/Data/corr_sacc/asc/JITT1.asc",NA,0,43,NA,988.1,NA,697.6,52,9,49,NA
"1465",1,54,3,65,NA,NA,NA,NA,NA,NA,NA,1,1,2,NA,NA,NA,"detective",NA,NA,NA,NA,NA,NA,NA,NA,2,NA,NA,NA,NA,NA,"C:/Data/corr_sacc/asc/JITT1.asc",NA,0,49,NA,1110.7,NA,682.5,52,3,NA,NA
"1466",1,54,3,65,NA,NA,NA,NA,NA,NA,NA,1,1,5,NA,NA,NA,"the",NA,NA,NA,NA,NA,NA,NA,NA,5,NA,NA,NA,NA,NA,"C:/Data/corr_sacc/asc/JITT1.asc",NA,NA,NA,NA,NA,NA,NA,NA,NA,NA,NA
"1467",1,54,3,65,NA,NA,NA,NA,NA,NA,NA,1,1,8,NA,NA,NA,"killed",NA,NA,NA,NA,NA,NA,NA,NA,8,NA,NA,NA,NA,NA,"C:/Data/corr_sacc/asc/JITT1.asc",NA,NA,NA,NA,NA,NA,NA,NA,NA,NA,NA
"1468",1,54,3,65,NA,NA,NA,NA,NA,NA,NA,1,1,10,NA,NA,NA,"a",NA,NA,NA,NA,NA,NA,NA,NA,10,NA,NA,NA,NA,NA,"C:/Data/corr_sacc/asc/JITT1.asc",NA,NA,NA,NA,NA,NA,NA,NA,NA,NA,NA
"1469",1,54,3,65,NA,NA,NA,NA,NA,NA,NA,1,2,13,NA,NA,NA,"they",NA,NA,NA,NA,NA,NA,NA,NA,3,NA,NA,NA,NA,NA,"C:/Data/corr_sacc/asc/JITT1.asc",0,NA,NA,NA,NA,NA,NA,NA,NA,NA,NA
"1470",1,86,2,66,2912025,2912218,267,510.5,1,193,23,1,1,1,1,2,2,"The",2,NA,0,0,0,1,398,0,1,65,0,NA,0,NA,"C:/Data/corr_sacc/asc/JITT1.asc",0,0,NA,10,NA,405.7,NA,NA,NA,2,NA
"1471",1,86,2,66,2912254,2912385,405.7,503.5,2,131,35,1,1,2,2,10,10,"National",6,8,0,0,0,1,627,0,2,65,0,NA,0,NA,"C:/Data/corr_sacc/asc/JITT1.asc",0,0,2,17,267,527.2,510.5,65,63,10,NA
"1472",1,86,2,66,2912409,2912579,527.2,493.9,3,170,23,1,1,4,4,17,17,"near",0,7,0,0,0,1,782,0,4,65,0,NA,0,NA,"C:/Data/corr_sacc/asc/JITT1.asc",0,0,10,21,405.7,612.4,503.5,65,55,17,NA
"1473",1,86,2,66,2912609,2912739,612.4,504,4,130,29,1,1,4,4,21,21,"near",4,4,0,0,0,1,982,0,4,65,0,NA,0,NA,"C:/Data/corr_sacc/asc/JITT1.asc",0,0,17,31,527.2,790.1,493.9,65,48,21,NA
"1474",1,86,2,66,2912767,2912919,790.1,496.3,5,152,27,1,1,6,6,31,31,"museum",5,10,0,0,0,1,1140,0,6,65,0,NA,0,NA,"C:/Data/corr_sacc/asc/JITT1.asc",0,0,21,39,612.4,928.8,504,65,44,31,NA
"1475",1,86,2,66,2912946,2913193,928.8,496,6,247,26,1,1,9,9,39,39,"very",0,8,0,0,0,1,1319,0,9,65,0,NA,0,NA,"C:/Data/corr_sacc/asc/JITT1.asc",0,0,31,46,790.1,1060.9,496.3,65,34,39,NA
"1476",1,86,2,66,2913218,2913410,1060.9,493.8,7,192,24,1,1,10,10,46,46,"high",2,7,0,0,0,1,1591,0,10,65,0,NA,0,NA,"C:/Data/corr_sacc/asc/JITT1.asc",0,0,39,53,928.8,1179.6,496,65,26,46,NA
"1477",1,86,2,66,2913431,2913646,1179.6,495.4,8,215,20,1,1,11,11,53,53,"white",4,7,0,0,0,1,1804,0,11,65,0,NA,0,NA,"C:/Data/corr_sacc/asc/JITT1.asc",0,0,46,58,1060.9,1278.3,493.8,65,19,53,NA
"1478",1,86,2,66,2913670,2913889,1278.3,488.2,9,219,23,1,1,12,12,58,58,"iron",3,5,0,0,0,1,2043,0,12,65,0,NA,0,NA,"C:/Data/corr_sacc/asc/JITT1.asc",0,0,53,65,1179.6,1392.4,495.4,65,12,58,NA
"1479",1,86,2,66,2913914,2914152,1392.4,478.7,10,238,24,1,1,13,13,65,65,"fence",5,7,0,0,0,1,2287,0,13,65,0,NA,0,NA,"C:/Data/corr_sacc/asc/JITT1.asc",1,0,58,11,1278.3,424,488.2,65,7,65,NA
"1480",1,86,2,66,2914223,2914341,424,689.2,11,118,70,1,2,16,16,76,11,"designed",3,54,0,0,0,1,2596,0,3,46,0,NA,1,"undersweep","C:/Data/corr_sacc/asc/JITT1.asc",0,0,65,4,1392.4,294.6,478.7,65,0,11,1
"1481",1,86,2,66,2914378,2914510,294.6,701.7,12,132,36,1,2,14,14,69,4,"that",4,7,0,0,0,1,2751,0,1,46,1,NA,0,NA,"C:/Data/corr_sacc/asc/JITT1.asc",0,1,11,1,424,254.1,689.2,46,35,4,NA
"1482",1,86,2,66,2914530,2914944,254.1,705.3,13,414,19,1,2,14,14,66,1,"that",1,3,0,0,0,1,2903,0,1,46,1,NA,0,NA,"C:/Data/corr_sacc/asc/JITT1.asc",0,0,4,8,294.6,370.2,701.7,46,42,1,NA
"1483",1,86,2,66,2914970,2915138,370.2,713.3,14,168,25,1,2,16,16,73,8,"designed",0,7,0,0,0,1,3343,0,3,46,1,NA,0,NA,"C:/Data/corr_sacc/asc/JITT1.asc",0,0,1,20,254.1,579.5,705.3,46,45,8,NA
"1484",1,86,2,66,2915179,2915405,579.5,706.7,15,226,40,1,2,18,18,85,20,"keep",0,12,0,0,0,1,3552,0,5,46,0,NA,0,NA,"C:/Data/corr_sacc/asc/JITT1.asc",0,0,8,34,370.2,848.3,713.3,46,38,20,NA
"1485",1,86,2,66,2915438,2915693,848.3,676.8,16,255,32,1,2,21,21,99,34,"animals",1,14,0,0,0,1,3811,0,8,46,0,NA,0,NA,"C:/Data/corr_sacc/asc/JITT1.asc",0,0,20,41,579.5,966.4,706.7,46,26,34,NA
"1486",1,86,2,66,2915716,2915964,966.4,675.5,17,248,22,1,2,22,22,106,41,"safe.",0,7,0,0,0,1,4089,0,9,46,0,NA,0,NA,"C:/Data/corr_sacc/asc/JITT1.asc",NA,0,34,NA,848.3,NA,676.8,46,12,41,NA
"1487",1,86,2,66,NA,NA,NA,NA,NA,NA,NA,1,1,3,NA,NA,NA,"Zoo",NA,NA,NA,NA,NA,NA,NA,NA,3,NA,NA,NA,NA,NA,"C:/Data/corr_sacc/asc/JITT1.asc",NA,0,41,NA,966.4,NA,675.5,46,5,NA,NA
"1488",1,86,2,66,NA,NA,NA,NA,NA,NA,NA,1,1,5,NA,NA,NA,"the",NA,NA,NA,NA,NA,NA,NA,NA,5,NA,NA,NA,NA,NA,"C:/Data/corr_sacc/asc/JITT1.asc",NA,NA,NA,NA,NA,NA,NA,NA,NA,NA,NA
"1489",1,86,2,66,NA,NA,NA,NA,NA,NA,NA,1,1,7,NA,NA,NA,"has",NA,NA,NA,NA,NA,NA,NA,NA,7,NA,NA,NA,NA,NA,"C:/Data/corr_sacc/asc/JITT1.asc",NA,NA,NA,NA,NA,NA,NA,NA,NA,NA,NA
"1490",1,86,2,66,NA,NA,NA,NA,NA,NA,NA,1,1,8,NA,NA,NA,"a",NA,NA,NA,NA,NA,NA,NA,NA,8,NA,NA,NA,NA,NA,"C:/Data/corr_sacc/asc/JITT1.asc",NA,NA,NA,NA,NA,NA,NA,NA,NA,NA,NA
"1491",1,86,2,66,NA,NA,NA,NA,NA,NA,NA,1,2,15,NA,NA,NA,"is",NA,NA,NA,NA,NA,NA,NA,NA,2,NA,NA,NA,NA,NA,"C:/Data/corr_sacc/asc/JITT1.asc",NA,NA,NA,NA,NA,NA,NA,NA,NA,NA,NA
"1492",1,86,2,66,NA,NA,NA,NA,NA,NA,NA,1,2,17,NA,NA,NA,"to",NA,NA,NA,NA,NA,NA,NA,NA,4,NA,NA,NA,NA,NA,"C:/Data/corr_sacc/asc/JITT1.asc",NA,NA,NA,NA,NA,NA,NA,NA,NA,NA,NA
"1493",1,86,2,66,NA,NA,NA,NA,NA,NA,NA,1,2,19,NA,NA,NA,"all",NA,NA,NA,NA,NA,NA,NA,NA,6,NA,NA,NA,NA,NA,"C:/Data/corr_sacc/asc/JITT1.asc",NA,NA,NA,NA,NA,NA,NA,NA,NA,NA,NA
"1494",1,86,2,66,NA,NA,NA,NA,NA,NA,NA,1,2,20,NA,NA,NA,"the",NA,NA,NA,NA,NA,NA,NA,NA,7,NA,NA,NA,NA,NA,"C:/Data/corr_sacc/asc/JITT1.asc",0,NA,NA,NA,NA,NA,NA,NA,NA,NA,NA
"1495",1,72,3,67,2919886,2920100,421.5,513.7,1,214,35,1,1,2,2,7,7,"and",2,NA,0,0,0,1,652,0,2,66,0,NA,0,NA,"C:/Data/corr_sacc/asc/JITT1.asc",0,0,NA,16,NA,573.6,NA,NA,NA,7,NA
"1496",1,72,3,67,2920127,2920278,573.6,504.3,2,151,26,1,1,4,4,16,16,"brothers",3,9,0,0,0,1,893,0,4,66,0,NA,0,NA,"C:/Data/corr_sacc/asc/JITT1.asc",0,0,7,25,421.5,740.7,513.7,66,59,16,NA
"1497",1,72,3,67,2920303,2920512,740.7,497.9,3,209,24,1,1,5,5,25,25,"decided",3,9,0,0,0,1,1069,0,5,66,0,NA,0,NA,"C:/Data/corr_sacc/asc/JITT1.asc",0,0,16,34,573.6,912.8,504.3,66,50,25,NA
"1498",1,72,3,67,2920539,2920713,912.8,489.2,4,174,26,1,1,6,6,34,34,"together",4,9,0,0,0,1,1305,0,6,66,0,NA,0,NA,"C:/Data/corr_sacc/asc/JITT1.asc",0,0,25,46,740.7,1128.5,497.9,66,41,34,NA
"1499",1,72,3,67,2920741,2921133,1128.5,485.7,5,392,27,1,1,8,8,46,46,"have",4,12,0,0,0,1,1507,0,8,66,0,NA,0,NA,"C:/Data/corr_sacc/asc/JITT1.asc",0,0,34,55,912.8,1293.2,489.2,66,32,46,NA
"1500",1,72,3,67,2921156,2921301,1293.2,484.1,6,145,22,1,1,10,10,55,55,"surprise",6,9,0,0,0,1,1922,0,10,66,0,NA,0,NA,"C:/Data/corr_sacc/asc/JITT1.asc",0,0,46,64,1128.5,1453.8,485.7,66,20,55,NA
"1501",1,72,3,67,2921328,2921417,1453.8,485.5,7,89,26,1,1,11,11,64,64,"birthday",6,9,0,0,0,1,2094,0,11,66,0,NA,0,NA,"C:/Data/corr_sacc/asc/JITT1.asc",1,0,55,6,1293.2,395.9,484.1,66,11,64,NA
"1502",1,72,3,67,2921503,2921697,395.9,725.2,8,194,85,1,2,13,13,72,6,"for",0,58,0,0,0,1,2269,0,2,42,0,NA,1,"accurate","C:/Data/corr_sacc/asc/JITT1.asc",0,0,64,14,1453.8,548.5,485.5,66,2,6,0
"1503",1,72,3,67,2921722,2922006,548.5,702.7,9,284,24,1,2,15,15,80,14,"friend",2,8,0,0,0,1,2488,0,4,42,0,NA,0,NA,"C:/Data/corr_sacc/asc/JITT1.asc",0,1,6,25,395.9,750,725.2,42,36,14,NA
"1504",1,72,3,67,2922035,2922275,750,686.5,10,240,28,1,2,17,17,91,25,"the",3,11,0,0,0,1,2801,0,6,42,0,NA,0,NA,"C:/Data/corr_sacc/asc/JITT1.asc",0,0,14,34,548.5,909.5,702.7,42,28,25,NA
"1505",1,72,3,67,2922302,2922502,909.5,683.2,11,200,26,1,2,20,20,100,34,"December.",1,9,0,0,0,1,3068,0,9,42,0,NA,0,NA,"C:/Data/corr_sacc/asc/JITT1.asc",0,0,25,40,750,1005.7,686.5,42,17,34,NA
"1506",1,72,3,67,2922525,2922756,1005.7,678.9,12,231,22,1,2,20,20,106,40,"December.",7,6,0,0,0,1,3291,0,9,42,0,NA,0,NA,"C:/Data/corr_sacc/asc/JITT1.asc",NA,0,34,NA,909.5,NA,683.2,42,8,40,NA
"1507",1,72,3,67,NA,NA,NA,NA,NA,NA,NA,1,1,1,NA,NA,NA,"Jane",NA,NA,NA,NA,NA,NA,NA,NA,1,NA,NA,NA,NA,NA,"C:/Data/corr_sacc/asc/JITT1.asc",NA,0,40,NA,1005.7,NA,678.9,42,2,NA,NA
"1508",1,72,3,67,NA,NA,NA,NA,NA,NA,NA,1,1,3,NA,NA,NA,"her",NA,NA,NA,NA,NA,NA,NA,NA,3,NA,NA,NA,NA,NA,"C:/Data/corr_sacc/asc/JITT1.asc",NA,NA,NA,NA,NA,NA,NA,NA,NA,NA,NA
"1509",1,72,3,67,NA,NA,NA,NA,NA,NA,NA,1,1,7,NA,NA,NA,"to",NA,NA,NA,NA,NA,NA,NA,NA,7,NA,NA,NA,NA,NA,"C:/Data/corr_sacc/asc/JITT1.asc",NA,NA,NA,NA,NA,NA,NA,NA,NA,NA,NA
"1510",1,72,3,67,NA,NA,NA,NA,NA,NA,NA,1,1,9,NA,NA,NA,"a",NA,NA,NA,NA,NA,NA,NA,NA,9,NA,NA,NA,NA,NA,"C:/Data/corr_sacc/asc/JITT1.asc",NA,NA,NA,NA,NA,NA,NA,NA,NA,NA,NA
"1511",1,72,3,67,NA,NA,NA,NA,NA,NA,NA,1,2,12,NA,NA,NA,"party",NA,NA,NA,NA,NA,NA,NA,NA,1,NA,NA,NA,NA,NA,"C:/Data/corr_sacc/asc/JITT1.asc",NA,NA,NA,NA,NA,NA,NA,NA,NA,NA,NA
"1512",1,72,3,67,NA,NA,NA,NA,NA,NA,NA,1,2,14,NA,NA,NA,"a",NA,NA,NA,NA,NA,NA,NA,NA,3,NA,NA,NA,NA,NA,"C:/Data/corr_sacc/asc/JITT1.asc",NA,NA,NA,NA,NA,NA,NA,NA,NA,NA,NA
"1513",1,72,3,67,NA,NA,NA,NA,NA,NA,NA,1,2,16,NA,NA,NA,"at",NA,NA,NA,NA,NA,NA,NA,NA,5,NA,NA,NA,NA,NA,"C:/Data/corr_sacc/asc/JITT1.asc",NA,NA,NA,NA,NA,NA,NA,NA,NA,NA,NA
"1514",1,72,3,67,NA,NA,NA,NA,NA,NA,NA,1,2,18,NA,NA,NA,"end",NA,NA,NA,NA,NA,NA,NA,NA,7,NA,NA,NA,NA,NA,"C:/Data/corr_sacc/asc/JITT1.asc",NA,NA,NA,NA,NA,NA,NA,NA,NA,NA,NA
"1515",1,72,3,67,NA,NA,NA,NA,NA,NA,NA,1,2,19,NA,NA,NA,"of",NA,NA,NA,NA,NA,NA,NA,NA,8,NA,NA,NA,NA,NA,"C:/Data/corr_sacc/asc/JITT1.asc",0,NA,NA,NA,NA,NA,NA,NA,NA,NA,NA
"1516",1,82,1,68,2935515,2935702,246.4,527.4,1,187,20,1,1,1,1,2,2,"The",2,NA,0,0,0,1,421,0,1,65,0,NA,0,NA,"C:/Data/corr_sacc/asc/JITT1.asc",0,0,NA,10,NA,399.7,NA,NA,NA,2,NA
"1517",1,82,1,68,2935728,2935928,399.7,512.8,2,200,25,1,1,3,3,10,10,"hired",0,8,0,0,0,1,634,0,3,65,0,NA,0,NA,"C:/Data/corr_sacc/asc/JITT1.asc",0,0,2,19,246.4,549,527.4,65,63,10,NA
"1518",1,82,1,68,2935954,2936169,549,508.5,3,215,25,1,1,4,4,19,19,"office",3,9,0,0,0,1,860,0,4,65,0,NA,0,NA,"C:/Data/corr_sacc/asc/JITT1.asc",0,0,10,28,399.7,725.8,512.8,65,55,19,NA
"1519",1,82,1,68,2936196,2936451,725.8,511.5,4,255,26,1,1,5,5,28,28,"secretary",5,9,0,0,0,1,1102,0,5,65,0,NA,0,NA,"C:/Data/corr_sacc/asc/JITT1.asc",0,0,19,38,549,902.2,508.5,65,46,28,NA
"1520",1,82,1,68,2936493,2936762,902.2,506.1,5,269,41,1,1,7,7,38,38,"more",1,10,0,0,0,1,1399,0,7,65,0,NA,0,NA,"C:/Data/corr_sacc/asc/JITT1.asc",0,0,28,47,725.8,1061.2,511.5,65,37,38,NA
"1521",1,82,1,68,2936787,2936929,1061.2,504.7,6,142,24,1,1,8,8,47,47,"friendly",5,9,0,0,0,1,1693,0,8,65,0,NA,0,NA,"C:/Data/corr_sacc/asc/JITT1.asc",0,0,38,55,902.2,1212,506.1,65,27,47,NA
"1522",1,82,1,68,2936957,2937169,1212,505.7,7,212,27,1,1,10,10,55,55,"apologetic",0,8,0,0,0,1,1863,0,10,65,0,NA,0,NA,"C:/Data/corr_sacc/asc/JITT1.asc",0,0,47,61,1061.2,1306.2,504.7,65,18,55,NA
"1523",1,82,1,68,2937191,2937519,1306.2,500.5,8,328,21,1,1,10,10,61,61,"apologetic",6,6,0,0,0,1,2097,0,10,65,0,NA,0,NA,"C:/Data/corr_sacc/asc/JITT1.asc",0,0,55,55,1212,1210.7,505.7,65,10,61,NA
"1524",1,82,1,68,2937541,2937825,1210.7,488.8,9,284,21,1,1,10,10,55,55,"apologetic",0,6,0,0,0,1,2447,0,10,65,0,NA,0,NA,"C:/Data/corr_sacc/asc/JITT1.asc",1,0,61,6,1306.2,320.2,500.5,65,4,55,NA
"1525",1,82,1,68,2937911,2938046,320.2,722.5,10,135,85,1,2,12,12,71,6,"she",0,49,0,0,0,1,2817,0,2,66,0,NA,1,"undersweep","C:/Data/corr_sacc/asc/JITT1.asc",0,0,55,3,1210.7,269.1,488.8,65,10,6,1
"1526",1,82,1,68,2938070,2938259,269.1,709.4,11,189,23,1,2,11,11,68,3,"after",3,3,0,0,0,1,2976,0,1,66,1,NA,0,NA,"C:/Data/corr_sacc/asc/JITT1.asc",0,1,6,11,320.2,409.8,722.5,66,60,3,NA
"1527",1,82,1,68,2938285,2938452,409.8,694.4,12,167,25,1,2,13,13,76,11,"discovered",1,8,0,0,0,1,3191,0,3,66,0,NA,0,NA,"C:/Data/corr_sacc/asc/JITT1.asc",0,0,3,16,269.1,500.5,709.4,66,63,11,NA
"1528",1,82,1,68,2938476,2938665,500.5,701.2,13,189,23,1,2,13,13,81,16,"discovered",6,5,0,0,0,1,3382,0,3,66,0,NA,0,NA,"C:/Data/corr_sacc/asc/JITT1.asc",0,0,11,28,409.8,711.1,694.4,66,55,16,NA
"1529",1,82,1,68,2938696,2939225,711.1,680.3,14,529,30,1,2,15,15,93,28,"she",2,12,0,0,0,1,3602,0,5,66,0,NA,0,NA,"C:/Data/corr_sacc/asc/JITT1.asc",0,0,16,33,500.5,817.9,701.2,66,50,28,NA
"1530",1,82,1,68,2939249,2939423,817.9,688.9,15,174,23,1,2,16,16,98,33,"may",3,5,0,0,0,1,4155,0,6,66,0,NA,0,NA,"C:/Data/corr_sacc/asc/JITT1.asc",0,0,28,42,711.1,966.1,680.3,66,38,33,NA
"1531",1,82,1,68,2939449,2939792,966.1,695.5,16,343,25,1,2,19,19,107,42,"trouble",1,9,0,0,0,1,4355,0,9,66,0,NA,0,NA,"C:/Data/corr_sacc/asc/JITT1.asc",0,0,33,55,817.9,1208.4,688.9,66,33,42,NA
"1532",1,82,1,68,2939823,2940067,1208.4,696.8,17,244,30,1,2,21,21,120,55,"her",1,13,0,0,0,1,4729,0,11,66,0,NA,0,NA,"C:/Data/corr_sacc/asc/JITT1.asc",0,0,42,59,966.1,1286.4,695.5,66,24,55,NA
"1533",1,82,1,68,2940086,2940467,1286.4,697.1,18,381,18,1,2,22,22,124,59,"manager.",1,4,0,0,0,1,4992,0,12,66,0,NA,0,NA,"C:/Data/corr_sacc/asc/JITT1.asc",0,0,55,55,1208.4,1201.8,696.8,66,11,59,NA
"1534",1,82,1,68,2940490,2940661,1201.8,698.9,19,171,22,1,2,21,21,120,55,"her",1,4,0,0,0,1,5396,0,11,66,1,NA,0,NA,"C:/Data/corr_sacc/asc/JITT1.asc",0,0,59,53,1286.4,1163,697.1,66,7,55,NA
"1535",1,82,1,68,2940691,2940725,1163,485.4,20,34,29,1,1,9,9,53,53,"and",2,2,0,0,0,1,5597,0,9,65,1,NA,0,NA,"C:/Data/corr_sacc/asc/JITT1.asc",NA,0,55,NA,1201.8,NA,698.9,66,11,53,NA
"1536",1,82,1,68,NA,NA,NA,NA,NA,NA,NA,1,1,2,NA,NA,NA,"newly",NA,NA,NA,NA,NA,NA,NA,NA,2,NA,NA,NA,NA,NA,"C:/Data/corr_sacc/asc/JITT1.asc",NA,0,53,NA,1163,NA,485.4,65,12,NA,NA
"1537",1,82,1,68,NA,NA,NA,NA,NA,NA,NA,1,1,6,NA,NA,NA,"was",NA,NA,NA,NA,NA,NA,NA,NA,6,NA,NA,NA,NA,NA,"C:/Data/corr_sacc/asc/JITT1.asc",NA,NA,NA,NA,NA,NA,NA,NA,NA,NA,NA
"1538",1,82,1,68,NA,NA,NA,NA,NA,NA,NA,1,2,14,NA,NA,NA,"that",NA,NA,NA,NA,NA,NA,NA,NA,4,NA,NA,NA,NA,NA,"C:/Data/corr_sacc/asc/JITT1.asc",NA,NA,NA,NA,NA,NA,NA,NA,NA,NA,NA
"1539",1,82,1,68,NA,NA,NA,NA,NA,NA,NA,1,2,17,NA,NA,NA,"get",NA,NA,NA,NA,NA,NA,NA,NA,7,NA,NA,NA,NA,NA,"C:/Data/corr_sacc/asc/JITT1.asc",NA,NA,NA,NA,NA,NA,NA,NA,NA,NA,NA
"1540",1,82,1,68,NA,NA,NA,NA,NA,NA,NA,1,2,18,NA,NA,NA,"in",NA,NA,NA,NA,NA,NA,NA,NA,8,NA,NA,NA,NA,NA,"C:/Data/corr_sacc/asc/JITT1.asc",NA,NA,NA,NA,NA,NA,NA,NA,NA,NA,NA
"1541",1,82,1,68,NA,NA,NA,NA,NA,NA,NA,1,2,20,NA,NA,NA,"with",NA,NA,NA,NA,NA,NA,NA,NA,10,NA,NA,NA,NA,NA,"C:/Data/corr_sacc/asc/JITT1.asc",0,NA,NA,NA,NA,NA,NA,NA,NA,NA,NA
"1542",1,18,3,69,2951432,2951606,280.6,511.5,1,174,23,1,1,1,1,1,1,"I",1,NA,0,0,0,1,406,0,1,65,0,NA,0,NA,"C:/Data/corr_sacc/asc/JITT1.asc",0,0,NA,10,NA,441.3,NA,NA,NA,1,NA
"1543",1,18,3,69,2951644,2951859,441.3,512.6,2,215,37,1,1,3,3,10,10,"to",0,9,0,0,0,1,618,0,3,65,0,NA,0,NA,"C:/Data/corr_sacc/asc/JITT1.asc",0,0,1,17,280.6,563.7,511.5,65,64,10,NA
"1544",1,18,3,69,2951885,2952079,563.7,514.8,3,194,25,1,1,5,5,17,17,"a",0,7,0,0,0,1,859,0,5,65,0,NA,0,NA,"C:/Data/corr_sacc/asc/JITT1.asc",0,0,10,22,441.3,645.5,512.6,65,55,17,NA
"1545",1,18,3,69,2952101,2952233,645.5,524.1,4,132,21,1,1,6,6,22,22,"vest",3,5,0,0,0,1,1075,0,6,65,0,NA,0,NA,"C:/Data/corr_sacc/asc/JITT1.asc",0,0,17,27,563.7,747.6,514.8,65,48,22,NA
"1546",1,18,3,69,2952257,2952541,747.6,528.7,5,284,23,1,1,7,7,27,27,"and",3,5,0,0,0,1,1231,0,7,65,0,NA,0,NA,"C:/Data/corr_sacc/asc/JITT1.asc",0,0,22,41,645.5,993.5,524.1,65,43,27,NA
"1547",1,18,3,69,2952578,2952787,993.5,526.2,6,209,36,1,1,11,11,41,41,"my",1,14,0,0,0,1,1552,0,11,65,0,NA,0,NA,"C:/Data/corr_sacc/asc/JITT1.asc",0,0,27,39,747.6,965.4,528.7,65,38,41,NA
"1548",1,18,3,69,2952800,2952954,965.4,524,7,154,12,1,1,10,10,39,39,"in",2,2,0,0,0,1,1774,0,10,65,1,NA,0,NA,"C:/Data/corr_sacc/asc/JITT1.asc",0,0,41,49,993.5,1149.3,526.2,65,24,39,NA
"1549",1,18,3,69,2952983,2953153,1149.3,517.6,8,170,28,1,1,12,12,49,49,"backpack,",6,10,0,0,0,1,1957,0,12,65,0,NA,0,NA,"C:/Data/corr_sacc/asc/JITT1.asc",0,0,39,57,965.4,1288.9,524,65,26,49,NA
"1550",1,18,3,69,2953179,2953541,1288.9,513.3,9,362,25,1,1,13,13,57,57,"took",4,8,0,0,0,1,2153,0,13,65,0,NA,0,NA,"C:/Data/corr_sacc/asc/JITT1.asc",0,0,49,61,1149.3,1360.9,517.6,65,16,57,NA
"1551",1,18,3,69,2953559,2953798,1360.9,504.4,10,239,17,1,1,15,15,61,61,"keys",0,4,0,0,0,1,2533,0,15,65,0,NA,0,NA,"C:/Data/corr_sacc/asc/JITT1.asc",1,0,57,8,1288.9,394.8,513.3,65,8,61,NA
"1552",1,18,3,69,2953871,2954289,394.8,728,11,418,72,1,2,17,17,73,8,"headed",4,53,0,0,0,1,2845,0,2,47,0,NA,1,"accurate","C:/Data/corr_sacc/asc/JITT1.asc",0,0,61,18,1360.9,574.8,504.4,65,4,8,0
"1553",1,18,3,69,2954327,2954508,574.8,742.4,12,181,37,1,2,18,18,83,18,"towards",7,10,0,0,0,1,3301,0,3,47,0,NA,0,NA,"C:/Data/corr_sacc/asc/JITT1.asc",0,1,8,27,394.8,740.7,728,47,39,18,NA
"1554",1,18,3,69,2954536,2954781,740.7,721.4,13,245,27,1,2,20,20,92,27,"underground",4,9,0,0,0,1,3510,0,5,47,0,NA,0,NA,"C:/Data/corr_sacc/asc/JITT1.asc",0,0,18,33,574.8,846.9,742.4,47,29,27,NA
"1555",1,18,3,69,2954803,2954974,846.9,718.9,14,171,21,1,2,20,20,98,33,"underground",10,6,0,0,0,1,3777,0,5,47,0,NA,0,NA,"C:/Data/corr_sacc/asc/JITT1.asc",0,0,27,43,740.7,1027.1,721.4,47,20,33,NA
"1556",1,18,3,69,2955003,2955329,1027.1,712.5,15,326,28,1,2,22,22,108,43,"lot.",0,10,0,0,0,1,3977,0,7,47,0,NA,0,NA,"C:/Data/corr_sacc/asc/JITT1.asc",0,0,33,46,846.9,1090,718.9,47,14,43,NA
"1557",1,18,3,69,2955439,2955703,1090,751.4,16,264,109,1,2,22,22,111,46,"lot.",3,3,0,0,0,1,4413,0,7,47,0,NA,0,NA,"C:/Data/corr_sacc/asc/JITT1.asc",NA,0,43,NA,1027.1,NA,712.5,47,4,46,NA
"1558",1,18,3,69,NA,NA,NA,NA,NA,NA,NA,1,1,2,NA,NA,NA,"decided",NA,NA,NA,NA,NA,NA,NA,NA,2,NA,NA,NA,NA,NA,"C:/Data/corr_sacc/asc/JITT1.asc",NA,0,46,NA,1090,NA,751.4,47,1,NA,NA
"1559",1,18,3,69,NA,NA,NA,NA,NA,NA,NA,1,1,4,NA,NA,NA,"put",NA,NA,NA,NA,NA,NA,NA,NA,4,NA,NA,NA,NA,NA,"C:/Data/corr_sacc/asc/JITT1.asc",NA,NA,NA,NA,NA,NA,NA,NA,NA,NA,NA
"1560",1,18,3,69,NA,NA,NA,NA,NA,NA,NA,1,1,8,NA,NA,NA,"a",NA,NA,NA,NA,NA,NA,NA,NA,8,NA,NA,NA,NA,NA,"C:/Data/corr_sacc/asc/JITT1.asc",NA,NA,NA,NA,NA,NA,NA,NA,NA,NA,NA
"1561",1,18,3,69,NA,NA,NA,NA,NA,NA,NA,1,1,9,NA,NA,NA,"jumper",NA,NA,NA,NA,NA,NA,NA,NA,9,NA,NA,NA,NA,NA,"C:/Data/corr_sacc/asc/JITT1.asc",NA,NA,NA,NA,NA,NA,NA,NA,NA,NA,NA
"1562",1,18,3,69,NA,NA,NA,NA,NA,NA,NA,1,1,14,NA,NA,NA,"my",NA,NA,NA,NA,NA,NA,NA,NA,14,NA,NA,NA,NA,NA,"C:/Data/corr_sacc/asc/JITT1.asc",NA,NA,NA,NA,NA,NA,NA,NA,NA,NA,NA
"1563",1,18,3,69,NA,NA,NA,NA,NA,NA,NA,1,2,16,NA,NA,NA,"and",NA,NA,NA,NA,NA,NA,NA,NA,1,NA,NA,NA,NA,NA,"C:/Data/corr_sacc/asc/JITT1.asc",NA,NA,NA,NA,NA,NA,NA,NA,NA,NA,NA
"1564",1,18,3,69,NA,NA,NA,NA,NA,NA,NA,1,2,19,NA,NA,NA,"the",NA,NA,NA,NA,NA,NA,NA,NA,4,NA,NA,NA,NA,NA,"C:/Data/corr_sacc/asc/JITT1.asc",NA,NA,NA,NA,NA,NA,NA,NA,NA,NA,NA
"1565",1,18,3,69,NA,NA,NA,NA,NA,NA,NA,1,2,21,NA,NA,NA,"parking",NA,NA,NA,NA,NA,NA,NA,NA,6,NA,NA,NA,NA,NA,"C:/Data/corr_sacc/asc/JITT1.asc",0,NA,NA,NA,NA,NA,NA,NA,NA,NA,NA
"1566",1,70,1,70,2968344,2968567,255,533.4,1,223,24,NA,1,NA,NA,NA,NA,NA,NA,NA,0,0,1,1,322,NA,NA,66,NA,NA,0,NA,"C:/Data/corr_sacc/asc/JITT1.asc",0,0,NA,6,NA,416.6,NA,NA,NA,2,NA
"1567",1,70,1,70,2968603,2968753,416.6,525.3,2,150,35,1,1,2,2,6,6,"the",0,NA,0,0,0,1,581,0,2,66,0,NA,0,NA,"C:/Data/corr_sacc/asc/JITT1.asc",0,0,NA,18,255,632.8,533.4,66,NA,6,NA
"1568",1,70,1,70,2968796,2969078,632.8,517,3,282,42,1,1,5,5,18,18,"buying",0,12,0,0,0,1,774,0,5,66,0,NA,0,NA,"C:/Data/corr_sacc/asc/JITT1.asc",0,0,6,27,416.6,797.1,525.3,66,60,18,NA
"1569",1,70,1,70,2969105,2969241,797.1,516,4,136,26,1,1,6,6,27,27,"groceries",2,9,0,0,0,1,1083,0,6,66,0,NA,0,NA,"C:/Data/corr_sacc/asc/JITT1.asc",0,0,18,39,632.8,1001.9,517,66,48,27,NA
"1570",1,70,1,70,2969269,2969467,1001.9,509.2,5,198,27,1,1,8,8,39,39,"wine",0,12,0,0,0,1,1247,0,8,66,0,NA,0,NA,"C:/Data/corr_sacc/asc/JITT1.asc",0,0,27,43,797.1,1082.2,516,66,39,39,NA
"1571",1,70,1,70,2969486,2969761,1082.2,514.1,6,275,18,1,1,8,8,43,43,"wine",4,4,0,0,0,1,1464,0,8,66,0,NA,0,NA,"C:/Data/corr_sacc/asc/JITT1.asc",0,0,39,40,1001.9,1028.5,509.2,66,27,43,NA
"1572",1,70,1,70,2969780,2969922,1028.5,509.8,7,142,18,1,1,8,8,40,40,"wine",1,3,0,0,0,1,1758,0,8,66,0,NA,0,NA,"C:/Data/corr_sacc/asc/JITT1.asc",0,0,43,50,1082.2,1201.2,514.1,66,23,40,NA
"1573",1,70,1,70,2969963,2970205,1201.2,507.6,8,242,40,1,1,10,10,50,50,"the",3,10,0,0,0,1,1941,0,10,66,0,NA,0,NA,"C:/Data/corr_sacc/asc/JITT1.asc",0,0,40,60,1028.5,1380.8,509.8,66,26,50,NA
"1574",1,70,1,70,2970232,2970464,1380.8,511.3,9,232,26,1,1,12,12,60,60,"there",3,10,0,0,0,1,2210,0,12,66,0,NA,0,NA,"C:/Data/corr_sacc/asc/JITT1.asc",0,0,50,65,1201.2,1483.3,507.6,66,16,60,NA
"1575",1,70,1,70,2970487,2970616,1483.3,527.8,10,129,22,1,1,13,13,65,65,"was",2,5,0,0,0,1,2465,0,13,66,0,NA,0,NA,"C:/Data/corr_sacc/asc/JITT1.asc",1,0,60,4,1380.8,375.7,511.3,66,6,65,NA
"1576",1,70,1,70,2970693,2971001,375.7,736.8,11,308,76,1,2,15,15,70,4,"huge",2,61,0,0,0,1,2671,0,2,68,0,NA,1,"accurate","C:/Data/corr_sacc/asc/JITT1.asc",0,0,65,13,1483.3,533.4,527.8,66,1,4,0
"1577",1,70,1,70,2971039,2971472,533.4,744.5,12,433,37,1,2,16,16,79,13,"commotion",6,9,0,0,0,1,3017,0,3,68,0,NA,0,NA,"C:/Data/corr_sacc/asc/JITT1.asc",0,1,4,22,375.7,694.8,736.8,68,64,13,NA
"1578",1,70,1,70,2971499,2971843,694.8,744.5,13,344,26,1,2,17,17,88,22,"outside",5,9,0,0,0,1,3477,0,4,68,0,NA,0,NA,"C:/Data/corr_sacc/asc/JITT1.asc",0,0,13,29,533.4,825.4,744.5,68,55,22,NA
"1579",1,70,1,70,2971868,2972087,825.4,726.3,14,219,24,1,2,19,19,95,29,"to",0,7,0,0,0,1,3846,0,6,68,0,NA,0,NA,"C:/Data/corr_sacc/asc/JITT1.asc",0,0,22,39,694.8,1009,744.5,68,46,29,NA
"1580",1,70,1,70,2972117,2972395,1009,731.3,15,278,29,1,2,21,21,105,39,"arrival",3,10,0,0,0,1,4095,0,8,68,0,NA,0,NA,"C:/Data/corr_sacc/asc/JITT1.asc",0,0,29,54,825.4,1275.1,726.3,68,39,39,NA
"1581",1,70,1,70,2972430,2972656,1275.1,734.9,16,226,34,1,2,24,24,120,54,"celebrity",3,15,0,0,0,1,4408,0,11,68,0,NA,0,NA,"C:/Data/corr_sacc/asc/JITT1.asc",0,0,39,58,1009,1346.4,731.3,68,29,54,NA
"1582",1,70,1,70,2972676,2972832,1346.4,725.5,17,156,19,1,2,24,24,124,58,"celebrity",7,4,0,0,0,1,4654,0,11,68,0,NA,0,NA,"C:/Data/corr_sacc/asc/JITT1.asc",0,0,54,66,1275.1,1488.2,734.9,68,14,58,NA
"1583",1,70,1,70,2972856,2972996,1488.2,722.2,18,140,23,1,2,25,25,132,66,"guests.",5,8,0,0,0,1,4834,0,12,68,0,NA,0,NA,"C:/Data/corr_sacc/asc/JITT1.asc",NA,0,58,NA,1346.4,NA,725.5,68,10,66,NA
"1584",1,70,1,70,NA,NA,NA,NA,NA,NA,NA,1,1,1,NA,NA,NA,"While",NA,NA,NA,NA,NA,NA,NA,NA,1,NA,NA,NA,NA,NA,"C:/Data/corr_sacc/asc/JITT1.asc",NA,0,66,NA,1488.2,NA,722.2,68,2,NA,NA
"1585",1,70,1,70,NA,NA,NA,NA,NA,NA,NA,1,1,3,NA,NA,NA,"man",NA,NA,NA,NA,NA,NA,NA,NA,3,NA,NA,NA,NA,NA,"C:/Data/corr_sacc/asc/JITT1.asc",NA,NA,NA,NA,NA,NA,NA,NA,NA,NA,NA
"1586",1,70,1,70,NA,NA,NA,NA,NA,NA,NA,1,1,4,NA,NA,NA,"was",NA,NA,NA,NA,NA,NA,NA,NA,4,NA,NA,NA,NA,NA,"C:/Data/corr_sacc/asc/JITT1.asc",NA,NA,NA,NA,NA,NA,NA,NA,NA,NA,NA
"1587",1,70,1,70,NA,NA,NA,NA,NA,NA,NA,1,1,7,NA,NA,NA,"and",NA,NA,NA,NA,NA,NA,NA,NA,7,NA,NA,NA,NA,NA,"C:/Data/corr_sacc/asc/JITT1.asc",NA,NA,NA,NA,NA,NA,NA,NA,NA,NA,NA
"1588",1,70,1,70,NA,NA,NA,NA,NA,NA,NA,1,1,9,NA,NA,NA,"in",NA,NA,NA,NA,NA,NA,NA,NA,9,NA,NA,NA,NA,NA,"C:/Data/corr_sacc/asc/JITT1.asc",NA,NA,NA,NA,NA,NA,NA,NA,NA,NA,NA
"1589",1,70,1,70,NA,NA,NA,NA,NA,NA,NA,1,1,11,NA,NA,NA,"shop,",NA,NA,NA,NA,NA,NA,NA,NA,11,NA,NA,NA,NA,NA,"C:/Data/corr_sacc/asc/JITT1.asc",NA,NA,NA,NA,NA,NA,NA,NA,NA,NA,NA
"1590",1,70,1,70,NA,NA,NA,NA,NA,NA,NA,1,2,14,NA,NA,NA,"a",NA,NA,NA,NA,NA,NA,NA,NA,1,NA,NA,NA,NA,NA,"C:/Data/corr_sacc/asc/JITT1.asc",NA,NA,NA,NA,NA,NA,NA,NA,NA,NA,NA
"1591",1,70,1,70,NA,NA,NA,NA,NA,NA,NA,1,2,18,NA,NA,NA,"due",NA,NA,NA,NA,NA,NA,NA,NA,5,NA,NA,NA,NA,NA,"C:/Data/corr_sacc/asc/JITT1.asc",NA,NA,NA,NA,NA,NA,NA,NA,NA,NA,NA
"1592",1,70,1,70,NA,NA,NA,NA,NA,NA,NA,1,2,20,NA,NA,NA,"the",NA,NA,NA,NA,NA,NA,NA,NA,7,NA,NA,NA,NA,NA,"C:/Data/corr_sacc/asc/JITT1.asc",NA,NA,NA,NA,NA,NA,NA,NA,NA,NA,NA
"1593",1,70,1,70,NA,NA,NA,NA,NA,NA,NA,1,2,22,NA,NA,NA,"of",NA,NA,NA,NA,NA,NA,NA,NA,9,NA,NA,NA,NA,NA,"C:/Data/corr_sacc/asc/JITT1.asc",NA,NA,NA,NA,NA,NA,NA,NA,NA,NA,NA
"1594",1,70,1,70,NA,NA,NA,NA,NA,NA,NA,1,2,23,NA,NA,NA,"the",NA,NA,NA,NA,NA,NA,NA,NA,10,NA,NA,NA,NA,NA,"C:/Data/corr_sacc/asc/JITT1.asc",0,NA,NA,NA,NA,NA,NA,NA,NA,NA,NA
"1595",1,20,2,71,2992196,2992339,262.3,502.2,1,143,24,1,1,1,1,2,2,"The",2,NA,0,0,0,1,452,0,1,66,0,NA,0,NA,"C:/Data/corr_sacc/asc/JITT1.asc",0,0,NA,10,NA,407.6,NA,NA,NA,2,NA
"1596",1,20,2,71,2992364,2992586,407.6,493.9,2,222,24,1,1,3,3,10,10,"female",2,8,0,0,0,1,620,0,3,66,0,NA,0,NA,"C:/Data/corr_sacc/asc/JITT1.asc",0,0,2,4,262.3,295.3,502.2,66,64,10,NA
"1597",1,20,2,71,2992611,2992858,295.3,501.9,3,247,24,1,1,2,2,4,4,"new",0,6,0,0,0,1,867,0,2,66,1,NA,0,NA,"C:/Data/corr_sacc/asc/JITT1.asc",0,0,10,15,407.6,489.1,493.9,66,56,4,NA
"1598",1,20,2,71,2992885,2993096,489.1,497.2,4,211,26,1,1,4,4,15,15,"executive",0,11,0,0,0,1,1141,0,4,66,0,NA,0,NA,"C:/Data/corr_sacc/asc/JITT1.asc",0,0,4,26,295.3,691.2,501.9,66,62,15,NA
"1599",1,20,2,71,2993123,2993345,691.2,487.7,5,222,26,1,1,5,5,26,26,"worked",1,11,0,0,0,1,1379,0,5,66,0,NA,0,NA,"C:/Data/corr_sacc/asc/JITT1.asc",0,0,15,30,489.1,763,497.2,66,51,26,NA
"1600",1,20,2,71,2993369,2993509,763,479.4,6,140,23,1,1,5,5,30,30,"worked",5,4,0,0,0,1,1625,0,5,66,0,NA,0,NA,"C:/Data/corr_sacc/asc/JITT1.asc",0,0,26,37,691.2,897.4,487.7,66,40,30,NA
"1601",1,20,2,71,2993534,2993753,897.4,476.8,7,219,24,1,1,6,6,37,37,"extremely",5,7,0,0,0,1,1790,0,6,66,0,NA,0,NA,"C:/Data/corr_sacc/asc/JITT1.asc",0,0,30,47,763,1065.9,479.4,66,36,37,NA
"1602",1,20,2,71,2993783,2993997,1065.9,474.7,8,214,29,1,1,8,8,47,47,"this",0,10,0,0,0,1,2039,0,8,66,0,NA,0,NA,"C:/Data/corr_sacc/asc/JITT1.asc",0,0,37,54,897.4,1190,476.8,66,29,47,NA
"1603",1,20,2,71,2994023,2994498,1190,468.5,9,475,25,1,1,9,9,54,54,"quarter,",2,7,0,0,0,1,2279,0,9,66,0,NA,0,NA,"C:/Data/corr_sacc/asc/JITT1.asc",0,0,47,48,1065.9,1093,474.7,66,19,54,NA
"1604",1,20,2,71,2994521,2994664,1093,471,10,143,22,1,1,8,8,48,48,"this",1,6,0,0,0,1,2777,0,8,66,1,NA,0,NA,"C:/Data/corr_sacc/asc/JITT1.asc",0,0,54,58,1190,1270.6,468.5,66,12,48,NA
"1605",1,20,2,71,2994693,2994909,1270.6,482,11,216,28,1,1,9,9,58,58,"quarter,",6,10,0,0,0,1,2949,0,9,66,1,NA,0,NA,"C:/Data/corr_sacc/asc/JITT1.asc",0,0,48,NA,1093,1421.6,471,66,18,58,NA
"1606",1,20,2,71,2994937,2995906,1421.6,486.9,12,969,27,NA,1,NA,10,NA,NA,NA,NA,NA,0,0,1,1,3193,NA,NA,66,NA,NA,0,NA,"C:/Data/corr_sacc/asc/JITT1.asc",1,0,58,12,1270.6,447.7,482,66,8,67,NA
"1607",1,20,2,71,2996006,2996140,447.7,655.8,13,134,99,1,2,14,14,78,12,"dramatic",3,NA,0,0,0,1,4262,0,4,37,0,NA,1,"undersweep","C:/Data/corr_sacc/asc/JITT1.asc",0,0,NA,3,1421.6,275.3,486.9,66,NA,12,1
"1608",1,20,2,71,2996176,2996337,275.3,701.3,14,161,35,1,2,11,11,69,3,"led",3,9,0,0,0,1,4432,0,1,37,1,NA,0,NA,"C:/Data/corr_sacc/asc/JITT1.asc",0,1,12,NA,447.7,226.8,655.8,37,25,3,NA
"1609",1,20,2,71,2996361,2996563,226.8,702.9,15,202,23,NA,2,NA,NA,NA,NA,NA,NA,NA,0,0,1,1,4617,NA,NA,37,NA,NA,0,NA,"C:/Data/corr_sacc/asc/JITT1.asc",0,0,3,10,275.3,413.2,701.3,37,34,0,NA
"1610",1,20,2,71,2996602,2996742,413.2,681.5,16,140,38,1,2,14,14,76,10,"dramatic",1,NA,0,0,0,1,4858,0,4,37,1,NA,0,NA,"C:/Data/corr_sacc/asc/JITT1.asc",0,0,NA,19,226.8,571.6,702.9,37,NA,10,NA
"1611",1,20,2,71,2996769,2996967,571.6,675.7,17,198,26,1,2,15,15,85,19,"rise",1,9,0,0,0,1,5025,0,5,37,0,NA,0,NA,"C:/Data/corr_sacc/asc/JITT1.asc",0,0,10,27,413.2,710.8,681.5,37,27,19,NA
"1612",1,20,2,71,2997004,2997562,710.8,666.3,18,558,36,1,2,17,17,93,27,"her",1,8,0,0,0,1,5260,0,7,37,0,NA,0,NA,"C:/Data/corr_sacc/asc/JITT1.asc",0,0,19,33,571.6,823.6,675.7,37,18,27,NA
"1613",1,20,2,71,2997588,2997669,823.6,680.6,19,81,25,1,2,18,18,99,33,"salary.",3,6,0,0,0,1,5844,0,8,37,0,NA,0,NA,"C:/Data/corr_sacc/asc/JITT1.asc",NA,0,27,NA,710.8,NA,666.3,37,10,33,NA
"1614",1,20,2,71,NA,NA,NA,NA,NA,NA,NA,1,1,7,NA,NA,NA,"hard",NA,NA,NA,NA,NA,NA,NA,NA,7,NA,NA,NA,NA,NA,"C:/Data/corr_sacc/asc/JITT1.asc",NA,0,33,NA,823.6,NA,680.6,37,4,NA,NA
"1615",1,20,2,71,NA,NA,NA,NA,NA,NA,NA,1,1,10,NA,NA,NA,"which",NA,NA,NA,NA,NA,NA,NA,NA,10,NA,NA,NA,NA,NA,"C:/Data/corr_sacc/asc/JITT1.asc",NA,NA,NA,NA,NA,NA,NA,NA,NA,NA,NA
"1616",1,20,2,71,NA,NA,NA,NA,NA,NA,NA,1,2,12,NA,NA,NA,"to",NA,NA,NA,NA,NA,NA,NA,NA,2,NA,NA,NA,NA,NA,"C:/Data/corr_sacc/asc/JITT1.asc",NA,NA,NA,NA,NA,NA,NA,NA,NA,NA,NA
"1617",1,20,2,71,NA,NA,NA,NA,NA,NA,NA,1,2,13,NA,NA,NA,"a",NA,NA,NA,NA,NA,NA,NA,NA,3,NA,NA,NA,NA,NA,"C:/Data/corr_sacc/asc/JITT1.asc",NA,NA,NA,NA,NA,NA,NA,NA,NA,NA,NA
"1618",1,20,2,71,NA,NA,NA,NA,NA,NA,NA,1,2,16,NA,NA,NA,"in",NA,NA,NA,NA,NA,NA,NA,NA,6,NA,NA,NA,NA,NA,"C:/Data/corr_sacc/asc/JITT1.asc",0,NA,NA,NA,NA,NA,NA,NA,NA,NA,NA
"1619",1,21,3,72,3003736,3003969,313,530.6,1,233,31,1,1,2,2,5,5,"dark",1,NA,0,0,0,1,545,0,2,54,0,NA,0,NA,"C:/Data/corr_sacc/asc/JITT1.asc",0,0,NA,12,NA,440.4,NA,NA,NA,5,NA
"1620",1,21,3,72,3003994,3004173,440.4,521.9,2,179,24,1,1,3,3,12,12,"blue",3,7,0,0,0,1,803,0,3,54,0,NA,0,NA,"C:/Data/corr_sacc/asc/JITT1.asc",0,0,5,17,313,528.6,530.6,54,49,12,NA
"1621",1,21,3,72,3004197,3004343,528.6,520.1,3,146,23,1,1,4,4,17,17,"eyes",3,5,0,0,0,1,1006,0,4,54,0,NA,0,NA,"C:/Data/corr_sacc/asc/JITT1.asc",0,0,12,23,440.4,644.7,521.9,54,42,17,NA
"1622",1,21,3,72,3004367,3004565,644.7,510.9,4,198,23,1,1,5,5,23,23,"gleamed",4,6,0,0,0,1,1176,0,5,54,0,NA,0,NA,"C:/Data/corr_sacc/asc/JITT1.asc",0,0,17,31,528.6,776.6,520.1,54,37,23,NA
"1623",1,21,3,72,3004590,3004847,776.6,503.6,5,257,24,1,1,6,6,31,31,"with",4,8,0,0,0,1,1399,0,6,54,0,NA,0,NA,"C:/Data/corr_sacc/asc/JITT1.asc",0,0,23,43,644.7,1003.4,510.9,54,31,31,NA
"1624",1,21,3,72,3004884,3005142,1003.4,499.7,6,258,36,1,1,9,9,43,43,"his",2,12,0,0,0,1,1693,0,9,54,0,NA,0,NA,"C:/Data/corr_sacc/asc/JITT1.asc",0,0,31,46,776.6,1046.6,503.6,54,23,43,NA
"1625",1,21,3,72,3005165,3005465,1046.6,511.1,7,300,22,1,1,10,10,46,46,"pale",1,3,0,0,0,1,1974,0,10,54,0,NA,0,NA,"C:/Data/corr_sacc/asc/JITT1.asc",0,0,43,51,1003.4,1132.1,499.7,54,11,46,NA
"1626",1,21,3,72,3005486,3005648,1132.1,507.3,8,162,20,1,1,11,11,51,51,"face",1,5,0,0,0,1,2295,0,11,54,0,NA,0,NA,"C:/Data/corr_sacc/asc/JITT1.asc",0,0,46,54,1046.6,1201.8,511.1,54,8,51,NA
"1627",1,21,3,72,3005667,3005858,1201.8,496.7,9,191,18,1,1,11,11,54,54,"face",4,3,0,0,0,1,2476,0,11,54,0,NA,0,NA,"C:/Data/corr_sacc/asc/JITT1.asc",1,0,51,8,1132.1,369.9,507.3,54,3,54,NA
"1628",1,21,3,72,3005953,3006107,369.9,732.6,10,154,94,1,2,14,14,62,8,"flushed",0,46,0,0,0,1,2762,0,3,39,0,NA,1,"undersweep","C:/Data/corr_sacc/asc/JITT1.asc",0,0,54,4,1201.8,288.1,496.7,54,0,8,1
"1629",1,21,3,72,3006131,3006525,288.1,737.7,11,394,23,1,2,13,13,58,4,"now",0,4,0,0,0,1,2940,0,2,39,1,NA,0,NA,"C:/Data/corr_sacc/asc/JITT1.asc",0,1,8,9,369.9,375.6,732.6,39,31,4,NA
"1630",1,21,3,72,3006550,3006753,375.6,730,12,203,24,1,2,14,14,63,9,"flushed",1,5,0,0,0,1,3359,0,3,39,1,NA,0,NA,"C:/Data/corr_sacc/asc/JITT1.asc",0,0,4,14,288.1,482.5,737.7,39,35,9,NA
"1631",1,21,3,72,3006786,3006937,482.5,732.1,13,151,32,1,2,14,14,68,14,"flushed",6,5,0,0,0,1,3595,0,3,39,1,NA,0,NA,"C:/Data/corr_sacc/asc/JITT1.asc",0,0,9,22,375.6,612.5,730,39,30,14,NA
"1632",1,21,3,72,3006963,3007156,612.5,723.7,14,193,25,1,2,16,16,76,22,"unusually",2,8,0,0,0,1,3772,0,5,39,0,NA,0,NA,"C:/Data/corr_sacc/asc/JITT1.asc",0,0,14,28,482.5,724.7,732.1,39,25,22,NA
"1633",1,21,3,72,3007181,3007331,724.7,716.9,15,150,24,1,2,16,16,82,28,"unusually",8,6,0,0,0,1,3990,0,5,39,0,NA,0,NA,"C:/Data/corr_sacc/asc/JITT1.asc",0,0,22,36,612.5,867.2,723.7,39,17,28,NA
"1634",1,21,3,72,3007359,3007576,867.2,702.3,16,217,27,1,2,17,17,90,36,"animated.",6,8,0,0,0,1,4168,0,6,39,0,NA,0,NA,"C:/Data/corr_sacc/asc/JITT1.asc",0,0,28,28,724.7,718.7,716.9,39,11,36,NA
"1635",1,21,3,72,3007603,3007781,718.7,711.9,17,178,26,1,2,16,16,82,28,"unusually",8,8,0,0,0,1,4412,0,5,39,1,NA,0,NA,"C:/Data/corr_sacc/asc/JITT1.asc",0,0,36,38,867.2,897.5,702.3,39,3,28,NA
"1636",1,21,3,72,3007823,3008337,897.5,702.8,18,514,41,1,2,17,17,92,38,"animated.",8,10,0,0,0,1,4632,0,6,39,1,NA,0,NA,"C:/Data/corr_sacc/asc/JITT1.asc",NA,0,28,NA,718.7,NA,711.9,39,11,38,NA
"1637",1,21,3,72,NA,NA,NA,NA,NA,NA,NA,1,1,1,NA,NA,NA,"His",NA,NA,NA,NA,NA,NA,NA,NA,1,NA,NA,NA,NA,NA,"C:/Data/corr_sacc/asc/JITT1.asc",NA,0,38,NA,897.5,NA,702.8,39,1,NA,NA
"1638",1,21,3,72,NA,NA,NA,NA,NA,NA,NA,1,1,7,NA,NA,NA,"joy,",NA,NA,NA,NA,NA,NA,NA,NA,7,NA,NA,NA,NA,NA,"C:/Data/corr_sacc/asc/JITT1.asc",NA,NA,NA,NA,NA,NA,NA,NA,NA,NA,NA
"1639",1,21,3,72,NA,NA,NA,NA,NA,NA,NA,1,1,8,NA,NA,NA,"and",NA,NA,NA,NA,NA,NA,NA,NA,8,NA,NA,NA,NA,NA,"C:/Data/corr_sacc/asc/JITT1.asc",NA,NA,NA,NA,NA,NA,NA,NA,NA,NA,NA
"1640",1,21,3,72,NA,NA,NA,NA,NA,NA,NA,1,2,12,NA,NA,NA,"was",NA,NA,NA,NA,NA,NA,NA,NA,1,NA,NA,NA,NA,NA,"C:/Data/corr_sacc/asc/JITT1.asc",NA,NA,NA,NA,NA,NA,NA,NA,NA,NA,NA
"1641",1,21,3,72,NA,NA,NA,NA,NA,NA,NA,1,2,15,NA,NA,NA,"and",NA,NA,NA,NA,NA,NA,NA,NA,4,NA,NA,NA,NA,NA,"C:/Data/corr_sacc/asc/JITT1.asc",0,NA,NA,NA,NA,NA,NA,NA,NA,NA,NA
"1642",1,65,2,73,3030187,3030338,389.8,512.2,1,151,26,1,1,2,2,7,7,"evening",2,NA,0,0,0,1,480,0,2,54,0,NA,0,NA,"C:/Data/corr_sacc/asc/JITT1.asc",0,0,NA,13,NA,503.4,NA,NA,NA,7,NA
"1643",1,65,2,73,3030363,3030555,503.4,510.8,2,192,24,1,1,3,3,13,13,"the",0,6,0,0,0,1,656,0,3,54,0,NA,0,NA,"C:/Data/corr_sacc/asc/JITT1.asc",0,0,7,25,389.8,714.1,512.2,54,47,13,NA
"1644",1,65,2,73,3030583,3030811,714.1,506.6,3,228,27,1,1,5,5,25,25,"women",2,12,0,0,0,1,876,0,5,54,0,NA,0,NA,"C:/Data/corr_sacc/asc/JITT1.asc",0,0,13,31,503.4,825.8,510.8,54,41,25,NA
"1645",1,65,2,73,3030835,3030996,825.8,498.3,4,161,23,1,1,6,6,31,31,"came",2,6,0,0,0,1,1128,0,6,54,0,NA,0,NA,"C:/Data/corr_sacc/asc/JITT1.asc",0,0,25,42,714.1,1034.4,506.6,54,29,31,NA
"1646",1,65,2,73,3031026,3031389,1034.4,495.4,5,363,29,1,1,9,9,42,42,"wedding",1,11,0,0,0,1,1319,0,9,54,0,NA,0,NA,"C:/Data/corr_sacc/asc/JITT1.asc",0,0,31,52,825.8,1204.5,498.3,54,23,42,NA
"1647",1,65,2,73,3031416,3031501,1204.5,504.6,6,85,26,1,1,10,10,52,52,"party",3,10,0,0,0,1,1709,0,10,54,0,NA,0,NA,"C:/Data/corr_sacc/asc/JITT1.asc",1,0,42,6,1034.4,372.4,495.4,54,12,52,NA
"1648",1,65,2,73,3031566,3031682,372.4,698.6,7,116,64,1,2,12,12,60,6,"good",3,46,0,0,0,1,1859,0,2,44,0,NA,1,"undersweep","C:/Data/corr_sacc/asc/JITT1.asc",0,0,52,NA,1204.5,272.4,504.6,54,2,6,1
"1649",1,65,2,73,3031718,3032024,272.4,709,8,306,35,NA,2,NA,NA,NA,NA,NA,NA,NA,0,0,1,1,2011,NA,NA,44,NA,NA,0,NA,"C:/Data/corr_sacc/asc/JITT1.asc",0,1,6,16,372.4,560.3,698.6,44,38,3,NA
"1650",1,65,2,73,3032055,3032288,560.3,681.4,9,233,30,1,2,14,14,70,16,"and",0,NA,0,0,0,1,2348,0,4,44,0,NA,0,NA,"C:/Data/corr_sacc/asc/JITT1.asc",0,0,NA,19,272.4,621.2,709,44,NA,16,NA
"1651",1,65,2,73,3032311,3032447,621.2,695.5,10,136,22,1,2,14,14,73,19,"and",3,3,0,0,0,1,2604,0,4,44,0,NA,0,NA,"C:/Data/corr_sacc/asc/JITT1.asc",0,0,16,27,560.3,765.2,681.4,44,28,19,NA
"1652",1,65,2,73,3032484,3032683,765.2,689.8,11,199,36,1,2,16,16,81,27,"down",3,8,0,0,0,1,2777,0,6,44,0,NA,0,NA,"C:/Data/corr_sacc/asc/JITT1.asc",0,0,19,33,621.2,866,695.5,44,25,27,NA
"1653",1,65,2,73,3032708,3032907,866,688.4,12,199,24,1,2,18,18,87,33,"have",1,6,0,0,0,1,3001,0,8,44,0,NA,0,NA,"C:/Data/corr_sacc/asc/JITT1.asc",0,0,27,39,765.2,967.3,689.8,44,17,33,NA
"1654",1,65,2,73,3032931,3032978,967.3,690.7,13,47,23,1,2,19,19,93,39,"dinner.",2,6,0,0,0,1,3224,0,9,44,0,NA,0,NA,"C:/Data/corr_sacc/asc/JITT1.asc",NA,0,33,NA,866,NA,688.4,44,11,39,NA
"1655",1,65,2,73,NA,NA,NA,NA,NA,NA,NA,1,1,1,NA,NA,NA,"That",NA,NA,NA,NA,NA,NA,NA,NA,1,NA,NA,NA,NA,NA,"C:/Data/corr_sacc/asc/JITT1.asc",NA,0,39,NA,967.3,NA,690.7,44,5,NA,NA
"1656",1,65,2,73,NA,NA,NA,NA,NA,NA,NA,1,1,4,NA,NA,NA,"young",NA,NA,NA,NA,NA,NA,NA,NA,4,NA,NA,NA,NA,NA,"C:/Data/corr_sacc/asc/JITT1.asc",NA,NA,NA,NA,NA,NA,NA,NA,NA,NA,NA
"1657",1,65,2,73,NA,NA,NA,NA,NA,NA,NA,1,1,7,NA,NA,NA,"to",NA,NA,NA,NA,NA,NA,NA,NA,7,NA,NA,NA,NA,NA,"C:/Data/corr_sacc/asc/JITT1.asc",NA,NA,NA,NA,NA,NA,NA,NA,NA,NA,NA
"1658",1,65,2,73,NA,NA,NA,NA,NA,NA,NA,1,1,8,NA,NA,NA,"the",NA,NA,NA,NA,NA,NA,NA,NA,8,NA,NA,NA,NA,NA,"C:/Data/corr_sacc/asc/JITT1.asc",NA,NA,NA,NA,NA,NA,NA,NA,NA,NA,NA
"1659",1,65,2,73,NA,NA,NA,NA,NA,NA,NA,1,2,11,NA,NA,NA,"in",NA,NA,NA,NA,NA,NA,NA,NA,1,NA,NA,NA,NA,NA,"C:/Data/corr_sacc/asc/JITT1.asc",NA,NA,NA,NA,NA,NA,NA,NA,NA,NA,NA
"1660",1,65,2,73,NA,NA,NA,NA,NA,NA,NA,1,2,13,NA,NA,NA,"spirits",NA,NA,NA,NA,NA,NA,NA,NA,3,NA,NA,NA,NA,NA,"C:/Data/corr_sacc/asc/JITT1.asc",NA,NA,NA,NA,NA,NA,NA,NA,NA,NA,NA
"1661",1,65,2,73,NA,NA,NA,NA,NA,NA,NA,1,2,15,NA,NA,NA,"sat",NA,NA,NA,NA,NA,NA,NA,NA,5,NA,NA,NA,NA,NA,"C:/Data/corr_sacc/asc/JITT1.asc",NA,NA,NA,NA,NA,NA,NA,NA,NA,NA,NA
"1662",1,65,2,73,NA,NA,NA,NA,NA,NA,NA,1,2,17,NA,NA,NA,"to",NA,NA,NA,NA,NA,NA,NA,NA,7,NA,NA,NA,NA,NA,"C:/Data/corr_sacc/asc/JITT1.asc",0,NA,NA,NA,NA,NA,NA,NA,NA,NA,NA
"1663",1,1,1,74,3046014,3046238,266.5,521.3,1,224,18,1,1,1,1,2,2,"The",2,NA,0,0,0,1,452,0,1,54,0,NA,0,NA,"C:/Data/corr_sacc/asc/JITT1.asc",0,0,NA,11,NA,423.2,NA,NA,NA,2,NA
"1664",1,1,1,74,3046264,3046489,423.2,515.7,2,225,25,1,1,3,3,11,11,"musicians",1,9,0,0,0,1,702,0,3,54,0,NA,0,NA,"C:/Data/corr_sacc/asc/JITT1.asc",0,0,2,22,266.5,630.7,521.3,54,52,11,NA
"1665",1,1,1,74,3046516,3046777,630.7,507,3,261,26,1,1,4,4,22,22,"organised",2,11,0,0,0,1,954,0,4,54,0,NA,0,NA,"C:/Data/corr_sacc/asc/JITT1.asc",0,0,11,34,423.2,838.2,515.7,54,43,22,NA
"1666",1,1,1,74,3046807,3047199,838.2,505.6,4,392,29,1,1,6,6,34,34,"tour",2,12,0,0,0,1,1245,0,6,54,0,NA,0,NA,"C:/Data/corr_sacc/asc/JITT1.asc",0,0,22,40,630.7,942.6,507,54,32,34,NA
"1667",1,1,1,74,3047223,3047392,942.6,498.2,5,169,23,1,1,7,7,40,40,"last",3,6,0,0,0,1,1661,0,7,54,0,NA,0,NA,"C:/Data/corr_sacc/asc/JITT1.asc",0,0,34,47,838.2,1081.8,505.6,54,20,40,NA
"1668",1,1,1,74,3047418,3047726,1081.8,500.6,6,308,25,1,1,9,9,47,47,"to",0,7,0,0,0,1,1856,0,9,54,0,NA,0,NA,"C:/Data/corr_sacc/asc/JITT1.asc",0,0,40,51,942.6,1151.3,498.2,54,14,47,NA
"1669",1,1,1,74,3047744,3047887,1151.3,502,7,143,17,1,1,10,10,51,51,"meet",1,4,0,0,0,1,2182,0,10,54,0,NA,0,NA,"C:/Data/corr_sacc/asc/JITT1.asc",1,0,47,11,1081.8,424.7,500.6,54,7,51,NA
"1670",1,1,1,74,3047945,3048213,424.7,714.4,8,268,57,1,2,13,13,65,11,"and",0,40,0,0,0,1,2383,0,3,63,0,NA,1,"undersweep","C:/Data/corr_sacc/asc/JITT1.asc",0,0,51,6,1151.3,337.7,502,54,3,11,1
"1671",1,1,1,74,3048239,3048399,337.7,735.3,9,160,25,1,2,12,12,60,6,"fans",0,5,0,0,0,1,2677,0,2,63,1,NA,0,NA,"C:/Data/corr_sacc/asc/JITT1.asc",0,1,11,4,424.7,291.7,714.4,63,52,6,NA
"1672",1,1,1,74,3048421,3048633,291.7,730.8,10,212,21,1,2,11,11,58,4,"their",4,2,0,0,0,1,2859,0,1,63,1,NA,0,NA,"C:/Data/corr_sacc/asc/JITT1.asc",0,0,6,14,337.7,482.7,735.3,63,57,4,NA
"1673",1,1,1,74,3048660,3048905,482.7,722.2,11,245,26,1,2,13,13,68,14,"and",3,10,0,0,0,1,3098,0,3,63,1,NA,0,NA,"C:/Data/corr_sacc/asc/JITT1.asc",0,0,4,22,291.7,620.7,730.8,63,59,14,NA
"1674",1,1,1,74,3048931,3049068,620.7,721.9,12,137,25,1,2,14,14,76,22,"celebrate",7,8,0,0,0,1,3369,0,4,63,0,NA,0,NA,"C:/Data/corr_sacc/asc/JITT1.asc",0,0,14,33,482.7,813.5,722.2,63,49,22,NA
"1675",1,1,1,74,3049106,3049348,813.5,715.1,13,242,37,1,2,16,16,87,33,"release",4,11,0,0,0,1,3544,0,6,63,0,NA,0,NA,"C:/Data/corr_sacc/asc/JITT1.asc",0,0,22,40,620.7,954.8,721.9,63,41,33,NA
"1676",1,1,1,74,3049375,3049561,954.8,707,14,186,26,1,2,18,18,94,40,"their",0,7,0,0,0,1,3813,0,8,63,0,NA,0,NA,"C:/Data/corr_sacc/asc/JITT1.asc",0,0,33,49,813.5,1108.5,715.1,63,30,40,NA
"1677",1,1,1,74,3049586,3049804,1108.5,705.9,15,218,24,1,2,19,19,103,49,"new",3,9,0,0,0,1,4024,0,9,63,0,NA,0,NA,"C:/Data/corr_sacc/asc/JITT1.asc",0,0,40,57,954.8,1249.2,707,63,23,49,NA
"1678",1,1,1,74,3049829,3050105,1249.2,699.9,16,276,24,1,2,21,21,111,57,"album.",0,8,0,0,0,1,4267,0,11,63,0,NA,0,NA,"C:/Data/corr_sacc/asc/JITT1.asc",0,0,49,61,1108.5,1320.4,705.9,63,14,57,NA
"1679",1,1,1,74,3050127,3050208,1320.4,715.4,17,81,21,1,2,21,21,115,61,"album.",4,4,0,0,0,1,4565,0,11,63,0,NA,0,NA,"C:/Data/corr_sacc/asc/JITT1.asc",NA,0,57,NA,1249.2,NA,699.9,63,6,61,NA
"1680",1,1,1,74,NA,NA,NA,NA,NA,NA,NA,1,1,2,NA,NA,NA,"three",NA,NA,NA,NA,NA,NA,NA,NA,2,NA,NA,NA,NA,NA,"C:/Data/corr_sacc/asc/JITT1.asc",NA,0,61,NA,1320.4,NA,715.4,63,2,NA,NA
"1681",1,1,1,74,NA,NA,NA,NA,NA,NA,NA,1,1,5,NA,NA,NA,"a",NA,NA,NA,NA,NA,NA,NA,NA,5,NA,NA,NA,NA,NA,"C:/Data/corr_sacc/asc/JITT1.asc",NA,NA,NA,NA,NA,NA,NA,NA,NA,NA,NA
"1682",1,1,1,74,NA,NA,NA,NA,NA,NA,NA,1,1,8,NA,NA,NA,"year",NA,NA,NA,NA,NA,NA,NA,NA,8,NA,NA,NA,NA,NA,"C:/Data/corr_sacc/asc/JITT1.asc",NA,NA,NA,NA,NA,NA,NA,NA,NA,NA,NA
"1683",1,1,1,74,NA,NA,NA,NA,NA,NA,NA,1,2,15,NA,NA,NA,"the",NA,NA,NA,NA,NA,NA,NA,NA,5,NA,NA,NA,NA,NA,"C:/Data/corr_sacc/asc/JITT1.asc",NA,NA,NA,NA,NA,NA,NA,NA,NA,NA,NA
"1684",1,1,1,74,NA,NA,NA,NA,NA,NA,NA,1,2,17,NA,NA,NA,"of",NA,NA,NA,NA,NA,NA,NA,NA,7,NA,NA,NA,NA,NA,"C:/Data/corr_sacc/asc/JITT1.asc",NA,NA,NA,NA,NA,NA,NA,NA,NA,NA,NA
"1685",1,1,1,74,NA,NA,NA,NA,NA,NA,NA,1,2,20,NA,NA,NA,"studio",NA,NA,NA,NA,NA,NA,NA,NA,10,NA,NA,NA,NA,NA,"C:/Data/corr_sacc/asc/JITT1.asc",0,NA,NA,NA,NA,NA,NA,NA,NA,NA,NA
"1686",1,42,3,75,3116550,3116782,476.8,526.2,1,232,32,1,1,3,3,8,8,"suspected",0,NA,0,0,0,1,5394,0,3,65,0,NA,0,NA,"C:/Data/corr_sacc/asc/JITT1.asc",0,0,NA,14,NA,584.9,NA,NA,NA,8,NA
"1687",1,42,3,75,3116805,3116985,584.9,531,2,180,22,1,1,3,3,14,14,"suspected",6,6,0,0,0,1,5649,0,3,65,0,NA,0,NA,"C:/Data/corr_sacc/asc/JITT1.asc",0,0,8,21,476.8,709.6,526.2,65,57,14,NA
"1688",1,42,3,75,3117011,3117557,709.6,522,3,546,25,1,1,5,5,21,21,"the",0,7,0,0,0,1,5855,0,5,65,0,NA,0,NA,"C:/Data/corr_sacc/asc/JITT1.asc",0,0,14,30,584.9,876.5,531,65,51,21,NA
"1689",1,42,3,75,3117585,3117726,876.5,515,4,141,27,1,1,6,6,30,30,"robbery",5,9,0,0,0,1,6429,0,6,65,0,NA,0,NA,"C:/Data/corr_sacc/asc/JITT1.asc",0,0,21,37,709.6,1000.8,522,65,44,30,NA
"1690",1,42,3,75,3117749,3118084,1000.8,518.6,5,335,22,1,1,8,8,37,37,"gone",0,7,0,0,0,1,6593,0,8,65,0,NA,0,NA,"C:/Data/corr_sacc/asc/JITT1.asc",0,0,30,36,876.5,971.8,515,65,35,37,NA
"1691",1,42,3,75,3118094,3118619,971.8,509.5,6,525,9,1,1,7,7,36,36,"was",3,1,0,0,0,1,6938,0,7,65,1,NA,0,NA,"C:/Data/corr_sacc/asc/JITT1.asc",0,0,37,38,1000.8,1016.9,518.6,65,28,36,NA
"1692",1,42,3,75,3118634,3118822,1016.9,508.1,7,188,14,1,1,8,8,38,38,"gone",1,2,0,0,0,1,7478,0,8,65,1,NA,0,NA,"C:/Data/corr_sacc/asc/JITT1.asc",0,0,36,46,971.8,1164.6,509.5,65,29,38,NA
"1693",1,42,3,75,3118861,3119029,1164.6,506.8,8,168,38,1,1,10,10,46,46,"the",1,8,0,0,0,1,7705,0,10,65,0,NA,0,NA,"C:/Data/corr_sacc/asc/JITT1.asc",0,0,38,55,1016.9,1316.4,508.1,65,27,46,NA
"1694",1,42,3,75,3119056,3119209,1316.4,496.2,9,153,26,1,1,12,12,55,55,"the",1,9,0,0,0,1,7900,0,12,65,0,NA,0,NA,"C:/Data/corr_sacc/asc/JITT1.asc",0,0,46,61,1164.6,1439.3,506.8,65,19,55,NA
"1695",1,42,3,75,3119234,3119563,1439.3,498.5,10,329,24,1,1,13,13,61,61,"sheriff",3,6,0,0,0,1,8078,0,13,65,0,NA,0,NA,"C:/Data/corr_sacc/asc/JITT1.asc",1,0,55,11,1316.4,528.1,496.2,65,10,61,NA
"1696",1,42,3,75,3119635,3119960,528.1,668.9,11,325,71,1,2,16,16,76,11,"the",0,50,0,0,0,1,8479,0,3,41,0,NA,1,"accurate","C:/Data/corr_sacc/asc/JITT1.asc",0,0,61,17,1439.3,642.1,498.5,65,4,11,0
"1697",1,42,3,75,3119998,3120337,642.1,499.3,12,339,37,1,1,3,3,17,17,"suspected",9,6,0,0,0,1,8842,0,3,65,1,NA,0,NA,"C:/Data/corr_sacc/asc/JITT1.asc",0,1,11,25,528.1,787.8,668.9,41,30,17,NA
"1698",1,42,3,75,3120366,3120553,787.8,494.7,13,187,28,1,1,6,6,25,25,"robbery",0,8,0,0,0,1,9210,0,6,65,1,NA,0,NA,"C:/Data/corr_sacc/asc/JITT1.asc",0,0,17,40,642.1,1048,499.3,65,48,25,NA
"1699",1,42,3,75,3120585,3120738,1048,501.3,14,153,31,1,1,8,8,40,40,"gone",3,15,0,0,0,1,9429,0,8,65,1,NA,0,NA,"C:/Data/corr_sacc/asc/JITT1.asc",0,0,25,45,787.8,1147.1,494.7,65,40,40,NA
"1700",1,42,3,75,3120759,3120888,1147.1,515.5,15,129,20,1,1,10,10,45,45,"the",0,5,0,0,0,1,9603,0,10,65,1,NA,0,NA,"C:/Data/corr_sacc/asc/JITT1.asc",0,0,40,61,1048,1437.8,501.3,65,25,45,NA
"1701",1,42,3,75,3120935,3121134,1437.8,495.3,16,199,46,1,1,13,13,61,61,"sheriff",3,16,0,0,0,1,9779,0,13,65,1,NA,0,NA,"C:/Data/corr_sacc/asc/JITT1.asc",0,0,45,9,1147.1,488.4,515.5,65,20,61,NA
"1702",1,42,3,75,3121222,3121357,488.4,731.4,17,135,87,1,2,15,15,74,9,"on",1,52,0,0,0,1,10066,0,2,41,1,NA,0,NA,"C:/Data/corr_sacc/asc/JITT1.asc",0,0,61,9,1437.8,495.9,495.3,65,4,9,NA
"1703",1,42,3,75,3121376,3121508,495.9,707.3,18,132,18,1,2,15,15,74,9,"on",1,0,0,0,0,1,10220,0,2,41,1,NA,0,NA,"C:/Data/corr_sacc/asc/JITT1.asc",0,0,9,18,488.4,654.7,731.4,41,32,9,NA
"1704",1,42,3,75,3121546,3121761,654.7,707,19,215,37,1,2,17,17,83,18,"scene",3,9,0,0,0,1,10390,0,4,41,0,NA,0,NA,"C:/Data/corr_sacc/asc/JITT1.asc",0,0,9,28,495.9,841.5,707.3,41,32,18,NA
"1705",1,42,3,75,3121787,3122185,841.5,704.3,20,398,25,1,2,19,19,93,28,"reinforcements.",2,10,0,0,0,1,10631,0,6,41,0,NA,0,NA,"C:/Data/corr_sacc/asc/JITT1.asc",0,0,18,29,654.7,860.5,707,41,23,28,NA
"1706",1,42,3,75,3122193,3122389,860.5,712.5,21,196,7,1,2,19,19,94,29,"reinforcements.",3,1,0,0,0,1,11037,0,6,41,0,NA,0,NA,"C:/Data/corr_sacc/asc/JITT1.asc",0,0,28,35,841.5,971.1,704.3,41,13,29,NA
"1707",1,42,3,75,3122416,3122502,971.1,718.5,22,86,26,1,2,19,19,100,35,"reinforcements.",9,6,0,0,0,1,11260,0,6,41,0,NA,0,NA,"C:/Data/corr_sacc/asc/JITT1.asc",NA,0,29,NA,860.5,NA,712.5,41,12,35,NA
"1708",1,42,3,75,NA,NA,NA,NA,NA,NA,NA,1,1,1,NA,NA,NA,"The",NA,NA,NA,NA,NA,NA,NA,NA,1,NA,NA,NA,NA,NA,"C:/Data/corr_sacc/asc/JITT1.asc",NA,0,35,NA,971.1,NA,718.5,41,6,NA,NA
"1709",1,42,3,75,NA,NA,NA,NA,NA,NA,NA,1,1,2,NA,NA,NA,"man",NA,NA,NA,NA,NA,NA,NA,NA,2,NA,NA,NA,NA,NA,"C:/Data/corr_sacc/asc/JITT1.asc",NA,NA,NA,NA,NA,NA,NA,NA,NA,NA,NA
"1710",1,42,3,75,NA,NA,NA,NA,NA,NA,NA,1,1,4,NA,NA,NA,"in",NA,NA,NA,NA,NA,NA,NA,NA,4,NA,NA,NA,NA,NA,"C:/Data/corr_sacc/asc/JITT1.asc",NA,NA,NA,NA,NA,NA,NA,NA,NA,NA,NA
"1711",1,42,3,75,NA,NA,NA,NA,NA,NA,NA,1,1,9,NA,NA,NA,"by",NA,NA,NA,NA,NA,NA,NA,NA,9,NA,NA,NA,NA,NA,"C:/Data/corr_sacc/asc/JITT1.asc",NA,NA,NA,NA,NA,NA,NA,NA,NA,NA,NA
"1712",1,42,3,75,NA,NA,NA,NA,NA,NA,NA,1,1,11,NA,NA,NA,"time",NA,NA,NA,NA,NA,NA,NA,NA,11,NA,NA,NA,NA,NA,"C:/Data/corr_sacc/asc/JITT1.asc",NA,NA,NA,NA,NA,NA,NA,NA,NA,NA,NA
"1713",1,42,3,75,NA,NA,NA,NA,NA,NA,NA,1,2,14,NA,NA,NA,"arrived",NA,NA,NA,NA,NA,NA,NA,NA,1,NA,NA,NA,NA,NA,"C:/Data/corr_sacc/asc/JITT1.asc",NA,NA,NA,NA,NA,NA,NA,NA,NA,NA,NA
"1714",1,42,3,75,NA,NA,NA,NA,NA,NA,NA,1,2,18,NA,NA,NA,"with",NA,NA,NA,NA,NA,NA,NA,NA,5,NA,NA,NA,NA,NA,"C:/Data/corr_sacc/asc/JITT1.asc",0,NA,NA,NA,NA,NA,NA,NA,NA,NA,NA
"1715",1,9,3,76,3135924,3136143,405.5,493.8,1,219,24,1,1,2,2,4,4,"villagers",0,NA,0,0,0,1,783,0,2,53,0,NA,0,NA,"C:/Data/corr_sacc/asc/JITT1.asc",0,0,NA,2,NA,356.2,NA,NA,NA,4,NA
"1716",1,9,3,76,3136165,3136404,356.2,501.3,2,239,21,1,1,1,1,2,2,"The",2,2,0,0,0,1,1024,0,1,53,1,NA,0,NA,"C:/Data/corr_sacc/asc/JITT1.asc",0,0,4,12,405.5,547.9,493.8,53,49,2,NA
"1717",1,9,3,76,3136432,3136582,547.9,496,3,150,27,1,1,2,2,12,12,"villagers",8,10,0,0,0,1,1291,0,2,53,1,NA,0,NA,"C:/Data/corr_sacc/asc/JITT1.asc",0,0,2,17,356.2,630.4,501.3,53,51,12,NA
"1718",1,9,3,76,3136602,3136766,630.4,514.4,4,164,19,1,1,3,3,17,17,"were",3,5,0,0,0,1,1461,0,3,53,0,NA,0,NA,"C:/Data/corr_sacc/asc/JITT1.asc",0,0,12,24,547.9,760.8,496,53,41,17,NA
"1719",1,9,3,76,3136789,3136948,760.8,514.4,5,159,22,1,1,4,4,24,24,"awoken",5,7,0,0,0,1,1648,0,4,53,0,NA,0,NA,"C:/Data/corr_sacc/asc/JITT1.asc",0,0,17,30,630.4,870.5,514.4,53,36,24,NA
"1720",1,9,3,76,3136975,3137228,870.5,503.1,6,253,26,1,1,5,5,30,30,"before",4,6,0,0,0,1,1834,0,5,53,0,NA,0,NA,"C:/Data/corr_sacc/asc/JITT1.asc",0,0,24,37,760.8,986.4,514.4,53,29,30,NA
"1721",1,9,3,76,3137251,3137465,986.4,504.4,7,214,22,1,1,6,6,37,37,"dawn",4,7,0,0,0,1,2110,0,6,53,0,NA,0,NA,"C:/Data/corr_sacc/asc/JITT1.asc",0,0,30,32,870.5,899.5,503.1,53,23,37,NA
"1722",1,9,3,76,3137488,3137550,899.5,503,8,62,22,1,1,5,5,32,32,"before",6,5,0,0,0,1,2347,0,5,53,1,NA,0,NA,"C:/Data/corr_sacc/asc/JITT1.asc",0,0,37,47,986.4,1172.4,504.4,53,16,32,NA
"1723",1,9,3,76,3137581,3137859,1172.4,513.5,9,278,30,1,1,9,9,47,47,"sound",2,15,0,0,0,1,2440,0,9,53,0,NA,0,NA,"C:/Data/corr_sacc/asc/JITT1.asc",0,0,32,42,899.5,1081.6,503,53,21,47,NA
"1724",1,9,3,76,3137883,3138050,1081.6,503.2,10,167,23,1,1,8,8,42,42,"the",1,5,0,0,0,1,2742,0,8,53,1,NA,0,NA,"C:/Data/corr_sacc/asc/JITT1.asc",0,0,47,NA,1172.4,1289.1,513.5,53,6,42,NA
"1725",1,9,3,76,3138082,3138230,1289.1,491.3,11,148,31,NA,1,NA,10,NA,NA,NA,NA,NA,0,0,1,1,2941,NA,NA,53,NA,NA,0,NA,"C:/Data/corr_sacc/asc/JITT1.asc",1,0,42,7,1081.6,450.9,503.2,53,11,59,NA
"1726",1,9,3,76,3138290,3138575,450.9,663.9,12,285,59,1,2,12,12,60,7,"barking",2,NA,0,0,0,1,3149,0,2,39,0,NA,1,"accurate","C:/Data/corr_sacc/asc/JITT1.asc",0,0,NA,15,1289.1,592.3,491.3,53,NA,7,0
"1727",1,9,3,76,3138611,3138746,592.3,681.5,13,135,35,1,2,13,13,68,15,"somewhere",2,8,0,0,0,1,3470,0,3,39,0,NA,0,NA,"C:/Data/corr_sacc/asc/JITT1.asc",0,1,7,23,450.9,732.5,663.9,39,32,15,NA
"1728",1,9,3,76,3138771,3138947,732.5,683,14,176,24,1,2,14,14,76,23,"in",0,8,0,0,0,1,3630,0,4,39,0,NA,0,NA,"C:/Data/corr_sacc/asc/JITT1.asc",0,0,15,33,592.3,918.2,681.5,39,24,23,NA
"1729",1,9,3,76,3138976,3139229,918.2,672.8,15,253,28,1,2,16,16,86,33,"distance.",3,10,0,0,0,1,3835,0,6,39,0,NA,0,NA,"C:/Data/corr_sacc/asc/JITT1.asc",0,0,23,NA,732.5,1040.7,683,39,16,33,NA
"1730",1,9,3,76,3139256,3139362,1040.7,673,16,106,26,NA,2,NA,NA,NA,NA,NA,NA,NA,0,0,1,1,4115,NA,NA,39,NA,NA,0,NA,"C:/Data/corr_sacc/asc/JITT1.asc",NA,0,33,NA,918.2,NA,672.8,39,6,46,NA
"1731",1,9,3,76,NA,NA,NA,NA,NA,NA,NA,1,1,7,NA,NA,NA,"by",NA,NA,NA,NA,NA,NA,NA,NA,7,NA,NA,NA,NA,NA,"C:/Data/corr_sacc/asc/JITT1.asc",NA,0,NA,NA,1040.7,NA,673,39,NA,NA,NA
"1732",1,9,3,76,NA,NA,NA,NA,NA,NA,NA,1,1,10,NA,NA,NA,"of",NA,NA,NA,NA,NA,NA,NA,NA,10,NA,NA,NA,NA,NA,"C:/Data/corr_sacc/asc/JITT1.asc",NA,NA,NA,NA,NA,NA,NA,NA,NA,NA,NA
"1733",1,9,3,76,NA,NA,NA,NA,NA,NA,NA,1,2,11,NA,NA,NA,"dogs",NA,NA,NA,NA,NA,NA,NA,NA,1,NA,NA,NA,NA,NA,"C:/Data/corr_sacc/asc/JITT1.asc",NA,NA,NA,NA,NA,NA,NA,NA,NA,NA,NA
"1734",1,9,3,76,NA,NA,NA,NA,NA,NA,NA,1,2,15,NA,NA,NA,"the",NA,NA,NA,NA,NA,NA,NA,NA,5,NA,NA,NA,NA,NA,"C:/Data/corr_sacc/asc/JITT1.asc",0,NA,NA,NA,NA,NA,NA,NA,NA,NA,NA
"1735",1,45,3,77,3161394,3161839,421.2,485.7,1,445,22,1,1,2,2,9,9,"are",2,NA,0,0,0,1,1765,0,2,66,0,NA,0,NA,"C:/Data/corr_sacc/asc/JITT1.asc",0,0,NA,19,NA,600.4,NA,NA,NA,9,NA
"1736",1,45,3,77,3161863,3162145,600.4,491.3,2,282,23,1,1,3,3,19,19,"appealing",8,10,0,0,0,1,2234,0,3,66,0,NA,0,NA,"C:/Data/corr_sacc/asc/JITT1.asc",0,0,9,28,421.2,748.4,485.7,66,57,19,NA
"1737",1,45,3,77,3162170,3162397,748.4,491.8,3,227,24,1,1,5,5,28,28,"information",3,9,0,0,0,1,2541,0,5,66,0,NA,0,NA,"C:/Data/corr_sacc/asc/JITT1.asc",0,0,19,32,600.4,825.7,491.3,66,47,28,NA
"1738",1,45,3,77,3162419,3162534,825.7,498.8,4,115,21,1,1,5,5,32,32,"information",7,4,0,0,0,1,2790,0,5,66,0,NA,0,NA,"C:/Data/corr_sacc/asc/JITT1.asc",0,0,28,42,748.4,1015.4,491.8,66,38,32,NA
"1739",1,45,3,77,3162565,3162775,1015.4,490.3,5,210,30,1,1,6,6,42,42,"following",5,10,0,0,0,1,2936,0,6,66,0,NA,0,NA,"C:/Data/corr_sacc/asc/JITT1.asc",0,0,32,50,825.7,1158.1,498.8,66,34,42,NA
"1740",1,45,3,77,3162802,3162856,1158.1,484.4,6,54,26,1,1,8,8,50,50,"bank",1,8,0,0,0,1,3173,0,8,66,0,NA,0,NA,"C:/Data/corr_sacc/asc/JITT1.asc",0,0,42,60,1015.4,1336.1,490.3,66,24,50,NA
"1741",1,45,3,77,3163020,3163049,1336.1,548,7,29,163,1,1,9,9,60,60,"robbery",6,10,1,0,0,1,3391,0,9,66,NA,NA,0,NA,"C:/Data/corr_sacc/asc/JITT1.asc",0,0,50,54,1158.1,1214.7,484.4,66,16,60,NA
"1742",1,45,3,77,3163085,3163202,1214.7,526.5,8,117,35,1,1,9,9,54,54,"robbery",0,6,0,0,0,1,3456,0,9,66,0,NA,0,NA,"C:/Data/corr_sacc/asc/JITT1.asc",0,0,60,58,1336.1,1295.1,548,66,6,54,NA
"1743",1,45,3,77,3163221,3163344,1295.1,515.3,9,123,18,1,1,9,9,58,58,"robbery",4,4,0,0,0,1,3592,0,9,66,0,NA,0,NA,"C:/Data/corr_sacc/asc/JITT1.asc",0,0,54,NA,1214.7,1471.3,526.5,66,12,58,NA
"1744",1,45,3,77,3163370,3163637,1471.3,500.4,10,267,25,NA,1,NA,NA,NA,NA,NA,NA,NA,0,0,1,1,3741,NA,NA,66,NA,NA,0,NA,"C:/Data/corr_sacc/asc/JITT1.asc",1,0,58,9,1295.1,411.7,515.3,66,8,70,NA
"1745",1,45,3,77,3163714,3163896,411.7,720.5,11,182,76,1,2,13,13,75,9,"burglar",1,NA,0,0,0,1,4085,0,2,54,0,NA,1,"undersweep","C:/Data/corr_sacc/asc/JITT1.asc",0,0,NA,8,1471.3,392.8,500.4,66,NA,9,1
"1746",1,45,3,77,3163903,3164099,392.8,715,12,196,6,1,2,13,13,74,8,"burglar",0,1,0,0,0,1,4274,0,2,54,0,NA,0,NA,"C:/Data/corr_sacc/asc/JITT1.asc",0,1,9,17,411.7,549.7,720.5,54,45,8,NA
"1747",1,45,3,77,3164134,3164279,549.7,706.9,13,145,34,1,2,14,14,83,17,"which",1,9,0,0,0,1,4505,0,3,54,0,NA,0,NA,"C:/Data/corr_sacc/asc/JITT1.asc",0,0,8,24,392.8,682.8,715,54,46,17,NA
"1748",1,45,3,77,3164315,3164558,682.8,706.7,14,243,35,1,2,15,15,90,24,"took",2,7,0,0,0,1,4686,0,4,54,0,NA,0,NA,"C:/Data/corr_sacc/asc/JITT1.asc",0,0,17,32,549.7,818.9,706.9,54,37,24,NA
"1749",1,45,3,77,3164584,3164873,818.9,700.4,15,289,25,1,2,16,16,98,32,"place",5,8,0,0,0,1,4955,0,5,54,0,NA,0,NA,"C:/Data/corr_sacc/asc/JITT1.asc",0,0,24,42,682.8,1016.3,706.7,54,30,32,NA
"1750",1,45,3,77,3164902,3165165,1016.3,689.2,16,263,28,1,2,19,19,108,42,"last",2,10,0,0,0,1,5273,0,8,54,0,NA,0,NA,"C:/Data/corr_sacc/asc/JITT1.asc",0,0,32,48,818.9,1109.5,700.4,54,22,42,NA
"1751",1,45,3,77,3165189,3165381,1109.5,688.7,17,192,23,1,2,20,20,114,48,"Saturday.",3,6,0,0,0,1,5560,0,9,54,0,NA,0,NA,"C:/Data/corr_sacc/asc/JITT1.asc",NA,0,42,NA,1016.3,NA,689.2,54,12,48,NA
"1752",1,45,3,77,NA,NA,NA,NA,NA,NA,NA,1,1,1,NA,NA,NA,"Police",NA,NA,NA,NA,NA,NA,NA,NA,1,NA,NA,NA,NA,NA,"C:/Data/corr_sacc/asc/JITT1.asc",NA,0,48,NA,1109.5,NA,688.7,54,6,NA,NA
"1753",1,45,3,77,NA,NA,NA,NA,NA,NA,NA,1,1,4,NA,NA,NA,"for",NA,NA,NA,NA,NA,NA,NA,NA,4,NA,NA,NA,NA,NA,"C:/Data/corr_sacc/asc/JITT1.asc",NA,NA,NA,NA,NA,NA,NA,NA,NA,NA,NA
"1754",1,45,3,77,NA,NA,NA,NA,NA,NA,NA,1,1,7,NA,NA,NA,"a",NA,NA,NA,NA,NA,NA,NA,NA,7,NA,NA,NA,NA,NA,"C:/Data/corr_sacc/asc/JITT1.asc",NA,NA,NA,NA,NA,NA,NA,NA,NA,NA,NA
"1755",1,45,3,77,NA,NA,NA,NA,NA,NA,NA,1,1,10,NA,NA,NA,"by",NA,NA,NA,NA,NA,NA,NA,NA,10,NA,NA,NA,NA,NA,"C:/Data/corr_sacc/asc/JITT1.asc",NA,NA,NA,NA,NA,NA,NA,NA,NA,NA,NA
"1756",1,45,3,77,NA,NA,NA,NA,NA,NA,NA,1,1,11,NA,NA,NA,"a",NA,NA,NA,NA,NA,NA,NA,NA,11,NA,NA,NA,NA,NA,"C:/Data/corr_sacc/asc/JITT1.asc",NA,NA,NA,NA,NA,NA,NA,NA,NA,NA,NA
"1757",1,45,3,77,NA,NA,NA,NA,NA,NA,NA,1,2,12,NA,NA,NA,"devious",NA,NA,NA,NA,NA,NA,NA,NA,1,NA,NA,NA,NA,NA,"C:/Data/corr_sacc/asc/JITT1.asc",NA,NA,NA,NA,NA,NA,NA,NA,NA,NA,NA
"1758",1,45,3,77,NA,NA,NA,NA,NA,NA,NA,1,2,17,NA,NA,NA,"at",NA,NA,NA,NA,NA,NA,NA,NA,6,NA,NA,NA,NA,NA,"C:/Data/corr_sacc/asc/JITT1.asc",NA,NA,NA,NA,NA,NA,NA,NA,NA,NA,NA
"1759",1,45,3,77,NA,NA,NA,NA,NA,NA,NA,1,2,18,NA,NA,NA,"9PM",NA,NA,NA,NA,NA,NA,NA,NA,7,NA,NA,NA,NA,NA,"C:/Data/corr_sacc/asc/JITT1.asc",0,NA,NA,NA,NA,NA,NA,NA,NA,NA,NA
"1760",1,75,3,78,3171645,3171766,366.9,464,1,121,24,1,1,3,3,9,9,"village",0,NA,0,0,0,1,1590,0,3,53,0,NA,0,NA,"C:/Data/corr_sacc/asc/JITT1.asc",0,0,NA,21,NA,580.8,NA,NA,NA,9,NA
"1761",1,75,3,78,3171796,3172109,580.8,478.8,2,313,29,1,1,4,4,21,21,"women",4,12,0,0,0,1,1741,0,4,53,0,NA,0,NA,"C:/Data/corr_sacc/asc/JITT1.asc",0,0,9,28,366.9,705,464,53,44,21,NA
"1762",1,75,3,78,3172135,3172393,705,473.5,3,258,25,1,1,5,5,28,28,"expected",5,7,0,0,0,1,2080,0,5,53,0,NA,0,NA,"C:/Data/corr_sacc/asc/JITT1.asc",0,0,21,36,580.8,839.3,478.8,53,32,28,NA
"1763",1,75,3,78,3172427,3172667,839.3,479.3,4,240,33,1,1,6,6,36,36,"many",4,8,0,0,0,1,2372,0,6,53,0,NA,0,NA,"C:/Data/corr_sacc/asc/JITT1.asc",0,0,28,42,705,958.7,473.5,53,25,36,NA
"1764",1,75,3,78,3172692,3172829,958.7,489.8,5,137,24,1,1,7,7,42,42,"crimes",5,6,0,0,0,1,2637,0,7,53,0,NA,0,NA,"C:/Data/corr_sacc/asc/JITT1.asc",0,0,36,49,839.3,1088.3,479.3,53,17,42,NA
"1765",1,75,3,78,3172856,3173056,1088.3,482.3,6,200,26,1,1,9,9,49,49,"happen",2,7,0,0,0,1,2801,0,9,53,0,NA,0,NA,"C:/Data/corr_sacc/asc/JITT1.asc",1,0,42,9,958.7,365.7,489.8,53,11,49,NA
"1766",1,75,3,78,3173123,3173350,365.7,648.7,7,227,66,1,2,11,11,62,9,"the",2,40,0,0,0,1,3068,0,2,37,0,NA,1,"accurate","C:/Data/corr_sacc/asc/JITT1.asc",0,0,49,19,1088.3,537.7,482.3,53,4,9,0
"1767",1,75,3,78,3173379,3173588,537.7,662.3,8,209,28,1,2,13,13,72,19,"and",3,10,0,0,0,1,3324,0,4,37,0,NA,0,NA,"C:/Data/corr_sacc/asc/JITT1.asc",0,1,9,28,365.7,707.7,648.7,37,28,19,NA
"1768",1,75,3,78,3173626,3173945,707.7,662.7,9,319,37,1,2,15,15,81,28,"civil",1,9,0,0,0,1,3571,0,6,37,0,NA,0,NA,"C:/Data/corr_sacc/asc/JITT1.asc",0,0,19,36,537.7,846.2,662.3,37,18,28,NA
"1769",1,75,3,78,3173971,3174099,846.2,666.7,10,128,25,1,2,16,16,89,36,"war.",3,8,0,0,0,1,3916,0,7,37,0,NA,0,NA,"C:/Data/corr_sacc/asc/JITT1.asc",NA,0,28,NA,707.7,NA,662.7,37,9,36,NA
"1770",1,75,3,78,NA,NA,NA,NA,NA,NA,NA,1,1,1,NA,NA,NA,"The",NA,NA,NA,NA,NA,NA,NA,NA,1,NA,NA,NA,NA,NA,"C:/Data/corr_sacc/asc/JITT1.asc",NA,0,36,NA,846.2,NA,666.7,37,1,NA,NA
"1771",1,75,3,78,NA,NA,NA,NA,NA,NA,NA,1,1,2,NA,NA,NA,"poor",NA,NA,NA,NA,NA,NA,NA,NA,2,NA,NA,NA,NA,NA,"C:/Data/corr_sacc/asc/JITT1.asc",NA,NA,NA,NA,NA,NA,NA,NA,NA,NA,NA
"1772",1,75,3,78,NA,NA,NA,NA,NA,NA,NA,1,1,8,NA,NA,NA,"to",NA,NA,NA,NA,NA,NA,NA,NA,8,NA,NA,NA,NA,NA,"C:/Data/corr_sacc/asc/JITT1.asc",NA,NA,NA,NA,NA,NA,NA,NA,NA,NA,NA
"1773",1,75,3,78,NA,NA,NA,NA,NA,NA,NA,1,2,10,NA,NA,NA,"during",NA,NA,NA,NA,NA,NA,NA,NA,1,NA,NA,NA,NA,NA,"C:/Data/corr_sacc/asc/JITT1.asc",NA,NA,NA,NA,NA,NA,NA,NA,NA,NA,NA
"1774",1,75,3,78,NA,NA,NA,NA,NA,NA,NA,1,2,12,NA,NA,NA,"long",NA,NA,NA,NA,NA,NA,NA,NA,3,NA,NA,NA,NA,NA,"C:/Data/corr_sacc/asc/JITT1.asc",NA,NA,NA,NA,NA,NA,NA,NA,NA,NA,NA
"1775",1,75,3,78,NA,NA,NA,NA,NA,NA,NA,1,2,14,NA,NA,NA,"bloody",NA,NA,NA,NA,NA,NA,NA,NA,5,NA,NA,NA,NA,NA,"C:/Data/corr_sacc/asc/JITT1.asc",0,NA,NA,NA,NA,NA,NA,NA,NA,NA,NA
"1776",1,28,1,79,3233987,3234181,263.4,469.5,1,194,16,1,1,1,1,1,1,"The",1,NA,0,0,0,1,991,0,1,65,0,NA,0,NA,"C:/Data/corr_sacc/asc/JITT1.asc",0,0,NA,8,NA,395.3,NA,NA,NA,1,NA
"1777",1,28,1,79,3234206,3234482,395.3,488,2,276,24,1,1,2,2,8,8,"sub-tropical",4,7,0,0,0,1,1210,0,2,65,0,NA,0,NA,"C:/Data/corr_sacc/asc/JITT1.asc",0,0,1,17,263.4,558.3,469.5,65,64,8,NA
"1778",1,28,1,79,3234506,3234694,558.3,502.8,3,188,23,1,1,3,3,17,17,"flowers",0,9,0,0,0,1,1510,0,3,65,0,NA,0,NA,"C:/Data/corr_sacc/asc/JITT1.asc",0,0,8,26,395.3,720.5,488,65,57,17,NA
"1779",1,28,1,79,3234723,3234979,720.5,515.1,4,256,28,1,1,4,4,26,26,"and",1,9,0,0,0,1,1727,0,4,65,0,NA,0,NA,"C:/Data/corr_sacc/asc/JITT1.asc",0,0,17,35,558.3,875.5,502.8,65,48,26,NA
"1780",1,28,1,79,3235005,3235189,875.5,510,5,184,25,1,1,5,5,35,35,"plants",6,9,0,0,0,1,2009,0,5,65,0,NA,0,NA,"C:/Data/corr_sacc/asc/JITT1.asc",0,0,26,39,720.5,943.1,515.1,65,39,35,NA
"1781",1,28,1,79,3235211,3235407,943.1,519.1,6,196,21,1,1,7,7,39,39,"our",0,4,0,0,0,1,2215,0,7,65,0,NA,0,NA,"C:/Data/corr_sacc/asc/JITT1.asc",0,0,35,47,875.5,1102.3,510,65,30,39,NA
"1782",1,28,1,79,3235432,3235584,1102.3,512.7,7,152,24,1,1,8,8,47,47,"garden",4,8,0,0,0,1,2436,0,8,65,0,NA,0,NA,"C:/Data/corr_sacc/asc/JITT1.asc",0,0,39,54,943.1,1215.1,519.1,65,26,47,NA
"1783",1,28,1,79,3235608,3235830,1215.1,507.5,8,222,23,1,1,9,9,54,54,"were",4,7,0,0,0,1,2612,0,9,65,0,NA,0,NA,"C:/Data/corr_sacc/asc/JITT1.asc",0,0,47,59,1102.3,1311.8,512.7,65,18,54,NA
"1784",1,28,1,79,3235852,3236084,1311.8,510.9,9,232,21,1,1,10,10,59,59,"taken",4,5,0,0,0,1,2856,0,10,65,0,NA,0,NA,"C:/Data/corr_sacc/asc/JITT1.asc",1,0,54,7,1215.1,366.1,507.5,65,11,59,NA
"1785",1,28,1,79,3236160,3236390,366.1,684.6,10,230,75,1,2,12,12,72,7,"overseas,",7,52,0,0,0,1,3164,0,1,70,0,NA,1,"undersweep","C:/Data/corr_sacc/asc/JITT1.asc",0,0,59,4,1311.8,313.6,510.9,65,6,7,1
"1786",1,28,1,79,3236411,3236556,313.6,698.1,11,145,20,1,2,12,12,69,4,"overseas,",4,3,0,0,0,1,3415,0,1,70,0,NA,0,NA,"C:/Data/corr_sacc/asc/JITT1.asc",0,1,7,17,366.1,548.1,684.6,70,63,4,NA
"1787",1,28,1,79,3236597,3237106,548.1,712.4,12,509,40,1,2,14,14,82,17,"they",3,13,0,0,0,1,3601,0,3,70,0,NA,0,NA,"C:/Data/corr_sacc/asc/JITT1.asc",0,0,4,11,313.6,440.3,698.1,70,66,17,NA
"1788",1,28,1,79,3237131,3237262,440.3,719.7,13,131,24,1,2,13,13,76,11,"but",1,6,0,0,0,1,4135,0,2,70,1,NA,0,NA,"C:/Data/corr_sacc/asc/JITT1.asc",0,0,17,25,548.1,706.6,712.4,70,53,11,NA
"1789",1,28,1,79,3237292,3237536,706.6,728.9,14,244,29,1,2,16,16,90,25,"not",3,14,0,0,0,1,4296,0,5,70,0,NA,0,NA,"C:/Data/corr_sacc/asc/JITT1.asc",0,0,11,36,440.3,894.5,719.7,70,59,25,NA
"1790",1,28,1,79,3237570,3238049,894.5,715.2,15,479,33,1,2,19,19,101,36,"fare",2,11,0,0,0,1,4574,0,8,70,0,NA,0,NA,"C:/Data/corr_sacc/asc/JITT1.asc",0,0,25,45,706.6,1058.9,728.9,70,45,36,NA
"1791",1,28,1,79,3238076,3238532,1058.9,715.1,16,456,26,1,2,21,21,110,45,"well",2,9,0,0,0,1,5080,0,10,70,0,NA,0,NA,"C:/Data/corr_sacc/asc/JITT1.asc",0,0,36,56,894.5,1255.4,715.2,70,34,45,NA
"1792",1,28,1,79,3238562,3238793,1255.4,702.5,17,231,29,1,2,24,24,121,56,"colder",1,11,0,0,0,1,5566,0,13,70,0,NA,0,NA,"C:/Data/corr_sacc/asc/JITT1.asc",0,0,45,59,1058.9,1313.9,715.1,70,25,56,NA
"1793",1,28,1,79,3238811,3238939,1313.9,713.7,18,128,17,1,2,24,24,124,59,"colder",4,3,0,0,0,1,5815,0,13,70,0,NA,0,NA,"C:/Data/corr_sacc/asc/JITT1.asc",NA,0,56,NA,1255.4,NA,702.5,70,14,59,NA
"1794",1,28,1,79,NA,NA,NA,NA,NA,NA,NA,1,1,6,NA,NA,NA,"in",NA,NA,NA,NA,NA,NA,NA,NA,6,NA,NA,NA,NA,NA,"C:/Data/corr_sacc/asc/JITT1.asc",NA,0,59,NA,1313.9,NA,713.7,70,11,NA,NA
"1795",1,28,1,79,NA,NA,NA,NA,NA,NA,NA,1,1,11,NA,NA,NA,"from",NA,NA,NA,NA,NA,NA,NA,NA,11,NA,NA,NA,NA,NA,"C:/Data/corr_sacc/asc/JITT1.asc",NA,NA,NA,NA,NA,NA,NA,NA,NA,NA,NA
"1796",1,28,1,79,NA,NA,NA,NA,NA,NA,NA,1,2,15,NA,NA,NA,"do",NA,NA,NA,NA,NA,NA,NA,NA,4,NA,NA,NA,NA,NA,"C:/Data/corr_sacc/asc/JITT1.asc",NA,NA,NA,NA,NA,NA,NA,NA,NA,NA,NA
"1797",1,28,1,79,NA,NA,NA,NA,NA,NA,NA,1,2,17,NA,NA,NA,"seem",NA,NA,NA,NA,NA,NA,NA,NA,6,NA,NA,NA,NA,NA,"C:/Data/corr_sacc/asc/JITT1.asc",NA,NA,NA,NA,NA,NA,NA,NA,NA,NA,NA
"1798",1,28,1,79,NA,NA,NA,NA,NA,NA,NA,1,2,18,NA,NA,NA,"to",NA,NA,NA,NA,NA,NA,NA,NA,7,NA,NA,NA,NA,NA,"C:/Data/corr_sacc/asc/JITT1.asc",NA,NA,NA,NA,NA,NA,NA,NA,NA,NA,NA
"1799",1,28,1,79,NA,NA,NA,NA,NA,NA,NA,1,2,20,NA,NA,NA,"too",NA,NA,NA,NA,NA,NA,NA,NA,9,NA,NA,NA,NA,NA,"C:/Data/corr_sacc/asc/JITT1.asc",NA,NA,NA,NA,NA,NA,NA,NA,NA,NA,NA
"1800",1,28,1,79,NA,NA,NA,NA,NA,NA,NA,1,2,22,NA,NA,NA,"in",NA,NA,NA,NA,NA,NA,NA,NA,11,NA,NA,NA,NA,NA,"C:/Data/corr_sacc/asc/JITT1.asc",NA,NA,NA,NA,NA,NA,NA,NA,NA,NA,NA
"1801",1,28,1,79,NA,NA,NA,NA,NA,NA,NA,1,2,23,NA,NA,NA,"the",NA,NA,NA,NA,NA,NA,NA,NA,12,NA,NA,NA,NA,NA,"C:/Data/corr_sacc/asc/JITT1.asc",NA,NA,NA,NA,NA,NA,NA,NA,NA,NA,NA
"1802",1,28,1,79,NA,NA,NA,NA,NA,NA,NA,1,2,25,NA,NA,NA,"climate.",NA,NA,NA,NA,NA,NA,NA,NA,14,NA,NA,NA,NA,NA,"C:/Data/corr_sacc/asc/JITT1.asc",0,NA,NA,NA,NA,NA,NA,NA,NA,NA,NA
"1803",1,4,1,80,3255952,3256103,460.5,489.2,1,151,23,1,1,2,2,6,6,"two",2,NA,0,0,0,1,444,0,2,67,0,NA,0,NA,"C:/Data/corr_sacc/asc/JITT1.asc",0,0,NA,17,NA,645.6,NA,NA,NA,6,NA
"1804",1,4,1,80,3256139,3256284,645.6,492.6,2,145,35,1,1,4,4,17,17,"sisters",0,11,0,0,0,1,631,0,4,67,0,NA,0,NA,"C:/Data/corr_sacc/asc/JITT1.asc",0,0,6,23,460.5,766.4,489.2,67,61,17,NA
"1805",1,4,1,80,3256321,3256447,766.4,493.5,3,126,36,1,1,4,4,23,23,"sisters",6,6,0,0,0,1,813,0,4,67,0,NA,0,NA,"C:/Data/corr_sacc/asc/JITT1.asc",0,0,17,31,645.6,913,492.6,67,50,23,NA
"1806",1,4,1,80,3256473,3256678,913,475.2,4,205,25,1,1,6,6,31,31,"happily",1,8,0,0,0,1,965,0,6,67,0,NA,0,NA,"C:/Data/corr_sacc/asc/JITT1.asc",0,0,23,30,766.4,894.5,493.5,67,44,31,NA
"1807",1,4,1,80,3256687,3256803,894.5,478.9,5,116,8,1,1,6,6,30,30,"happily",0,1,0,0,0,1,1179,0,6,67,0,NA,0,NA,"C:/Data/corr_sacc/asc/JITT1.asc",0,0,31,45,913,1152.4,475.2,67,36,30,NA
"1808",1,4,1,80,3256841,3257090,1152.4,496.8,6,249,37,1,1,8,8,45,45,"and",0,15,0,0,0,1,1333,0,8,67,0,NA,0,NA,"C:/Data/corr_sacc/asc/JITT1.asc",0,0,30,54,894.5,1326.5,478.9,67,37,45,NA
"1809",1,4,1,80,3257118,3257282,1326.5,497.1,7,164,27,1,1,9,9,54,54,"laughed",5,9,0,0,0,1,1610,0,9,67,0,NA,0,NA,"C:/Data/corr_sacc/asc/JITT1.asc",0,0,45,65,1152.4,1513.6,496.8,67,22,54,NA
"1810",1,4,1,80,3257311,3257512,1513.6,504.4,8,201,28,1,1,12,12,65,65,"sun",1,11,0,0,0,1,1803,0,12,67,0,NA,0,NA,"C:/Data/corr_sacc/asc/JITT1.asc",0,0,54,61,1326.5,1448.6,497.1,67,13,65,NA
"1811",1,4,1,80,3257532,3257610,1448.6,501.5,9,78,19,1,1,11,11,61,61,"the",1,4,0,0,0,1,2024,0,11,67,1,NA,0,NA,"C:/Data/corr_sacc/asc/JITT1.asc",1,0,65,5,1513.6,437.4,504.4,67,2,61,NA
"1812",1,4,1,80,3257686,3257889,437.4,748.4,10,203,75,1,2,14,14,72,5,"they",2,56,0,0,0,1,2178,0,2,40,0,NA,1,"accurate","C:/Data/corr_sacc/asc/JITT1.asc",0,0,61,7,1448.6,473.4,501.5,67,6,5,0
"1813",1,4,1,80,3257910,3258053,473.4,699.4,11,143,20,1,2,14,14,74,7,"they",4,2,0,0,0,1,2402,0,2,40,0,NA,0,NA,"C:/Data/corr_sacc/asc/JITT1.asc",0,1,5,15,437.4,618.4,748.4,40,35,7,NA
"1814",1,4,1,80,3258088,3258277,618.4,685.8,12,189,34,1,2,15,15,82,15,"enjoyed",7,8,0,0,0,1,2580,0,3,40,0,NA,0,NA,"C:/Data/corr_sacc/asc/JITT1.asc",0,0,7,25,473.4,803.8,699.4,40,33,15,NA
"1815",1,4,1,80,3258305,3258519,803.8,680.5,13,214,27,1,2,18,18,92,25,"days",0,10,0,0,0,1,2797,0,6,40,0,NA,0,NA,"C:/Data/corr_sacc/asc/JITT1.asc",0,0,15,34,618.4,955.1,685.8,40,25,25,NA
"1816",1,4,1,80,3258545,3258599,955.1,682.4,14,54,25,1,2,20,20,101,34,"summer.",1,9,0,0,0,1,3037,0,8,40,0,NA,0,NA,"C:/Data/corr_sacc/asc/JITT1.asc",NA,0,25,NA,803.8,NA,680.5,40,15,34,NA
"1817",1,4,1,80,NA,NA,NA,NA,NA,NA,NA,1,1,1,NA,NA,NA,"The",NA,NA,NA,NA,NA,NA,NA,NA,1,NA,NA,NA,NA,NA,"C:/Data/corr_sacc/asc/JITT1.asc",NA,0,34,NA,955.1,NA,682.4,40,6,NA,NA
"1818",1,4,1,80,NA,NA,NA,NA,NA,NA,NA,1,1,3,NA,NA,NA,"youngest",NA,NA,NA,NA,NA,NA,NA,NA,3,NA,NA,NA,NA,NA,"C:/Data/corr_sacc/asc/JITT1.asc",NA,NA,NA,NA,NA,NA,NA,NA,NA,NA,NA
"1819",1,4,1,80,NA,NA,NA,NA,NA,NA,NA,1,1,5,NA,NA,NA,"both",NA,NA,NA,NA,NA,NA,NA,NA,5,NA,NA,NA,NA,NA,"C:/Data/corr_sacc/asc/JITT1.asc",NA,NA,NA,NA,NA,NA,NA,NA,NA,NA,NA
"1820",1,4,1,80,NA,NA,NA,NA,NA,NA,NA,1,1,7,NA,NA,NA,"played",NA,NA,NA,NA,NA,NA,NA,NA,7,NA,NA,NA,NA,NA,"C:/Data/corr_sacc/asc/JITT1.asc",NA,NA,NA,NA,NA,NA,NA,NA,NA,NA,NA
"1821",1,4,1,80,NA,NA,NA,NA,NA,NA,NA,1,1,10,NA,NA,NA,"in",NA,NA,NA,NA,NA,NA,NA,NA,10,NA,NA,NA,NA,NA,"C:/Data/corr_sacc/asc/JITT1.asc",NA,NA,NA,NA,NA,NA,NA,NA,NA,NA,NA
"1822",1,4,1,80,NA,NA,NA,NA,NA,NA,NA,1,2,13,NA,NA,NA,"as",NA,NA,NA,NA,NA,NA,NA,NA,1,NA,NA,NA,NA,NA,"C:/Data/corr_sacc/asc/JITT1.asc",NA,NA,NA,NA,NA,NA,NA,NA,NA,NA,NA
"1823",1,4,1,80,NA,NA,NA,NA,NA,NA,NA,1,2,16,NA,NA,NA,"the",NA,NA,NA,NA,NA,NA,NA,NA,4,NA,NA,NA,NA,NA,"C:/Data/corr_sacc/asc/JITT1.asc",NA,NA,NA,NA,NA,NA,NA,NA,NA,NA,NA
"1824",1,4,1,80,NA,NA,NA,NA,NA,NA,NA,1,2,17,NA,NA,NA,"last",NA,NA,NA,NA,NA,NA,NA,NA,5,NA,NA,NA,NA,NA,"C:/Data/corr_sacc/asc/JITT1.asc",NA,NA,NA,NA,NA,NA,NA,NA,NA,NA,NA
"1825",1,4,1,80,NA,NA,NA,NA,NA,NA,NA,1,2,19,NA,NA,NA,"of",NA,NA,NA,NA,NA,NA,NA,NA,7,NA,NA,NA,NA,NA,"C:/Data/corr_sacc/asc/JITT1.asc",0,NA,NA,NA,NA,NA,NA,NA,NA,NA,NA
"1826",1,64,1,81,3272988,3273116,478.5,493,1,128,29,1,1,2,2,5,5,"mother",3,NA,0,0,0,1,623,0,2,66,0,NA,0,NA,"C:/Data/corr_sacc/asc/JITT1.asc",0,0,NA,12,NA,601.4,NA,NA,NA,5,NA
"1827",1,64,1,81,3273141,3273350,601.4,515.3,2,209,24,1,1,3,3,12,12,"bird",3,7,0,0,0,1,776,0,3,66,0,NA,0,NA,"C:/Data/corr_sacc/asc/JITT1.asc",0,0,5,18,478.5,713.9,493,66,61,12,NA
"1828",1,64,1,81,3273375,3273551,713.9,519.7,3,176,24,1,1,4,4,18,18,"intuitively",4,6,0,0,0,1,1010,0,4,66,0,NA,0,NA,"C:/Data/corr_sacc/asc/JITT1.asc",0,0,12,29,601.4,915.1,515.3,66,54,18,NA
"1829",1,64,1,81,3273582,3273796,915.1,509.6,4,214,30,1,1,5,5,29,29,"knows",3,11,0,0,0,1,1217,0,5,66,0,NA,0,NA,"C:/Data/corr_sacc/asc/JITT1.asc",0,0,18,37,713.9,1051.8,519.7,66,48,29,NA
"1830",1,64,1,81,3273822,3274053,1051.8,517.7,5,231,25,1,1,7,7,37,37,"she",0,8,0,0,0,1,1457,0,7,66,0,NA,0,NA,"C:/Data/corr_sacc/asc/JITT1.asc",0,0,29,42,915.1,1142.6,509.6,66,37,37,NA
"1831",1,64,1,81,3274075,3274247,1142.6,531.1,6,172,21,1,1,8,8,42,42,"has",1,5,0,0,0,1,1710,0,8,66,0,NA,0,NA,"C:/Data/corr_sacc/asc/JITT1.asc",0,0,37,49,1051.8,1278.7,517.7,66,29,42,NA
"1832",1,64,1,81,3274271,3274486,1278.7,535.4,7,215,23,1,1,10,10,49,49,"feed",1,7,0,0,0,1,1906,0,10,66,0,NA,0,NA,"C:/Data/corr_sacc/asc/JITT1.asc",0,0,42,42,1142.6,1154.3,531.1,66,24,49,NA
"1833",1,64,1,81,3274513,3274688,1154.3,536.2,8,175,26,1,1,8,8,42,42,"has",1,7,0,0,0,1,2148,0,8,66,1,NA,0,NA,"C:/Data/corr_sacc/asc/JITT1.asc",0,0,49,41,1278.7,1121.3,535.4,66,17,42,NA
"1834",1,64,1,81,3274701,3274888,1121.3,530.3,9,187,12,1,1,8,8,41,41,"has",0,1,0,0,0,1,2336,0,8,66,1,NA,0,NA,"C:/Data/corr_sacc/asc/JITT1.asc",0,0,42,59,1154.3,1448.9,536.2,66,24,41,NA
"1835",1,64,1,81,3274927,3275273,1448.9,527,10,346,38,1,1,12,12,59,59,"offspring",2,18,0,0,0,1,2562,0,12,66,0,NA,0,NA,"C:/Data/corr_sacc/asc/JITT1.asc",1,0,41,8,1121.3,529.9,530.3,66,25,59,NA
"1836",1,64,1,81,3275351,3275477,529.9,716.4,11,126,77,1,2,14,14,74,8,"protect",4,51,0,0,0,1,2986,0,2,51,0,NA,1,"undersweep","C:/Data/corr_sacc/asc/JITT1.asc",0,0,59,2,1448.9,433.6,527,66,7,8,1
"1837",1,64,1,81,3275497,3275705,433.6,703.5,12,208,19,1,2,13,13,68,2,"and",2,6,0,0,0,1,3132,0,1,51,1,NA,0,NA,"C:/Data/corr_sacc/asc/JITT1.asc",0,1,8,15,529.9,654.9,716.4,51,43,2,NA
"1838",1,64,1,81,3275735,3275926,654.9,695.8,13,191,29,1,2,15,15,81,15,"them",3,13,0,0,0,1,3370,0,3,51,0,NA,0,NA,"C:/Data/corr_sacc/asc/JITT1.asc",0,0,2,24,433.6,817.1,703.5,51,49,15,NA
"1839",1,64,1,81,3275953,3276212,817.1,699.2,14,259,26,1,2,17,17,90,24,"different",2,9,0,0,0,1,3588,0,5,51,0,NA,0,NA,"C:/Data/corr_sacc/asc/JITT1.asc",0,0,15,35,654.9,1017.6,695.8,51,36,24,NA
"1840",1,64,1,81,3276245,3276452,1017.6,701.1,15,207,32,1,2,18,18,101,35,"types",3,11,0,0,0,1,3880,0,6,51,0,NA,0,NA,"C:/Data/corr_sacc/asc/JITT1.asc",0,0,24,44,817.1,1181.8,699.2,51,27,35,NA
"1841",1,64,1,81,3276481,3276710,1181.8,704.6,16,229,28,1,2,20,20,110,44,"predators.",3,9,0,0,0,1,4116,0,8,51,0,NA,0,NA,"C:/Data/corr_sacc/asc/JITT1.asc",0,0,35,47,1017.6,1229.4,701.1,51,16,44,NA
"1842",1,64,1,81,3276727,3276871,1229.4,703.1,17,144,16,1,2,20,20,113,47,"predators.",6,3,0,0,0,1,4362,0,8,51,0,NA,0,NA,"C:/Data/corr_sacc/asc/JITT1.asc",NA,0,44,NA,1181.8,NA,704.6,51,7,47,NA
"1843",1,64,1,81,NA,NA,NA,NA,NA,NA,NA,1,1,1,NA,NA,NA,"A",NA,NA,NA,NA,NA,NA,NA,NA,1,NA,NA,NA,NA,NA,"C:/Data/corr_sacc/asc/JITT1.asc",NA,0,47,NA,1229.4,NA,703.1,51,4,NA,NA
"1844",1,64,1,81,NA,NA,NA,NA,NA,NA,NA,1,1,6,NA,NA,NA,"that",NA,NA,NA,NA,NA,NA,NA,NA,6,NA,NA,NA,NA,NA,"C:/Data/corr_sacc/asc/JITT1.asc",NA,NA,NA,NA,NA,NA,NA,NA,NA,NA,NA
"1845",1,64,1,81,NA,NA,NA,NA,NA,NA,NA,1,1,9,NA,NA,NA,"to",NA,NA,NA,NA,NA,NA,NA,NA,9,NA,NA,NA,NA,NA,"C:/Data/corr_sacc/asc/JITT1.asc",NA,NA,NA,NA,NA,NA,NA,NA,NA,NA,NA
"1846",1,64,1,81,NA,NA,NA,NA,NA,NA,NA,1,1,11,NA,NA,NA,"her",NA,NA,NA,NA,NA,NA,NA,NA,11,NA,NA,NA,NA,NA,"C:/Data/corr_sacc/asc/JITT1.asc",NA,NA,NA,NA,NA,NA,NA,NA,NA,NA,NA
"1847",1,64,1,81,NA,NA,NA,NA,NA,NA,NA,1,2,16,NA,NA,NA,"from",NA,NA,NA,NA,NA,NA,NA,NA,4,NA,NA,NA,NA,NA,"C:/Data/corr_sacc/asc/JITT1.asc",NA,NA,NA,NA,NA,NA,NA,NA,NA,NA,NA
"1848",1,64,1,81,NA,NA,NA,NA,NA,NA,NA,1,2,19,NA,NA,NA,"of",NA,NA,NA,NA,NA,NA,NA,NA,7,NA,NA,NA,NA,NA,"C:/Data/corr_sacc/asc/JITT1.asc",0,NA,NA,NA,NA,NA,NA,NA,NA,NA,NA
"1849",1,15,3,82,3296356,3296594,372.1,500.7,1,238,25,1,1,3,3,10,10,"only",3,NA,0,0,0,1,814,0,3,53,0,NA,0,NA,"C:/Data/corr_sacc/asc/JITT1.asc",0,0,NA,18,NA,511.9,NA,NA,NA,10,NA
"1850",1,15,3,82,3296619,3296840,511.9,509.5,2,221,24,1,1,5,5,18,18,"lunch",0,8,0,0,0,1,1077,0,5,53,0,NA,0,NA,"C:/Data/corr_sacc/asc/JITT1.asc",0,0,10,27,372.1,688.1,500.7,53,43,18,NA
"1851",1,15,3,82,3296866,3297122,688.1,509.4,3,256,25,1,1,6,6,27,27,"that",3,9,0,0,0,1,1324,0,6,53,0,NA,0,NA,"C:/Data/corr_sacc/asc/JITT1.asc",0,0,18,38,511.9,877.9,509.5,53,35,27,NA
"1852",1,15,3,82,3297146,3297310,877.9,504.3,4,164,23,1,1,9,9,38,38,"out",0,11,0,0,0,1,1604,0,9,53,0,NA,0,NA,"C:/Data/corr_sacc/asc/JITT1.asc",0,0,27,46,688.1,1020.6,509.4,53,26,38,NA
"1853",1,15,3,82,3297336,3297650,1020.6,509.8,5,314,25,1,1,11,11,46,46,"had",1,8,0,0,0,1,1794,0,11,53,0,NA,0,NA,"C:/Data/corr_sacc/asc/JITT1.asc",1,0,38,11,877.9,393,504.3,53,15,46,NA
"1854",1,15,3,82,3297710,3297863,393,662.9,6,153,59,1,2,15,15,64,11,"in",0,35,0,0,0,1,2168,0,3,47,0,NA,1,"undersweep","C:/Data/corr_sacc/asc/JITT1.asc",0,0,46,7,1020.6,323.9,509.8,53,7,11,1
"1855",1,15,3,82,3297887,3298136,323.9,692,7,249,23,1,2,14,14,60,7,"wallet",3,4,0,0,0,1,2345,0,2,47,1,NA,0,NA,"C:/Data/corr_sacc/asc/JITT1.asc",0,1,11,21,393,562.7,662.9,47,36,7,NA
"1856",1,15,3,82,3298182,3298407,562.7,698.4,8,225,45,1,2,17,17,74,21,"restaurant",3,14,0,0,0,1,2640,0,5,47,0,NA,0,NA,"C:/Data/corr_sacc/asc/JITT1.asc",0,0,7,18,323.9,523.5,692,47,40,21,NA
"1857",1,15,3,82,3298424,3298585,523.5,702.7,9,161,16,1,2,17,17,71,18,"restaurant",0,3,0,0,0,1,2882,0,5,47,0,NA,0,NA,"C:/Data/corr_sacc/asc/JITT1.asc",0,0,21,39,562.7,902.8,698.4,47,26,18,NA
"1858",1,15,3,82,3298633,3298816,902.8,710.2,10,183,47,1,2,19,19,92,39,"the",3,21,0,0,0,1,3091,0,7,47,0,NA,0,NA,"C:/Data/corr_sacc/asc/JITT1.asc",0,0,18,37,523.5,853.1,702.7,47,29,39,NA
"1859",1,15,3,82,3298839,3298998,853.1,711.3,11,159,22,1,2,19,19,90,37,"the",1,2,0,0,0,1,3297,0,7,47,0,NA,0,NA,"C:/Data/corr_sacc/asc/JITT1.asc",0,0,39,45,902.8,999.8,710.2,47,8,37,NA
"1860",1,15,3,82,3299024,3299392,999.8,703.8,12,368,25,1,2,20,20,98,45,"corner.",5,8,0,0,0,1,3482,0,8,47,0,NA,0,NA,"C:/Data/corr_sacc/asc/JITT1.asc",NA,0,37,NA,853.1,NA,711.3,47,10,45,NA
"1861",1,15,3,82,NA,NA,NA,NA,NA,NA,NA,1,1,1,NA,NA,NA,"It",NA,NA,NA,NA,NA,NA,NA,NA,1,NA,NA,NA,NA,NA,"C:/Data/corr_sacc/asc/JITT1.asc",NA,0,45,NA,999.8,NA,703.8,47,2,NA,NA
"1862",1,15,3,82,NA,NA,NA,NA,NA,NA,NA,1,1,2,NA,NA,NA,"was",NA,NA,NA,NA,NA,NA,NA,NA,2,NA,NA,NA,NA,NA,"C:/Data/corr_sacc/asc/JITT1.asc",NA,NA,NA,NA,NA,NA,NA,NA,NA,NA,NA
"1863",1,15,3,82,NA,NA,NA,NA,NA,NA,NA,1,1,4,NA,NA,NA,"after",NA,NA,NA,NA,NA,NA,NA,NA,4,NA,NA,NA,NA,NA,"C:/Data/corr_sacc/asc/JITT1.asc",NA,NA,NA,NA,NA,NA,NA,NA,NA,NA,NA
"1864",1,15,3,82,NA,NA,NA,NA,NA,NA,NA,1,1,7,NA,NA,NA,"he",NA,NA,NA,NA,NA,NA,NA,NA,7,NA,NA,NA,NA,NA,"C:/Data/corr_sacc/asc/JITT1.asc",NA,NA,NA,NA,NA,NA,NA,NA,NA,NA,NA
"1865",1,15,3,82,NA,NA,NA,NA,NA,NA,NA,1,1,8,NA,NA,NA,"found",NA,NA,NA,NA,NA,NA,NA,NA,8,NA,NA,NA,NA,NA,"C:/Data/corr_sacc/asc/JITT1.asc",NA,NA,NA,NA,NA,NA,NA,NA,NA,NA,NA
"1866",1,15,3,82,NA,NA,NA,NA,NA,NA,NA,1,1,10,NA,NA,NA,"he",NA,NA,NA,NA,NA,NA,NA,NA,10,NA,NA,NA,NA,NA,"C:/Data/corr_sacc/asc/JITT1.asc",NA,NA,NA,NA,NA,NA,NA,NA,NA,NA,NA
"1867",1,15,3,82,NA,NA,NA,NA,NA,NA,NA,1,1,12,NA,NA,NA,"left",NA,NA,NA,NA,NA,NA,NA,NA,12,NA,NA,NA,NA,NA,"C:/Data/corr_sacc/asc/JITT1.asc",NA,NA,NA,NA,NA,NA,NA,NA,NA,NA,NA
"1868",1,15,3,82,NA,NA,NA,NA,NA,NA,NA,1,2,13,NA,NA,NA,"his",NA,NA,NA,NA,NA,NA,NA,NA,1,NA,NA,NA,NA,NA,"C:/Data/corr_sacc/asc/JITT1.asc",NA,NA,NA,NA,NA,NA,NA,NA,NA,NA,NA
"1869",1,15,3,82,NA,NA,NA,NA,NA,NA,NA,1,2,16,NA,NA,NA,"the",NA,NA,NA,NA,NA,NA,NA,NA,4,NA,NA,NA,NA,NA,"C:/Data/corr_sacc/asc/JITT1.asc",NA,NA,NA,NA,NA,NA,NA,NA,NA,NA,NA
"1870",1,15,3,82,NA,NA,NA,NA,NA,NA,NA,1,2,18,NA,NA,NA,"around",NA,NA,NA,NA,NA,NA,NA,NA,6,NA,NA,NA,NA,NA,"C:/Data/corr_sacc/asc/JITT1.asc",0,NA,NA,NA,NA,NA,NA,NA,NA,NA,NA
"1871",1,76,1,83,3305492,3305638,467,498.4,1,146,23,1,1,2,2,8,8,"newly",4,NA,0,0,0,1,645,0,2,65,0,NA,0,NA,"C:/Data/corr_sacc/asc/JITT1.asc",0,0,NA,15,NA,578.9,NA,NA,NA,8,NA
"1872",1,76,1,83,3305671,3305867,578.9,500.5,2,196,32,1,1,3,3,15,15,"built",5,7,0,0,0,1,824,0,3,65,0,NA,0,NA,"C:/Data/corr_sacc/asc/JITT1.asc",0,0,8,22,467,714.3,498.4,65,57,15,NA
"1873",1,76,1,83,3305894,3306033,714.3,502.7,3,139,26,1,1,4,4,22,22,"offices",6,7,0,0,0,1,1047,0,4,65,0,NA,0,NA,"C:/Data/corr_sacc/asc/JITT1.asc",0,0,15,32,578.9,891.5,500.5,65,50,22,NA
"1874",1,76,1,83,3306060,3306310,891.5,490.4,4,250,26,1,1,7,7,32,32,"have",0,10,0,0,0,1,1213,0,7,65,0,NA,0,NA,"C:/Data/corr_sacc/asc/JITT1.asc",0,0,22,41,714.3,1053.3,502.7,65,43,32,NA
"1875",1,76,1,83,3306337,3306597,1053.3,499.2,5,260,26,1,1,8,8,41,41,"windows",4,9,0,0,0,1,1490,0,8,65,0,NA,0,NA,"C:/Data/corr_sacc/asc/JITT1.asc",0,0,32,34,891.5,928.2,490.4,65,33,41,NA
"1876",1,76,1,83,3306623,3306901,928.2,498.1,6,278,25,1,1,7,7,34,34,"have",2,7,0,0,0,1,1776,0,7,65,1,NA,0,NA,"C:/Data/corr_sacc/asc/JITT1.asc",0,0,41,42,1053.3,1073.4,499.2,65,24,34,NA
"1877",1,76,1,83,3306926,3307117,1073.4,504.9,7,191,24,1,1,8,8,42,42,"windows",5,8,0,0,0,1,2079,0,8,65,1,NA,0,NA,"C:/Data/corr_sacc/asc/JITT1.asc",0,0,34,53,928.2,1280,498.1,65,31,42,NA
"1878",1,76,1,83,3307147,3307402,1280,493.6,8,255,29,1,1,10,10,53,53,"venetian",3,11,0,0,0,1,2300,0,10,65,0,NA,0,NA,"C:/Data/corr_sacc/asc/JITT1.asc",0,0,42,50,1073.4,1224.2,504.9,65,23,53,NA
"1879",1,76,1,83,3307421,3307600,1224.2,487.5,9,179,18,1,1,10,10,50,50,"venetian",0,3,0,0,0,1,2574,0,10,65,0,NA,0,NA,"C:/Data/corr_sacc/asc/JITT1.asc",0,0,53,57,1280,1347,493.6,65,12,50,NA
"1880",1,76,1,83,3307626,3307913,1347,493.3,10,287,25,1,1,10,10,57,57,"venetian",7,7,0,0,0,1,2779,0,10,65,0,NA,0,NA,"C:/Data/corr_sacc/asc/JITT1.asc",0,0,50,NA,1224.2,1508.1,487.5,65,15,57,NA
"1881",1,76,1,83,3307941,3308106,1508.1,478.5,11,165,27,NA,1,NA,NA,NA,NA,NA,NA,NA,0,0,1,1,3094,NA,NA,65,NA,NA,0,NA,"C:/Data/corr_sacc/asc/JITT1.asc",1,0,57,8,1347,467.9,493.3,65,8,72,NA
"1882",1,76,1,83,3308173,3308317,467.9,702.4,12,144,66,1,2,13,13,73,8,"look",3,NA,0,0,0,1,3326,0,2,45,0,NA,1,"undersweep","C:/Data/corr_sacc/asc/JITT1.asc",0,0,NA,7,1508.1,449.7,478.5,65,NA,8,1
"1883",1,76,1,83,3308327,3308486,449.7,682.4,13,159,9,1,2,13,13,72,7,"look",2,1,0,0,0,1,3480,0,2,45,0,NA,0,NA,"C:/Data/corr_sacc/asc/JITT1.asc",0,1,8,13,467.9,556.6,702.4,45,37,7,NA
"1884",1,76,1,83,3308521,3308679,556.6,676.9,14,158,34,1,2,14,14,78,13,"very",3,6,0,0,0,1,3674,0,3,45,0,NA,0,NA,"C:/Data/corr_sacc/asc/JITT1.asc",0,0,7,23,449.7,730.1,682.4,45,38,13,NA
"1885",1,76,1,83,3308716,3308858,730.1,672.4,15,142,36,1,2,15,15,88,23,"professional",8,10,0,0,0,1,3869,0,4,45,0,NA,0,NA,"C:/Data/corr_sacc/asc/JITT1.asc",0,0,13,36,556.6,964.8,676.9,45,32,23,NA
"1886",1,76,1,83,3308889,3309124,964.8,655.8,16,235,30,1,2,17,17,101,36,"the",3,13,0,0,0,1,4042,0,6,45,0,NA,0,NA,"C:/Data/corr_sacc/asc/JITT1.asc",NA,0,23,NA,730.1,NA,672.4,45,22,36,NA
"1887",1,76,1,83,NA,NA,NA,NA,NA,NA,NA,1,1,1,NA,NA,NA,"The",NA,NA,NA,NA,NA,NA,NA,NA,1,NA,NA,NA,NA,NA,"C:/Data/corr_sacc/asc/JITT1.asc",NA,0,36,NA,964.8,NA,655.8,45,9,NA,NA
"1888",1,76,1,83,NA,NA,NA,NA,NA,NA,NA,1,1,5,NA,NA,NA,"in",NA,NA,NA,NA,NA,NA,NA,NA,5,NA,NA,NA,NA,NA,"C:/Data/corr_sacc/asc/JITT1.asc",NA,NA,NA,NA,NA,NA,NA,NA,NA,NA,NA
"1889",1,76,1,83,NA,NA,NA,NA,NA,NA,NA,1,1,6,NA,NA,NA,"town",NA,NA,NA,NA,NA,NA,NA,NA,6,NA,NA,NA,NA,NA,"C:/Data/corr_sacc/asc/JITT1.asc",NA,NA,NA,NA,NA,NA,NA,NA,NA,NA,NA
"1890",1,76,1,83,NA,NA,NA,NA,NA,NA,NA,1,1,9,NA,NA,NA,"with",NA,NA,NA,NA,NA,NA,NA,NA,9,NA,NA,NA,NA,NA,"C:/Data/corr_sacc/asc/JITT1.asc",NA,NA,NA,NA,NA,NA,NA,NA,NA,NA,NA
"1891",1,76,1,83,NA,NA,NA,NA,NA,NA,NA,1,1,11,NA,NA,NA,"blinds",NA,NA,NA,NA,NA,NA,NA,NA,11,NA,NA,NA,NA,NA,"C:/Data/corr_sacc/asc/JITT1.asc",NA,NA,NA,NA,NA,NA,NA,NA,NA,NA,NA
"1892",1,76,1,83,NA,NA,NA,NA,NA,NA,NA,1,2,12,NA,NA,NA,"that",NA,NA,NA,NA,NA,NA,NA,NA,1,NA,NA,NA,NA,NA,"C:/Data/corr_sacc/asc/JITT1.asc",NA,NA,NA,NA,NA,NA,NA,NA,NA,NA,NA
"1893",1,76,1,83,NA,NA,NA,NA,NA,NA,NA,1,2,16,NA,NA,NA,"from",NA,NA,NA,NA,NA,NA,NA,NA,5,NA,NA,NA,NA,NA,"C:/Data/corr_sacc/asc/JITT1.asc",NA,NA,NA,NA,NA,NA,NA,NA,NA,NA,NA
"1894",1,76,1,83,NA,NA,NA,NA,NA,NA,NA,1,2,18,NA,NA,NA,"outside.",NA,NA,NA,NA,NA,NA,NA,NA,7,NA,NA,NA,NA,NA,"C:/Data/corr_sacc/asc/JITT1.asc",0,NA,NA,NA,NA,NA,NA,NA,NA,NA,NA
"1895",1,61,1,84,3314313,3314496,430.2,486.6,1,183,21,1,1,2,2,6,6,"walked",3,NA,0,0,0,1,1194,0,2,54,0,NA,0,NA,"C:/Data/corr_sacc/asc/JITT1.asc",0,0,NA,12,NA,548.5,NA,NA,NA,6,NA
"1896",1,61,1,84,3314521,3314785,548.5,507.4,2,264,24,1,1,3,3,12,12,"almost",2,6,0,0,0,1,1402,0,3,54,0,NA,0,NA,"C:/Data/corr_sacc/asc/JITT1.asc",0,0,6,19,430.2,668.2,486.6,54,48,12,NA
"1897",1,61,1,84,3314809,3315060,668.2,513.7,3,251,23,1,1,4,4,19,19,"the",2,7,0,0,0,1,1690,0,4,54,0,NA,0,NA,"C:/Data/corr_sacc/asc/JITT1.asc",0,0,12,28,548.5,830.3,507.4,54,42,19,NA
"1898",1,61,1,84,3315085,3315256,830.3,522.1,4,171,24,1,1,6,6,28,28,"day",1,9,0,0,0,1,1966,0,6,54,0,NA,0,NA,"C:/Data/corr_sacc/asc/JITT1.asc",0,0,19,36,668.2,977.4,513.7,54,35,28,NA
"1899",1,61,1,84,3315282,3315544,977.4,528.5,5,262,25,1,1,8,8,36,36,"the",2,8,0,0,0,1,2163,0,8,54,0,NA,0,NA,"C:/Data/corr_sacc/asc/JITT1.asc",0,0,28,34,830.3,934.7,522.1,54,26,36,NA
"1900",1,61,1,84,3315560,3315698,934.7,528,6,138,15,1,1,8,8,34,34,"the",0,2,0,0,0,1,2441,0,8,54,0,NA,0,NA,"C:/Data/corr_sacc/asc/JITT1.asc",0,0,36,50,977.4,1225.9,528.5,54,18,34,NA
"1901",1,61,1,84,3315733,3316047,1225.9,520.6,7,314,34,1,1,11,11,50,50,"view",3,16,0,0,0,1,2614,0,11,54,0,NA,0,NA,"C:/Data/corr_sacc/asc/JITT1.asc",0,0,34,NA,934.7,1320.5,528,54,20,50,NA
"1902",1,61,1,84,3316071,3316203,1320.5,512.5,8,132,23,NA,1,NA,NA,NA,NA,NA,NA,NA,0,0,1,1,2952,NA,NA,54,NA,NA,0,NA,"C:/Data/corr_sacc/asc/JITT1.asc",1,0,50,11,1225.9,533.3,520.6,54,4,61,NA
"1903",1,61,1,84,3316273,3316400,533.3,680.9,9,127,69,1,2,15,15,65,11,"rolling",0,NA,0,0,0,1,3154,0,3,35,0,NA,1,"undersweep","C:/Data/corr_sacc/asc/JITT1.asc",0,0,NA,7,1320.5,457.3,512.5,54,NA,11,1
"1904",1,61,1,84,3316433,3316631,457.3,684.9,10,198,32,1,2,14,14,61,7,"gentle",3,4,0,0,0,1,3314,0,2,35,1,NA,0,NA,"C:/Data/corr_sacc/asc/JITT1.asc",0,1,11,18,533.3,652.6,680.9,35,24,7,NA
"1905",1,61,1,84,3316671,3316849,652.6,679.3,11,178,39,1,2,15,15,72,18,"rolling",7,11,0,0,0,1,3552,0,3,35,1,NA,0,NA,"C:/Data/corr_sacc/asc/JITT1.asc",0,0,7,28,457.3,828.5,684.9,35,28,18,NA
"1906",1,61,1,84,3316876,3317102,828.5,681.6,12,226,26,1,2,18,18,82,28,"Kadath.",0,10,0,0,0,1,3757,0,6,35,0,NA,0,NA,"C:/Data/corr_sacc/asc/JITT1.asc",NA,0,18,NA,652.6,NA,679.3,35,17,28,NA
"1907",1,61,1,84,NA,NA,NA,NA,NA,NA,NA,1,1,1,NA,NA,NA,"He",NA,NA,NA,NA,NA,NA,NA,NA,1,NA,NA,NA,NA,NA,"C:/Data/corr_sacc/asc/JITT1.asc",NA,0,28,NA,828.5,NA,681.6,35,7,NA,NA
"1908",1,61,1,84,NA,NA,NA,NA,NA,NA,NA,1,1,5,NA,NA,NA,"whole",NA,NA,NA,NA,NA,NA,NA,NA,5,NA,NA,NA,NA,NA,"C:/Data/corr_sacc/asc/JITT1.asc",NA,NA,NA,NA,NA,NA,NA,NA,NA,NA,NA
"1909",1,61,1,84,NA,NA,NA,NA,NA,NA,NA,1,1,7,NA,NA,NA,"on",NA,NA,NA,NA,NA,NA,NA,NA,7,NA,NA,NA,NA,NA,"C:/Data/corr_sacc/asc/JITT1.asc",NA,NA,NA,NA,NA,NA,NA,NA,NA,NA,NA
"1910",1,61,1,84,NA,NA,NA,NA,NA,NA,NA,1,1,9,NA,NA,NA,"grass",NA,NA,NA,NA,NA,NA,NA,NA,9,NA,NA,NA,NA,NA,"C:/Data/corr_sacc/asc/JITT1.asc",NA,NA,NA,NA,NA,NA,NA,NA,NA,NA,NA
"1911",1,61,1,84,NA,NA,NA,NA,NA,NA,NA,1,1,10,NA,NA,NA,"in",NA,NA,NA,NA,NA,NA,NA,NA,10,NA,NA,NA,NA,NA,"C:/Data/corr_sacc/asc/JITT1.asc",NA,NA,NA,NA,NA,NA,NA,NA,NA,NA,NA
"1912",1,61,1,84,NA,NA,NA,NA,NA,NA,NA,1,1,12,NA,NA,NA,"of",NA,NA,NA,NA,NA,NA,NA,NA,12,NA,NA,NA,NA,NA,"C:/Data/corr_sacc/asc/JITT1.asc",NA,NA,NA,NA,NA,NA,NA,NA,NA,NA,NA
"1913",1,61,1,84,NA,NA,NA,NA,NA,NA,NA,1,2,13,NA,NA,NA,"the",NA,NA,NA,NA,NA,NA,NA,NA,1,NA,NA,NA,NA,NA,"C:/Data/corr_sacc/asc/JITT1.asc",NA,NA,NA,NA,NA,NA,NA,NA,NA,NA,NA
"1914",1,61,1,84,NA,NA,NA,NA,NA,NA,NA,1,2,16,NA,NA,NA,"hills",NA,NA,NA,NA,NA,NA,NA,NA,4,NA,NA,NA,NA,NA,"C:/Data/corr_sacc/asc/JITT1.asc",NA,NA,NA,NA,NA,NA,NA,NA,NA,NA,NA
"1915",1,61,1,84,NA,NA,NA,NA,NA,NA,NA,1,2,17,NA,NA,NA,"of",NA,NA,NA,NA,NA,NA,NA,NA,5,NA,NA,NA,NA,NA,"C:/Data/corr_sacc/asc/JITT1.asc",0,NA,NA,NA,NA,NA,NA,NA,NA,NA,NA
"1916",1,10,1,85,3323195,3323353,393.9,497.2,1,158,23,1,1,2,2,8,8,"the",1,NA,0,0,0,1,1966,0,2,66,0,NA,0,NA,"C:/Data/corr_sacc/asc/JITT1.asc",0,0,NA,16,NA,544.8,NA,NA,NA,8,NA
"1917",1,10,1,85,3323379,3323583,544.8,481.6,2,204,25,1,1,4,4,16,16,"and",0,8,0,0,0,1,2150,0,4,66,0,NA,0,NA,"C:/Data/corr_sacc/asc/JITT1.asc",0,0,8,24,393.9,682.9,497.2,66,58,16,NA
"1918",1,10,1,85,3323610,3323807,682.9,488.1,3,197,26,1,1,5,5,24,24,"snowy",4,8,0,0,0,1,2381,0,5,66,0,NA,0,NA,"C:/Data/corr_sacc/asc/JITT1.asc",0,0,16,31,544.8,815.3,481.6,66,50,24,NA
"1919",1,10,1,85,3323833,3323985,815.3,480.7,4,152,25,1,1,6,6,31,31,"winter",5,7,0,0,0,1,2604,0,6,66,0,NA,0,NA,"C:/Data/corr_sacc/asc/JITT1.asc",0,0,24,40,682.9,969.5,488.1,66,42,31,NA
"1920",1,10,1,85,3324012,3324278,969.5,478.4,5,266,26,1,1,8,8,40,40,"1927-28,",4,9,0,0,0,1,2783,0,8,66,0,NA,0,NA,"C:/Data/corr_sacc/asc/JITT1.asc",0,0,31,44,815.3,1043.7,480.7,66,35,40,NA
"1921",1,10,1,85,3324301,3324602,1043.7,480.2,6,301,22,1,1,8,8,44,44,"1927-28,",8,4,0,0,0,1,3072,0,8,66,0,NA,0,NA,"C:/Data/corr_sacc/asc/JITT1.asc",0,0,40,50,969.5,1152,478.4,66,26,44,NA
"1922",1,10,1,85,3324626,3324840,1152,491,7,214,23,1,1,10,10,50,50,"coal",3,6,0,0,0,1,3397,0,10,66,0,NA,0,NA,"C:/Data/corr_sacc/asc/JITT1.asc",0,0,44,56,1043.7,1268.1,480.2,66,22,50,NA
"1923",1,10,1,85,3324865,3324999,1268.1,494.8,8,134,24,1,1,11,11,56,56,"mine",4,6,0,0,0,1,3636,0,11,66,0,NA,0,NA,"C:/Data/corr_sacc/asc/JITT1.asc",0,0,50,63,1152,1384,491,66,16,56,NA
"1924",1,10,1,85,3325024,3325245,1384,490.8,9,221,24,1,1,13,13,63,63,"built",2,7,0,0,0,1,3795,0,13,66,0,NA,0,NA,"C:/Data/corr_sacc/asc/JITT1.asc",1,0,56,8,1268.1,394.6,494.8,66,10,63,NA
"1925",1,10,1,85,3325314,3325440,394.6,689.5,10,126,68,1,2,15,15,74,8,"the",3,55,0,0,0,1,4085,0,2,45,0,NA,1,"undersweep","C:/Data/corr_sacc/asc/JITT1.asc",0,0,63,5,1384,343.5,490.8,66,3,8,1
"1926",1,10,1,85,3325464,3325678,343.5,671,11,214,23,1,2,15,15,71,5,"the",0,3,0,0,0,1,4235,0,2,45,0,NA,0,NA,"C:/Data/corr_sacc/asc/JITT1.asc",0,1,8,15,394.6,530.6,689.5,45,37,5,NA
"1927",1,10,1,85,3325716,3325920,530.6,668.3,12,204,37,1,2,16,16,81,15,"Massachusetts",6,10,0,0,0,1,4487,0,3,45,0,NA,0,NA,"C:/Data/corr_sacc/asc/JITT1.asc",0,0,5,28,343.5,763.6,671,45,40,15,NA
"1928",1,10,1,85,3325962,3326327,763.6,675,13,365,41,1,2,17,17,94,28,"seaport",5,13,0,0,0,1,4733,0,4,45,0,NA,0,NA,"C:/Data/corr_sacc/asc/JITT1.asc",0,0,15,39,530.6,963.4,668.3,45,30,28,NA
"1929",1,10,1,85,3326357,3326554,963.4,680.5,14,197,29,1,2,19,19,105,39,"Innsmouth.",5,11,0,0,0,1,5128,0,6,45,0,NA,0,NA,"C:/Data/corr_sacc/asc/JITT1.asc",NA,0,28,NA,763.6,NA,675,45,17,39,NA
"1930",1,10,1,85,NA,NA,NA,NA,NA,NA,NA,1,1,1,NA,NA,NA,"During",NA,NA,NA,NA,NA,NA,NA,NA,1,NA,NA,NA,NA,NA,"C:/Data/corr_sacc/asc/JITT1.asc",NA,0,39,NA,963.4,NA,680.5,45,6,NA,NA
"1931",1,10,1,85,NA,NA,NA,NA,NA,NA,NA,1,1,3,NA,NA,NA,"cold",NA,NA,NA,NA,NA,NA,NA,NA,3,NA,NA,NA,NA,NA,"C:/Data/corr_sacc/asc/JITT1.asc",NA,NA,NA,NA,NA,NA,NA,NA,NA,NA,NA
"1932",1,10,1,85,NA,NA,NA,NA,NA,NA,NA,1,1,7,NA,NA,NA,"of",NA,NA,NA,NA,NA,NA,NA,NA,7,NA,NA,NA,NA,NA,"C:/Data/corr_sacc/asc/JITT1.asc",NA,NA,NA,NA,NA,NA,NA,NA,NA,NA,NA
"1933",1,10,1,85,NA,NA,NA,NA,NA,NA,NA,1,1,9,NA,NA,NA,"a",NA,NA,NA,NA,NA,NA,NA,NA,9,NA,NA,NA,NA,NA,"C:/Data/corr_sacc/asc/JITT1.asc",NA,NA,NA,NA,NA,NA,NA,NA,NA,NA,NA
"1934",1,10,1,85,NA,NA,NA,NA,NA,NA,NA,1,1,12,NA,NA,NA,"was",NA,NA,NA,NA,NA,NA,NA,NA,12,NA,NA,NA,NA,NA,"C:/Data/corr_sacc/asc/JITT1.asc",NA,NA,NA,NA,NA,NA,NA,NA,NA,NA,NA
"1935",1,10,1,85,NA,NA,NA,NA,NA,NA,NA,1,2,14,NA,NA,NA,"near",NA,NA,NA,NA,NA,NA,NA,NA,1,NA,NA,NA,NA,NA,"C:/Data/corr_sacc/asc/JITT1.asc",NA,NA,NA,NA,NA,NA,NA,NA,NA,NA,NA
"1936",1,10,1,85,NA,NA,NA,NA,NA,NA,NA,1,2,18,NA,NA,NA,"of",NA,NA,NA,NA,NA,NA,NA,NA,5,NA,NA,NA,NA,NA,"C:/Data/corr_sacc/asc/JITT1.asc",NA,NA,NA,NA,NA,NA,NA,NA,NA,NA,NA
"1937",1,10,1,85,NA,NA,NA,NA,NA,NA,NA,2,NA,1,NA,NA,NA,NA,NA,NA,NA,NA,NA,NA,NA,NA,NA,NA,NA,NA,NA,NA,"C:/Data/corr_sacc/asc/JITT1.asc",0,NA,NA,NA,NA,NA,NA,NA,NA,NA,NA
"1938",1,52,1,86,3338966,3339131,564.3,495.2,1,165,26,1,1,3,3,12,12,"seaside",2,NA,0,0,0,1,686,0,3,61,0,NA,0,NA,"C:/Data/corr_sacc/asc/JITT1.asc",0,0,NA,16,NA,651.8,NA,NA,NA,12,NA
"1939",1,52,1,86,3339164,3339290,651.8,505.2,2,126,32,1,1,3,3,16,16,"seaside",6,4,0,0,0,1,884,0,3,61,0,NA,0,NA,"C:/Data/corr_sacc/asc/JITT1.asc",0,0,12,23,564.3,769.9,495.2,61,49,16,NA
"1940",1,52,1,86,3339314,3339490,769.9,512.5,3,176,23,1,1,5,5,23,23,"had",0,7,0,0,0,1,1034,0,5,61,0,NA,0,NA,"C:/Data/corr_sacc/asc/JITT1.asc",0,0,16,34,651.8,967.9,505.2,61,45,23,NA
"1941",1,52,1,86,3339531,3339717,967.9,510,4,186,40,1,1,8,8,34,34,"evacuated",1,11,0,0,0,1,1251,0,8,61,0,NA,0,NA,"C:/Data/corr_sacc/asc/JITT1.asc",0,0,23,39,769.9,1059.8,512.5,61,38,34,NA
"1942",1,52,1,86,3339739,3339906,1059.8,513.9,5,167,21,1,1,8,8,39,39,"evacuated",6,5,0,0,0,1,1459,0,8,61,0,NA,0,NA,"C:/Data/corr_sacc/asc/JITT1.asc",0,0,34,51,967.9,1266.5,510,61,27,39,NA
"1943",1,52,1,86,3339936,3340112,1266.5,497.4,6,176,29,1,1,10,10,51,51,"there",0,12,0,0,0,1,1656,0,10,61,0,NA,0,NA,"C:/Data/corr_sacc/asc/JITT1.asc",0,0,39,58,1059.8,1400.2,513.9,61,22,51,NA
"1944",1,52,1,86,3340137,3340328,1400.2,489.5,7,191,24,1,1,11,11,58,58,"were",1,7,0,0,0,1,1857,0,11,61,0,NA,0,NA,"C:/Data/corr_sacc/asc/JITT1.asc",1,0,51,6,1266.5,466.4,497.4,61,10,58,NA
"1945",1,52,1,86,3340399,3340574,466.4,710.6,8,175,70,1,2,12,12,67,6,"powerful",6,52,0,0,0,1,2119,0,1,58,0,NA,1,"accurate","C:/Data/corr_sacc/asc/JITT1.asc",0,0,58,8,1400.2,493.3,489.5,61,3,6,0
"1946",1,52,1,86,3340589,3340743,493.3,691.9,9,154,14,1,2,12,12,69,8,"powerful",8,2,0,0,0,1,2309,0,1,58,0,NA,0,NA,"C:/Data/corr_sacc/asc/JITT1.asc",0,1,6,16,466.4,646.5,710.6,58,52,8,NA
"1947",1,52,1,86,3340768,3340998,646.5,680.6,10,230,24,1,2,13,13,77,16,"typhoons",7,8,0,0,0,1,2488,0,2,58,0,NA,0,NA,"C:/Data/corr_sacc/asc/JITT1.asc",0,0,8,27,493.3,839.1,691.9,58,50,16,NA
"1948",1,52,1,86,3341026,3341248,839.1,676.2,11,222,27,1,2,15,15,88,27,"threatened",4,11,0,0,0,1,2746,0,4,58,0,NA,0,NA,"C:/Data/corr_sacc/asc/JITT1.asc",0,0,16,24,646.5,785.7,680.6,58,42,27,NA
"1949",1,52,1,86,3341269,3341504,785.7,680,12,235,20,1,2,15,15,85,24,"threatened",1,3,0,0,0,1,2989,0,4,58,0,NA,0,NA,"C:/Data/corr_sacc/asc/JITT1.asc",0,0,27,37,839.1,1028.8,676.2,58,31,24,NA
"1950",1,52,1,86,3341536,3341716,1028.8,689.2,13,180,31,1,2,17,17,98,37,"demolish",0,13,0,0,0,1,3256,0,6,58,0,NA,0,NA,"C:/Data/corr_sacc/asc/JITT1.asc",0,0,24,43,785.7,1138.2,680,58,34,37,NA
"1951",1,52,1,86,3341739,3341925,1138.2,704.4,14,186,22,1,2,17,17,104,43,"demolish",6,6,0,0,0,1,3459,0,6,58,0,NA,0,NA,"C:/Data/corr_sacc/asc/JITT1.asc",0,0,37,52,1028.8,1299.6,689.2,58,21,43,NA
"1952",1,52,1,86,3341954,3342085,1299.6,703.1,15,131,28,1,2,19,19,113,52,"houses.",1,9,0,0,0,1,3674,0,8,58,0,NA,0,NA,"C:/Data/corr_sacc/asc/JITT1.asc",NA,0,43,NA,1138.2,NA,704.4,58,15,52,NA
"1953",1,52,1,86,NA,NA,NA,NA,NA,NA,NA,1,1,1,NA,NA,NA,"The",NA,NA,NA,NA,NA,NA,NA,NA,1,NA,NA,NA,NA,NA,"C:/Data/corr_sacc/asc/JITT1.asc",NA,0,52,NA,1299.6,NA,703.1,58,6,NA,NA
"1954",1,52,1,86,NA,NA,NA,NA,NA,NA,NA,1,1,2,NA,NA,NA,"whole",NA,NA,NA,NA,NA,NA,NA,NA,2,NA,NA,NA,NA,NA,"C:/Data/corr_sacc/asc/JITT1.asc",NA,NA,NA,NA,NA,NA,NA,NA,NA,NA,NA
"1955",1,52,1,86,NA,NA,NA,NA,NA,NA,NA,1,1,4,NA,NA,NA,"town",NA,NA,NA,NA,NA,NA,NA,NA,4,NA,NA,NA,NA,NA,"C:/Data/corr_sacc/asc/JITT1.asc",NA,NA,NA,NA,NA,NA,NA,NA,NA,NA,NA
"1956",1,52,1,86,NA,NA,NA,NA,NA,NA,NA,1,1,6,NA,NA,NA,"to",NA,NA,NA,NA,NA,NA,NA,NA,6,NA,NA,NA,NA,NA,"C:/Data/corr_sacc/asc/JITT1.asc",NA,NA,NA,NA,NA,NA,NA,NA,NA,NA,NA
"1957",1,52,1,86,NA,NA,NA,NA,NA,NA,NA,1,1,7,NA,NA,NA,"be",NA,NA,NA,NA,NA,NA,NA,NA,7,NA,NA,NA,NA,NA,"C:/Data/corr_sacc/asc/JITT1.asc",NA,NA,NA,NA,NA,NA,NA,NA,NA,NA,NA
"1958",1,52,1,86,NA,NA,NA,NA,NA,NA,NA,1,1,9,NA,NA,NA,"because",NA,NA,NA,NA,NA,NA,NA,NA,9,NA,NA,NA,NA,NA,"C:/Data/corr_sacc/asc/JITT1.asc",NA,NA,NA,NA,NA,NA,NA,NA,NA,NA,NA
"1959",1,52,1,86,NA,NA,NA,NA,NA,NA,NA,1,2,14,NA,NA,NA,"that",NA,NA,NA,NA,NA,NA,NA,NA,3,NA,NA,NA,NA,NA,"C:/Data/corr_sacc/asc/JITT1.asc",NA,NA,NA,NA,NA,NA,NA,NA,NA,NA,NA
"1960",1,52,1,86,NA,NA,NA,NA,NA,NA,NA,1,2,16,NA,NA,NA,"to",NA,NA,NA,NA,NA,NA,NA,NA,5,NA,NA,NA,NA,NA,"C:/Data/corr_sacc/asc/JITT1.asc",NA,NA,NA,NA,NA,NA,NA,NA,NA,NA,NA
"1961",1,52,1,86,NA,NA,NA,NA,NA,NA,NA,1,2,18,NA,NA,NA,"many",NA,NA,NA,NA,NA,NA,NA,NA,7,NA,NA,NA,NA,NA,"C:/Data/corr_sacc/asc/JITT1.asc",0,NA,NA,NA,NA,NA,NA,NA,NA,NA,NA
"1962",1,13,1,87,3358421,3358584,478.9,473.1,1,163,34,2,1,1,1,8,8,"Lee,",4,NA,0,0,0,1,668,0,2,55,0,NA,0,NA,"C:/Data/corr_sacc/asc/JITT1.asc",0,0,NA,12,NA,548.7,NA,NA,NA,8,NA
"1963",1,13,1,87,3358615,3359054,548.7,489.5,2,439,30,2,1,2,2,12,12,"our",3,4,0,0,0,1,862,0,3,55,0,NA,0,NA,"C:/Data/corr_sacc/asc/JITT1.asc",0,0,8,20,478.9,686.2,473.1,55,47,12,NA
"1964",1,13,1,87,3359077,3359324,686.2,487.6,3,247,22,2,1,4,4,20,20,"next",3,8,0,0,0,1,1324,0,5,55,0,NA,0,NA,"C:/Data/corr_sacc/asc/JITT1.asc",0,0,12,13,548.7,558.9,489.5,55,43,20,NA
"1965",1,13,1,87,3359349,3359488,558.9,484.9,4,139,24,2,1,3,3,13,13,"old",0,7,0,0,0,1,1596,0,4,55,1,NA,0,NA,"C:/Data/corr_sacc/asc/JITT1.asc",0,0,20,26,686.2,791.2,487.6,55,35,13,NA
"1966",1,13,1,87,3359519,3359708,791.2,484.9,5,189,30,2,1,5,5,26,26,"door",4,13,0,0,0,1,1766,0,6,55,0,NA,0,NA,"C:/Data/corr_sacc/asc/JITT1.asc",0,0,13,42,558.9,1079.4,484.9,55,42,26,NA
"1967",1,13,1,87,3359756,3360012,1079.4,487.5,6,256,47,2,1,8,8,42,42,"in",0,16,0,0,0,1,2003,0,9,55,0,NA,0,NA,"C:/Data/corr_sacc/asc/JITT1.asc",0,0,26,50,791.2,1223.3,484.9,55,29,42,NA
"1968",1,13,1,87,3360038,3360198,1223.3,480.5,7,160,25,2,1,10,10,50,50,"garden",1,8,0,0,0,1,2285,0,11,55,0,NA,0,NA,"C:/Data/corr_sacc/asc/JITT1.asc",1,0,42,5,1079.4,415.8,487.5,55,13,50,NA
"1969",1,13,1,87,3360259,3360467,415.8,668.7,8,208,60,2,2,12,12,60,5,"he",2,45,0,0,0,1,2506,0,2,46,0,NA,1,"accurate","C:/Data/corr_sacc/asc/JITT1.asc",0,0,50,12,1223.3,544.5,480.5,55,5,5,0
"1970",1,13,1,87,3360504,3360646,544.5,679.5,9,142,36,2,2,13,13,67,12,"watched",6,7,0,0,0,1,2751,0,3,46,0,NA,0,NA,"C:/Data/corr_sacc/asc/JITT1.asc",0,1,5,19,415.8,677.8,668.7,46,41,12,NA
"1971",1,13,1,87,3360670,3360895,677.8,679.1,10,225,23,2,2,15,15,74,19,"grandchildren",1,7,0,0,0,1,2917,0,5,46,0,NA,0,NA,"C:/Data/corr_sacc/asc/JITT1.asc",0,0,12,26,544.5,791.7,679.5,46,34,19,NA
"1972",1,13,1,87,3360918,3361026,791.7,679.1,11,108,22,2,2,15,15,81,26,"grandchildren",8,7,0,0,0,1,3165,0,5,46,0,NA,0,NA,"C:/Data/corr_sacc/asc/JITT1.asc",0,0,19,38,677.8,1015.5,679.1,46,27,26,NA
"1973",1,13,1,87,3361057,3361217,1015.5,673.3,12,160,30,2,2,17,17,93,38,"football.",1,12,0,0,0,1,3304,0,7,46,0,NA,0,NA,"C:/Data/corr_sacc/asc/JITT1.asc",NA,0,26,NA,791.7,NA,679.1,46,20,38,NA
"1974",1,13,1,87,NA,NA,NA,NA,NA,NA,NA,1,1,1,NA,NA,NA,"Mr.",NA,NA,NA,NA,NA,NA,NA,NA,1,NA,NA,NA,NA,NA,"C:/Data/corr_sacc/asc/JITT1.asc",NA,0,38,NA,1015.5,NA,673.3,46,8,NA,NA
"1975",1,13,1,87,NA,NA,NA,NA,NA,NA,NA,2,1,6,NA,NA,NA,"neighbour,",NA,NA,NA,NA,NA,NA,NA,NA,7,NA,NA,NA,NA,NA,"C:/Data/corr_sacc/asc/JITT1.asc",NA,NA,NA,NA,NA,NA,NA,NA,NA,NA,NA
"1976",1,13,1,87,NA,NA,NA,NA,NA,NA,NA,2,1,7,NA,NA,NA,"sat",NA,NA,NA,NA,NA,NA,NA,NA,8,NA,NA,NA,NA,NA,"C:/Data/corr_sacc/asc/JITT1.asc",NA,NA,NA,NA,NA,NA,NA,NA,NA,NA,NA
"1977",1,13,1,87,NA,NA,NA,NA,NA,NA,NA,2,1,9,NA,NA,NA,"his",NA,NA,NA,NA,NA,NA,NA,NA,10,NA,NA,NA,NA,NA,"C:/Data/corr_sacc/asc/JITT1.asc",NA,NA,NA,NA,NA,NA,NA,NA,NA,NA,NA
"1978",1,13,1,87,NA,NA,NA,NA,NA,NA,NA,2,2,11,NA,NA,NA,"as",NA,NA,NA,NA,NA,NA,NA,NA,1,NA,NA,NA,NA,NA,"C:/Data/corr_sacc/asc/JITT1.asc",NA,NA,NA,NA,NA,NA,NA,NA,NA,NA,NA
"1979",1,13,1,87,NA,NA,NA,NA,NA,NA,NA,2,2,14,NA,NA,NA,"his",NA,NA,NA,NA,NA,NA,NA,NA,4,NA,NA,NA,NA,NA,"C:/Data/corr_sacc/asc/JITT1.asc",NA,NA,NA,NA,NA,NA,NA,NA,NA,NA,NA
"1980",1,13,1,87,NA,NA,NA,NA,NA,NA,NA,2,2,16,NA,NA,NA,"play",NA,NA,NA,NA,NA,NA,NA,NA,6,NA,NA,NA,NA,NA,"C:/Data/corr_sacc/asc/JITT1.asc",0,NA,NA,NA,NA,NA,NA,NA,NA,NA,NA
"1981",1,36,3,88,3367898,3368019,502.3,495.8,1,121,38,1,1,4,4,11,11,"the",1,NA,0,0,0,1,505,0,4,65,0,NA,0,NA,"C:/Data/corr_sacc/asc/JITT1.asc",0,0,NA,23,NA,720.2,NA,NA,NA,11,NA
"1982",1,36,3,88,3368046,3368283,720.2,501.7,2,237,26,1,1,6,6,23,23,"behind",4,12,0,0,0,1,653,0,6,65,0,NA,0,NA,"C:/Data/corr_sacc/asc/JITT1.asc",0,0,11,35,502.3,924.6,495.8,65,54,23,NA
"1983",1,36,3,88,3368312,3368631,924.6,517.3,3,319,28,1,1,8,8,35,35,"coconut",5,12,0,0,0,1,919,0,8,65,0,NA,0,NA,"C:/Data/corr_sacc/asc/JITT1.asc",0,0,23,45,720.2,1101.5,501.7,65,42,35,NA
"1984",1,36,3,88,3368655,3368813,1101.5,510.1,4,158,23,1,1,10,10,45,45,"there",0,10,0,0,0,1,1262,0,10,65,0,NA,0,NA,"C:/Data/corr_sacc/asc/JITT1.asc",0,0,35,53,924.6,1246,517.3,65,30,45,NA
"1985",1,36,3,88,3368838,3369056,1246,502.5,5,218,24,1,1,11,11,53,53,"were",2,8,0,0,0,1,1445,0,11,65,0,NA,0,NA,"C:/Data/corr_sacc/asc/JITT1.asc",0,0,45,59,1101.5,1369.6,510.1,65,20,53,NA
"1986",1,36,3,88,3369080,3369281,1369.6,509,6,201,23,1,1,12,12,59,59,"many",3,6,0,0,0,1,1687,0,12,65,0,NA,0,NA,"C:/Data/corr_sacc/asc/JITT1.asc",0,0,53,65,1246,1460.5,502.5,65,12,59,NA
"1987",1,36,3,88,3369306,3369359,1460.5,505.1,7,53,24,1,1,13,13,65,65,"huts",4,6,0,0,0,1,1913,1,13,65,0,NA,0,NA,"C:/Data/corr_sacc/asc/JITT1.asc",1,0,59,7,1369.6,433.8,509,65,6,65,NA
"1988",1,36,3,88,3369446,3369651,433.8,709.4,8,205,86,1,2,14,14,72,7,"overlooking",7,58,0,0,0,1,2053,0,1,52,0,NA,1,"accurate","C:/Data/corr_sacc/asc/JITT1.asc",0,0,65,15,1460.5,567.2,505.1,65,0,7,0
"1989",1,36,3,88,3369676,3369830,567.2,696.4,9,154,24,1,2,15,15,80,15,"the",3,8,0,0,0,1,2283,0,2,52,0,NA,0,NA,"C:/Data/corr_sacc/asc/JITT1.asc",0,1,7,24,433.8,735.6,709.4,52,45,15,NA
"1990",1,36,3,88,3369858,3370058,735.6,690.1,10,200,27,1,2,16,16,89,24,"beautiful",8,9,0,0,0,1,2465,0,3,52,0,NA,0,NA,"C:/Data/corr_sacc/asc/JITT1.asc",0,0,15,36,567.2,948.7,696.4,52,37,24,NA
"1991",1,36,3,88,3370087,3370300,948.7,682.5,11,213,28,1,2,19,19,101,36,"the",1,12,0,0,0,1,2694,0,6,52,0,NA,0,NA,"C:/Data/corr_sacc/asc/JITT1.asc",0,0,24,46,735.6,1123,690.1,52,28,36,NA
"1992",1,36,3,88,3370328,3370580,1123,681,12,252,27,1,2,21,21,111,46,"Ocean.",0,10,0,0,0,1,2935,0,8,52,0,NA,0,NA,"C:/Data/corr_sacc/asc/JITT1.asc",0,0,36,NA,948.7,1265,682.5,52,16,46,NA
"1993",1,36,3,88,3370605,3370649,1265,690.9,13,44,24,NA,2,NA,NA,NA,NA,NA,NA,NA,0,0,1,1,3212,NA,NA,52,NA,NA,0,NA,"C:/Data/corr_sacc/asc/JITT1.asc",NA,0,46,NA,1123,NA,681,52,6,58,NA
"1994",1,36,3,88,NA,NA,NA,NA,NA,NA,NA,1,1,1,NA,NA,NA,"On",NA,NA,NA,NA,NA,NA,NA,NA,1,NA,NA,NA,NA,NA,"C:/Data/corr_sacc/asc/JITT1.asc",NA,0,NA,NA,1265,NA,690.9,52,NA,NA,NA
"1995",1,36,3,88,NA,NA,NA,NA,NA,NA,NA,1,1,2,NA,NA,NA,"top",NA,NA,NA,NA,NA,NA,NA,NA,2,NA,NA,NA,NA,NA,"C:/Data/corr_sacc/asc/JITT1.asc",NA,NA,NA,NA,NA,NA,NA,NA,NA,NA,NA
"1996",1,36,3,88,NA,NA,NA,NA,NA,NA,NA,1,1,3,NA,NA,NA,"of",NA,NA,NA,NA,NA,NA,NA,NA,3,NA,NA,NA,NA,NA,"C:/Data/corr_sacc/asc/JITT1.asc",NA,NA,NA,NA,NA,NA,NA,NA,NA,NA,NA
"1997",1,36,3,88,NA,NA,NA,NA,NA,NA,NA,1,1,5,NA,NA,NA,"hill",NA,NA,NA,NA,NA,NA,NA,NA,5,NA,NA,NA,NA,NA,"C:/Data/corr_sacc/asc/JITT1.asc",NA,NA,NA,NA,NA,NA,NA,NA,NA,NA,NA
"1998",1,36,3,88,NA,NA,NA,NA,NA,NA,NA,1,1,7,NA,NA,NA,"the",NA,NA,NA,NA,NA,NA,NA,NA,7,NA,NA,NA,NA,NA,"C:/Data/corr_sacc/asc/JITT1.asc",NA,NA,NA,NA,NA,NA,NA,NA,NA,NA,NA
"1999",1,36,3,88,NA,NA,NA,NA,NA,NA,NA,1,1,9,NA,NA,NA,"trees,",NA,NA,NA,NA,NA,NA,NA,NA,9,NA,NA,NA,NA,NA,"C:/Data/corr_sacc/asc/JITT1.asc",NA,NA,NA,NA,NA,NA,NA,NA,NA,NA,NA
"2000",1,36,3,88,NA,NA,NA,NA,NA,NA,NA,1,2,17,NA,NA,NA,"beach",NA,NA,NA,NA,NA,NA,NA,NA,4,NA,NA,NA,NA,NA,"C:/Data/corr_sacc/asc/JITT1.asc",NA,NA,NA,NA,NA,NA,NA,NA,NA,NA,NA
"2001",1,36,3,88,NA,NA,NA,NA,NA,NA,NA,1,2,18,NA,NA,NA,"in",NA,NA,NA,NA,NA,NA,NA,NA,5,NA,NA,NA,NA,NA,"C:/Data/corr_sacc/asc/JITT1.asc",NA,NA,NA,NA,NA,NA,NA,NA,NA,NA,NA
"2002",1,36,3,88,NA,NA,NA,NA,NA,NA,NA,1,2,20,NA,NA,NA,"Indian",NA,NA,NA,NA,NA,NA,NA,NA,7,NA,NA,NA,NA,NA,"C:/Data/corr_sacc/asc/JITT1.asc",0,NA,NA,NA,NA,NA,NA,NA,NA,NA,NA
"2003",1,74,2,89,3380482,3380682,354.9,488,1,200,24,1,1,2,2,8,8,"the",2,NA,0,0,0,1,4269,0,2,66,0,NA,0,NA,"C:/Data/corr_sacc/asc/JITT1.asc",0,0,NA,14,NA,461.1,NA,NA,NA,8,NA
"2004",1,74,2,89,3380707,3380899,461.1,487.9,2,192,24,1,1,4,4,14,14,"women",0,6,0,0,0,1,4494,0,4,66,0,NA,0,NA,"C:/Data/corr_sacc/asc/JITT1.asc",0,0,8,20,354.9,578.9,488,66,58,14,NA
"2005",1,74,2,89,3380922,3381076,578.9,483.4,3,154,22,1,1,5,5,20,20,"chatted",0,6,0,0,0,1,4709,0,5,66,0,NA,0,NA,"C:/Data/corr_sacc/asc/JITT1.asc",0,0,14,26,461.1,683.9,487.9,66,52,20,NA
"2006",1,74,2,89,3381100,3381269,683.9,488,4,169,23,1,1,5,5,26,26,"chatted",6,6,0,0,0,1,4887,0,5,66,0,NA,0,NA,"C:/Data/corr_sacc/asc/JITT1.asc",0,0,20,36,578.9,855.1,483.4,66,46,26,NA
"2007",1,74,2,89,3381298,3381558,855.1,484.2,5,260,28,1,1,7,7,36,36,"waited",4,10,0,0,0,1,5085,0,7,66,0,NA,0,NA,"C:/Data/corr_sacc/asc/JITT1.asc",0,0,26,44,683.9,1014.8,488,66,40,36,NA
"2008",1,74,2,89,3381583,3381805,1014.8,489.7,6,222,24,1,1,8,8,44,44,"patiently,",5,8,0,0,0,1,5370,0,8,66,0,NA,0,NA,"C:/Data/corr_sacc/asc/JITT1.asc",0,0,36,57,855.1,1238.1,484.2,66,30,44,NA
"2009",1,74,2,89,3381837,3382166,1238.1,482.8,7,329,31,1,1,10,10,57,57,"truck",3,13,0,0,0,1,5624,0,10,66,0,NA,0,NA,"C:/Data/corr_sacc/asc/JITT1.asc",0,0,44,61,1014.8,1315.9,489.7,66,22,57,NA
"2010",1,74,2,89,3382187,3382327,1315.9,487,8,140,20,1,1,11,11,61,61,"slowly",1,4,0,0,0,1,5974,0,11,66,0,NA,0,NA,"C:/Data/corr_sacc/asc/JITT1.asc",1,0,57,6,1238.1,328.6,482.8,66,9,61,NA
"2011",1,74,2,89,3382401,3382536,328.6,701.6,9,135,73,1,2,12,12,72,6,"pulled",6,55,0,0,0,1,6188,0,1,35,0,NA,1,"undersweep","C:/Data/corr_sacc/asc/JITT1.asc",0,0,61,2,1315.9,259,487,66,5,6,1
"2012",1,74,2,89,3382568,3382715,259,689.6,10,147,31,1,2,12,12,68,2,"pulled",2,4,0,0,0,1,6355,0,1,35,0,NA,0,NA,"C:/Data/corr_sacc/asc/JITT1.asc",0,1,6,11,328.6,411,701.6,35,29,2,NA
"2013",1,74,2,89,3382742,3382918,411,703.4,11,176,26,1,2,13,13,77,11,"over",4,9,0,0,0,1,6529,0,2,35,0,NA,0,NA,"C:/Data/corr_sacc/asc/JITT1.asc",0,0,2,19,259,564.3,689.6,35,33,11,NA
"2014",1,74,2,89,3382955,3383201,564.3,714.7,12,246,36,1,2,15,15,85,19,"around",2,8,0,0,0,1,6742,0,4,35,0,NA,0,NA,"C:/Data/corr_sacc/asc/JITT1.asc",0,0,11,28,411,723.7,703.4,35,24,19,NA
"2015",1,74,2,89,3383229,3383433,723.7,704.2,13,204,27,1,2,17,17,94,28,"corner.",0,9,0,0,0,1,7016,0,6,35,0,NA,0,NA,"C:/Data/corr_sacc/asc/JITT1.asc",NA,0,19,NA,564.3,NA,714.7,35,16,28,NA
"2016",1,74,2,89,NA,NA,NA,NA,NA,NA,NA,1,1,1,NA,NA,NA,"While",NA,NA,NA,NA,NA,NA,NA,NA,1,NA,NA,NA,NA,NA,"C:/Data/corr_sacc/asc/JITT1.asc",NA,0,28,NA,723.7,NA,704.2,35,7,NA,NA
"2017",1,74,2,89,NA,NA,NA,NA,NA,NA,NA,1,1,3,NA,NA,NA,"two",NA,NA,NA,NA,NA,NA,NA,NA,3,NA,NA,NA,NA,NA,"C:/Data/corr_sacc/asc/JITT1.asc",NA,NA,NA,NA,NA,NA,NA,NA,NA,NA,NA
"2018",1,74,2,89,NA,NA,NA,NA,NA,NA,NA,1,1,6,NA,NA,NA,"and",NA,NA,NA,NA,NA,NA,NA,NA,6,NA,NA,NA,NA,NA,"C:/Data/corr_sacc/asc/JITT1.asc",NA,NA,NA,NA,NA,NA,NA,NA,NA,NA,NA
"2019",1,74,2,89,NA,NA,NA,NA,NA,NA,NA,1,1,9,NA,NA,NA,"the",NA,NA,NA,NA,NA,NA,NA,NA,9,NA,NA,NA,NA,NA,"C:/Data/corr_sacc/asc/JITT1.asc",NA,NA,NA,NA,NA,NA,NA,NA,NA,NA,NA
"2020",1,74,2,89,NA,NA,NA,NA,NA,NA,NA,1,2,14,NA,NA,NA,"just",NA,NA,NA,NA,NA,NA,NA,NA,3,NA,NA,NA,NA,NA,"C:/Data/corr_sacc/asc/JITT1.asc",NA,NA,NA,NA,NA,NA,NA,NA,NA,NA,NA
"2021",1,74,2,89,NA,NA,NA,NA,NA,NA,NA,1,2,16,NA,NA,NA,"the",NA,NA,NA,NA,NA,NA,NA,NA,5,NA,NA,NA,NA,NA,"C:/Data/corr_sacc/asc/JITT1.asc",0,NA,NA,NA,NA,NA,NA,NA,NA,NA,NA
"2022",1,48,3,90,3400545,3400713,411.4,531.4,1,168,14,1,1,1,1,1,1,"Our",1,NA,0,0,0,1,494,0,1,47,0,NA,0,NA,"C:/Data/corr_sacc/asc/JITT1.asc",0,0,NA,7,NA,507.9,NA,NA,NA,1,NA
"2023",1,48,3,90,3400740,3400983,507.9,526.3,2,243,26,1,1,2,2,7,7,"team's",3,6,0,0,0,1,689,0,2,47,0,NA,0,NA,"C:/Data/corr_sacc/asc/JITT1.asc",0,0,1,15,411.4,652.3,531.4,47,46,7,NA
"2024",1,48,3,90,3401009,3401173,652.3,526.8,3,164,25,1,1,3,3,15,15,"project",4,8,0,0,0,1,958,0,3,47,0,NA,0,NA,"C:/Data/corr_sacc/asc/JITT1.asc",0,0,7,22,507.9,778.2,526.3,47,40,15,NA
"2025",1,48,3,90,3401199,3401425,778.2,521.4,4,226,25,1,1,4,4,22,22,"launch",3,7,0,0,0,1,1148,0,4,47,0,NA,0,NA,"C:/Data/corr_sacc/asc/JITT1.asc",0,0,15,29,652.3,910.2,526.8,47,32,22,NA
"2026",1,48,3,90,3401450,3401611,910.2,513.1,5,161,24,1,1,5,5,29,29,"was",3,7,0,0,0,1,1399,0,5,47,0,NA,0,NA,"C:/Data/corr_sacc/asc/JITT1.asc",0,0,22,34,778.2,997.9,521.4,47,25,29,NA
"2027",1,48,3,90,3401633,3401758,997.9,512.8,6,125,21,1,1,6,6,34,34,"celebrated",4,5,0,0,0,1,1582,0,6,47,0,NA,0,NA,"C:/Data/corr_sacc/asc/JITT1.asc",0,0,29,42,910.2,1153.3,513.1,47,18,34,NA
"2028",1,48,3,90,3401785,3402009,1153.3,513,7,224,26,1,1,7,7,42,42,"with",1,8,0,0,0,1,1734,0,7,47,0,NA,0,NA,"C:/Data/corr_sacc/asc/JITT1.asc",1,0,34,5,997.9,480.1,512.8,47,13,42,NA
"2029",1,48,3,90,3402061,3402303,480.1,713.7,8,242,51,1,2,9,9,52,5,"fantastic",5,37,0,0,0,1,2010,0,1,47,0,NA,1,"accurate","C:/Data/corr_sacc/asc/JITT1.asc",0,0,42,17,1153.3,701.2,513,47,5,5,0
"2030",1,48,3,90,3402336,3402570,701.2,710.7,9,234,32,1,2,10,10,64,17,"reception",7,12,0,0,0,1,2285,0,2,47,0,NA,0,NA,"C:/Data/corr_sacc/asc/JITT1.asc",0,1,5,27,480.1,884.9,713.7,47,42,17,NA
"2031",1,48,3,90,3402600,3402835,884.9,704.5,10,235,29,1,2,12,12,74,27,"lots",3,10,0,0,0,1,2549,0,4,47,0,NA,0,NA,"C:/Data/corr_sacc/asc/JITT1.asc",0,0,17,25,701.2,838.5,710.7,47,30,27,NA
"2032",1,48,3,90,3402855,3402966,838.5,722.8,11,111,19,1,2,12,12,72,25,"lots",1,2,0,0,0,1,2804,0,4,47,0,NA,0,NA,"C:/Data/corr_sacc/asc/JITT1.asc",0,0,27,37,884.9,1059.7,704.5,47,20,25,NA
"2033",1,48,3,90,3402999,3403290,1059.7,731.3,12,291,32,1,2,15,15,84,37,"activities.",1,12,0,0,0,1,2948,0,7,47,0,NA,0,NA,"C:/Data/corr_sacc/asc/JITT1.asc",NA,0,25,NA,838.5,NA,722.8,47,22,37,NA
"2034",1,48,3,90,NA,NA,NA,NA,NA,NA,NA,1,1,8,NA,NA,NA,"a",NA,NA,NA,NA,NA,NA,NA,NA,8,NA,NA,NA,NA,NA,"C:/Data/corr_sacc/asc/JITT1.asc",NA,0,37,NA,1059.7,NA,731.3,47,10,NA,NA
"2035",1,48,3,90,NA,NA,NA,NA,NA,NA,NA,1,2,11,NA,NA,NA,"and",NA,NA,NA,NA,NA,NA,NA,NA,3,NA,NA,NA,NA,NA,"C:/Data/corr_sacc/asc/JITT1.asc",NA,NA,NA,NA,NA,NA,NA,NA,NA,NA,NA
"2036",1,48,3,90,NA,NA,NA,NA,NA,NA,NA,1,2,13,NA,NA,NA,"of",NA,NA,NA,NA,NA,NA,NA,NA,5,NA,NA,NA,NA,NA,"C:/Data/corr_sacc/asc/JITT1.asc",NA,NA,NA,NA,NA,NA,NA,NA,NA,NA,NA
"2037",1,48,3,90,NA,NA,NA,NA,NA,NA,NA,1,2,14,NA,NA,NA,"fun",NA,NA,NA,NA,NA,NA,NA,NA,6,NA,NA,NA,NA,NA,"C:/Data/corr_sacc/asc/JITT1.asc",0,NA,NA,NA,NA,NA,NA,NA,NA,NA,NA
"2038",2,3,1,1,4699557,4699710,512.3,516.1,1,153,29,1,1,4,4,15,15,"tourists",2,NA,0,0,0,1,2390,0,4,55,0,NA,0,NA,"C:/Data/corr_sacc/asc/JITT2.asc",0,0,NA,10,NA,422,NA,NA,NA,15,NA
"2039",2,3,1,1,4699890,4700007,422,515.8,2,117,179,1,1,3,3,10,10,"of",0,5,1,0,0,1,2723,0,3,55,NA,NA,0,NA,"C:/Data/corr_sacc/asc/JITT2.asc",0,0,15,25,512.3,700.2,516.1,55,40,10,NA
"2040",2,3,1,1,4700043,4700349,700.2,545.7,3,306,35,1,1,5,5,25,25,"flocked",3,15,0,0,0,1,2876,0,5,55,0,NA,0,NA,"C:/Data/corr_sacc/asc/JITT2.asc",0,0,10,33,422,839.9,515.8,55,45,25,NA
"2041",2,3,1,1,4700374,4700613,839.9,576.9,4,239,24,1,1,7,7,33,33,"the",0,8,0,0,0,1,3207,0,7,55,0,NA,0,NA,"C:/Data/corr_sacc/asc/JITT2.asc",0,0,25,42,700.2,1010,545.7,55,30,33,NA
"2042",2,3,1,1,4700642,4700919,1010,580.9,5,277,28,1,1,9,9,42,42,"field",0,9,0,0,0,1,3475,0,9,55,0,NA,0,NA,"C:/Data/corr_sacc/asc/JITT2.asc",0,0,33,51,839.9,1173.5,576.9,55,22,42,NA
"2043",2,3,1,1,4700946,4701225,1173.5,582.5,6,279,26,1,1,10,10,51,51,"where",3,9,0,0,0,1,3779,0,10,55,0,NA,0,NA,"C:/Data/corr_sacc/asc/JITT2.asc",1,0,42,9,1010,416.3,580.9,55,13,51,NA
"2044",2,3,1,1,4701279,4701396,416.3,747.6,7,117,53,1,2,13,13,64,9,"festival",3,42,0,0,0,1,4112,0,2,49,0,NA,1,"undersweep","C:/Data/corr_sacc/asc/JITT2.asc",0,0,51,5,1173.5,330.8,582.5,55,4,9,1
"2045",2,3,1,1,4701418,4701624,330.8,751.8,8,206,21,1,2,12,12,60,5,"music",5,4,0,0,0,1,4251,0,1,49,1,NA,0,NA,"C:/Data/corr_sacc/asc/JITT2.asc",0,1,9,20,416.3,606.5,747.6,49,40,5,NA
"2046",2,3,1,1,4701658,4701847,606.5,757.2,9,189,33,1,2,15,15,75,20,"being",1,15,0,0,0,1,4491,0,4,49,0,NA,0,NA,"C:/Data/corr_sacc/asc/JITT2.asc",0,0,5,15,330.8,524.8,751.8,49,44,20,NA
"2047",2,3,1,1,4701869,4701961,524.8,750.6,10,92,21,1,2,14,14,70,15,"was",0,5,0,0,0,1,4702,0,3,49,1,NA,0,NA,"C:/Data/corr_sacc/asc/JITT2.asc",0,0,20,24,606.5,672.1,757.2,49,29,15,NA
"2048",2,3,1,1,4701990,4702124,672.1,751.9,11,134,28,1,2,15,15,79,24,"being",5,9,0,0,0,1,4823,0,4,49,1,NA,0,NA,"C:/Data/corr_sacc/asc/JITT2.asc",0,0,15,32,524.8,821.5,750.6,49,34,24,NA
"2049",2,3,1,1,4702262,4702425,821.5,747,12,163,137,1,2,17,17,87,32,"for",2,8,1,0,0,1,5095,0,6,49,NA,NA,0,NA,"C:/Data/corr_sacc/asc/JITT2.asc",0,0,24,41,672.1,990,751.9,49,25,32,NA
"2050",2,3,1,1,4702452,4702669,990,723,13,217,26,1,2,19,19,96,41,"first",3,9,0,0,0,1,5285,0,8,49,0,NA,0,NA,"C:/Data/corr_sacc/asc/JITT2.asc",0,0,32,46,821.5,1073.7,747,49,17,41,NA
"2051",2,3,1,1,4702691,4702781,1073.7,725,14,90,21,1,2,20,20,101,46,"time.",2,5,0,0,0,1,5524,0,9,49,0,NA,0,NA,"C:/Data/corr_sacc/asc/JITT2.asc",0,0,41,15,990,518.9,723,49,8,46,NA
"2052",2,3,1,1,4702828,4702935,518.9,499.6,15,107,46,1,1,4,4,15,15,"tourists",2,31,0,0,0,1,5661,0,4,55,1,NA,0,NA,"C:/Data/corr_sacc/asc/JITT2.asc",0,0,46,8,1073.7,399.4,725,49,3,15,NA
"2053",2,3,1,1,4702959,4703175,399.4,477.6,16,216,23,1,1,2,2,8,8,"group",4,7,0,0,0,1,5792,0,2,55,1,NA,0,NA,"C:/Data/corr_sacc/asc/JITT2.asc",0,0,15,22,518.9,635.5,499.6,55,40,8,NA
"2054",2,3,1,1,4703205,4703367,635.5,499.1,17,162,29,1,1,5,5,22,22,"flocked",0,14,0,0,0,1,6038,0,5,55,1,NA,0,NA,"C:/Data/corr_sacc/asc/JITT2.asc",0,0,8,29,399.4,765.6,477.6,55,47,22,NA
"2055",2,3,1,1,4703392,4703569,765.6,514.6,18,177,24,1,1,5,5,29,29,"flocked",7,7,0,0,0,1,6225,0,5,55,1,NA,0,NA,"C:/Data/corr_sacc/asc/JITT2.asc",0,0,22,45,635.5,1050,499.1,55,33,29,NA
"2056",2,3,1,1,4703605,4703771,1050,516.1,19,166,35,1,1,9,9,45,45,"field",3,16,0,0,0,1,6438,0,9,55,1,NA,0,NA,"C:/Data/corr_sacc/asc/JITT2.asc",0,0,29,54,765.6,1226.8,514.6,55,26,45,NA
"2057",2,3,1,1,4703800,4703976,1226.8,516.3,20,176,28,1,1,11,11,54,54,"a",0,9,0,0,0,1,6633,0,11,55,1,NA,0,NA,"C:/Data/corr_sacc/asc/JITT2.asc",0,0,45,33,1050,844.1,516.1,55,10,54,NA
"2058",2,3,1,1,4704025,4704170,844.1,686.2,21,145,48,1,2,17,17,88,33,"for",3,21,0,0,0,1,6858,0,6,49,1,NA,0,NA,"C:/Data/corr_sacc/asc/JITT2.asc",0,0,54,44,1226.8,1034.3,516.3,55,1,33,NA
"2059",2,3,1,1,4704197,4704337,1034.3,722.2,22,140,26,1,2,20,20,99,44,"time.",0,11,0,0,0,1,7030,0,9,49,1,NA,0,NA,"C:/Data/corr_sacc/asc/JITT2.asc",0,0,33,25,844.1,701.3,686.2,49,16,44,NA
"2060",2,3,1,1,4704376,4704461,701.3,546.2,23,85,38,1,1,5,5,25,25,"flocked",3,19,0,0,0,1,7209,0,5,55,1,NA,0,NA,"C:/Data/corr_sacc/asc/JITT2.asc",NA,0,44,NA,1034.3,NA,722.2,49,5,25,NA
"2061",2,3,1,1,NA,NA,NA,NA,NA,NA,NA,1,1,1,NA,NA,NA,"The",NA,NA,NA,NA,NA,NA,NA,NA,1,NA,NA,NA,NA,NA,"C:/Data/corr_sacc/asc/JITT2.asc",NA,0,25,NA,701.3,NA,546.2,55,30,NA,NA
"2062",2,3,1,1,NA,NA,NA,NA,NA,NA,NA,1,1,6,NA,NA,NA,"to",NA,NA,NA,NA,NA,NA,NA,NA,6,NA,NA,NA,NA,NA,"C:/Data/corr_sacc/asc/JITT2.asc",NA,NA,NA,NA,NA,NA,NA,NA,NA,NA,NA
"2063",2,3,1,1,NA,NA,NA,NA,NA,NA,NA,1,1,8,NA,NA,NA,"open",NA,NA,NA,NA,NA,NA,NA,NA,8,NA,NA,NA,NA,NA,"C:/Data/corr_sacc/asc/JITT2.asc",NA,NA,NA,NA,NA,NA,NA,NA,NA,NA,NA
"2064",2,3,1,1,NA,NA,NA,NA,NA,NA,NA,1,2,16,NA,NA,NA,"held",NA,NA,NA,NA,NA,NA,NA,NA,5,NA,NA,NA,NA,NA,"C:/Data/corr_sacc/asc/JITT2.asc",NA,NA,NA,NA,NA,NA,NA,NA,NA,NA,NA
"2065",2,3,1,1,NA,NA,NA,NA,NA,NA,NA,1,2,18,NA,NA,NA,"the",NA,NA,NA,NA,NA,NA,NA,NA,7,NA,NA,NA,NA,NA,"C:/Data/corr_sacc/asc/JITT2.asc",0,NA,NA,NA,NA,NA,NA,NA,NA,NA,NA
"2066",2,19,2,2,4742564,4742715,459.1,497.7,1,151,24,1,1,2,2,8,8,"picked",6,NA,0,0,0,1,1183,0,2,54,0,NA,0,NA,"C:/Data/corr_sacc/asc/JITT2.asc",0,0,NA,18,NA,653.5,NA,NA,NA,8,NA
"2067",2,19,2,2,4742741,4742967,653.5,495.3,2,226,25,1,1,5,5,18,18,"green",2,10,0,0,0,1,1360,0,5,54,0,NA,0,NA,"C:/Data/corr_sacc/asc/JITT2.asc",0,0,8,26,459.1,793.4,497.7,54,46,18,NA
"2068",2,19,2,2,4742992,4743103,793.4,511.1,3,111,24,1,1,6,6,26,26,"coffee",4,8,0,0,0,1,1611,0,6,54,0,NA,0,NA,"C:/Data/corr_sacc/asc/JITT2.asc",0,0,18,34,653.5,934,495.3,54,36,26,NA
"2069",2,19,2,2,4743129,4743302,934,511.5,4,173,25,1,1,8,8,34,34,"that",1,8,0,0,0,1,1748,0,8,54,0,NA,0,NA,"C:/Data/corr_sacc/asc/JITT2.asc",0,0,26,32,793.4,894.7,511.1,54,28,34,NA
"2070",2,19,2,2,4743316,4743422,894.7,517,5,106,13,1,1,7,7,32,32,"mug",3,2,0,0,0,1,1935,0,7,54,1,NA,0,NA,"C:/Data/corr_sacc/asc/JITT2.asc",0,0,34,41,934,1062.8,511.5,54,20,32,NA
"2071",2,19,2,2,4743449,4743645,1062.8,510.3,6,196,26,1,1,9,9,41,41,"our",3,9,0,0,0,1,2068,0,9,54,0,NA,0,NA,"C:/Data/corr_sacc/asc/JITT2.asc",0,0,32,46,894.7,1154.9,517,54,22,41,NA
"2072",2,19,2,2,4743667,4743867,1154.9,513.4,7,200,21,1,1,10,10,46,46,"last",4,5,0,0,0,1,2286,0,10,54,0,NA,0,NA,"C:/Data/corr_sacc/asc/JITT2.asc",0,0,41,49,1062.8,1201.1,510.3,54,13,46,NA
"2073",2,19,2,2,4743885,4743978,1201.1,515.1,8,93,17,1,1,11,11,49,49,"visitor",2,3,0,0,0,1,2504,0,11,54,0,NA,0,NA,"C:/Data/corr_sacc/asc/JITT2.asc",1,0,46,11,1154.9,525.9,513.4,54,8,49,NA
"2074",2,19,2,2,4744028,4744119,525.9,694.1,9,91,49,1,2,13,13,65,11,"forgotten",7,38,0,0,0,1,2647,0,2,43,0,NA,1,"undersweep","C:/Data/corr_sacc/asc/JITT2.asc",0,0,49,5,1201.1,402.7,515.1,54,5,11,1
"2075",2,19,2,2,4744143,4744314,402.7,704.7,10,171,23,1,2,13,13,59,5,"forgotten",1,6,0,0,0,1,2762,0,2,43,0,NA,0,NA,"C:/Data/corr_sacc/asc/JITT2.asc",0,1,11,NA,525.9,318.7,694.1,43,32,5,NA
"2076",2,19,2,2,4744335,4744426,318.7,698.4,11,91,20,NA,2,NA,NA,NA,NA,NA,NA,NA,0,0,1,1,2954,NA,NA,43,NA,NA,0,NA,"C:/Data/corr_sacc/asc/JITT2.asc",0,0,5,20,402.7,682.6,704.7,43,38,6,NA
"2077",2,19,2,2,4744462,4744669,682.6,730.3,12,207,35,1,2,15,15,74,20,"made",2,NA,0,0,0,1,3081,0,4,43,0,NA,0,NA,"C:/Data/corr_sacc/asc/JITT2.asc",0,0,NA,30,318.7,858.1,698.4,43,NA,20,NA
"2078",2,19,2,2,4744697,4744842,858.1,720,13,145,27,1,2,18,18,84,30,"to",0,10,0,0,0,1,3316,0,7,43,0,NA,0,NA,"C:/Data/corr_sacc/asc/JITT2.asc",0,0,20,34,682.6,931.2,730.3,43,23,30,NA
"2079",2,19,2,2,4744865,4745000,931.2,717,14,135,22,1,2,19,19,88,34,"return",1,4,0,0,0,1,3484,0,8,43,0,NA,0,NA,"C:/Data/corr_sacc/asc/JITT2.asc",0,0,30,27,858.1,798.5,720,43,13,34,NA
"2080",2,19,2,2,4745152,4745335,798.5,687,15,183,151,1,2,17,17,81,27,"note",2,7,1,0,0,1,3771,1,6,43,NA,NA,0,NA,"C:/Data/corr_sacc/asc/JITT2.asc",0,0,34,20,931.2,685.4,717,43,9,27,NA
"2081",2,19,2,2,4745358,4745621,685.4,694.6,16,263,22,1,2,15,15,74,20,"made",2,7,0,0,0,1,3977,0,4,43,1,NA,0,NA,"C:/Data/corr_sacc/asc/JITT2.asc",0,0,27,31,798.5,883.9,687,43,16,20,NA
"2082",2,19,2,2,4745652,4745979,883.9,700.7,17,327,30,1,2,18,18,85,31,"to",1,11,0,0,0,1,4271,0,7,43,1,NA,0,NA,"C:/Data/corr_sacc/asc/JITT2.asc",0,0,20,5,685.4,404.6,694.6,43,23,31,NA
"2083",2,19,2,2,4746028,4746139,404.6,471.9,18,111,48,1,1,2,2,5,5,"picked",3,26,0,0,0,1,4647,0,2,54,1,NA,0,NA,"C:/Data/corr_sacc/asc/JITT2.asc",0,0,31,1,883.9,348,700.7,43,12,5,NA
"2084",2,19,2,2,4746157,4746266,348,438.2,19,109,17,1,1,1,1,1,1,"I",1,4,0,0,0,1,4776,0,1,54,1,NA,0,NA,"C:/Data/corr_sacc/asc/JITT2.asc",0,0,5,24,404.6,756.4,471.9,54,49,1,NA
"2085",2,19,2,2,4746309,4746495,756.4,442.5,20,186,42,1,1,6,6,24,24,"coffee",2,23,0,0,0,1,4928,0,6,54,1,NA,0,NA,"C:/Data/corr_sacc/asc/JITT2.asc",0,0,1,20,348,675.8,438.2,54,53,24,NA
"2086",2,19,2,2,4746518,4746640,675.8,443.8,21,122,22,1,1,5,5,20,20,"green",4,4,0,0,0,1,5137,0,5,54,1,NA,0,NA,"C:/Data/corr_sacc/asc/JITT2.asc",0,0,24,36,756.4,974.8,442.5,54,30,20,NA
"2087",2,19,2,2,4746676,4746887,974.8,467.9,22,211,35,1,1,8,8,36,36,"that",3,16,0,0,0,1,5295,0,8,54,1,NA,0,NA,"C:/Data/corr_sacc/asc/JITT2.asc",0,0,20,32,675.8,890.7,443.8,54,34,36,NA
"2088",2,19,2,2,4746909,4747085,890.7,469.1,23,176,21,1,1,7,7,32,32,"mug",3,4,0,0,0,1,5528,0,7,54,1,NA,0,NA,"C:/Data/corr_sacc/asc/JITT2.asc",0,0,36,40,974.8,1033.3,467.9,54,18,32,NA
"2089",2,19,2,2,4747113,4747290,1033.3,477.7,24,177,27,1,1,9,9,40,40,"our",2,8,0,0,0,1,5732,0,9,54,1,NA,0,NA,"C:/Data/corr_sacc/asc/JITT2.asc",0,0,32,7,890.7,450.2,469.1,54,22,40,NA
"2090",2,19,2,2,4747340,4747454,450.2,656.3,25,114,49,1,2,13,13,61,7,"forgotten",3,33,0,0,0,1,5959,0,2,43,1,NA,0,NA,"C:/Data/corr_sacc/asc/JITT2.asc",0,0,40,1,1033.3,344.4,477.7,54,14,7,NA
"2091",2,19,2,2,4747478,4747609,344.4,668.5,26,131,23,1,2,12,12,55,1,"had",1,6,0,0,0,1,6097,0,1,43,1,NA,0,NA,"C:/Data/corr_sacc/asc/JITT2.asc",0,0,7,NA,450.2,290.5,656.3,43,36,1,NA
"2092",2,19,2,2,4747626,4747797,290.5,663.5,27,171,16,NA,2,NA,NA,NA,NA,NA,NA,NA,0,0,1,1,6245,NA,NA,43,NA,NA,0,NA,"C:/Data/corr_sacc/asc/JITT2.asc",0,0,1,41,344.4,1056.6,668.5,43,42,4,NA
"2093",2,19,2,2,4747856,4747997,1056.6,490.8,28,141,58,1,1,9,9,41,41,"our",3,NA,0,0,0,1,6475,0,9,54,1,NA,0,NA,"C:/Data/corr_sacc/asc/JITT2.asc",0,0,NA,19,290.5,654.6,663.5,43,NA,41,NA
"2094",2,19,2,2,4748049,4748108,654.6,463.3,29,59,51,1,1,5,5,19,19,"green",3,22,0,0,0,1,6668,0,5,54,1,NA,0,NA,"C:/Data/corr_sacc/asc/JITT2.asc",0,0,41,7,1056.6,453.7,490.8,54,13,19,NA
"2095",2,19,2,2,4748139,4748268,453.7,463.7,30,129,30,1,1,2,2,7,7,"picked",5,12,0,0,0,1,6758,0,2,54,1,NA,0,NA,"C:/Data/corr_sacc/asc/JITT2.asc",0,0,19,2,654.6,357,463.3,54,35,7,NA
"2096",2,19,2,2,4748291,4748439,357,467.9,31,148,22,1,1,2,2,2,2,"picked",0,5,0,0,0,1,6910,0,2,54,1,NA,0,NA,"C:/Data/corr_sacc/asc/JITT2.asc",0,0,7,14,453.7,580.8,463.7,54,47,2,NA
"2097",2,19,2,2,4748577,4748672,580.8,469.9,32,95,137,1,1,4,4,14,14,"the",2,12,1,0,0,1,7196,0,4,54,NA,NA,0,NA,"C:/Data/corr_sacc/asc/JITT2.asc",0,0,2,23,357,728.4,467.9,54,52,14,NA
"2098",2,19,2,2,4748698,4748882,728.4,483.7,33,184,25,1,1,6,6,23,23,"coffee",1,9,0,0,0,1,7317,0,6,54,1,NA,0,NA,"C:/Data/corr_sacc/asc/JITT2.asc",0,0,14,30,580.8,855.6,469.9,54,40,23,NA
"2099",2,19,2,2,4748907,4749086,855.6,498.2,34,179,24,1,1,7,7,30,30,"mug",1,7,0,0,0,1,7526,0,7,54,1,NA,0,NA,"C:/Data/corr_sacc/asc/JITT2.asc",0,0,23,34,728.4,941.1,483.7,54,31,30,NA
"2100",2,19,2,2,4749108,4749261,941.1,504,35,153,21,1,1,8,8,34,34,"that",1,4,0,0,0,1,7727,0,8,54,1,NA,0,NA,"C:/Data/corr_sacc/asc/JITT2.asc",0,0,30,39,855.6,1022.6,498.2,54,24,34,NA
"2101",2,19,2,2,4749282,4749426,1022.6,513.3,36,144,20,1,1,9,9,39,39,"our",1,5,0,0,0,1,7901,0,9,54,1,NA,0,NA,"C:/Data/corr_sacc/asc/JITT2.asc",0,0,34,45,941.1,1139.4,504,54,20,39,NA
"2102",2,19,2,2,4749447,4749622,1139.4,505.9,37,175,20,1,1,10,10,45,45,"last",3,6,0,0,0,1,8066,0,10,54,1,NA,0,NA,"C:/Data/corr_sacc/asc/JITT2.asc",0,0,39,2,1022.6,356.1,513.3,54,15,45,NA
"2103",2,19,2,2,4749677,4749864,356.1,696.7,38,187,54,1,2,12,12,56,2,"had",2,43,0,0,0,1,8296,0,1,43,1,NA,0,NA,"C:/Data/corr_sacc/asc/JITT2.asc",0,0,45,NA,1139.4,302.1,505.9,54,9,2,NA
"2104",2,19,2,2,4749884,4750038,302.1,689.9,39,154,19,NA,2,NA,NA,NA,NA,NA,NA,NA,0,0,1,1,8503,NA,NA,43,NA,NA,0,NA,"C:/Data/corr_sacc/asc/JITT2.asc",0,0,2,14,356.1,576.6,696.7,43,41,5,NA
"2105",2,19,2,2,4750078,4750305,576.6,707.1,40,227,39,1,2,14,14,68,14,"and",0,NA,0,0,0,1,8697,0,3,43,1,NA,0,NA,"C:/Data/corr_sacc/asc/JITT2.asc",0,0,NA,23,302.1,739.8,689.9,43,NA,14,NA
"2106",2,19,2,2,4750331,4750575,739.8,714.2,41,244,25,1,2,16,16,77,23,"a",0,9,0,0,0,1,8950,0,5,43,1,NA,0,NA,"C:/Data/corr_sacc/asc/JITT2.asc",0,0,14,33,576.6,913,707.1,43,29,23,NA
"2107",2,19,2,2,4750603,4750694,913,720.9,42,91,27,1,2,19,19,87,33,"return",0,10,0,0,0,1,9222,0,8,43,1,NA,0,NA,"C:/Data/corr_sacc/asc/JITT2.asc",NA,0,23,NA,739.8,NA,714.2,43,20,33,NA
"2108",2,19,2,2,NA,NA,NA,NA,NA,NA,NA,1,1,3,NA,NA,NA,"up",NA,NA,NA,NA,NA,NA,NA,NA,3,NA,NA,NA,NA,NA,"C:/Data/corr_sacc/asc/JITT2.asc",NA,0,33,NA,913,NA,720.9,43,10,NA,NA
"2109",2,19,2,2,NA,NA,NA,NA,NA,NA,NA,1,2,20,NA,NA,NA,"it.",NA,NA,NA,NA,NA,NA,NA,NA,9,NA,NA,NA,NA,NA,"C:/Data/corr_sacc/asc/JITT2.asc",0,NA,NA,NA,NA,NA,NA,NA,NA,NA,NA
"2110",2,22,2,3,4770265,4770461,485,517,1,196,25,1,1,2,2,9,9,"protested",4,NA,0,0,0,1,1528,0,2,67,0,NA,0,NA,"C:/Data/corr_sacc/asc/JITT2.asc",0,0,NA,8,NA,467.2,NA,NA,NA,9,NA
"2111",2,22,2,3,4770469,4770597,467.2,507.2,2,128,7,1,1,2,2,8,8,"protested",3,1,0,0,0,1,1732,0,2,67,0,NA,0,NA,"C:/Data/corr_sacc/asc/JITT2.asc",0,0,9,18,485,649.3,517,67,58,8,NA
"2112",2,22,2,3,4770625,4770919,649.3,507.5,3,294,27,1,1,3,3,18,18,"the",3,10,0,0,0,1,1888,0,3,67,0,NA,0,NA,"C:/Data/corr_sacc/asc/JITT2.asc",0,0,8,27,467.2,817.1,507.2,67,59,18,NA
"2113",2,22,2,3,4770947,4771141,817.1,519,4,194,27,1,1,6,6,27,27,"go",0,9,0,0,0,1,2210,0,6,67,0,NA,0,NA,"C:/Data/corr_sacc/asc/JITT2.asc",0,0,18,24,649.3,760.5,507.5,67,49,27,NA
"2114",2,22,2,3,4771158,4771302,760.5,514.5,5,144,16,1,1,5,5,24,24,"to",0,3,0,0,0,1,2421,0,5,67,1,NA,0,NA,"C:/Data/corr_sacc/asc/JITT2.asc",0,0,27,17,817.1,631.6,519,67,40,24,NA
"2115",2,22,2,3,4771326,4771389,631.6,502.4,6,63,23,1,1,3,3,17,17,"the",2,7,0,0,0,1,2589,0,3,67,1,NA,0,NA,"C:/Data/corr_sacc/asc/JITT2.asc",0,0,24,19,760.5,658.4,514.5,67,43,17,NA
"2116",2,22,2,3,4771539,4771598,658.4,485.1,7,59,149,1,1,4,4,19,19,"plan",0,2,1,0,0,1,2802,0,4,67,NA,NA,0,NA,"C:/Data/corr_sacc/asc/JITT2.asc",0,0,17,29,631.6,848.8,502.4,67,50,19,NA
"2117",2,22,2,3,4771628,4771901,848.8,516.4,8,273,29,1,1,6,6,29,29,"go",2,10,0,0,0,1,2891,0,6,67,1,NA,0,NA,"C:/Data/corr_sacc/asc/JITT2.asc",0,0,19,37,658.4,986.1,485.1,67,48,29,NA
"2118",2,22,2,3,4771927,4772109,986.1,530.8,9,182,25,1,1,9,9,37,37,"sea,",0,8,0,0,0,1,3190,0,9,67,0,NA,0,NA,"C:/Data/corr_sacc/asc/JITT2.asc",0,0,29,49,848.8,1213.6,516.4,67,38,37,NA
"2119",2,22,2,3,4772144,4772318,1213.6,536,10,174,34,1,1,12,12,49,49,"the",0,12,0,0,0,1,3407,0,12,67,0,NA,0,NA,"C:/Data/corr_sacc/asc/JITT2.asc",0,0,37,46,986.1,1159.6,530.8,67,30,49,NA
"2120",2,22,2,3,4772336,4772452,1159.6,532.8,11,116,17,1,1,11,11,46,46,"in",0,3,0,0,0,1,3599,0,11,67,1,NA,0,NA,"C:/Data/corr_sacc/asc/JITT2.asc",0,0,49,56,1213.6,1340.1,536,67,18,46,NA
"2121",2,22,2,3,4772479,4772611,1340.1,538.3,12,132,26,1,1,13,13,56,56,"end",3,10,0,0,0,1,3742,0,13,67,0,NA,0,NA,"C:/Data/corr_sacc/asc/JITT2.asc",0,0,46,62,1159.6,1438.1,532.8,67,21,56,NA
"2122",2,22,2,3,4772633,4772815,1438.1,532.6,13,182,21,1,1,15,15,62,62,"decided",2,6,0,0,0,1,3896,0,15,67,0,NA,0,NA,"C:/Data/corr_sacc/asc/JITT2.asc",0,0,56,57,1340.1,1349.1,538.3,67,11,62,NA
"2123",2,22,2,3,4772837,4772948,1349.1,542.5,14,111,21,1,1,14,14,57,57,"he",0,5,0,0,0,1,4100,0,14,67,1,NA,0,NA,"C:/Data/corr_sacc/asc/JITT2.asc",0,0,62,61,1438.1,1427.4,532.6,67,5,57,NA
"2124",2,22,2,3,4772971,4773188,1427.4,536.7,15,217,22,1,1,15,15,61,61,"decided",1,4,0,0,0,1,4234,0,15,67,1,NA,0,NA,"C:/Data/corr_sacc/asc/JITT2.asc",1,0,57,12,1349.1,548,542.5,67,10,61,NA
"2125",2,22,2,3,4773249,4773342,548,719.2,16,93,60,1,2,18,18,79,12,"argue",5,49,0,0,0,1,4512,0,3,36,0,NA,1,"undersweep","C:/Data/corr_sacc/asc/JITT2.asc",0,0,61,4,1427.4,399.3,536.7,67,6,12,1
"2126",2,22,2,3,4773368,4773518,399.3,709,17,150,25,1,2,17,17,71,4,"to",0,8,0,0,0,1,4631,0,2,36,1,NA,0,NA,"C:/Data/corr_sacc/asc/JITT2.asc",0,1,12,1,548,333.5,719.2,36,24,4,NA
"2127",2,22,2,3,4773539,4773665,333.5,712.7,18,126,20,1,2,16,16,68,1,"not",1,3,0,0,0,1,4802,0,1,36,1,NA,0,NA,"C:/Data/corr_sacc/asc/JITT2.asc",0,0,4,23,399.3,729.9,709,36,32,1,NA
"2128",2,22,2,3,4773703,4773912,729.9,719.7,19,209,37,1,2,21,21,90,23,"mother-in-law.",1,22,0,0,0,1,4966,0,6,36,0,NA,0,NA,"C:/Data/corr_sacc/asc/JITT2.asc",0,0,1,28,333.5,826.3,712.7,36,35,23,NA
"2129",2,22,2,3,4773936,4774058,826.3,722.7,20,122,23,1,2,21,21,95,28,"mother-in-law.",6,5,0,0,0,1,5199,0,6,36,0,NA,0,NA,"C:/Data/corr_sacc/asc/JITT2.asc",0,0,23,17,729.9,621.6,719.7,36,13,28,NA
"2130",2,22,2,3,4774089,4774202,621.6,703.1,21,113,30,1,2,19,19,84,17,"with",4,11,0,0,0,1,5352,0,4,36,1,NA,0,NA,"C:/Data/corr_sacc/asc/JITT2.asc",0,0,28,11,826.3,530.3,722.7,36,8,17,NA
"2131",2,22,2,3,4774337,4774488,530.3,474.4,22,151,134,1,1,2,2,11,11,"protested",6,6,0,0,0,1,5600,0,2,67,1,NA,0,NA,"C:/Data/corr_sacc/asc/JITT2.asc",0,0,17,23,621.6,736.9,703.1,36,19,11,NA
"2132",2,22,2,3,4774521,4774674,736.9,505.2,23,153,32,1,1,4,4,23,23,"plan",4,12,0,0,0,1,5784,0,4,67,1,NA,0,NA,"C:/Data/corr_sacc/asc/JITT2.asc",0,0,11,36,530.3,969.1,474.4,67,56,23,NA
"2133",2,22,2,3,4774702,4774889,969.1,529.2,24,187,27,1,1,8,8,36,36,"the",3,13,0,0,0,1,5965,0,8,67,1,NA,0,NA,"C:/Data/corr_sacc/asc/JITT2.asc",0,0,23,23,736.9,729.3,505.2,67,44,36,NA
"2134",2,22,2,3,4774921,4775018,729.3,511.7,25,97,31,1,1,4,4,23,23,"plan",4,13,0,0,0,1,6184,0,4,67,1,NA,0,NA,"C:/Data/corr_sacc/asc/JITT2.asc",0,0,36,16,969.1,615,529.2,67,31,23,NA
"2135",2,22,2,3,4775043,4775225,615,504.4,26,182,24,1,1,3,3,16,16,"the",1,7,0,0,0,1,6306,0,3,67,1,NA,0,NA,"C:/Data/corr_sacc/asc/JITT2.asc",0,0,23,5,729.3,417.6,511.7,67,44,16,NA
"2136",2,22,2,3,4775256,4775401,417.6,492.8,27,145,30,1,1,2,2,5,5,"protested",0,11,0,0,0,1,6519,0,2,67,1,NA,0,NA,"C:/Data/corr_sacc/asc/JITT2.asc",0,0,16,11,615,525,504.4,67,51,5,NA
"2137",2,22,2,3,4775434,4775462,525,499.6,28,28,32,1,1,2,2,11,11,"protested",6,6,0,0,0,1,6697,0,2,67,1,NA,0,NA,"C:/Data/corr_sacc/asc/JITT2.asc",0,0,5,46,417.6,1156.7,492.8,67,62,11,NA
"2138",2,22,2,3,4775521,4775697,1156.7,512.2,29,176,58,1,1,11,11,46,46,"in",0,35,0,0,0,1,6784,0,11,67,1,NA,0,NA,"C:/Data/corr_sacc/asc/JITT2.asc",0,0,11,56,525,1326.4,499.6,67,56,46,NA
"2139",2,22,2,3,4775724,4775887,1326.4,531.2,30,163,26,1,1,13,13,56,56,"end",3,10,0,0,0,1,6987,0,13,67,1,NA,0,NA,"C:/Data/corr_sacc/asc/JITT2.asc",0,0,46,25,1156.7,772.8,512.2,67,21,56,NA
"2140",2,22,2,3,4775943,4776050,772.8,691.5,31,107,55,1,2,21,21,92,25,"mother-in-law.",3,31,0,0,0,1,7206,0,6,36,1,NA,0,NA,"C:/Data/corr_sacc/asc/JITT2.asc",0,0,56,12,1326.4,538.6,531.2,67,11,25,NA
"2141",2,22,2,3,4776081,4776291,538.6,706.1,32,210,30,1,2,18,18,79,12,"argue",5,13,0,0,0,1,7344,0,3,36,1,NA,0,NA,"C:/Data/corr_sacc/asc/JITT2.asc",NA,0,25,NA,772.8,NA,691.5,36,11,12,NA
"2142",2,22,2,3,NA,NA,NA,NA,NA,NA,NA,1,1,1,NA,NA,NA,"John",NA,NA,NA,NA,NA,NA,NA,NA,1,NA,NA,NA,NA,NA,"C:/Data/corr_sacc/asc/JITT2.asc",NA,0,12,NA,538.6,NA,706.1,36,24,NA,NA
"2143",2,22,2,3,NA,NA,NA,NA,NA,NA,NA,1,1,7,NA,NA,NA,"to",NA,NA,NA,NA,NA,NA,NA,NA,7,NA,NA,NA,NA,NA,"C:/Data/corr_sacc/asc/JITT2.asc",NA,NA,NA,NA,NA,NA,NA,NA,NA,NA,NA
"2144",2,22,2,3,NA,NA,NA,NA,NA,NA,NA,1,1,10,NA,NA,NA,"but",NA,NA,NA,NA,NA,NA,NA,NA,10,NA,NA,NA,NA,NA,"C:/Data/corr_sacc/asc/JITT2.asc",NA,NA,NA,NA,NA,NA,NA,NA,NA,NA,NA
"2145",2,22,2,3,NA,NA,NA,NA,NA,NA,NA,1,2,20,NA,NA,NA,"his",NA,NA,NA,NA,NA,NA,NA,NA,5,NA,NA,NA,NA,NA,"C:/Data/corr_sacc/asc/JITT2.asc",0,NA,NA,NA,NA,NA,NA,NA,NA,NA,NA
"2146",2,65,3,4,4785317,4785507,414.8,474.7,1,190,179,1,1,2,2,6,6,"evening",1,NA,0,0,0,1,1158,0,2,54,0,NA,0,NA,"C:/Data/corr_sacc/asc/JITT2.asc",0,0,NA,4,NA,379.8,NA,NA,NA,6,NA
"2147",2,65,3,4,4785523,4785629,379.8,478.4,2,106,15,1,1,1,1,4,4,"That",4,2,0,0,0,1,1364,0,1,54,1,NA,0,NA,"C:/Data/corr_sacc/asc/JITT2.asc",0,0,6,20,414.8,670.1,474.7,54,48,4,NA
"2148",2,65,3,4,4785665,4785819,670.1,489.5,3,154,35,1,1,4,4,20,20,"young",3,16,0,0,0,1,1506,0,4,54,0,NA,0,NA,"C:/Data/corr_sacc/asc/JITT2.asc",0,0,4,16,379.8,600.4,478.4,54,50,20,NA
"2149",2,65,3,4,4785843,4785994,600.4,494.4,4,151,23,1,1,3,3,16,16,"the",3,4,0,0,0,1,1684,0,3,54,1,NA,0,NA,"C:/Data/corr_sacc/asc/JITT2.asc",0,0,20,29,670.1,820.7,489.5,54,34,16,NA
"2150",2,65,3,4,4786024,4786240,820.7,499.7,5,216,29,1,1,6,6,29,29,"came",0,13,0,0,0,1,1865,0,6,54,0,NA,0,NA,"C:/Data/corr_sacc/asc/JITT2.asc",0,0,16,38,600.4,994.2,494.4,54,38,29,NA
"2151",2,65,3,4,4786271,4786451,994.2,511.6,6,180,30,1,1,8,8,38,38,"the",1,9,0,0,0,1,2112,0,8,54,0,NA,0,NA,"C:/Data/corr_sacc/asc/JITT2.asc",0,0,29,35,820.7,944.1,499.7,54,25,38,NA
"2152",2,65,3,4,4786467,4786539,944.1,503.9,7,72,15,1,1,7,7,35,35,"to",1,3,0,0,0,1,2308,0,7,54,1,NA,0,NA,"C:/Data/corr_sacc/asc/JITT2.asc",0,0,38,47,994.2,1153.5,511.6,54,16,35,NA
"2153",2,65,3,4,4786572,4786748,1153.5,492.3,8,176,32,1,1,9,9,47,47,"wedding",6,12,0,0,0,1,2413,0,9,54,0,NA,0,NA,"C:/Data/corr_sacc/asc/JITT2.asc",0,0,35,52,944.1,1240.3,503.9,54,19,47,NA
"2154",2,65,3,4,4786770,4786883,1240.3,497.3,9,113,21,1,1,10,10,52,52,"party",3,5,0,0,0,1,2611,0,10,54,0,NA,0,NA,"C:/Data/corr_sacc/asc/JITT2.asc",1,0,47,12,1153.5,517,492.3,54,7,52,NA
"2155",2,65,3,4,4786948,4787073,517,695.8,10,125,64,1,2,13,13,66,12,"spirits",4,40,0,0,0,1,2789,0,3,44,0,NA,1,"undersweep","C:/Data/corr_sacc/asc/JITT2.asc",0,0,52,7,1240.3,427.6,497.3,54,2,12,1
"2156",2,65,3,4,4787096,4787304,427.6,690,11,208,22,1,2,12,12,61,7,"good",4,5,0,0,0,1,2937,0,2,44,1,NA,0,NA,"C:/Data/corr_sacc/asc/JITT2.asc",0,1,12,27,517,796.2,695.8,44,32,7,NA
"2157",2,65,3,4,4787343,4787573,796.2,689.8,12,230,38,1,2,16,16,81,27,"down",3,20,0,0,0,1,3184,0,6,44,0,NA,0,NA,"C:/Data/corr_sacc/asc/JITT2.asc",0,0,7,38,427.6,988.4,690,44,37,27,NA
"2158",2,65,3,4,4787601,4787794,988.4,695.5,13,193,27,1,2,19,19,92,38,"dinner.",1,11,0,0,0,1,3442,0,9,44,0,NA,0,NA,"C:/Data/corr_sacc/asc/JITT2.asc",0,0,27,42,796.2,1054.6,689.8,44,17,38,NA
"2159",2,65,3,4,4787817,4787912,1054.6,709.7,14,95,22,1,2,19,19,96,42,"dinner.",5,4,0,0,0,1,3658,0,9,44,0,NA,0,NA,"C:/Data/corr_sacc/asc/JITT2.asc",0,0,38,27,988.4,785,695.5,44,6,42,NA
"2160",2,65,3,4,4788062,4788167,785,707.7,15,105,149,1,2,16,16,81,27,"down",3,15,1,0,0,1,3903,0,6,44,NA,NA,0,NA,"C:/Data/corr_sacc/asc/JITT2.asc",0,0,42,15,1054.6,576.1,709.7,44,2,27,NA
"2161",2,65,3,4,4788348,4788555,576.1,622.2,16,207,180,1,2,13,13,69,15,"spirits",7,12,1,0,0,1,4189,0,3,44,NA,NA,0,NA,"C:/Data/corr_sacc/asc/JITT2.asc",0,0,27,14,785,553.1,707.7,44,17,15,NA
"2162",2,65,3,4,4788586,4788866,553.1,479.5,17,280,30,1,1,3,3,14,14,"the",1,1,0,0,0,1,4427,0,3,54,1,NA,0,NA,"C:/Data/corr_sacc/asc/JITT2.asc",0,0,15,9,576.1,466.8,622.2,44,29,14,NA
"2163",2,65,3,4,4788888,4789049,466.8,485,18,161,21,1,1,2,2,9,9,"evening",4,5,0,0,0,1,4729,0,2,54,1,NA,0,NA,"C:/Data/corr_sacc/asc/JITT2.asc",0,0,14,23,553.1,730.4,479.5,54,40,9,NA
"2164",2,65,3,4,4789083,4789280,730.4,505.6,19,197,33,1,1,5,5,23,23,"women",0,14,0,0,0,1,4924,0,5,54,1,NA,0,NA,"C:/Data/corr_sacc/asc/JITT2.asc",0,0,9,19,466.8,642.8,485,54,45,23,NA
"2165",2,65,3,4,4789301,4789575,642.8,497.4,20,274,20,1,1,4,4,19,19,"young",2,4,0,0,0,1,5142,0,4,54,1,NA,0,NA,"C:/Data/corr_sacc/asc/JITT2.asc",0,0,23,32,730.4,891.8,505.6,54,31,19,NA
"2166",2,65,3,4,4789608,4789714,891.8,502.1,21,106,32,1,1,6,6,32,32,"came",3,13,0,0,0,1,5449,0,6,54,1,NA,0,NA,"C:/Data/corr_sacc/asc/JITT2.asc",0,0,19,38,642.8,996.5,497.4,54,35,32,NA
"2167",2,65,3,4,4789740,4789955,996.5,495.4,22,215,25,1,1,8,8,38,38,"the",1,6,0,0,0,1,5581,0,8,54,1,NA,0,NA,"C:/Data/corr_sacc/asc/JITT2.asc",0,0,32,48,891.8,1169.8,502.1,54,22,38,NA
"2168",2,65,3,4,4789987,4790119,1169.8,493.5,23,132,31,1,1,9,9,48,48,"wedding",7,10,0,0,0,1,5828,0,9,54,1,NA,0,NA,"C:/Data/corr_sacc/asc/JITT2.asc",0,0,38,51,996.5,1230.7,495.4,54,16,48,NA
"2169",2,65,3,4,4790138,4790255,1230.7,497.5,24,117,18,1,1,10,10,51,51,"party",2,3,0,0,0,1,5979,0,10,54,1,NA,0,NA,"C:/Data/corr_sacc/asc/JITT2.asc",0,0,48,11,1169.8,508,493.5,54,6,51,NA
"2170",2,65,3,4,4790307,4790410,508,659.2,25,103,51,1,2,13,13,65,11,"spirits",3,40,0,0,0,1,6148,0,3,44,1,NA,0,NA,"C:/Data/corr_sacc/asc/JITT2.asc",0,0,51,6,1230.7,412.9,497.5,54,3,11,NA
"2171",2,65,3,4,4790433,4790592,412.9,674.8,26,159,22,1,2,12,12,60,6,"good",3,5,0,0,0,1,6274,0,2,44,1,NA,0,NA,"C:/Data/corr_sacc/asc/JITT2.asc",0,0,11,24,508,731.2,659.2,44,33,6,NA
"2172",2,65,3,4,4790766,4791039,731.2,691.9,27,273,173,1,2,16,16,78,24,"down",0,18,1,0,0,1,6607,0,6,44,NA,NA,0,NA,"C:/Data/corr_sacc/asc/JITT2.asc",0,0,6,34,412.9,925.5,674.8,44,38,24,NA
"2173",2,65,3,4,4791068,4791202,925.5,687.1,28,134,28,1,2,18,18,88,34,"have",2,10,0,0,0,1,6909,0,8,44,1,NA,0,NA,"C:/Data/corr_sacc/asc/JITT2.asc",0,0,24,39,731.2,1000.6,691.9,44,20,34,NA
"2174",2,65,3,4,4791224,4791303,1000.6,678.6,29,79,21,1,2,19,19,93,39,"dinner.",2,5,0,0,0,1,7065,0,9,44,1,NA,0,NA,"C:/Data/corr_sacc/asc/JITT2.asc",NA,0,34,NA,925.5,NA,687.1,44,10,39,NA
"2175",2,65,3,4,NA,NA,NA,NA,NA,NA,NA,1,2,11,NA,NA,NA,"in",NA,NA,NA,NA,NA,NA,NA,NA,1,NA,NA,NA,NA,NA,"C:/Data/corr_sacc/asc/JITT2.asc",NA,0,39,NA,1000.6,NA,678.6,44,5,NA,NA
"2176",2,65,3,4,NA,NA,NA,NA,NA,NA,NA,1,2,14,NA,NA,NA,"and",NA,NA,NA,NA,NA,NA,NA,NA,4,NA,NA,NA,NA,NA,"C:/Data/corr_sacc/asc/JITT2.asc",NA,NA,NA,NA,NA,NA,NA,NA,NA,NA,NA
"2177",2,65,3,4,NA,NA,NA,NA,NA,NA,NA,1,2,15,NA,NA,NA,"sat",NA,NA,NA,NA,NA,NA,NA,NA,5,NA,NA,NA,NA,NA,"C:/Data/corr_sacc/asc/JITT2.asc",NA,NA,NA,NA,NA,NA,NA,NA,NA,NA,NA
"2178",2,65,3,4,NA,NA,NA,NA,NA,NA,NA,1,2,17,NA,NA,NA,"to",NA,NA,NA,NA,NA,NA,NA,NA,7,NA,NA,NA,NA,NA,"C:/Data/corr_sacc/asc/JITT2.asc",0,NA,NA,NA,NA,NA,NA,NA,NA,NA,NA
"2179",2,88,2,5,4796697,4796785,617.3,552,1,88,45,1,1,5,5,21,21,"the",2,NA,0,0,0,1,2225,0,5,65,0,NA,0,NA,"C:/Data/corr_sacc/asc/JITT2.asc",0,0,NA,11,NA,447.7,NA,NA,NA,21,NA
"2180",2,88,2,5,4796814,4796892,447.7,501,2,78,28,1,1,3,3,11,11,"aunts",3,10,0,0,0,1,2342,0,3,65,1,NA,0,NA,"C:/Data/corr_sacc/asc/JITT2.asc",0,0,21,6,617.3,351.1,552,65,44,11,NA
"2181",2,88,2,5,4796915,4797073,351.1,495.1,3,158,22,1,1,2,2,6,6,"two",2,5,0,0,0,1,2443,0,2,65,1,NA,0,NA,"C:/Data/corr_sacc/asc/JITT2.asc",0,0,11,3,447.7,308.8,501,65,54,6,NA
"2182",2,88,2,5,4797089,4797286,308.8,500.4,4,197,15,1,1,1,1,3,3,"Our",3,3,0,0,0,1,2617,0,1,65,1,NA,0,NA,"C:/Data/corr_sacc/asc/JITT2.asc",0,0,6,4,351.1,310.2,495.1,65,59,3,NA
"2183",2,88,2,5,4797449,4797593,310.2,477.4,5,144,162,1,1,2,2,4,4,"two",0,1,1,0,0,1,2977,0,2,65,NA,NA,0,NA,"C:/Data/corr_sacc/asc/JITT2.asc",0,0,3,NA,308.8,247.7,500.4,65,62,4,NA
"2184",2,88,2,5,4797613,4797827,247.7,483.1,6,214,19,NA,1,NA,NA,NA,NA,NA,NA,NA,0,0,1,1,3141,NA,NA,65,NA,NA,0,NA,"C:/Data/corr_sacc/asc/JITT2.asc",0,0,4,14,310.2,506.5,477.4,65,61,2,NA
"2185",2,88,2,5,4797858,4798107,506.5,496,7,249,30,1,1,4,4,14,14,"from",0,NA,0,0,0,1,3386,0,4,65,1,NA,0,NA,"C:/Data/corr_sacc/asc/JITT2.asc",0,0,NA,23,247.7,654.7,483.1,65,NA,14,NA
"2186",2,88,2,5,4798132,4798484,654.7,514.7,8,352,24,1,1,6,6,23,23,"Welsh",0,9,0,0,0,1,3660,0,6,65,0,NA,0,NA,"C:/Data/corr_sacc/asc/JITT2.asc",0,0,14,32,506.5,828.6,496,65,51,23,NA
"2187",2,88,2,5,4798511,4798668,828.6,526.1,9,157,26,1,1,7,7,32,32,"countryside",3,9,0,0,0,1,4039,0,7,65,0,NA,0,NA,"C:/Data/corr_sacc/asc/JITT2.asc",0,0,23,37,654.7,903.6,514.7,65,42,32,NA
"2188",2,88,2,5,4798692,4798833,903.6,528.7,10,141,23,1,1,7,7,37,37,"countryside",8,5,0,0,0,1,4220,0,7,65,0,NA,0,NA,"C:/Data/corr_sacc/asc/JITT2.asc",0,0,32,44,828.6,1037.3,526.1,65,33,37,NA
"2189",2,88,2,5,4798859,4799107,1037.3,530.8,11,248,25,1,1,8,8,44,44,"were",3,7,0,0,0,1,4387,0,8,65,0,NA,0,NA,"C:/Data/corr_sacc/asc/JITT2.asc",0,0,37,56,903.6,1255.3,528.7,65,28,44,NA
"2190",2,88,2,5,4799140,4799377,1255.3,538.7,12,237,32,1,1,10,10,56,56,"less",2,12,0,0,0,1,4668,0,10,65,0,NA,0,NA,"C:/Data/corr_sacc/asc/JITT2.asc",0,0,44,60,1037.3,1329.1,530.8,65,21,56,NA
"2191",2,88,2,5,4799397,4799567,1329.1,537.2,13,170,19,1,1,11,11,60,60,"strict",1,4,0,0,0,1,4925,0,11,65,0,NA,0,NA,"C:/Data/corr_sacc/asc/JITT2.asc",0,0,56,56,1255.3,1258.4,538.7,65,9,60,NA
"2192",2,88,2,5,4799587,4799702,1258.4,528.4,14,115,19,1,1,10,10,56,56,"less",2,4,0,0,0,1,5115,0,10,65,1,NA,0,NA,"C:/Data/corr_sacc/asc/JITT2.asc",1,0,60,6,1329.1,351.8,537.2,65,5,56,NA
"2193",2,88,2,5,4799763,4799893,351.8,710.2,15,130,60,1,2,13,13,71,6,"our",1,50,0,0,0,1,5291,0,2,62,0,NA,1,"undersweep","C:/Data/corr_sacc/asc/JITT2.asc",0,0,56,2,1258.4,273.9,528.4,65,9,6,1
"2194",2,88,2,5,4799914,4800054,273.9,715.1,16,140,20,1,2,12,12,67,2,"than",2,4,0,0,0,1,5442,0,1,62,1,NA,0,NA,"C:/Data/corr_sacc/asc/JITT2.asc",0,1,6,18,351.8,574.2,710.2,62,56,2,NA
"2195",2,88,2,5,4800231,4800390,574.2,728.8,17,159,176,1,2,15,15,83,18,"and",2,16,1,0,0,1,5759,0,4,62,NA,NA,0,NA,"C:/Data/corr_sacc/asc/JITT2.asc",0,0,2,13,273.9,475.4,715.1,62,60,18,NA
"2196",2,88,2,5,4800413,4800602,475.4,725.1,18,189,22,1,2,14,14,78,13,"mother",4,5,0,0,0,1,5941,0,3,62,0,NA,0,NA,"C:/Data/corr_sacc/asc/JITT2.asc",0,0,18,20,574.2,610.2,728.8,62,44,13,NA
"2197",2,88,2,5,4800628,4800868,610.2,739.5,19,240,25,1,2,16,16,85,20,"would",0,7,0,0,0,1,6156,0,5,62,0,NA,0,NA,"C:/Data/corr_sacc/asc/JITT2.asc",0,0,13,19,475.4,583.2,725.1,62,49,20,NA
"2198",2,88,2,5,4800878,4801014,583.2,745.9,20,136,9,1,2,15,15,84,19,"and",3,1,0,0,0,1,6406,0,4,62,1,NA,0,NA,"C:/Data/corr_sacc/asc/JITT2.asc",0,0,20,29,610.2,767.9,739.5,62,42,19,NA
"2199",2,88,2,5,4801043,4801222,767.9,733.7,21,179,28,1,2,17,17,94,29,"often",3,10,0,0,0,1,6571,0,6,62,0,NA,0,NA,"C:/Data/corr_sacc/asc/JITT2.asc",0,0,19,36,583.2,893.4,745.9,62,43,29,NA
"2200",2,88,2,5,4801248,4801399,893.4,711.1,22,151,25,1,2,19,19,101,36,"us",0,7,0,0,0,1,6776,0,8,62,0,NA,0,NA,"C:/Data/corr_sacc/asc/JITT2.asc",0,0,29,32,767.9,819,733.7,62,33,36,NA
"2201",2,88,2,5,4801420,4801638,819,700.5,23,218,20,1,2,18,18,97,32,"let",0,4,0,0,0,1,6948,0,7,62,1,NA,0,NA,"C:/Data/corr_sacc/asc/JITT2.asc",0,0,36,30,893.4,777.9,711.1,62,26,32,NA
"2202",2,88,2,5,4801659,4801685,777.9,702.7,24,26,20,1,2,17,17,95,30,"often",4,2,0,0,0,1,7187,0,6,62,1,NA,0,NA,"C:/Data/corr_sacc/asc/JITT2.asc",0,0,32,44,819,1030,700.5,62,30,30,NA
"2203",2,88,2,5,4801719,4801850,1030,702.4,25,131,33,1,2,21,21,109,44,"outside",0,14,0,0,0,1,7247,0,10,62,0,NA,0,NA,"C:/Data/corr_sacc/asc/JITT2.asc",0,0,30,51,777.9,1170.2,702.7,62,32,44,NA
"2204",2,88,2,5,4801876,4802052,1170.2,709,26,176,25,1,2,21,21,116,51,"outside",7,7,0,0,0,1,7404,0,10,62,0,NA,0,NA,"C:/Data/corr_sacc/asc/JITT2.asc",0,0,44,55,1030,1237.5,702.4,62,18,51,NA
"2205",2,88,2,5,4802073,4802235,1237.5,712.3,27,162,20,1,2,22,22,120,55,"for",3,4,0,0,0,1,7601,0,11,62,0,NA,0,NA,"C:/Data/corr_sacc/asc/JITT2.asc",0,0,51,25,1170.2,689.9,709,62,11,55,NA
"2206",2,88,2,5,4802387,4802474,689.9,527.1,28,87,151,1,1,6,6,25,25,"Welsh",2,30,1,0,0,1,7915,0,6,65,NA,NA,0,NA,"C:/Data/corr_sacc/asc/JITT2.asc",0,0,55,7,1237.5,369.2,712.3,62,7,25,NA
"2207",2,88,2,5,4802514,4802621,369.2,452.5,29,107,39,1,1,2,2,7,7,"two",3,18,0,0,0,1,8042,0,2,65,1,NA,0,NA,"C:/Data/corr_sacc/asc/JITT2.asc",0,0,25,2,689.9,277.9,527.1,65,40,7,NA
"2208",2,88,2,5,4802646,4802939,277.9,479.6,30,293,24,1,1,1,1,2,2,"Our",2,5,0,0,0,1,8174,0,1,65,1,NA,0,NA,"C:/Data/corr_sacc/asc/JITT2.asc",0,0,7,15,369.2,510,452.5,65,58,2,NA
"2209",2,88,2,5,4802970,4803197,510,514.7,31,227,30,1,1,4,4,15,15,"from",1,13,0,0,0,1,8498,0,4,65,1,NA,0,NA,"C:/Data/corr_sacc/asc/JITT2.asc",0,0,2,24,277.9,682,479.6,65,63,15,NA
"2210",2,88,2,5,4803224,4803485,682,533.1,32,261,26,1,1,6,6,24,24,"Welsh",1,9,0,0,0,1,8752,0,6,65,1,NA,0,NA,"C:/Data/corr_sacc/asc/JITT2.asc",0,0,15,34,510,864.2,514.7,65,50,24,NA
"2211",2,88,2,5,4803511,4803677,864.2,537.6,33,166,25,1,1,7,7,34,34,"countryside",5,10,0,0,0,1,9039,0,7,65,1,NA,0,NA,"C:/Data/corr_sacc/asc/JITT2.asc",0,0,24,45,682,1065.4,533.1,65,41,34,NA
"2212",2,88,2,5,4803710,4803887,1065.4,531.4,34,177,32,1,1,8,8,45,45,"were",4,11,0,0,0,1,9238,0,8,65,1,NA,0,NA,"C:/Data/corr_sacc/asc/JITT2.asc",0,0,34,46,864.2,1074,537.6,65,31,45,NA
"2213",2,88,2,5,4804047,4804138,1074,517.2,35,91,159,1,1,9,9,46,46,"usually",0,1,1,0,0,1,9575,0,9,65,NA,NA,0,NA,"C:/Data/corr_sacc/asc/JITT2.asc",0,0,45,55,1065.4,1241.2,531.4,65,20,46,NA
"2214",2,88,2,5,4804166,4804363,1241.2,525.1,36,197,27,1,1,10,10,55,55,"less",1,9,0,0,0,1,9694,0,10,65,1,NA,0,NA,"C:/Data/corr_sacc/asc/JITT2.asc",0,0,46,58,1074,1290.2,517.2,65,19,55,NA
"2215",2,88,2,5,4804380,4804462,1290.2,531.5,37,82,16,1,1,10,10,58,58,"less",4,3,0,0,0,1,9908,0,10,65,1,NA,0,NA,"C:/Data/corr_sacc/asc/JITT2.asc",0,0,55,61,1241.2,1336.4,525.1,65,10,58,NA
"2216",2,88,2,5,4804479,4804725,1336.4,547.8,38,246,16,1,1,11,11,61,61,"strict",2,3,0,0,0,1,10007,0,11,65,1,NA,0,NA,"C:/Data/corr_sacc/asc/JITT2.asc",0,0,58,6,1290.2,352,531.5,65,7,61,NA
"2217",2,88,2,5,4804796,4804900,352,698.8,39,104,70,1,2,13,13,71,6,"our",1,55,0,0,0,1,10324,0,2,62,1,NA,0,NA,"C:/Data/corr_sacc/asc/JITT2.asc",0,0,61,2,1336.4,273.6,547.8,65,4,6,NA
"2218",2,88,2,5,4804925,4805247,273.6,722.3,40,322,24,1,2,12,12,67,2,"than",2,4,0,0,0,1,10453,0,1,62,1,NA,0,NA,"C:/Data/corr_sacc/asc/JITT2.asc",0,0,6,1,352,270,698.8,62,56,2,NA
"2219",2,88,2,5,4805254,4805306,270,731.6,41,52,6,1,2,12,12,66,1,"than",1,1,0,0,0,1,10782,0,1,62,1,NA,0,NA,"C:/Data/corr_sacc/asc/JITT2.asc",0,0,2,19,273.6,582.6,722.3,62,60,1,NA
"2220",2,88,2,5,4805349,4805567,582.6,743.4,42,218,42,1,2,15,15,84,19,"and",3,18,0,0,0,1,10877,0,4,62,1,NA,0,NA,"C:/Data/corr_sacc/asc/JITT2.asc",0,0,1,25,270,699.9,731.6,62,61,19,NA
"2221",2,88,2,5,4805592,4805878,699.9,715.5,43,286,24,1,2,16,16,90,25,"would",5,6,0,0,0,1,11120,0,5,62,1,NA,0,NA,"C:/Data/corr_sacc/asc/JITT2.asc",0,0,19,32,582.6,828.3,743.4,62,43,25,NA
"2222",2,88,2,5,4805906,4806225,828.3,707.6,44,319,27,1,2,18,18,97,32,"let",0,7,0,0,0,1,11434,0,7,62,1,NA,0,NA,"C:/Data/corr_sacc/asc/JITT2.asc",0,0,25,39,699.9,956.4,715.5,62,37,32,NA
"2223",2,88,2,5,4806250,4806435,956.4,719.9,45,185,24,1,2,20,20,104,39,"play",0,7,0,0,0,1,11778,0,9,62,1,NA,0,NA,"C:/Data/corr_sacc/asc/JITT2.asc",0,0,32,51,828.3,1169.6,707.6,62,30,39,NA
"2224",2,88,2,5,4806600,4806765,1169.6,744.8,46,165,164,1,2,21,21,116,51,"outside",7,12,1,0,0,1,12128,0,10,62,NA,NA,0,NA,"C:/Data/corr_sacc/asc/JITT2.asc",0,0,39,44,956.4,1039.1,719.9,62,23,51,NA
"2225",2,88,2,5,4806791,4806887,1039.1,743.5,47,96,25,1,2,21,21,109,44,"outside",0,7,0,0,0,1,12319,0,10,62,1,NA,0,NA,"C:/Data/corr_sacc/asc/JITT2.asc",0,0,51,37,1169.6,920.9,744.8,62,11,44,NA
"2226",2,88,2,5,4806913,4807053,920.9,736.3,48,140,25,1,2,19,19,102,37,"us",1,7,0,0,0,1,12441,0,8,62,1,NA,0,NA,"C:/Data/corr_sacc/asc/JITT2.asc",0,0,44,50,1039.1,1143.8,743.5,62,18,37,NA
"2227",2,88,2,5,4807209,4807465,1143.8,738.7,49,256,155,1,2,21,21,115,50,"outside",6,13,1,0,0,1,12737,0,10,62,NA,NA,0,NA,"C:/Data/corr_sacc/asc/JITT2.asc",0,0,37,39,920.9,954.3,736.3,62,25,50,NA
"2228",2,88,2,5,4807492,4807668,954.3,733.8,50,176,26,1,2,20,20,104,39,"play",0,11,0,0,0,1,13020,0,9,62,1,NA,0,NA,"C:/Data/corr_sacc/asc/JITT2.asc",0,0,50,35,1143.8,874.7,738.7,62,12,39,NA
"2229",2,88,2,5,4807689,4807809,874.7,727.3,51,120,20,1,2,18,18,100,35,"let",3,4,0,0,0,1,13217,0,7,62,1,NA,0,NA,"C:/Data/corr_sacc/asc/JITT2.asc",0,0,39,37,954.3,916.8,733.8,62,23,35,NA
"2230",2,88,2,5,4807981,4808082,916.8,721.4,52,101,171,1,2,19,19,102,37,"us",1,2,1,0,0,1,13509,0,8,62,NA,NA,0,NA,"C:/Data/corr_sacc/asc/JITT2.asc",0,0,35,46,874.7,1067.3,727.3,62,27,37,NA
"2231",2,88,2,5,4808111,4808341,1067.3,722.3,53,230,28,1,2,21,21,111,46,"outside",2,9,0,0,0,1,13639,0,10,62,1,NA,0,NA,"C:/Data/corr_sacc/asc/JITT2.asc",0,0,37,52,916.8,1182.8,721.4,62,25,46,NA
"2232",2,88,2,5,4808368,4808662,1182.8,710,54,294,26,1,2,22,22,117,52,"for",0,6,0,0,0,1,13896,0,11,62,1,NA,0,NA,"C:/Data/corr_sacc/asc/JITT2.asc",0,0,46,25,1067.3,691.6,722.3,62,16,52,NA
"2233",2,88,2,5,4808708,4808839,691.6,690.3,55,131,45,1,2,16,16,90,25,"would",5,27,0,0,0,1,14236,0,5,62,1,NA,0,NA,"C:/Data/corr_sacc/asc/JITT2.asc",0,0,52,9,1182.8,410.7,710,62,10,25,NA
"2234",2,88,2,5,4808874,4808982,410.7,679,56,108,34,1,2,14,14,74,9,"mother",0,16,0,0,0,1,14402,0,3,62,1,NA,0,NA,"C:/Data/corr_sacc/asc/JITT2.asc",0,0,25,3,691.6,302.7,690.3,62,37,9,NA
"2235",2,88,2,5,4809006,4809140,302.7,679.7,57,134,23,1,2,12,12,68,3,"than",3,6,0,0,0,1,14534,0,1,62,1,NA,0,NA,"C:/Data/corr_sacc/asc/JITT2.asc",NA,0,9,NA,410.7,NA,679,62,53,3,NA
"2236",2,88,2,5,NA,NA,NA,NA,NA,NA,NA,1,2,23,NA,NA,NA,"hours.",NA,NA,NA,NA,NA,NA,NA,NA,12,NA,NA,NA,NA,NA,"C:/Data/corr_sacc/asc/JITT2.asc",0,0,3,NA,302.7,NA,679.7,62,59,NA,NA
"2237",2,27,1,6,4814251,4814405,557.8,517.2,1,154,26,1,1,3,3,12,12,"returned",5,NA,0,0,0,1,913,0,3,55,0,NA,0,NA,"C:/Data/corr_sacc/asc/JITT2.asc",0,0,NA,6,NA,457.1,NA,NA,NA,12,NA
"2238",2,27,1,6,4814429,4814497,457.1,506.6,2,68,23,1,1,2,2,6,6,"I",1,6,0,0,0,1,1091,0,2,55,1,NA,0,NA,"C:/Data/corr_sacc/asc/JITT2.asc",0,0,12,19,557.8,687.5,517.2,55,43,6,NA
"2239",2,27,1,6,4814672,4814818,687.5,525.5,3,146,174,1,1,4,4,19,19,"from",3,13,1,0,0,1,1334,0,4,55,NA,NA,0,NA,"C:/Data/corr_sacc/asc/JITT2.asc",0,0,6,25,457.1,802,506.6,55,49,19,NA
"2240",2,27,1,6,4814844,4815038,802,525.9,4,194,25,1,1,5,5,25,25,"shopping,",4,6,0,0,0,1,1506,0,5,55,0,NA,0,NA,"C:/Data/corr_sacc/asc/JITT2.asc",0,0,19,40,687.5,1055.7,525.5,55,36,25,NA
"2241",2,27,1,6,4815073,4815232,1055.7,529.3,5,159,34,1,1,7,7,40,40,"were",4,15,0,0,0,1,1735,0,7,55,0,NA,0,NA,"C:/Data/corr_sacc/asc/JITT2.asc",0,0,25,37,802,1005.6,525.9,55,30,40,NA
"2242",2,27,1,6,4815253,4815385,1005.6,534.7,6,132,20,1,1,7,7,37,37,"were",1,3,0,0,0,1,1915,0,7,55,0,NA,0,NA,"C:/Data/corr_sacc/asc/JITT2.asc",0,0,40,48,1055.7,1208.2,529.3,55,15,37,NA
"2243",2,27,1,6,4815417,4815558,1208.2,551.1,7,141,31,1,1,8,8,48,48,"already",7,11,0,0,0,1,2079,0,8,55,0,NA,0,NA,"C:/Data/corr_sacc/asc/JITT2.asc",0,0,37,54,1005.6,1310.5,534.7,55,18,48,NA
"2244",2,27,1,6,4815582,4815737,1310.5,555.8,8,155,23,1,1,10,10,54,54,"the",2,6,0,0,0,1,2244,0,10,55,0,NA,0,NA,"C:/Data/corr_sacc/asc/JITT2.asc",1,0,48,12,1208.2,553.3,551.1,55,7,54,NA
"2245",2,27,1,6,4815801,4815903,553.3,718.1,9,102,63,1,2,12,12,67,12,"and",1,42,0,0,0,1,2463,0,2,63,0,NA,1,"undersweep","C:/Data/corr_sacc/asc/JITT2.asc",0,0,54,7,1310.5,461.3,555.8,55,1,12,1
"2246",2,27,1,6,4815930,4816054,461.3,721.6,10,124,26,1,2,11,11,62,7,"restaurant",7,5,0,0,0,1,2592,0,1,63,1,NA,0,NA,"C:/Data/corr_sacc/asc/JITT2.asc",0,1,12,22,553.3,735.4,718.1,63,51,7,NA
"2247",2,27,1,6,4816088,4816327,735.4,721,11,239,33,1,2,14,14,77,22,"left",3,15,0,0,0,1,2750,0,4,63,0,NA,0,NA,"C:/Data/corr_sacc/asc/JITT2.asc",0,0,7,33,461.3,934.8,721.6,63,56,22,NA
"2248",2,27,1,6,4816357,4816541,934.8,709.8,12,184,29,1,2,17,17,88,33,"voicemail",4,11,0,0,0,1,3019,0,7,63,0,NA,0,NA,"C:/Data/corr_sacc/asc/JITT2.asc",0,0,22,28,735.4,854.5,721,63,41,33,NA
"2249",2,27,1,6,4816564,4816761,854.5,709.4,13,197,22,1,2,16,16,83,28,"a",1,5,0,0,0,1,3226,0,6,63,1,NA,0,NA,"C:/Data/corr_sacc/asc/JITT2.asc",0,0,33,47,934.8,1186.9,709.8,63,30,28,NA
"2250",2,27,1,6,4816804,4817017,1186.9,713.9,14,213,42,1,2,19,19,102,47,"me",0,19,0,0,0,1,3466,0,9,63,0,NA,0,NA,"C:/Data/corr_sacc/asc/JITT2.asc",0,0,28,55,854.5,1336.1,709.4,63,35,47,NA
"2251",2,27,1,6,4817044,4817246,1336.1,714.5,15,202,26,1,2,21,21,110,55,"join",2,8,0,0,0,1,3706,0,11,63,0,NA,0,NA,"C:/Data/corr_sacc/asc/JITT2.asc",0,0,47,60,1186.9,1416.7,713.9,63,16,55,NA
"2252",2,27,1,6,4817267,4817421,1416.7,728,16,154,20,1,2,22,22,115,60,"them.",2,5,0,0,0,1,3929,0,12,63,0,NA,0,NA,"C:/Data/corr_sacc/asc/JITT2.asc",0,0,55,52,1336.1,1277.8,714.5,63,8,60,NA
"2253",2,27,1,6,4817447,4817535,1277.8,728.6,17,88,25,1,2,20,20,107,52,"to",2,8,0,0,0,1,4109,0,10,63,1,NA,0,NA,"C:/Data/corr_sacc/asc/JITT2.asc",0,0,60,21,1416.7,723,728,63,3,52,NA
"2254",2,27,1,6,4817695,4817771,723,527.5,18,76,159,1,1,5,5,21,21,"shopping,",0,31,1,0,0,1,4357,0,5,55,NA,NA,0,NA,"C:/Data/corr_sacc/asc/JITT2.asc",0,0,52,10,1277.8,522,728.6,63,11,21,NA
"2255",2,27,1,6,4817800,4818008,522,481.6,19,208,28,1,1,3,3,10,10,"returned",3,11,0,0,0,1,4462,0,3,55,1,NA,0,NA,"C:/Data/corr_sacc/asc/JITT2.asc",0,0,21,41,723,1072.5,527.5,55,34,10,NA
"2256",2,27,1,6,4818063,4818324,1072.5,548.1,20,261,54,1,1,8,7,41,41,"already",0,31,0,0,0,1,4725,1,8,55,1,NA,0,NA,"C:/Data/corr_sacc/asc/JITT2.asc",0,0,10,28,522,854.2,481.6,55,45,41,NA
"2257",2,27,1,6,4818361,4818539,854.2,516.5,21,178,36,1,1,5,5,28,28,"shopping,",7,13,0,0,0,1,5023,0,5,55,1,NA,0,NA,"C:/Data/corr_sacc/asc/JITT2.asc",0,0,41,21,1072.5,715,548.1,55,14,28,NA
"2258",2,27,1,6,4818566,4818715,715,505.6,22,149,26,1,1,5,5,21,21,"shopping,",0,7,0,0,0,1,5228,0,5,55,1,NA,0,NA,"C:/Data/corr_sacc/asc/JITT2.asc",0,0,28,46,854.2,1176.1,516.5,55,27,21,NA
"2259",2,27,1,6,4818769,4819074,1176.1,509.6,23,305,53,1,1,8,8,46,46,"already",5,25,0,0,0,1,5431,0,8,55,1,NA,0,NA,"C:/Data/corr_sacc/asc/JITT2.asc",0,0,21,17,715,653.9,505.6,55,34,46,NA
"2260",2,27,1,6,4819130,4819246,653.9,694,24,116,55,1,2,13,13,72,17,"had",2,29,0,0,0,1,5792,0,3,63,1,NA,0,NA,"C:/Data/corr_sacc/asc/JITT2.asc",NA,0,46,NA,1176.1,NA,509.6,55,9,17,NA
"2261",2,27,1,6,NA,NA,NA,NA,NA,NA,NA,1,1,1,NA,NA,NA,"When",NA,NA,NA,NA,NA,NA,NA,NA,1,NA,NA,NA,NA,NA,"C:/Data/corr_sacc/asc/JITT2.asc",NA,0,17,NA,653.9,NA,694,63,46,NA,NA
"2262",2,27,1,6,NA,NA,NA,NA,NA,NA,NA,1,1,6,NA,NA,NA,"they",NA,NA,NA,NA,NA,NA,NA,NA,6,NA,NA,NA,NA,NA,"C:/Data/corr_sacc/asc/JITT2.asc",NA,NA,NA,NA,NA,NA,NA,NA,NA,NA,NA
"2263",2,27,1,6,NA,NA,NA,NA,NA,NA,NA,1,1,9,NA,NA,NA,"in",NA,NA,NA,NA,NA,NA,NA,NA,9,NA,NA,NA,NA,NA,"C:/Data/corr_sacc/asc/JITT2.asc",NA,NA,NA,NA,NA,NA,NA,NA,NA,NA,NA
"2264",2,27,1,6,NA,NA,NA,NA,NA,NA,NA,1,2,15,NA,NA,NA,"me",NA,NA,NA,NA,NA,NA,NA,NA,5,NA,NA,NA,NA,NA,"C:/Data/corr_sacc/asc/JITT2.asc",NA,NA,NA,NA,NA,NA,NA,NA,NA,NA,NA
"2265",2,27,1,6,NA,NA,NA,NA,NA,NA,NA,1,2,18,NA,NA,NA,"telling",NA,NA,NA,NA,NA,NA,NA,NA,8,NA,NA,NA,NA,NA,"C:/Data/corr_sacc/asc/JITT2.asc",0,NA,NA,NA,NA,NA,NA,NA,NA,NA,NA
"2266",2,83,3,7,4914603,4914731,480.4,514.6,1,128,38,1,1,3,3,12,12,"thought",1,NA,0,0,0,1,5176,0,3,55,0,NA,0,NA,"C:/Data/corr_sacc/asc/JITT2.asc",0,0,NA,10,NA,440.5,NA,NA,NA,12,NA
"2267",2,83,3,7,4914746,4914909,440.5,503.8,2,163,14,1,1,2,2,10,10,"usually",7,2,0,0,0,1,5319,0,2,55,1,NA,0,NA,"C:/Data/corr_sacc/asc/JITT2.asc",0,0,12,25,480.4,718.9,514.6,55,43,10,NA
"2268",2,83,3,7,4914952,4915095,718.9,515.5,3,143,42,1,1,6,6,25,25,"about",0,15,0,0,0,1,5525,0,6,55,0,NA,0,NA,"C:/Data/corr_sacc/asc/JITT2.asc",0,0,10,21,440.5,652.9,503.8,55,45,25,NA
"2269",2,83,3,7,4915119,4915231,652.9,512.6,4,112,23,1,1,5,5,21,21,"lot",0,4,0,0,0,1,5692,0,5,55,1,NA,0,NA,"C:/Data/corr_sacc/asc/JITT2.asc",0,0,25,35,718.9,890,515.5,55,30,21,NA
"2270",2,83,3,7,4915263,4915430,890,509.2,5,167,31,1,1,8,8,35,35,"huge",0,14,0,0,0,1,5836,0,8,55,0,NA,0,NA,"C:/Data/corr_sacc/asc/JITT2.asc",0,0,21,30,652.9,808.8,512.6,55,34,35,NA
"2271",2,83,3,7,4915451,4915627,808.8,499.4,6,176,20,1,1,6,6,30,30,"about",5,5,0,0,0,1,6024,0,6,55,1,NA,0,NA,"C:/Data/corr_sacc/asc/JITT2.asc",0,0,35,44,890,1067.1,509.2,55,20,30,NA
"2272",2,83,3,7,4915664,4915854,1067.1,518.8,7,190,36,1,1,9,9,44,44,"difference",4,14,0,0,0,1,6237,0,9,55,0,NA,0,NA,"C:/Data/corr_sacc/asc/JITT2.asc",0,0,30,53,808.8,1216.7,499.4,55,25,44,NA
"2273",2,83,3,7,4915878,4916041,1216.7,523.7,8,163,23,1,1,10,10,53,53,"that",2,9,0,0,0,1,6451,0,10,55,0,NA,0,NA,"C:/Data/corr_sacc/asc/JITT2.asc",0,0,44,54,1067.1,1238.7,518.8,55,11,53,NA
"2274",2,83,3,7,4916058,4916197,1238.7,524,9,139,16,1,1,10,10,54,54,"that",3,1,0,0,0,1,6631,0,10,55,0,NA,0,NA,"C:/Data/corr_sacc/asc/JITT2.asc",0,0,53,40,1216.7,992.3,523.7,55,2,54,NA
"2275",2,83,3,7,4916231,4916375,992.3,503.8,10,144,33,1,1,9,9,40,40,"difference",0,14,0,0,0,1,6804,0,9,55,1,NA,0,NA,"C:/Data/corr_sacc/asc/JITT2.asc",0,0,54,47,1238.7,1106.8,524,55,1,40,NA
"2276",2,83,3,7,4916399,4916445,1106.8,522.7,11,46,23,1,1,9,9,47,47,"difference",7,7,0,0,0,1,6972,0,9,55,1,NA,0,NA,"C:/Data/corr_sacc/asc/JITT2.asc",1,0,40,14,992.3,512.4,503.8,55,15,47,NA
"2277",2,83,3,7,4916497,4916519,512.4,628.9,12,22,51,1,2,13,13,69,14,"work",2,33,0,0,0,1,7070,0,3,57,0,NA,1,"undersweep","C:/Data/corr_sacc/asc/JITT2.asc",0,0,47,9,1106.8,436.1,522.7,55,8,14,1
"2278",2,83,3,7,4916538,4916636,436.1,673.8,13,98,18,1,2,12,12,64,9,"charity",5,5,0,0,0,1,7111,0,2,57,1,NA,0,NA,"C:/Data/corr_sacc/asc/JITT2.asc",0,1,14,6,512.4,369.6,628.9,57,43,9,NA
"2279",2,83,3,7,4916660,4916835,369.6,704.1,14,175,23,1,2,12,12,61,6,"charity",2,3,0,0,0,1,7233,0,2,57,1,NA,0,NA,"C:/Data/corr_sacc/asc/JITT2.asc",0,0,9,20,436.1,630.4,673.8,57,48,6,NA
"2280",2,83,3,7,4916866,4917092,630.4,722.8,15,226,30,1,2,14,14,75,20,"would",3,14,0,0,0,1,7439,0,4,57,0,NA,0,NA,"C:/Data/corr_sacc/asc/JITT2.asc",0,0,6,31,369.6,823.6,704.1,57,51,20,NA
"2281",2,83,3,7,4917119,4917271,823.6,722.7,16,152,26,1,2,17,17,86,31,"he",0,11,0,0,0,1,7692,0,7,57,0,NA,0,NA,"C:/Data/corr_sacc/asc/JITT2.asc",0,0,20,40,630.4,980.7,722.8,57,37,31,NA
"2282",2,83,3,7,4917299,4917507,980.7,722,17,208,27,1,2,19,19,95,40,"raise",0,9,0,0,0,1,7872,0,9,57,0,NA,0,NA,"C:/Data/corr_sacc/asc/JITT2.asc",0,0,31,47,823.6,1113,722.7,57,26,40,NA
"2283",2,83,3,7,4917532,4917667,1113,728.3,18,135,24,1,2,20,20,102,47,"more",1,7,0,0,0,1,8105,0,10,57,0,NA,0,NA,"C:/Data/corr_sacc/asc/JITT2.asc",0,0,40,52,980.7,1199.1,722,57,17,47,NA
"2284",2,83,3,7,4917690,4918067,1199.1,721.9,19,377,22,1,2,21,21,107,52,"money.",1,5,0,0,0,1,8263,0,11,57,0,NA,0,NA,"C:/Data/corr_sacc/asc/JITT2.asc",0,0,47,46,1113,1092.7,728.3,57,10,52,NA
"2285",2,83,3,7,4918091,4918313,1092.7,556.7,20,222,23,1,1,9,9,46,46,"difference",6,6,0,0,0,1,8664,0,9,55,1,NA,0,NA,"C:/Data/corr_sacc/asc/JITT2.asc",0,0,52,32,1199.1,837.3,721.9,57,5,46,NA
"2286",2,83,3,7,4918347,4918547,837.3,494.8,21,200,33,1,1,7,7,32,32,"the",1,14,0,0,0,1,8920,0,7,55,1,NA,0,NA,"C:/Data/corr_sacc/asc/JITT2.asc",0,0,46,23,1092.7,673,556.7,55,9,32,NA
"2287",2,83,3,7,4918579,4918820,673,473.7,22,241,31,1,1,5,5,23,23,"lot",2,9,0,0,0,1,9152,0,5,55,1,NA,0,NA,"C:/Data/corr_sacc/asc/JITT2.asc",NA,0,32,NA,837.3,NA,494.8,55,23,23,NA
"2288",2,83,3,7,NA,NA,NA,NA,NA,NA,NA,1,1,1,NA,NA,NA,"He",NA,NA,NA,NA,NA,NA,NA,NA,1,NA,NA,NA,NA,NA,"C:/Data/corr_sacc/asc/JITT2.asc",NA,0,23,NA,673,NA,473.7,55,32,NA,NA
"2289",2,83,3,7,NA,NA,NA,NA,NA,NA,NA,1,1,4,NA,NA,NA,"a",NA,NA,NA,NA,NA,NA,NA,NA,4,NA,NA,NA,NA,NA,"C:/Data/corr_sacc/asc/JITT2.asc",NA,NA,NA,NA,NA,NA,NA,NA,NA,NA,NA
"2290",2,83,3,7,NA,NA,NA,NA,NA,NA,NA,1,2,11,NA,NA,NA,"his",NA,NA,NA,NA,NA,NA,NA,NA,1,NA,NA,NA,NA,NA,"C:/Data/corr_sacc/asc/JITT2.asc",NA,NA,NA,NA,NA,NA,NA,NA,NA,NA,NA
"2291",2,83,3,7,NA,NA,NA,NA,NA,NA,NA,1,2,15,NA,NA,NA,"make",NA,NA,NA,NA,NA,NA,NA,NA,5,NA,NA,NA,NA,NA,"C:/Data/corr_sacc/asc/JITT2.asc",NA,NA,NA,NA,NA,NA,NA,NA,NA,NA,NA
"2292",2,83,3,7,NA,NA,NA,NA,NA,NA,NA,1,2,16,NA,NA,NA,"if",NA,NA,NA,NA,NA,NA,NA,NA,6,NA,NA,NA,NA,NA,"C:/Data/corr_sacc/asc/JITT2.asc",NA,NA,NA,NA,NA,NA,NA,NA,NA,NA,NA
"2293",2,83,3,7,NA,NA,NA,NA,NA,NA,NA,1,2,18,NA,NA,NA,"could",NA,NA,NA,NA,NA,NA,NA,NA,8,NA,NA,NA,NA,NA,"C:/Data/corr_sacc/asc/JITT2.asc",0,NA,NA,NA,NA,NA,NA,NA,NA,NA,NA
"2294",2,86,3,8,4928916,4929096,509.3,489.5,1,180,25,1,1,2,2,9,9,"National",5,NA,0,0,0,1,766,0,2,65,0,NA,0,NA,"C:/Data/corr_sacc/asc/JITT2.asc",0,0,NA,14,NA,609.1,NA,NA,NA,9,NA
"2295",2,86,3,8,4929120,4929344,609.1,491.3,2,224,23,1,1,3,3,14,14,"Zoo",1,5,0,0,0,1,970,0,3,65,0,NA,0,NA,"C:/Data/corr_sacc/asc/JITT2.asc",0,0,9,23,509.3,757.2,489.5,65,56,14,NA
"2296",2,86,3,8,4929372,4929638,757.2,488.9,3,266,27,1,1,5,5,23,23,"the",1,9,0,0,0,1,1222,0,5,65,0,NA,0,NA,"C:/Data/corr_sacc/asc/JITT2.asc",0,0,14,19,609.1,697.4,491.3,65,51,23,NA
"2297",2,86,3,8,4929657,4929770,697.4,494.2,4,113,18,1,1,4,4,19,19,"near",2,4,0,0,0,1,1507,0,4,65,1,NA,0,NA,"C:/Data/corr_sacc/asc/JITT2.asc",0,0,23,31,757.2,912.9,488.9,65,42,19,NA
"2298",2,86,3,8,4929799,4929981,912.9,499.5,5,182,28,1,1,6,6,31,31,"museum",5,12,0,0,0,1,1649,0,6,65,0,NA,0,NA,"C:/Data/corr_sacc/asc/JITT2.asc",0,0,19,23,697.4,758.1,494.2,65,46,31,NA
"2299",2,86,3,8,4930009,4930124,758.1,493.3,6,115,27,1,1,5,5,23,23,"the",1,8,0,0,0,1,1859,0,5,65,1,NA,0,NA,"C:/Data/corr_sacc/asc/JITT2.asc",0,0,31,37,912.9,1022.3,499.5,65,34,23,NA
"2300",2,86,3,8,4930158,4930362,1022.3,513.3,7,204,33,1,1,8,8,37,37,"a",0,14,0,0,0,1,2008,0,8,65,0,NA,0,NA,"C:/Data/corr_sacc/asc/JITT2.asc",0,0,23,43,758.1,1122.9,493.3,65,42,37,NA
"2301",2,86,3,8,4930387,4930584,1122.9,524,8,197,24,1,1,9,9,43,43,"very",4,6,0,0,0,1,2237,0,9,65,0,NA,0,NA,"C:/Data/corr_sacc/asc/JITT2.asc",0,0,37,54,1022.3,1327.1,513.3,65,28,43,NA
"2302",2,86,3,8,4930617,4930773,1327.1,523.4,9,156,32,1,1,11,11,54,54,"white",5,11,0,0,0,1,2467,0,11,65,0,NA,0,NA,"C:/Data/corr_sacc/asc/JITT2.asc",0,0,43,55,1122.9,1335.9,524,65,22,54,NA
"2303",2,86,3,8,4930920,4931032,1335.9,493.8,10,112,146,1,1,12,12,55,55,"iron",0,1,1,0,0,1,2770,0,12,65,NA,NA,0,NA,"C:/Data/corr_sacc/asc/JITT2.asc",0,0,54,59,1327.1,1416.6,523.4,65,11,55,NA
"2304",2,86,3,8,4931055,4931192,1416.6,502.4,11,137,22,1,1,12,12,59,59,"iron",4,4,0,0,0,1,2905,0,12,65,0,NA,0,NA,"C:/Data/corr_sacc/asc/JITT2.asc",0,0,55,61,1335.9,1445.1,493.8,65,10,59,NA
"2305",2,86,3,8,4931209,4931339,1445.1,514.5,12,130,16,1,1,13,13,61,61,"fence",1,2,0,0,0,1,3059,0,13,65,0,NA,0,NA,"C:/Data/corr_sacc/asc/JITT2.asc",0,0,59,56,1416.6,1359.7,502.4,65,6,61,NA
"2306",2,86,3,8,4931361,4931583,1359.7,517,13,222,21,1,1,12,12,56,56,"iron",1,5,0,0,0,1,3211,0,12,65,1,NA,0,NA,"C:/Data/corr_sacc/asc/JITT2.asc",0,0,61,62,1445.1,1472.1,514.5,65,4,56,NA
"2307",2,86,3,8,4931608,4931839,1472.1,502.4,14,231,24,1,1,13,13,62,62,"fence",2,6,0,0,0,1,3458,0,13,65,1,NA,0,NA,"C:/Data/corr_sacc/asc/JITT2.asc",0,0,56,NA,1359.7,1553.5,517,65,9,62,NA
"2308",2,86,3,8,4931862,4932038,1553.5,494.6,15,176,22,NA,1,NA,NA,NA,NA,NA,NA,NA,0,0,1,1,3712,NA,NA,65,NA,NA,0,NA,"C:/Data/corr_sacc/asc/JITT2.asc",1,0,62,12,1472.1,569.9,502.4,65,3,74,NA
"2309",2,86,3,8,4932107,4932219,569.9,687.5,16,112,68,1,2,16,16,77,12,"designed",4,NA,0,0,0,1,3957,0,3,46,0,NA,1,"undersweep","C:/Data/corr_sacc/asc/JITT2.asc",0,0,NA,9,1553.5,506.9,494.6,65,NA,12,1
"2310",2,86,3,8,4932243,4932400,506.9,704.9,17,157,23,1,2,16,16,74,9,"designed",1,3,0,0,0,1,4093,0,3,46,0,NA,0,NA,"C:/Data/corr_sacc/asc/JITT2.asc",0,1,12,22,569.9,737,687.5,46,34,9,NA
"2311",2,86,3,8,4932431,4932606,737,725.3,18,175,30,1,2,18,18,87,22,"keep",2,13,0,0,0,1,4281,0,5,46,0,NA,0,NA,"C:/Data/corr_sacc/asc/JITT2.asc",0,0,9,28,506.9,858.1,704.9,46,37,22,NA
"2312",2,86,3,8,4932639,4932797,858.1,738.5,19,158,32,1,2,19,19,93,28,"all",3,6,0,0,0,1,4489,0,6,46,0,NA,0,NA,"C:/Data/corr_sacc/asc/JITT2.asc",0,0,22,38,737,1041.2,725.3,46,24,28,NA
"2313",2,86,3,8,4932825,4933010,1041.2,725.1,20,185,27,1,2,21,21,103,38,"animals",5,10,0,0,0,1,4675,0,8,46,0,NA,0,NA,"C:/Data/corr_sacc/asc/JITT2.asc",0,0,28,33,858.1,936.7,738.5,46,18,38,NA
"2314",2,86,3,8,4933034,4933133,936.7,722.4,21,99,23,1,2,21,21,98,33,"animals",0,5,0,0,0,1,4884,0,8,46,0,NA,0,NA,"C:/Data/corr_sacc/asc/JITT2.asc",0,0,38,NA,1041.2,1188.8,725.1,46,8,33,NA
"2315",2,86,3,8,4933276,4933678,1188.8,730.2,22,402,142,NA,2,NA,NA,NA,NA,NA,NA,NA,1,0,1,1,5126,NA,NA,46,NA,NA,0,NA,"C:/Data/corr_sacc/asc/JITT2.asc",0,0,33,40,936.7,1076.6,722.4,46,13,54,NA
"2316",2,86,3,8,4933702,4933849,1076.6,718.3,23,147,23,1,2,21,21,105,40,"animals",7,NA,0,0,0,1,5552,0,8,46,0,NA,0,NA,"C:/Data/corr_sacc/asc/JITT2.asc",0,0,NA,NA,1188.8,1188.4,730.2,46,NA,40,NA
"2317",2,86,3,8,4933872,4934041,1188.4,715.2,24,169,22,NA,2,NA,NA,NA,NA,NA,NA,NA,0,0,1,1,5722,NA,NA,46,NA,NA,0,NA,"C:/Data/corr_sacc/asc/JITT2.asc",0,0,40,20,1076.6,708.3,718.3,46,6,54,NA
"2318",2,86,3,8,4934097,4934153,708.3,672.7,25,56,55,1,2,18,18,85,20,"keep",0,NA,0,0,0,1,5947,0,5,46,1,NA,0,NA,"C:/Data/corr_sacc/asc/JITT2.asc",0,0,NA,11,1188.4,552.4,715.2,46,NA,20,NA
"2319",2,86,3,8,4934178,4934268,552.4,551,26,90,24,1,1,2,2,11,11,"National",7,9,0,0,0,1,6028,0,2,65,1,NA,0,NA,"C:/Data/corr_sacc/asc/JITT2.asc",0,0,20,11,708.3,546.1,672.7,46,26,11,NA
"2320",2,86,3,8,4934280,4934500,546.1,523.7,27,220,11,1,1,2,2,11,11,"National",7,0,0,0,0,1,6130,0,2,65,1,NA,0,NA,"C:/Data/corr_sacc/asc/JITT2.asc",0,0,11,21,552.4,723.3,551,65,54,11,NA
"2321",2,86,3,8,4934527,4934611,723.3,534.2,28,84,26,1,1,4,4,21,21,"near",4,10,0,0,0,1,6377,0,4,65,1,NA,0,NA,"C:/Data/corr_sacc/asc/JITT2.asc",0,0,11,27,546.1,829.4,523.7,65,54,21,NA
"2322",2,86,3,8,4934750,4935041,829.4,534,29,291,138,1,1,6,6,27,27,"museum",1,6,1,0,0,1,6600,0,6,65,NA,NA,0,NA,"C:/Data/corr_sacc/asc/JITT2.asc",0,0,21,34,723.3,960,534.2,65,44,27,NA
"2323",2,86,3,8,4935067,4935302,960,520.1,30,235,25,1,1,7,7,34,34,"has",1,7,0,0,0,1,6917,0,7,65,1,NA,0,NA,"C:/Data/corr_sacc/asc/JITT2.asc",0,0,27,40,829.4,1078,534,65,38,34,NA
"2324",2,86,3,8,4935327,4935569,1078,534.4,31,242,24,1,1,9,9,40,40,"very",1,6,0,0,0,1,7177,0,9,65,1,NA,0,NA,"C:/Data/corr_sacc/asc/JITT2.asc",0,0,34,47,960,1196.6,520.1,65,31,40,NA
"2325",2,86,3,8,4935593,4935930,1196.6,534.4,32,337,23,1,1,10,10,47,47,"high",3,7,0,0,0,1,7443,0,10,65,1,NA,0,NA,"C:/Data/corr_sacc/asc/JITT2.asc",0,0,40,53,1078,1311.5,534.4,65,25,47,NA
"2326",2,86,3,8,4935954,4936257,1311.5,524.5,33,303,23,1,1,11,11,53,53,"white",4,6,0,0,0,1,7804,0,11,65,1,NA,0,NA,"C:/Data/corr_sacc/asc/JITT2.asc",0,0,47,59,1196.6,1404,534.4,65,18,53,NA
"2327",2,86,3,8,4936282,4936476,1404,510.1,34,194,24,1,1,12,12,59,59,"iron",4,6,0,0,0,1,8132,0,12,65,1,NA,0,NA,"C:/Data/corr_sacc/asc/JITT2.asc",0,0,53,64,1311.5,1505,524.5,65,12,59,NA
"2328",2,86,3,8,4936497,4936719,1505,503.5,35,222,20,1,1,13,13,64,64,"fence",4,5,0,0,0,1,8347,0,13,65,1,NA,0,NA,"C:/Data/corr_sacc/asc/JITT2.asc",0,0,59,NA,1404,1552.2,510.1,65,6,64,NA
"2329",2,86,3,8,4936737,4936843,1552.2,505.1,36,106,17,NA,1,NA,NA,NA,NA,NA,NA,NA,0,0,1,1,8587,NA,NA,65,NA,NA,0,NA,"C:/Data/corr_sacc/asc/JITT2.asc",0,0,64,19,1505,699.7,503.5,65,1,74,NA
"2330",2,86,3,8,4936907,4937006,699.7,727.9,37,99,63,1,2,17,17,84,19,"to",2,NA,0,0,0,1,8757,0,4,46,1,NA,0,NA,"C:/Data/corr_sacc/asc/JITT2.asc",0,0,NA,11,1552.2,544.4,505.1,65,NA,19,NA
"2331",2,86,3,8,4937031,4937340,544.4,738.1,38,309,24,1,2,16,16,76,11,"designed",3,8,0,0,0,1,8881,0,3,46,1,NA,0,NA,"C:/Data/corr_sacc/asc/JITT2.asc",0,0,19,24,699.7,775.6,727.9,46,27,11,NA
"2332",2,86,3,8,4937373,4937574,775.6,746.7,39,201,32,1,2,18,18,89,24,"keep",4,13,0,0,0,1,9223,0,5,46,1,NA,0,NA,"C:/Data/corr_sacc/asc/JITT2.asc",0,0,11,38,544.4,1041,738.1,46,35,24,NA
"2333",2,86,3,8,4937606,4937750,1041,733.5,40,144,31,1,2,21,21,103,38,"animals",5,14,0,0,0,1,9456,0,8,46,1,NA,0,NA,"C:/Data/corr_sacc/asc/JITT2.asc",0,0,24,46,775.6,1173.1,746.7,46,22,38,NA
"2334",2,86,3,8,4937775,4938087,1173.1,727.9,41,312,24,1,2,22,22,111,46,"safe.",5,8,0,0,0,1,9625,0,9,46,0,NA,0,NA,"C:/Data/corr_sacc/asc/JITT2.asc",0,0,38,20,1041,702.9,733.5,46,8,46,NA
"2335",2,86,3,8,4938251,4938442,702.9,502.5,42,191,163,1,1,4,4,20,20,"near",3,26,0,0,0,1,10101,0,4,65,1,NA,0,NA,"C:/Data/corr_sacc/asc/JITT2.asc",0,0,46,13,1173.1,575.6,727.9,46,0,20,NA
"2336",2,86,3,8,4938469,4938599,575.6,491.1,43,130,26,1,1,3,3,13,13,"Zoo",0,7,0,0,0,1,10319,0,3,65,1,NA,0,NA,"C:/Data/corr_sacc/asc/JITT2.asc",0,0,20,20,702.9,715.9,502.5,65,45,13,NA
"2337",2,86,3,8,4938624,4938915,715.9,519.8,44,291,24,1,1,4,4,20,20,"near",3,7,0,0,0,1,10474,0,4,65,1,NA,0,NA,"C:/Data/corr_sacc/asc/JITT2.asc",NA,0,13,NA,575.6,NA,491.1,65,52,20,NA
"2338",2,86,3,8,NA,NA,NA,NA,NA,NA,NA,1,1,1,NA,NA,NA,"The",NA,NA,NA,NA,NA,NA,NA,NA,1,NA,NA,NA,NA,NA,"C:/Data/corr_sacc/asc/JITT2.asc",NA,0,20,NA,715.9,NA,519.8,65,45,NA,NA
"2339",2,86,3,8,NA,NA,NA,NA,NA,NA,NA,1,2,14,NA,NA,NA,"that",NA,NA,NA,NA,NA,NA,NA,NA,1,NA,NA,NA,NA,NA,"C:/Data/corr_sacc/asc/JITT2.asc",NA,NA,NA,NA,NA,NA,NA,NA,NA,NA,NA
"2340",2,86,3,8,NA,NA,NA,NA,NA,NA,NA,1,2,15,NA,NA,NA,"is",NA,NA,NA,NA,NA,NA,NA,NA,2,NA,NA,NA,NA,NA,"C:/Data/corr_sacc/asc/JITT2.asc",NA,NA,NA,NA,NA,NA,NA,NA,NA,NA,NA
"2341",2,86,3,8,NA,NA,NA,NA,NA,NA,NA,1,2,20,NA,NA,NA,"the",NA,NA,NA,NA,NA,NA,NA,NA,7,NA,NA,NA,NA,NA,"C:/Data/corr_sacc/asc/JITT2.asc",0,NA,NA,NA,NA,NA,NA,NA,NA,NA,NA
"2342",2,2,3,9,4941482,4941622,416,506,1,140,25,1,1,2,2,8,8,"the",2,NA,0,0,0,1,812,0,2,67,0,NA,0,NA,"C:/Data/corr_sacc/asc/JITT2.asc",0,0,NA,4,NA,341.1,NA,NA,NA,8,NA
"2343",2,2,3,9,4941646,4941819,341.1,505.2,2,173,23,1,1,1,1,4,4,"While",4,4,0,0,0,1,976,0,1,67,1,NA,0,NA,"C:/Data/corr_sacc/asc/JITT2.asc",0,0,8,13,416,514.5,506,67,59,4,NA
"2344",2,2,3,9,4941959,4942153,514.5,528.3,3,194,139,1,1,3,3,13,13,"old",3,9,1,0,0,1,1289,0,3,67,NA,NA,0,NA,"C:/Data/corr_sacc/asc/JITT2.asc",0,0,4,25,341.1,735.6,505.2,67,63,13,NA
"2345",2,2,3,9,4942182,4942291,735.6,517.8,4,109,28,1,1,5,5,25,25,"steered",4,12,0,0,0,1,1512,0,5,67,0,NA,0,NA,"C:/Data/corr_sacc/asc/JITT2.asc",0,0,13,25,514.5,720.6,528.3,67,54,25,NA
"2346",2,2,3,9,4942453,4942556,720.6,489.7,5,103,161,1,1,5,5,25,25,"steered",4,0,1,0,0,1,1783,0,5,67,NA,NA,0,NA,"C:/Data/corr_sacc/asc/JITT2.asc",0,0,25,34,735.6,893.4,517.8,67,42,25,NA
"2347",2,2,3,9,4942583,4942703,893.4,503.5,6,120,26,1,1,7,7,34,34,"expensive",1,9,0,0,0,1,1913,0,7,67,0,NA,0,NA,"C:/Data/corr_sacc/asc/JITT2.asc",0,0,25,33,720.6,880.1,489.7,67,42,34,NA
"2348",2,2,3,9,4942837,4942876,880.1,495.3,7,39,133,1,1,7,7,33,33,"expensive",0,1,1,0,0,1,2167,0,7,67,NA,NA,0,NA,"C:/Data/corr_sacc/asc/JITT2.asc",0,0,34,48,893.4,1136.5,503.5,67,33,33,NA
"2349",2,2,3,9,4942910,4943084,1136.5,510.6,8,174,33,1,1,8,8,48,48,"tractor,",5,15,0,0,0,1,2240,0,8,67,0,NA,0,NA,"C:/Data/corr_sacc/asc/JITT2.asc",0,0,33,51,880.1,1195.3,495.3,67,34,48,NA
"2350",2,2,3,9,4943107,4943257,1195.3,511.9,9,150,22,1,1,8,8,51,51,"tractor,",8,3,0,0,0,1,2437,0,8,67,0,NA,0,NA,"C:/Data/corr_sacc/asc/JITT2.asc",0,0,48,60,1136.5,1359.8,510.6,67,19,51,NA
"2351",2,2,3,9,4943380,4943536,1359.8,507.5,10,156,122,1,1,11,11,60,60,"year",1,9,1,0,0,1,2710,0,11,67,NA,NA,0,NA,"C:/Data/corr_sacc/asc/JITT2.asc",0,0,51,58,1195.3,1320.1,511.9,67,16,60,NA
"2352",2,2,3,9,4943549,4943701,1320.1,509.2,11,152,12,1,1,10,10,58,58,"17",2,2,0,0,0,1,2879,0,10,67,0,NA,0,NA,"C:/Data/corr_sacc/asc/JITT2.asc",0,0,60,67,1359.8,1482.9,507.5,67,7,58,NA
"2353",2,2,3,9,4943736,4943886,1482.9,505.4,12,150,34,1,1,12,12,67,67,"old",3,9,0,0,0,1,3066,0,12,67,0,NA,0,NA,"C:/Data/corr_sacc/asc/JITT2.asc",1,0,58,15,1320.1,548.3,509.2,67,9,67,NA
"2354",2,2,3,9,4943955,4944019,548.3,722.1,13,64,68,1,2,16,16,82,15,"milking",2,52,0,0,0,1,3285,0,4,42,0,NA,1,"undersweep","C:/Data/corr_sacc/asc/JITT2.asc",0,0,67,8,1482.9,414.7,505.4,67,0,15,1
"2355",2,2,3,9,4944044,4944210,414.7,755.5,14,166,24,1,2,15,15,75,8,"busy",0,7,0,0,0,1,3374,0,3,42,1,NA,0,NA,"C:/Data/corr_sacc/asc/JITT2.asc",0,1,15,15,548.3,551.4,722.1,42,27,8,NA
"2356",2,2,3,9,4944356,4944532,551.4,742.8,15,176,145,1,2,16,16,82,15,"milking",2,7,1,0,0,1,3686,0,4,42,NA,NA,0,NA,"C:/Data/corr_sacc/asc/JITT2.asc",0,0,8,22,414.7,671.1,755.5,42,34,15,NA
"2357",2,2,3,9,4944558,4944756,671.1,731.3,16,198,25,1,2,17,17,89,22,"the",1,7,0,0,0,1,3888,0,5,42,0,NA,0,NA,"C:/Data/corr_sacc/asc/JITT2.asc",0,0,15,30,551.4,822.7,742.8,42,27,22,NA
"2358",2,2,3,9,4944783,4944961,822.7,720.1,17,178,26,1,2,19,19,97,30,"in",0,8,0,0,0,1,4113,0,7,42,0,NA,0,NA,"C:/Data/corr_sacc/asc/JITT2.asc",0,0,22,21,671.1,658.4,731.3,42,20,30,NA
"2359",2,2,3,9,4944988,4945197,658.4,724,18,209,26,1,2,17,17,88,21,"the",0,9,0,0,0,1,4318,0,5,42,1,NA,0,NA,"C:/Data/corr_sacc/asc/JITT2.asc",0,0,30,28,822.7,773.9,720.1,42,12,21,NA
"2360",2,2,3,9,4945221,4945408,773.9,726.2,19,187,23,1,2,18,18,95,28,"cows",3,7,0,0,0,1,4551,0,6,42,1,NA,0,NA,"C:/Data/corr_sacc/asc/JITT2.asc",0,0,21,37,658.4,951.9,724,42,21,28,NA
"2361",2,2,3,9,4945434,4945608,951.9,713.1,20,174,25,1,2,21,21,104,37,"barn.",0,9,0,0,0,1,4764,0,9,42,0,NA,0,NA,"C:/Data/corr_sacc/asc/JITT2.asc",0,0,28,36,773.9,928.4,726.2,42,14,37,NA
"2362",2,2,3,9,4945624,4945720,928.4,700,21,96,15,1,2,20,20,103,36,"the",3,1,0,0,0,1,4954,0,8,42,1,NA,0,NA,"C:/Data/corr_sacc/asc/JITT2.asc",0,0,37,40,951.9,996.4,713.1,42,5,36,NA
"2363",2,2,3,9,4945866,4946017,996.4,711.4,22,151,145,1,2,21,21,107,40,"barn.",3,4,1,0,0,1,5196,0,9,42,NA,NA,0,NA,"C:/Data/corr_sacc/asc/JITT2.asc",0,0,36,12,928.4,502.3,700,42,6,40,NA
"2364",2,2,3,9,4946066,4946145,502.3,528.9,23,79,48,1,1,3,3,12,12,"old",2,28,0,0,0,1,5396,0,3,67,1,NA,0,NA,"C:/Data/corr_sacc/asc/JITT2.asc",0,0,40,10,996.4,457,711.4,42,2,12,NA
"2365",2,2,3,9,4946167,4946313,457,490.4,24,146,21,1,1,3,3,10,10,"old",0,2,0,0,0,1,5497,0,3,67,1,NA,0,NA,"C:/Data/corr_sacc/asc/JITT2.asc",0,0,12,7,502.3,405,528.9,67,55,10,NA
"2366",2,2,3,9,4946335,4946437,405,498.1,25,102,21,1,1,2,2,7,7,"the",1,3,0,0,0,1,5665,0,2,67,1,NA,0,NA,"C:/Data/corr_sacc/asc/JITT2.asc",0,0,10,19,457,621.6,490.4,67,57,7,NA
"2367",2,2,3,9,4946470,4946663,621.6,527.5,26,193,32,1,1,4,4,19,19,"farmer",5,12,0,0,0,1,5800,0,4,67,1,NA,0,NA,"C:/Data/corr_sacc/asc/JITT2.asc",0,0,7,28,405,782.9,498.1,67,60,19,NA
"2368",2,2,3,9,4946691,4947032,782.9,535.6,27,341,27,1,1,5,5,28,28,"steered",7,9,0,0,0,1,6021,0,5,67,1,NA,0,NA,"C:/Data/corr_sacc/asc/JITT2.asc",0,0,19,35,621.6,899.7,527.5,67,48,28,NA
"2369",2,2,3,9,4947056,4947175,899.7,534.4,28,119,23,1,1,7,7,35,35,"expensive",2,7,0,0,0,1,6386,0,7,67,1,NA,0,NA,"C:/Data/corr_sacc/asc/JITT2.asc",0,0,28,17,782.9,583.4,535.6,67,39,35,NA
"2370",2,2,3,9,4947214,4947436,583.4,509.9,29,222,38,1,1,4,4,17,17,"farmer",3,18,0,0,0,1,6544,0,4,67,1,NA,0,NA,"C:/Data/corr_sacc/asc/JITT2.asc",0,0,35,11,899.7,470.5,534.4,67,32,17,NA
"2371",2,2,3,9,4947460,4947595,470.5,517.3,30,135,23,1,1,3,3,11,11,"old",1,6,0,0,0,1,6790,0,3,67,1,NA,0,NA,"C:/Data/corr_sacc/asc/JITT2.asc",0,0,17,36,583.4,931,509.9,67,50,11,NA
"2372",2,2,3,9,4947648,4947812,931,532,31,164,52,1,1,7,7,36,36,"expensive",3,25,0,0,0,1,6978,0,7,67,1,NA,0,NA,"C:/Data/corr_sacc/asc/JITT2.asc",0,0,11,33,470.5,863.2,517.3,67,56,36,NA
"2373",2,2,3,9,4947837,4947976,863.2,529.8,32,139,24,1,1,7,7,33,33,"expensive",0,3,0,0,0,1,7167,0,7,67,1,NA,0,NA,"C:/Data/corr_sacc/asc/JITT2.asc",0,0,36,30,931,815.5,532,67,31,33,NA
"2374",2,2,3,9,4947997,4948109,815.5,532.6,33,112,20,1,1,6,6,30,30,"the",1,3,0,0,0,1,7327,0,6,67,1,NA,0,NA,"C:/Data/corr_sacc/asc/JITT2.asc",0,0,33,39,863.2,973.5,529.8,67,34,30,NA
"2375",2,2,3,9,4948136,4948311,973.5,539.9,34,175,26,1,1,7,7,39,39,"expensive",6,9,0,0,0,1,7466,0,7,67,1,NA,0,NA,"C:/Data/corr_sacc/asc/JITT2.asc",0,0,30,51,815.5,1192,532.6,67,37,39,NA
"2376",2,2,3,9,4948445,4948752,1192,532.5,35,307,133,1,1,8,8,51,51,"tractor,",8,12,1,0,0,1,7775,0,8,67,NA,NA,0,NA,"C:/Data/corr_sacc/asc/JITT2.asc",0,0,39,42,973.5,1038.4,539.9,67,28,51,NA
"2377",2,2,3,9,4948780,4949044,1038.4,543.2,36,264,27,1,1,7,7,42,42,"expensive",9,9,0,0,0,1,8110,0,7,67,1,NA,0,NA,"C:/Data/corr_sacc/asc/JITT2.asc",0,0,51,60,1192,1352.9,532.5,67,16,42,NA
"2378",2,2,3,9,4949086,4949361,1352.9,537.4,37,275,41,1,1,11,11,60,60,"year",1,18,0,0,0,1,8416,0,11,67,1,NA,0,NA,"C:/Data/corr_sacc/asc/JITT2.asc",0,0,42,66,1038.4,1460.9,543.2,67,25,60,NA
"2379",2,2,3,9,4949384,4949599,1460.9,533,38,215,22,1,1,12,12,66,66,"old",2,6,0,0,0,1,8714,0,12,67,1,NA,0,NA,"C:/Data/corr_sacc/asc/JITT2.asc",0,0,60,13,1352.9,504.7,537.4,67,7,66,NA
"2380",2,2,3,9,4949675,4949801,504.7,710.3,39,126,75,1,2,16,16,80,13,"milking",0,53,0,0,0,1,9005,0,4,42,1,NA,0,NA,"C:/Data/corr_sacc/asc/JITT2.asc",0,0,66,7,1460.9,405.2,533,67,1,13,NA
"2381",2,2,3,9,4949826,4950075,405.2,709.4,40,249,24,1,2,14,14,74,7,"was",3,6,0,0,0,1,9156,0,2,42,1,NA,0,NA,"C:/Data/corr_sacc/asc/JITT2.asc",0,0,13,18,504.7,602.2,710.3,42,29,7,NA
"2382",2,2,3,9,4950105,4950328,602.2,715.2,41,223,29,1,2,16,16,85,18,"milking",5,11,0,0,0,1,9435,0,4,42,1,NA,0,NA,"C:/Data/corr_sacc/asc/JITT2.asc",0,0,7,30,405.2,809.8,709.4,42,35,18,NA
"2383",2,2,3,9,4950359,4950523,809.8,714,42,164,30,1,2,19,19,97,30,"in",0,12,0,0,0,1,9689,0,7,42,1,NA,0,NA,"C:/Data/corr_sacc/asc/JITT2.asc",0,0,18,37,602.2,939.2,715.2,42,24,30,NA
"2384",2,2,3,9,4950549,4950807,939.2,719.8,43,258,25,1,2,21,21,104,37,"barn.",0,7,0,0,0,1,9879,0,9,42,1,NA,0,NA,"C:/Data/corr_sacc/asc/JITT2.asc",0,0,30,38,809.8,964.5,714,42,12,37,NA
"2385",2,2,3,9,4950830,4950851,964.5,710.7,44,21,22,1,2,21,21,105,38,"barn.",1,1,0,0,0,1,10160,0,9,42,1,NA,0,NA,"C:/Data/corr_sacc/asc/JITT2.asc",0,0,37,24,939.2,713.3,719.8,42,5,38,NA
"2386",2,2,3,9,4950890,4950979,713.3,575.5,45,89,38,1,1,5,5,24,24,"steered",3,14,0,0,0,1,10220,0,5,67,1,NA,0,NA,"C:/Data/corr_sacc/asc/JITT2.asc",0,0,38,16,964.5,568.1,710.7,42,4,24,NA
"2387",2,2,3,9,4951009,4951206,568.1,494.4,46,197,29,1,1,4,4,16,16,"farmer",2,8,0,0,0,1,10339,0,4,67,1,NA,0,NA,"C:/Data/corr_sacc/asc/JITT2.asc",0,0,24,34,713.3,894.6,575.5,67,43,16,NA
"2388",2,2,3,9,4951254,4951511,894.6,513.2,47,257,47,1,1,7,7,34,34,"expensive",1,18,0,0,0,1,10584,0,7,67,1,NA,0,NA,"C:/Data/corr_sacc/asc/JITT2.asc",NA,0,16,NA,568.1,NA,494.4,67,51,34,NA
"2389",2,2,3,9,NA,NA,NA,NA,NA,NA,NA,1,1,9,NA,NA,NA,"his",NA,NA,NA,NA,NA,NA,NA,NA,9,NA,NA,NA,NA,NA,"C:/Data/corr_sacc/asc/JITT2.asc",NA,0,34,NA,894.6,NA,513.2,67,33,NA,NA
"2390",2,2,3,9,NA,NA,NA,NA,NA,NA,NA,1,2,13,NA,NA,NA,"son",NA,NA,NA,NA,NA,NA,NA,NA,1,NA,NA,NA,NA,NA,"C:/Data/corr_sacc/asc/JITT2.asc",0,NA,NA,NA,NA,NA,NA,NA,NA,NA,NA
"2391",2,5,3,10,4956549,4956746,414.1,457.8,1,197,26,1,1,3,3,8,8,"ancient",0,NA,0,0,0,1,857,0,3,55,0,NA,0,NA,"C:/Data/corr_sacc/asc/JITT2.asc",0,0,NA,5,NA,365.9,NA,NA,NA,8,NA
"2392",2,5,3,10,4956762,4956874,365.9,455.5,2,112,15,1,1,2,2,5,5,"two",1,3,0,0,0,1,1070,0,2,55,1,NA,0,NA,"C:/Data/corr_sacc/asc/JITT2.asc",0,0,8,18,414.1,585.8,457.8,55,47,5,NA
"2393",2,5,3,10,4956902,4957075,585.8,463.5,3,173,27,1,1,4,4,18,18,"graves",2,13,0,0,0,1,1210,0,4,55,0,NA,0,NA,"C:/Data/corr_sacc/asc/JITT2.asc",0,0,5,21,365.9,641.3,455.5,55,50,18,NA
"2394",2,5,3,10,4957096,4957278,641.3,468.2,4,182,20,1,1,4,4,21,21,"graves",5,3,0,0,0,1,1404,0,4,55,0,NA,0,NA,"C:/Data/corr_sacc/asc/JITT2.asc",0,0,18,28,585.8,774.4,463.5,55,37,21,NA
"2395",2,5,3,10,4957303,4957542,774.4,472.5,5,239,24,1,1,6,6,28,28,"located",0,7,0,0,0,1,1611,0,6,55,0,NA,0,NA,"C:/Data/corr_sacc/asc/JITT2.asc",0,0,21,42,641.3,1022.8,468.2,55,34,28,NA
"2396",2,5,3,10,4957578,4957829,1022.8,481.5,6,251,35,1,1,8,8,42,42,"the",3,14,0,0,0,1,1886,0,8,55,0,NA,0,NA,"C:/Data/corr_sacc/asc/JITT2.asc",0,0,28,49,774.4,1142.3,472.5,55,27,42,NA
"2397",2,5,3,10,4957853,4958110,1142.3,497.7,7,257,23,1,1,10,10,49,49,"cemetery",2,7,0,0,0,1,2161,0,10,55,0,NA,0,NA,"C:/Data/corr_sacc/asc/JITT2.asc",1,0,42,17,1022.8,565.6,481.5,55,13,49,NA
"2398",2,5,3,10,4958162,4958251,565.6,678.5,8,89,51,1,2,14,14,72,17,"the",3,32,0,0,0,1,2470,0,4,47,0,NA,1,"undersweep","C:/Data/corr_sacc/asc/JITT2.asc",0,0,49,10,1142.3,439.6,497.7,55,6,17,1
"2399",2,5,3,10,4958278,4958468,439.6,697.2,9,190,26,1,2,12,12,65,10,"some",4,7,0,0,0,1,2586,0,2,47,1,NA,0,NA,"C:/Data/corr_sacc/asc/JITT2.asc",0,1,17,23,565.6,687.1,678.5,47,30,10,NA
"2400",2,5,3,10,4958501,4958675,687.1,720.7,10,174,32,1,2,15,15,78,23,"tallest",5,13,0,0,0,1,2809,0,5,47,0,NA,0,NA,"C:/Data/corr_sacc/asc/JITT2.asc",0,0,10,17,439.6,571.4,697.2,47,37,23,NA
"2401",2,5,3,10,4958701,4958857,571.4,707.3,11,156,25,1,2,14,14,72,17,"the",3,6,0,0,0,1,3009,0,4,47,1,NA,0,NA,"C:/Data/corr_sacc/asc/JITT2.asc",0,0,23,34,687.1,875.5,720.7,47,24,17,NA
"2402",2,5,3,10,4958902,4959116,875.5,705.5,12,214,44,1,2,17,17,89,34,"could",2,17,0,0,0,1,3210,0,7,47,0,NA,0,NA,"C:/Data/corr_sacc/asc/JITT2.asc",0,0,17,22,571.4,664.8,707.3,47,30,34,NA
"2403",2,5,3,10,4959141,4959248,664.8,711.1,13,107,24,1,2,15,15,77,22,"tallest",4,12,0,0,0,1,3449,0,5,47,1,NA,0,NA,"C:/Data/corr_sacc/asc/JITT2.asc",0,0,34,38,875.5,959.9,705.5,47,13,22,NA
"2404",2,5,3,10,4959284,4959437,959.9,699.3,14,153,35,1,2,18,18,93,38,"be",0,16,0,0,0,1,3592,0,8,47,0,NA,0,NA,"C:/Data/corr_sacc/asc/JITT2.asc",0,0,22,44,664.8,1064.3,711.1,47,25,38,NA
"2405",2,5,3,10,4959463,4959680,1064.3,700.9,15,217,25,1,2,19,19,99,44,"found.",3,6,0,0,0,1,3771,0,9,47,0,NA,0,NA,"C:/Data/corr_sacc/asc/JITT2.asc",0,0,38,18,959.9,591.6,699.3,47,9,44,NA
"2406",2,5,3,10,4959735,4959880,591.6,697.9,16,145,54,1,2,15,15,73,18,"tallest",0,26,0,0,0,1,4043,0,5,47,1,NA,0,NA,"C:/Data/corr_sacc/asc/JITT2.asc",0,0,44,13,1064.3,502.1,700.9,47,3,18,NA
"2407",2,5,3,10,4959905,4959968,502.1,694.4,17,63,24,1,2,13,13,68,13,"of",2,5,0,0,0,1,4213,0,3,47,1,NA,0,NA,"C:/Data/corr_sacc/asc/JITT2.asc",NA,0,18,NA,591.6,NA,697.9,47,29,13,NA
"2408",2,5,3,10,NA,NA,NA,NA,NA,NA,NA,1,1,1,NA,NA,NA,"The",NA,NA,NA,NA,NA,NA,NA,NA,1,NA,NA,NA,NA,NA,"C:/Data/corr_sacc/asc/JITT2.asc",NA,0,13,NA,502.1,NA,694.4,47,34,NA,NA
"2409",2,5,3,10,NA,NA,NA,NA,NA,NA,NA,1,1,5,NA,NA,NA,"were",NA,NA,NA,NA,NA,NA,NA,NA,5,NA,NA,NA,NA,NA,"C:/Data/corr_sacc/asc/JITT2.asc",NA,NA,NA,NA,NA,NA,NA,NA,NA,NA,NA
"2410",2,5,3,10,NA,NA,NA,NA,NA,NA,NA,1,1,7,NA,NA,NA,"in",NA,NA,NA,NA,NA,NA,NA,NA,7,NA,NA,NA,NA,NA,"C:/Data/corr_sacc/asc/JITT2.asc",NA,NA,NA,NA,NA,NA,NA,NA,NA,NA,NA
"2411",2,5,3,10,NA,NA,NA,NA,NA,NA,NA,1,1,9,NA,NA,NA,"old",NA,NA,NA,NA,NA,NA,NA,NA,9,NA,NA,NA,NA,NA,"C:/Data/corr_sacc/asc/JITT2.asc",NA,NA,NA,NA,NA,NA,NA,NA,NA,NA,NA
"2412",2,5,3,10,NA,NA,NA,NA,NA,NA,NA,1,2,11,NA,NA,NA,"where",NA,NA,NA,NA,NA,NA,NA,NA,1,NA,NA,NA,NA,NA,"C:/Data/corr_sacc/asc/JITT2.asc",NA,NA,NA,NA,NA,NA,NA,NA,NA,NA,NA
"2413",2,5,3,10,NA,NA,NA,NA,NA,NA,NA,1,2,16,NA,NA,NA,"trees",NA,NA,NA,NA,NA,NA,NA,NA,6,NA,NA,NA,NA,NA,"C:/Data/corr_sacc/asc/JITT2.asc",0,NA,NA,NA,NA,NA,NA,NA,NA,NA,NA
"2414",2,74,3,11,4976718,4976989,547.2,513.3,1,271,29,1,1,3,3,13,13,"two",3,NA,0,0,0,1,829,0,3,66,0,NA,0,NA,"C:/Data/corr_sacc/asc/JITT2.asc",0,0,NA,25,NA,772.8,NA,NA,NA,13,NA
"2415",2,74,3,11,4977024,4977105,772.8,517.7,2,81,34,1,1,5,5,25,25,"chatted",5,12,0,0,0,1,1135,0,5,66,0,NA,0,NA,"C:/Data/corr_sacc/asc/JITT2.asc",0,0,13,28,547.2,824.2,513.3,66,53,25,NA
"2416",2,74,3,11,4977278,4977353,824.2,524.1,3,75,172,1,1,6,6,28,28,"and",0,3,1,0,0,1,1389,0,6,66,NA,NA,0,NA,"C:/Data/corr_sacc/asc/JITT2.asc",0,0,25,36,772.8,960.5,517.7,66,41,28,NA
"2417",2,74,3,11,4977381,4977624,960.5,538.4,4,243,27,1,1,7,7,36,36,"waited",4,8,0,0,0,1,1492,0,7,66,0,NA,0,NA,"C:/Data/corr_sacc/asc/JITT2.asc",0,0,28,46,824.2,1144.2,524.1,66,38,36,NA
"2418",2,74,3,11,4977656,4977809,1144.2,534.8,5,153,31,1,1,8,8,46,46,"patiently,",7,10,0,0,0,1,1767,0,8,66,0,NA,0,NA,"C:/Data/corr_sacc/asc/JITT2.asc",0,0,36,40,960.5,1035.9,538.4,66,30,46,NA
"2419",2,74,3,11,4977833,4978013,1035.9,540.4,6,180,23,1,1,8,8,40,40,"patiently,",1,6,0,0,0,1,1944,0,8,66,0,NA,0,NA,"C:/Data/corr_sacc/asc/JITT2.asc",0,0,46,58,1144.2,1361,534.8,66,20,40,NA
"2420",2,74,3,11,4978052,4978213,1361,534.2,7,161,38,1,1,10,10,58,58,"truck",4,18,0,0,0,1,2163,0,10,66,0,NA,0,NA,"C:/Data/corr_sacc/asc/JITT2.asc",0,0,40,63,1035.9,1456,540.4,66,26,58,NA
"2421",2,74,3,11,4978236,4978359,1456,520.1,8,123,22,1,1,11,11,63,63,"slowly",3,5,0,0,0,1,2347,0,11,66,0,NA,0,NA,"C:/Data/corr_sacc/asc/JITT2.asc",0,0,58,65,1361,1491.8,534.2,66,8,63,NA
"2422",2,74,3,11,4978374,4978458,1491.8,516.5,9,84,14,1,1,11,11,65,65,"slowly",5,2,0,0,0,1,2485,0,11,66,0,NA,0,NA,"C:/Data/corr_sacc/asc/JITT2.asc",1,0,63,16,1456,603.7,520.1,66,3,65,NA
"2423",2,74,3,11,4978531,4978637,603.7,737.4,10,106,72,1,2,14,14,82,16,"just",4,49,0,0,0,1,2642,0,3,35,0,NA,1,"undersweep","C:/Data/corr_sacc/asc/JITT2.asc",0,0,65,7,1491.8,449,516.5,66,1,16,1
"2424",2,74,3,11,4978663,4978853,449,725.3,11,190,25,1,2,13,13,73,7,"over",0,9,0,0,0,1,2774,0,2,35,1,NA,0,NA,"C:/Data/corr_sacc/asc/JITT2.asc",0,1,16,22,603.7,716.6,737.4,35,19,7,NA
"2425",2,74,3,11,4978885,4979018,716.6,733.8,12,133,31,1,2,15,15,88,22,"around",5,15,0,0,0,1,2996,0,4,35,0,NA,0,NA,"C:/Data/corr_sacc/asc/JITT2.asc",0,0,7,31,449,872.7,725.3,35,28,22,NA
"2426",2,74,3,11,4979044,4979189,872.7,731.9,13,145,25,1,2,17,17,97,31,"corner.",3,9,0,0,0,1,3155,0,6,35,0,NA,0,NA,"C:/Data/corr_sacc/asc/JITT2.asc",0,0,22,34,716.6,930.3,733.8,35,13,31,NA
"2427",2,74,3,11,4979214,4979332,930.3,732,14,118,24,1,2,17,17,100,34,"corner.",6,3,0,0,0,1,3325,0,6,35,0,NA,0,NA,"C:/Data/corr_sacc/asc/JITT2.asc",0,0,31,24,872.7,748.6,731.9,35,4,34,NA
"2428",2,74,3,11,4979364,4979453,748.6,731.1,15,89,31,1,2,16,16,90,24,"the",0,10,0,0,0,1,3475,0,5,35,1,NA,0,NA,"C:/Data/corr_sacc/asc/JITT2.asc",0,0,34,19,930.3,668.1,732,35,1,24,NA
"2429",2,74,3,11,4979607,4979812,668.1,476,16,205,153,1,1,4,4,19,19,"women",5,5,1,0,0,1,3718,0,4,66,NA,NA,0,NA,"C:/Data/corr_sacc/asc/JITT2.asc",0,0,24,31,748.6,880.6,731.1,35,11,19,NA
"2430",2,74,3,11,4979843,4979930,880.6,515.7,17,87,30,1,1,6,6,31,31,"and",3,12,0,0,0,1,3954,0,6,66,1,NA,0,NA,"C:/Data/corr_sacc/asc/JITT2.asc",0,0,19,43,668.1,1101.4,476,66,47,31,NA
"2431",2,74,3,11,4979961,4980233,1101.4,529.3,18,272,30,1,1,8,8,43,43,"patiently,",4,12,0,0,0,1,4072,0,8,66,1,NA,0,NA,"C:/Data/corr_sacc/asc/JITT2.asc",NA,0,31,NA,880.6,NA,515.7,66,35,43,NA
"2432",2,74,3,11,NA,NA,NA,NA,NA,NA,NA,1,1,1,NA,NA,NA,"While",NA,NA,NA,NA,NA,NA,NA,NA,1,NA,NA,NA,NA,NA,"C:/Data/corr_sacc/asc/JITT2.asc",NA,0,43,NA,1101.4,NA,529.3,66,23,NA,NA
"2433",2,74,3,11,NA,NA,NA,NA,NA,NA,NA,1,1,2,NA,NA,NA,"the",NA,NA,NA,NA,NA,NA,NA,NA,2,NA,NA,NA,NA,NA,"C:/Data/corr_sacc/asc/JITT2.asc",NA,NA,NA,NA,NA,NA,NA,NA,NA,NA,NA
"2434",2,74,3,11,NA,NA,NA,NA,NA,NA,NA,1,1,9,NA,NA,NA,"the",NA,NA,NA,NA,NA,NA,NA,NA,9,NA,NA,NA,NA,NA,"C:/Data/corr_sacc/asc/JITT2.asc",NA,NA,NA,NA,NA,NA,NA,NA,NA,NA,NA
"2435",2,74,3,11,NA,NA,NA,NA,NA,NA,NA,1,2,12,NA,NA,NA,"pulled",NA,NA,NA,NA,NA,NA,NA,NA,1,NA,NA,NA,NA,NA,"C:/Data/corr_sacc/asc/JITT2.asc",0,NA,NA,NA,NA,NA,NA,NA,NA,NA,NA
"2436",2,53,3,12,5039651,5039739,553.9,531.5,1,88,25,1,1,3,3,10,10,"group",0,NA,0,0,0,1,749,0,3,47,0,NA,0,NA,"C:/Data/corr_sacc/asc/JITT2.asc",0,0,NA,16,NA,661.6,NA,NA,NA,10,NA
"2437",2,53,3,12,5039936,5040019,661.6,542.5,2,83,196,1,1,4,4,16,16,"of",0,6,1,0,0,1,1034,0,4,47,NA,NA,0,NA,"C:/Data/corr_sacc/asc/JITT2.asc",0,0,10,24,553.9,807,531.5,47,37,16,NA
"2438",2,53,3,12,5040045,5040192,807,542.1,3,147,25,1,1,5,5,24,24,"friends",5,8,0,0,0,1,1143,0,5,47,0,NA,0,NA,"C:/Data/corr_sacc/asc/JITT2.asc",0,0,16,33,661.6,966.8,542.5,47,31,24,NA
"2439",2,53,3,12,5040227,5040429,966.8,546.3,4,202,34,1,1,7,7,33,33,"to",1,9,0,0,0,1,1325,0,7,47,0,NA,0,NA,"C:/Data/corr_sacc/asc/JITT2.asc",0,0,24,40,807,1084.2,542.1,47,23,33,NA
"2440",2,53,3,12,5040455,5040584,1084.2,550.5,5,129,25,1,1,8,8,40,40,"explore",5,7,0,0,0,1,1553,0,8,47,0,NA,0,NA,"C:/Data/corr_sacc/asc/JITT2.asc",0,0,33,44,966.8,1160.5,546.3,47,14,40,NA
"2441",2,53,3,12,5040602,5040703,1160.5,560.4,6,101,17,1,1,9,9,44,44,"the",1,4,0,0,0,1,1700,0,9,47,0,NA,0,NA,"C:/Data/corr_sacc/asc/JITT2.asc",1,0,40,11,1084.2,559.8,550.5,47,7,44,NA
"2442",2,53,3,12,5040760,5040861,559.8,721.7,7,101,56,1,2,12,12,58,11,"woodland",2,33,0,0,0,1,1858,0,2,45,0,NA,1,"undersweep","C:/Data/corr_sacc/asc/JITT2.asc",0,0,44,7,1160.5,493.1,560.4,47,3,11,1
"2443",2,53,3,12,5040886,5041019,493.1,739.4,8,133,24,1,2,11,11,54,7,"sinister",7,4,0,0,0,1,1984,0,1,45,1,NA,0,NA,"C:/Data/corr_sacc/asc/JITT2.asc",0,1,11,19,559.8,711,721.7,45,34,7,NA
"2444",2,53,3,12,5041049,5041205,711,737,9,156,29,1,2,13,13,66,19,"outside",1,12,0,0,0,1,2147,0,3,45,0,NA,0,NA,"C:/Data/corr_sacc/asc/JITT2.asc",0,0,7,20,493.1,722.5,739.4,45,38,19,NA
"2445",2,53,3,12,5041367,5041428,722.5,721.4,10,61,161,1,2,13,13,67,20,"outside",2,1,1,0,0,1,2465,0,3,45,NA,NA,0,NA,"C:/Data/corr_sacc/asc/JITT2.asc",0,0,19,28,711,876.5,737,45,26,20,NA
"2446",2,53,3,12,5041457,5041633,876.5,725.4,11,176,28,1,2,14,14,75,28,"of",2,8,0,0,0,1,2555,0,4,45,0,NA,0,NA,"C:/Data/corr_sacc/asc/JITT2.asc",0,0,20,39,722.5,1067.1,721.4,45,25,28,NA
"2447",2,53,3,12,5041663,5041797,1067.1,719.5,12,134,29,1,2,17,17,86,39,"night.",0,11,0,0,0,1,2761,0,7,45,0,NA,0,NA,"C:/Data/corr_sacc/asc/JITT2.asc",0,0,28,42,876.5,1132.4,725.4,45,17,39,NA
"2448",2,53,3,12,5041820,5041964,1132.4,724.5,13,144,22,1,2,17,17,89,42,"night.",3,3,0,0,0,1,2918,0,7,45,0,NA,0,NA,"C:/Data/corr_sacc/asc/JITT2.asc",0,0,39,36,1067.1,1012.9,719.5,45,6,42,NA
"2449",2,53,3,12,5041989,5042384,1012.9,706.2,14,395,24,1,2,16,16,83,36,"last",2,6,0,0,0,1,3087,0,6,45,1,NA,0,NA,"C:/Data/corr_sacc/asc/JITT2.asc",0,0,42,41,1132.4,1109.4,724.5,45,3,36,NA
"2450",2,53,3,12,5042407,5042539,1109.4,692.5,15,132,22,1,2,17,17,88,41,"night.",2,5,0,0,0,1,3505,0,7,45,1,NA,0,NA,"C:/Data/corr_sacc/asc/JITT2.asc",0,0,36,37,1012.9,1025.5,706.2,45,9,41,NA
"2451",2,53,3,12,5042574,5042679,1025.5,516.7,16,105,34,1,1,8,8,37,37,"explore",2,4,0,0,0,1,3672,0,8,47,1,NA,0,NA,"C:/Data/corr_sacc/asc/JITT2.asc",0,0,41,26,1109.4,844.7,692.5,45,4,37,NA
"2452",2,53,3,12,5042711,5042777,844.7,500.1,17,66,31,1,1,5,5,26,26,"friends",7,11,0,0,0,1,3809,0,5,47,1,NA,0,NA,"C:/Data/corr_sacc/asc/JITT2.asc",0,0,37,16,1025.5,661.8,516.7,47,10,26,NA
"2453",2,53,3,12,5042806,5042927,661.8,488.1,18,121,28,1,1,4,4,16,16,"of",0,10,0,0,0,1,3904,0,4,47,1,NA,0,NA,"C:/Data/corr_sacc/asc/JITT2.asc",0,0,26,12,844.7,584.7,500.1,47,21,16,NA
"2454",2,53,3,12,5042950,5043091,584.7,493,19,141,22,1,1,3,3,12,12,"group",2,4,0,0,0,1,4048,0,3,47,1,NA,0,NA,"C:/Data/corr_sacc/asc/JITT2.asc",0,0,16,35,661.8,993.8,488.1,47,31,12,NA
"2455",2,53,3,12,5043140,5043254,993.8,504.5,20,114,48,1,1,8,8,35,35,"explore",0,23,0,0,0,1,4238,0,8,47,1,NA,0,NA,"C:/Data/corr_sacc/asc/JITT2.asc",0,0,12,42,584.7,1125,493,47,35,35,NA
"2456",2,53,3,12,5043279,5043541,1125,513.9,21,262,24,1,1,8,8,42,42,"explore",7,7,0,0,0,1,4377,0,8,47,1,NA,0,NA,"C:/Data/corr_sacc/asc/JITT2.asc",0,0,35,36,993.8,1014.6,504.5,47,12,42,NA
"2457",2,53,3,12,5043572,5043718,1014.6,660.6,22,146,30,1,2,16,16,83,36,"last",2,6,0,0,0,1,4670,0,6,45,1,NA,0,NA,"C:/Data/corr_sacc/asc/JITT2.asc",0,0,42,25,1125,811.8,513.9,47,5,36,NA
"2458",2,53,3,12,5043748,5043960,811.8,684.9,23,212,29,1,2,13,13,72,25,"outside",7,11,0,0,0,1,4846,0,3,45,1,NA,0,NA,"C:/Data/corr_sacc/asc/JITT2.asc",NA,0,36,NA,1014.6,NA,660.6,45,9,25,NA
"2459",2,53,3,12,NA,NA,NA,NA,NA,NA,NA,1,1,1,NA,NA,NA,"The",NA,NA,NA,NA,NA,NA,NA,NA,1,NA,NA,NA,NA,NA,"C:/Data/corr_sacc/asc/JITT2.asc",NA,0,25,NA,811.8,NA,684.9,45,20,NA,NA
"2460",2,53,3,12,NA,NA,NA,NA,NA,NA,NA,1,1,2,NA,NA,NA,"large",NA,NA,NA,NA,NA,NA,NA,NA,2,NA,NA,NA,NA,NA,"C:/Data/corr_sacc/asc/JITT2.asc",NA,NA,NA,NA,NA,NA,NA,NA,NA,NA,NA
"2461",2,53,3,12,NA,NA,NA,NA,NA,NA,NA,1,1,6,NA,NA,NA,"went",NA,NA,NA,NA,NA,NA,NA,NA,6,NA,NA,NA,NA,NA,"C:/Data/corr_sacc/asc/JITT2.asc",NA,NA,NA,NA,NA,NA,NA,NA,NA,NA,NA
"2462",2,53,3,12,NA,NA,NA,NA,NA,NA,NA,1,2,10,NA,NA,NA,"sinister",NA,NA,NA,NA,NA,NA,NA,NA,1,NA,NA,NA,NA,NA,"C:/Data/corr_sacc/asc/JITT2.asc",NA,NA,NA,NA,NA,NA,NA,NA,NA,NA,NA
"2463",2,53,3,12,NA,NA,NA,NA,NA,NA,NA,1,2,15,NA,NA,NA,"last",NA,NA,NA,NA,NA,NA,NA,NA,6,NA,NA,NA,NA,NA,"C:/Data/corr_sacc/asc/JITT2.asc",0,NA,NA,NA,NA,NA,NA,NA,NA,NA,NA
"2464",2,47,3,13,5067730,5067860,502.4,493.4,1,130,27,1,1,2,2,9,9,"owners",5,NA,0,0,0,1,728,0,2,62,0,NA,0,NA,"C:/Data/corr_sacc/asc/JITT2.asc",0,0,NA,6,NA,448,NA,NA,NA,9,NA
"2465",2,47,3,13,5067885,5067947,448,493.6,2,62,24,1,1,2,2,6,6,"owners",2,3,0,0,0,1,883,0,2,62,0,NA,0,NA,"C:/Data/corr_sacc/asc/JITT2.asc",0,0,9,18,502.4,670.3,493.4,62,53,6,NA
"2466",2,47,3,13,5067979,5068164,670.3,493.6,3,185,31,1,1,5,5,18,18,"new",0,12,0,0,0,1,977,0,5,62,0,NA,0,NA,"C:/Data/corr_sacc/asc/JITT2.asc",0,0,6,15,448,616.1,493.6,62,56,18,NA
"2467",2,47,3,13,5068184,5068245,616.1,490.6,4,61,19,1,1,4,4,15,15,"the",1,3,0,0,0,1,1182,0,4,62,1,NA,0,NA,"C:/Data/corr_sacc/asc/JITT2.asc",0,0,18,28,670.3,853.6,493.6,62,44,15,NA
"2468",2,47,3,13,5068279,5068430,853.6,522.4,5,151,33,1,1,7,7,28,28,"thought",0,13,0,0,0,1,1277,0,7,62,0,NA,0,NA,"C:/Data/corr_sacc/asc/JITT2.asc",0,0,15,25,616.1,796.6,490.6,62,47,28,NA
"2469",2,47,3,13,5068452,5068566,796.6,515.8,6,114,21,1,1,6,6,25,25,"puppy",3,3,0,0,0,1,1450,0,6,62,1,NA,0,NA,"C:/Data/corr_sacc/asc/JITT2.asc",0,0,28,18,853.6,667.6,522.4,62,34,25,NA
"2470",2,47,3,13,5068591,5068766,667.6,498.6,7,175,24,1,1,5,5,18,18,"new",0,7,0,0,0,1,1589,0,5,62,1,NA,0,NA,"C:/Data/corr_sacc/asc/JITT2.asc",0,0,25,33,796.6,930.8,515.8,62,37,18,NA
"2471",2,47,3,13,5068802,5068971,930.8,508.7,8,169,35,1,1,7,7,33,33,"thought",5,15,0,0,0,1,1800,0,7,62,1,NA,0,NA,"C:/Data/corr_sacc/asc/JITT2.asc",0,0,18,40,667.6,1066.3,498.6,62,44,33,NA
"2472",2,47,3,13,5068998,5069178,1066.3,512.4,9,180,26,1,1,9,9,40,40,"would",1,7,0,0,0,1,1996,0,9,62,0,NA,0,NA,"C:/Data/corr_sacc/asc/JITT2.asc",0,0,33,50,930.8,1244.6,508.7,62,29,40,NA
"2473",2,47,3,13,5069207,5069316,1244.6,512.3,10,109,28,1,1,11,11,50,50,"nice",2,10,0,0,0,1,2205,0,11,62,0,NA,0,NA,"C:/Data/corr_sacc/asc/JITT2.asc",0,0,40,56,1066.3,1343.6,512.4,62,22,50,NA
"2474",2,47,3,13,5069340,5069507,1343.6,511.5,11,167,23,1,1,13,13,56,56,"take",0,6,0,0,0,1,2338,0,13,62,0,NA,0,NA,"C:/Data/corr_sacc/asc/JITT2.asc",0,0,50,59,1244.6,1402.6,512.3,62,12,56,NA
"2475",2,47,3,13,5069525,5069616,1402.6,526.6,12,91,17,1,1,13,13,59,59,"take",3,3,0,0,0,1,2523,0,13,62,0,NA,0,NA,"C:/Data/corr_sacc/asc/JITT2.asc",1,0,56,14,1343.6,597.1,511.5,62,6,59,NA
"2476",2,47,3,13,5069678,5069751,597.1,692.5,13,73,61,1,2,16,16,76,14,"picture",6,45,0,0,0,1,2676,0,2,49,0,NA,1,"undersweep","C:/Data/corr_sacc/asc/JITT2.asc",0,0,59,6,1402.6,457.4,526.6,62,3,14,1
"2477",2,47,3,13,5069779,5069967,457.4,714.5,14,188,27,1,2,15,15,68,6,"perfect",6,8,0,0,0,1,2777,0,1,49,1,NA,0,NA,"C:/Data/corr_sacc/asc/JITT2.asc",0,1,14,18,597.1,663.5,692.5,49,35,6,NA
"2478",2,47,3,13,5069997,5070142,663.5,728.3,15,145,29,1,2,17,17,80,18,"of",2,12,0,0,0,1,2995,0,3,49,0,NA,0,NA,"C:/Data/corr_sacc/asc/JITT2.asc",0,0,6,26,457.4,813.6,714.5,49,43,18,NA
"2479",2,47,3,13,5070171,5070458,813.6,734.6,16,287,28,1,2,19,19,88,26,"pet's",1,8,0,0,0,1,3169,0,5,49,0,NA,0,NA,"C:/Data/corr_sacc/asc/JITT2.asc",0,0,18,35,663.5,971.1,728.3,49,31,26,NA
"2480",2,47,3,13,5070489,5070657,971.1,732.9,17,168,30,1,2,20,20,97,35,"first",4,9,0,0,0,1,3487,0,6,49,0,NA,0,NA,"C:/Data/corr_sacc/asc/JITT2.asc",0,0,26,45,813.6,1159.4,734.6,49,23,35,NA
"2481",2,47,3,13,5070685,5070910,1159.4,748.5,18,225,27,1,2,23,23,107,45,"home.",1,10,0,0,0,1,3683,0,9,49,0,NA,0,NA,"C:/Data/corr_sacc/asc/JITT2.asc",0,0,35,16,971.1,632.3,732.9,49,14,45,NA
"2482",2,47,3,13,5071048,5071176,632.3,513,19,128,137,1,1,4,4,16,16,"the",2,29,1,0,0,1,4046,0,4,62,NA,NA,0,NA,"C:/Data/corr_sacc/asc/JITT2.asc",0,0,45,10,1159.4,531.4,748.5,49,4,16,NA
"2483",2,47,3,13,5071202,5071413,531.4,493.8,20,211,25,1,1,2,2,10,10,"owners",6,6,0,0,0,1,4200,0,2,62,1,NA,0,NA,"C:/Data/corr_sacc/asc/JITT2.asc",0,0,16,24,632.3,766,513,62,46,10,NA
"2484",2,47,3,13,5071456,5071552,766,516.1,21,96,42,1,1,6,6,24,24,"puppy",2,14,0,0,0,1,4454,0,6,62,1,NA,0,NA,"C:/Data/corr_sacc/asc/JITT2.asc",NA,0,10,NA,531.4,NA,493.8,62,52,24,NA
"2485",2,47,3,13,NA,NA,NA,NA,NA,NA,NA,1,1,1,NA,NA,NA,"The",NA,NA,NA,NA,NA,NA,NA,NA,1,NA,NA,NA,NA,NA,"C:/Data/corr_sacc/asc/JITT2.asc",NA,0,24,NA,766,NA,516.1,62,38,NA,NA
"2486",2,47,3,13,NA,NA,NA,NA,NA,NA,NA,1,1,3,NA,NA,NA,"of",NA,NA,NA,NA,NA,NA,NA,NA,3,NA,NA,NA,NA,NA,"C:/Data/corr_sacc/asc/JITT2.asc",NA,NA,NA,NA,NA,NA,NA,NA,NA,NA,NA
"2487",2,47,3,13,NA,NA,NA,NA,NA,NA,NA,1,1,8,NA,NA,NA,"it",NA,NA,NA,NA,NA,NA,NA,NA,8,NA,NA,NA,NA,NA,"C:/Data/corr_sacc/asc/JITT2.asc",NA,NA,NA,NA,NA,NA,NA,NA,NA,NA,NA
"2488",2,47,3,13,NA,NA,NA,NA,NA,NA,NA,1,1,10,NA,NA,NA,"be",NA,NA,NA,NA,NA,NA,NA,NA,10,NA,NA,NA,NA,NA,"C:/Data/corr_sacc/asc/JITT2.asc",NA,NA,NA,NA,NA,NA,NA,NA,NA,NA,NA
"2489",2,47,3,13,NA,NA,NA,NA,NA,NA,NA,1,1,12,NA,NA,NA,"to",NA,NA,NA,NA,NA,NA,NA,NA,12,NA,NA,NA,NA,NA,"C:/Data/corr_sacc/asc/JITT2.asc",NA,NA,NA,NA,NA,NA,NA,NA,NA,NA,NA
"2490",2,47,3,13,NA,NA,NA,NA,NA,NA,NA,1,1,14,NA,NA,NA,"a",NA,NA,NA,NA,NA,NA,NA,NA,14,NA,NA,NA,NA,NA,"C:/Data/corr_sacc/asc/JITT2.asc",NA,NA,NA,NA,NA,NA,NA,NA,NA,NA,NA
"2491",2,47,3,13,NA,NA,NA,NA,NA,NA,NA,1,2,18,NA,NA,NA,"their",NA,NA,NA,NA,NA,NA,NA,NA,4,NA,NA,NA,NA,NA,"C:/Data/corr_sacc/asc/JITT2.asc",NA,NA,NA,NA,NA,NA,NA,NA,NA,NA,NA
"2492",2,47,3,13,NA,NA,NA,NA,NA,NA,NA,1,2,21,NA,NA,NA,"day",NA,NA,NA,NA,NA,NA,NA,NA,7,NA,NA,NA,NA,NA,"C:/Data/corr_sacc/asc/JITT2.asc",NA,NA,NA,NA,NA,NA,NA,NA,NA,NA,NA
"2493",2,47,3,13,NA,NA,NA,NA,NA,NA,NA,1,2,22,NA,NA,NA,"at",NA,NA,NA,NA,NA,NA,NA,NA,8,NA,NA,NA,NA,NA,"C:/Data/corr_sacc/asc/JITT2.asc",0,NA,NA,NA,NA,NA,NA,NA,NA,NA,NA
"2494",2,57,1,14,5078734,5078877,425.7,474.8,1,143,27,1,1,3,3,10,10,"shopping",0,NA,0,0,0,1,703,0,3,51,0,NA,0,NA,"C:/Data/corr_sacc/asc/JITT2.asc",0,0,NA,24,NA,679.7,NA,NA,NA,10,NA
"2495",2,57,1,14,5078907,5079066,679.7,486,2,159,29,1,1,4,4,24,24,"centre",5,14,0,0,0,1,876,0,4,51,0,NA,0,NA,"C:/Data/corr_sacc/asc/JITT2.asc",0,0,10,22,425.7,633.8,474.8,51,41,24,NA
"2496",2,57,1,14,5079088,5079195,633.8,478.8,3,107,21,1,1,4,4,22,22,"centre",3,2,0,0,0,1,1057,0,4,51,0,NA,0,NA,"C:/Data/corr_sacc/asc/JITT2.asc",0,0,24,32,679.7,821.4,486,51,27,22,NA
"2497",2,57,1,14,5079227,5079438,821.4,478.7,4,211,31,1,1,6,6,32,32,"not",3,10,0,0,0,1,1196,0,6,51,0,NA,0,NA,"C:/Data/corr_sacc/asc/JITT2.asc",0,0,22,29,633.8,772.7,478.8,51,29,32,NA
"2498",2,57,1,14,5079454,5079519,772.7,481.6,5,65,15,1,1,6,6,29,29,"not",0,3,0,0,0,1,1423,0,6,51,0,NA,0,NA,"C:/Data/corr_sacc/asc/JITT2.asc",0,0,32,45,821.4,1051.6,478.7,51,19,29,NA
"2499",2,57,1,14,5079554,5079629,1051.6,490.2,6,75,34,1,1,8,8,45,45,"but",1,16,0,0,0,1,1523,0,8,51,0,NA,0,NA,"C:/Data/corr_sacc/asc/JITT2.asc",0,0,29,49,772.7,1127.2,481.6,51,22,45,NA
"2500",2,57,1,14,5079654,5079785,1127.2,500.1,7,131,24,1,1,9,9,49,49,"has",1,4,0,0,0,1,1623,0,9,51,0,NA,0,NA,"C:/Data/corr_sacc/asc/JITT2.asc",1,0,45,11,1051.6,444.2,490.2,51,6,49,NA
"2501",2,57,1,14,5079840,5079950,444.2,710.9,8,110,54,1,2,11,11,62,11,"alcohol",3,38,0,0,0,1,1809,0,2,38,0,NA,1,"undersweep","C:/Data/corr_sacc/asc/JITT2.asc",0,0,49,6,1127.2,344,500.1,51,2,11,1
"2502",2,57,1,14,5079976,5080196,344,720.2,9,220,25,1,2,10,10,57,6,"bargain",6,5,0,0,0,1,1945,0,1,38,1,NA,0,NA,"C:/Data/corr_sacc/asc/JITT2.asc",0,1,11,15,444.2,516.5,710.9,38,27,6,NA
"2503",2,57,1,14,5080227,5080380,516.5,733.8,10,153,30,1,2,11,11,66,15,"alcohol",7,9,0,0,0,1,2196,0,2,38,1,NA,0,NA,"C:/Data/corr_sacc/asc/JITT2.asc",0,0,6,24,344,682.8,720.2,38,32,15,NA
"2504",2,57,1,14,5080408,5080518,682.8,745.7,11,110,27,1,2,13,13,75,24,"in",2,9,0,0,0,1,2377,0,4,38,0,NA,0,NA,"C:/Data/corr_sacc/asc/JITT2.asc",0,0,15,23,516.5,652.2,733.8,38,23,24,NA
"2505",2,57,1,14,5080699,5080843,652.2,711,12,144,180,1,2,13,13,74,23,"in",1,1,1,0,0,1,2668,0,4,38,NA,NA,0,NA,"C:/Data/corr_sacc/asc/JITT2.asc",0,0,24,31,682.8,795,745.7,38,14,23,NA
"2506",2,57,1,14,5080869,5081025,795,714.7,13,156,25,1,2,15,15,82,31,"evening.",2,8,0,0,0,1,2838,0,6,38,0,NA,0,NA,"C:/Data/corr_sacc/asc/JITT2.asc",0,0,23,26,652.2,717.4,711,38,15,31,NA
"2507",2,57,1,14,5081049,5081147,717.4,705.8,14,98,23,1,2,14,14,77,26,"the",1,5,0,0,0,1,3018,0,5,38,1,NA,0,NA,"C:/Data/corr_sacc/asc/JITT2.asc",0,0,31,32,795,825,714.7,38,7,26,NA
"2508",2,57,1,14,5081189,5081336,825,485.8,15,147,41,1,1,6,6,32,32,"not",3,6,0,0,0,1,3158,0,6,51,1,NA,0,NA,"C:/Data/corr_sacc/asc/JITT2.asc",NA,0,26,NA,717.4,NA,705.8,38,12,32,NA
"2509",2,57,1,14,NA,NA,NA,NA,NA,NA,NA,1,1,1,NA,NA,NA,"The",NA,NA,NA,NA,NA,NA,NA,NA,1,NA,NA,NA,NA,NA,"C:/Data/corr_sacc/asc/JITT2.asc",NA,0,32,NA,825,NA,485.8,51,19,NA,NA
"2510",2,57,1,14,NA,NA,NA,NA,NA,NA,NA,1,1,2,NA,NA,NA,"local",NA,NA,NA,NA,NA,NA,NA,NA,2,NA,NA,NA,NA,NA,"C:/Data/corr_sacc/asc/JITT2.asc",NA,NA,NA,NA,NA,NA,NA,NA,NA,NA,NA
"2511",2,57,1,14,NA,NA,NA,NA,NA,NA,NA,1,1,5,NA,NA,NA,"is",NA,NA,NA,NA,NA,NA,NA,NA,5,NA,NA,NA,NA,NA,"C:/Data/corr_sacc/asc/JITT2.asc",NA,NA,NA,NA,NA,NA,NA,NA,NA,NA,NA
"2512",2,57,1,14,NA,NA,NA,NA,NA,NA,NA,1,1,7,NA,NA,NA,"impressive",NA,NA,NA,NA,NA,NA,NA,NA,7,NA,NA,NA,NA,NA,"C:/Data/corr_sacc/asc/JITT2.asc",NA,NA,NA,NA,NA,NA,NA,NA,NA,NA,NA
"2513",2,57,1,14,NA,NA,NA,NA,NA,NA,NA,1,2,12,NA,NA,NA,"deals",NA,NA,NA,NA,NA,NA,NA,NA,3,NA,NA,NA,NA,NA,"C:/Data/corr_sacc/asc/JITT2.asc",NA,NA,NA,NA,NA,NA,NA,NA,NA,NA,NA
"2514",2,57,1,14,NA,NA,NA,NA,NA,NA,NA,2,NA,1,NA,NA,NA,NA,NA,NA,NA,NA,NA,NA,NA,NA,NA,NA,NA,NA,NA,NA,"C:/Data/corr_sacc/asc/JITT2.asc",0,NA,NA,NA,NA,NA,NA,NA,NA,NA,NA
"2515",2,9,1,15,5088646,5088776,507.7,507.9,1,130,27,1,1,2,2,9,9,"villagers",5,NA,0,0,0,1,710,0,2,53,0,NA,0,NA,"C:/Data/corr_sacc/asc/JITT2.asc",0,0,NA,23,NA,766.8,NA,NA,NA,9,NA
"2516",2,9,1,15,5088808,5088945,766.8,505.7,2,137,31,1,1,4,4,23,23,"awoken",4,14,0,0,0,1,872,0,4,53,0,NA,0,NA,"C:/Data/corr_sacc/asc/JITT2.asc",0,0,9,19,507.7,699,507.9,53,44,23,NA
"2517",2,9,1,15,5088967,5089073,699,499.4,3,106,21,1,1,4,4,19,19,"awoken",0,4,0,0,0,1,1031,0,4,53,0,NA,0,NA,"C:/Data/corr_sacc/asc/JITT2.asc",0,0,23,17,766.8,652,505.7,53,30,19,NA
"2518",2,9,1,15,5089096,5089215,652,499.2,4,119,22,1,1,3,3,17,17,"were",3,2,0,0,0,1,1160,0,3,53,1,NA,0,NA,"C:/Data/corr_sacc/asc/JITT2.asc",0,0,19,30,699,900.4,499.4,53,34,17,NA
"2519",2,9,1,15,5089246,5089451,900.4,507.9,5,205,30,1,1,5,5,30,30,"before",4,13,0,0,0,1,1310,0,5,53,0,NA,0,NA,"C:/Data/corr_sacc/asc/JITT2.asc",0,0,17,40,652,1073.8,499.2,53,36,30,NA
"2520",2,9,1,15,5089483,5089636,1073.8,508.4,6,153,31,1,1,7,7,40,40,"by",2,10,0,0,0,1,1547,0,7,53,0,NA,0,NA,"C:/Data/corr_sacc/asc/JITT2.asc",0,0,30,37,900.4,1019.9,507.9,53,23,40,NA
"2521",2,9,1,15,5089655,5089770,1019.9,507,7,115,18,1,1,6,6,37,37,"dawn",4,3,0,0,0,1,1719,0,6,53,1,NA,0,NA,"C:/Data/corr_sacc/asc/JITT2.asc",0,0,40,46,1073.8,1180.3,508.4,53,13,37,NA
"2522",2,9,1,15,5089797,5089959,1180.3,519.7,8,162,26,1,1,9,9,46,46,"sound",1,9,0,0,0,1,1861,0,9,53,0,NA,0,NA,"C:/Data/corr_sacc/asc/JITT2.asc",0,0,37,40,1019.9,1063.6,507,53,16,46,NA
"2523",2,9,1,15,5089983,5090136,1063.6,515.8,9,153,23,1,1,7,7,40,40,"by",2,6,0,0,0,1,2047,0,7,53,1,NA,0,NA,"C:/Data/corr_sacc/asc/JITT2.asc",0,0,46,47,1180.3,1188.9,519.7,53,7,40,NA
"2524",2,9,1,15,5090162,5090220,1188.9,515.8,10,58,25,1,1,9,9,47,47,"sound",2,7,0,0,0,1,2226,0,9,53,1,NA,0,NA,"C:/Data/corr_sacc/asc/JITT2.asc",0,0,40,50,1063.6,1245.1,515.8,53,13,47,NA
"2525",2,9,1,15,5090246,5090390,1245.1,517.7,11,144,25,1,1,9,9,50,50,"sound",5,3,0,0,0,1,2310,0,9,53,1,NA,0,NA,"C:/Data/corr_sacc/asc/JITT2.asc",1,0,47,11,1188.9,545.6,515.8,53,6,50,NA
"2526",2,9,1,15,5090451,5090550,545.6,687.8,12,99,60,1,2,12,12,64,11,"barking",6,39,0,0,0,1,2515,0,2,39,0,NA,1,"undersweep","C:/Data/corr_sacc/asc/JITT2.asc",0,0,50,6,1245.1,451.1,517.7,53,3,11,1
"2527",2,9,1,15,5090575,5090713,451.1,703.9,13,138,24,1,2,12,12,59,6,"barking",1,5,0,0,0,1,2639,0,2,39,0,NA,0,NA,"C:/Data/corr_sacc/asc/JITT2.asc",0,1,11,4,545.6,425.4,687.8,39,28,6,NA
"2528",2,9,1,15,5090723,5090830,425.4,709.9,14,107,9,1,2,11,11,57,4,"dogs",4,2,0,0,0,1,2787,0,1,39,1,NA,0,NA,"C:/Data/corr_sacc/asc/JITT2.asc",0,0,6,20,451.1,712.3,703.9,39,33,4,NA
"2529",2,9,1,15,5090878,5091000,712.3,719.1,15,122,47,1,2,13,13,73,20,"somewhere",7,16,0,0,0,1,2942,0,3,39,0,NA,0,NA,"C:/Data/corr_sacc/asc/JITT2.asc",0,0,4,35,425.4,982.2,709.9,39,35,20,NA
"2530",2,9,1,15,5091141,5091264,982.2,718,16,123,140,1,2,16,16,88,35,"distance.",5,15,1,0,0,1,3205,0,6,39,NA,NA,0,NA,"C:/Data/corr_sacc/asc/JITT2.asc",0,0,20,29,712.3,872.3,719.1,39,19,35,NA
"2531",2,9,1,15,5091289,5091483,872.3,713.6,17,194,24,1,2,15,15,82,29,"the",3,6,0,0,0,1,3353,0,5,39,0,NA,0,NA,"C:/Data/corr_sacc/asc/JITT2.asc",0,0,35,18,982.2,667.5,718,39,4,29,NA
"2532",2,9,1,15,5091650,5091860,667.5,504.6,18,210,166,1,1,3,3,18,18,"were",4,11,1,0,0,1,3714,0,3,53,NA,NA,0,NA,"C:/Data/corr_sacc/asc/JITT2.asc",0,0,29,11,872.3,542.6,713.6,39,10,18,NA
"2533",2,9,1,15,5091886,5091945,542.6,508.6,19,59,25,1,1,2,2,11,11,"villagers",7,7,0,0,0,1,3950,0,2,53,1,NA,0,NA,"C:/Data/corr_sacc/asc/JITT2.asc",NA,0,18,NA,667.5,NA,504.6,53,35,11,NA
"2534",2,9,1,15,NA,NA,NA,NA,NA,NA,NA,1,1,1,NA,NA,NA,"The",NA,NA,NA,NA,NA,NA,NA,NA,1,NA,NA,NA,NA,NA,"C:/Data/corr_sacc/asc/JITT2.asc",NA,0,11,NA,542.6,NA,508.6,53,42,NA,NA
"2535",2,9,1,15,NA,NA,NA,NA,NA,NA,NA,1,1,8,NA,NA,NA,"the",NA,NA,NA,NA,NA,NA,NA,NA,8,NA,NA,NA,NA,NA,"C:/Data/corr_sacc/asc/JITT2.asc",NA,NA,NA,NA,NA,NA,NA,NA,NA,NA,NA
"2536",2,9,1,15,NA,NA,NA,NA,NA,NA,NA,1,1,10,NA,NA,NA,"of",NA,NA,NA,NA,NA,NA,NA,NA,10,NA,NA,NA,NA,NA,"C:/Data/corr_sacc/asc/JITT2.asc",NA,NA,NA,NA,NA,NA,NA,NA,NA,NA,NA
"2537",2,9,1,15,NA,NA,NA,NA,NA,NA,NA,1,2,14,NA,NA,NA,"in",NA,NA,NA,NA,NA,NA,NA,NA,4,NA,NA,NA,NA,NA,"C:/Data/corr_sacc/asc/JITT2.asc",0,NA,NA,NA,NA,NA,NA,NA,NA,NA,NA
"2538",2,31,2,16,5097006,5097111,235.5,476.7,1,105,18,1,1,1,1,1,1,"When",1,NA,0,0,0,1,529,0,1,53,0,NA,0,NA,"C:/Data/corr_sacc/asc/JITT2.asc",0,0,NA,8,NA,358.9,NA,NA,NA,1,NA
"2539",2,31,2,16,5097139,5097312,358.9,473.8,2,173,27,1,1,2,2,8,8,"King",3,7,0,0,0,1,662,0,2,53,0,NA,0,NA,"C:/Data/corr_sacc/asc/JITT2.asc",0,0,1,14,235.5,462.5,476.7,53,52,8,NA
"2540",2,31,2,16,5097337,5097536,462.5,476.1,3,199,24,1,1,3,3,14,14,"Alexander",4,6,0,0,0,1,860,0,3,53,0,NA,0,NA,"C:/Data/corr_sacc/asc/JITT2.asc",0,0,8,25,358.9,660.3,473.8,53,45,14,NA
"2541",2,31,2,16,5097564,5097787,660.3,507.1,4,223,27,1,1,5,5,25,25,"one",1,11,0,0,0,1,1087,0,5,53,0,NA,0,NA,"C:/Data/corr_sacc/asc/JITT2.asc",0,0,14,33,462.5,804.5,476.1,53,39,25,NA
"2542",2,31,2,16,5097817,5097981,804.5,522.6,5,164,29,1,1,7,7,33,33,"and",0,8,0,0,0,1,1340,0,7,53,0,NA,0,NA,"C:/Data/corr_sacc/asc/JITT2.asc",0,0,25,27,660.3,712,507.1,53,28,33,NA
"2543",2,31,2,16,5098005,5098114,712,527.3,6,109,23,1,1,5,5,27,27,"one",3,6,0,0,0,1,1528,0,5,53,1,NA,0,NA,"C:/Data/corr_sacc/asc/JITT2.asc",0,0,33,25,804.5,662.5,522.6,53,20,27,NA
"2544",2,31,2,16,5098137,5098271,662.5,531.9,7,134,22,1,1,5,5,25,25,"one",1,2,0,0,0,1,1660,0,5,53,1,NA,0,NA,"C:/Data/corr_sacc/asc/JITT2.asc",0,0,27,39,712,919.4,527.3,53,26,25,NA
"2545",2,31,2,16,5098304,5098473,919.4,538.5,8,169,32,1,1,8,8,39,39,"nine",2,14,0,0,0,1,1827,0,8,53,0,NA,0,NA,"C:/Data/corr_sacc/asc/JITT2.asc",0,0,25,34,662.5,820.8,531.9,53,28,39,NA
"2546",2,31,2,16,5098498,5098726,820.8,530,9,228,24,1,1,7,7,34,34,"and",1,5,0,0,0,1,2021,0,7,53,1,NA,0,NA,"C:/Data/corr_sacc/asc/JITT2.asc",0,0,39,30,919.4,759.2,538.5,53,14,34,NA
"2547",2,31,2,16,5098745,5098938,759.2,525.4,10,193,18,1,1,6,6,30,30,"year",2,4,0,0,0,1,2268,0,6,53,1,NA,0,NA,"C:/Data/corr_sacc/asc/JITT2.asc",0,0,34,34,820.8,831.7,530,53,19,30,NA
"2548",2,31,2,16,5098962,5099104,831.7,531.8,11,142,23,1,1,7,7,34,34,"and",1,4,0,0,0,1,2485,0,7,53,1,NA,0,NA,"C:/Data/corr_sacc/asc/JITT2.asc",0,0,30,42,759.2,976.9,525.4,53,23,34,NA
"2549",2,31,2,16,5099130,5099416,976.9,537.3,12,286,25,1,1,9,9,42,42,"months",0,8,0,0,0,1,2653,0,9,53,0,NA,0,NA,"C:/Data/corr_sacc/asc/JITT2.asc",0,0,34,48,831.7,1090.1,531.8,53,19,42,NA
"2550",2,31,2,16,5099442,5099577,1090.1,544.6,13,135,25,1,1,9,9,48,48,"months",6,6,0,0,0,1,2965,0,9,53,0,NA,0,NA,"C:/Data/corr_sacc/asc/JITT2.asc",0,0,42,52,976.9,1145.5,537.3,53,11,48,NA
"2551",2,31,2,16,5099594,5099765,1145.5,542.7,14,171,16,1,1,10,10,52,52,"old,",3,4,0,0,0,1,3117,0,10,53,0,NA,0,NA,"C:/Data/corr_sacc/asc/JITT2.asc",1,0,48,14,1090.1,469,544.6,53,5,52,NA
"2552",2,31,2,16,5099829,5099917,469,673.4,15,88,63,1,2,13,13,67,14,"already",7,38,0,0,0,1,3352,0,3,70,0,NA,1,"undersweep","C:/Data/corr_sacc/asc/JITT2.asc",0,0,52,6,1145.5,330.7,542.7,53,1,14,1
"2553",2,31,2,16,5099942,5100067,330.7,698.3,16,125,24,1,2,12,12,59,6,"was",3,8,0,0,0,1,3465,0,2,70,1,NA,0,NA,"C:/Data/corr_sacc/asc/JITT2.asc",0,1,14,2,469,253.1,673.4,70,56,6,NA
"2554",2,31,2,16,5100091,5100295,253.1,701.2,17,204,23,1,2,11,11,55,2,"he",2,4,0,0,0,1,3614,0,1,70,1,NA,0,NA,"C:/Data/corr_sacc/asc/JITT2.asc",0,0,6,19,330.7,554,698.3,70,64,2,NA
"2555",2,31,2,16,5100340,5100485,554,719.6,18,145,44,1,2,14,14,72,19,"showing",4,17,0,0,0,1,3863,0,4,70,0,NA,0,NA,"C:/Data/corr_sacc/asc/JITT2.asc",0,0,2,28,253.1,729.8,701.2,70,68,19,NA
"2556",2,31,2,16,5100512,5100696,729.8,736.8,19,184,26,1,2,16,16,81,28,"impressive",2,9,0,0,0,1,4035,0,6,70,0,NA,0,NA,"C:/Data/corr_sacc/asc/JITT2.asc",0,0,19,27,554,701.4,719.6,70,51,28,NA
"2557",2,31,2,16,5100717,5100763,701.4,737,20,46,20,1,2,16,16,80,27,"impressive",1,1,0,0,0,1,4240,0,6,70,0,NA,0,NA,"C:/Data/corr_sacc/asc/JITT2.asc",0,0,28,40,729.8,932.6,736.8,70,42,27,NA
"2558",2,31,2,16,5100803,5101110,932.6,734.1,21,307,39,1,2,17,17,93,40,"aptitude",3,13,0,0,0,1,4326,0,7,70,0,NA,0,NA,"C:/Data/corr_sacc/asc/JITT2.asc",0,0,27,50,701.4,1110.7,737,70,43,40,NA
"2559",2,31,2,16,5101142,5101370,1110.7,716.1,22,228,31,1,2,19,19,103,50,"learning",0,10,0,0,0,1,4665,0,9,70,0,NA,0,NA,"C:/Data/corr_sacc/asc/JITT2.asc",0,0,40,47,932.6,1071.2,734.1,70,30,50,NA
"2560",2,31,2,16,5101384,5101488,1071.2,706.2,23,104,13,1,2,18,18,100,47,"for",1,3,0,0,0,1,4907,0,8,70,1,NA,0,NA,"C:/Data/corr_sacc/asc/JITT2.asc",0,0,50,60,1110.7,1303.4,716.1,70,20,47,NA
"2561",2,31,2,16,5101524,5101780,1303.4,703.4,24,256,35,1,2,20,20,113,60,"new",1,13,0,0,0,1,5047,0,10,70,0,NA,0,NA,"C:/Data/corr_sacc/asc/JITT2.asc",0,0,47,24,1071.2,650,706.2,70,23,60,NA
"2562",2,31,2,16,5101970,5102076,650,668.7,25,106,189,1,2,15,15,77,24,"an",1,36,1,0,0,1,5493,0,5,70,NA,NA,0,NA,"C:/Data/corr_sacc/asc/JITT2.asc",0,0,60,17,1303.4,522.9,703.4,70,10,24,NA
"2563",2,31,2,16,5102104,5102202,522.9,678.4,26,98,27,1,2,14,14,70,17,"showing",2,7,0,0,0,1,5627,0,4,70,1,NA,0,NA,"C:/Data/corr_sacc/asc/JITT2.asc",0,0,24,10,650,400.8,668.7,70,46,17,NA
"2564",2,31,2,16,5102241,5102441,400.8,483.3,27,200,38,1,1,3,3,10,10,"Alexander",0,7,0,0,0,1,5764,0,3,53,1,NA,0,NA,"C:/Data/corr_sacc/asc/JITT2.asc",0,0,17,6,522.9,333.3,678.4,70,53,10,NA
"2565",2,31,2,16,5102463,5102603,333.3,496,28,140,21,1,1,2,2,6,6,"King",1,4,0,0,0,1,5986,0,2,53,1,NA,0,NA,"C:/Data/corr_sacc/asc/JITT2.asc",NA,0,10,NA,400.8,NA,483.3,53,43,6,NA
"2566",2,31,2,16,NA,NA,NA,NA,NA,NA,NA,1,1,4,NA,NA,NA,"was",NA,NA,NA,NA,NA,NA,NA,NA,4,NA,NA,NA,NA,NA,"C:/Data/corr_sacc/asc/JITT2.asc",NA,0,6,NA,333.3,NA,496,53,47,NA,NA
"2567",2,31,2,16,NA,NA,NA,NA,NA,NA,NA,1,2,21,NA,NA,NA,"things.",NA,NA,NA,NA,NA,NA,NA,NA,11,NA,NA,NA,NA,NA,"C:/Data/corr_sacc/asc/JITT2.asc",0,NA,NA,NA,NA,NA,NA,NA,NA,NA,NA
"2568",2,18,1,17,5118491,5118650,376,465.8,1,159,23,1,1,2,2,7,7,"decided",5,NA,0,0,0,1,623,0,2,65,0,NA,0,NA,"C:/Data/corr_sacc/asc/JITT2.asc",0,0,NA,4,NA,329.6,NA,NA,NA,7,NA
"2569",2,18,1,17,5118668,5118771,329.6,467,2,103,17,1,1,2,2,4,4,"decided",2,3,0,0,0,1,800,0,2,65,0,NA,0,NA,"C:/Data/corr_sacc/asc/JITT2.asc",0,0,7,11,376,443.9,465.8,65,58,4,NA
"2570",2,18,1,17,5118797,5118847,443.9,476.9,3,50,25,1,1,3,3,11,11,"to",1,7,0,0,0,1,929,0,3,65,0,NA,0,NA,"C:/Data/corr_sacc/asc/JITT2.asc",0,0,4,18,329.6,573.9,467,65,61,11,NA
"2571",2,18,1,17,5119014,5119439,573.9,509.1,4,425,166,1,1,5,5,18,18,"a",1,7,1,0,0,1,1146,0,5,65,NA,NA,0,NA,"C:/Data/corr_sacc/asc/JITT2.asc",0,0,11,28,443.9,756.3,476.9,65,54,18,NA
"2572",2,18,1,17,5119469,5119614,756.3,529,5,145,29,1,1,8,8,28,28,"a",0,10,0,0,0,1,1601,0,8,65,0,NA,0,NA,"C:/Data/corr_sacc/asc/JITT2.asc",0,0,18,26,573.9,727.9,509.1,65,47,28,NA
"2573",2,18,1,17,5119635,5119780,727.9,533.4,6,145,20,1,1,7,7,26,26,"and",2,2,0,0,0,1,1767,0,7,65,1,NA,0,NA,"C:/Data/corr_sacc/asc/JITT2.asc",0,0,28,41,756.3,985.1,529,65,37,26,NA
"2574",2,18,1,17,5119929,5120125,985.1,538,7,196,148,1,1,11,11,41,41,"my",1,15,1,0,0,1,2061,0,11,65,NA,NA,0,NA,"C:/Data/corr_sacc/asc/JITT2.asc",0,0,26,36,727.9,906.4,533.4,65,39,41,NA
"2575",2,18,1,17,5120147,5120280,906.4,531.5,8,133,21,1,1,9,9,36,36,"jumper",6,5,0,0,0,1,2279,0,9,65,0,NA,0,NA,"C:/Data/corr_sacc/asc/JITT2.asc",0,0,41,39,985.1,960.3,538,65,24,36,NA
"2576",2,18,1,17,5120305,5120434,960.3,537,9,129,24,1,1,10,10,39,39,"in",2,3,0,0,0,1,2437,0,10,65,0,NA,0,NA,"C:/Data/corr_sacc/asc/JITT2.asc",0,0,36,47,906.4,1090.6,531.5,65,29,39,NA
"2577",2,18,1,17,5120459,5120630,1090.6,531.7,10,171,24,1,1,12,12,47,47,"backpack,",4,8,0,0,0,1,2591,0,12,65,0,NA,0,NA,"C:/Data/corr_sacc/asc/JITT2.asc",0,0,39,58,960.3,1306.3,537,65,26,47,NA
"2578",2,18,1,17,5120820,5121001,1306.3,533.9,11,181,189,1,1,14,14,58,58,"my",0,11,1,0,0,1,2952,0,14,65,NA,NA,0,NA,"C:/Data/corr_sacc/asc/JITT2.asc",0,0,47,57,1090.6,1275.1,531.7,65,18,58,NA
"2579",2,18,1,17,5121013,5121143,1275.1,534.7,12,130,11,1,1,13,13,57,57,"took",4,1,0,0,0,1,3145,0,13,65,0,NA,0,NA,"C:/Data/corr_sacc/asc/JITT2.asc",0,0,58,62,1306.3,1361,533.9,65,7,57,NA
"2580",2,18,1,17,5121166,5121291,1361,544.9,13,125,22,1,1,15,15,62,62,"keys",1,5,0,0,0,1,3298,0,15,65,0,NA,0,NA,"C:/Data/corr_sacc/asc/JITT2.asc",1,0,57,13,1275.1,490.4,534.7,65,8,62,NA
"2581",2,18,1,17,5121363,5121454,490.4,737.1,14,91,71,1,2,18,18,78,13,"towards",2,49,0,0,0,1,3495,0,3,47,0,NA,1,"undersweep","C:/Data/corr_sacc/asc/JITT2.asc",0,0,62,6,1361,369.3,544.9,65,3,13,1
"2582",2,18,1,17,5121479,5121769,369.3,738.1,15,290,24,1,2,17,17,71,6,"headed",2,7,0,0,0,1,3611,0,2,47,1,NA,0,NA,"C:/Data/corr_sacc/asc/JITT2.asc",0,1,13,19,490.4,596,737.1,47,34,6,NA
"2583",2,18,1,17,5121798,5121908,596,747.1,16,110,28,1,2,19,19,84,19,"the",0,13,0,0,0,1,3930,0,4,47,0,NA,0,NA,"C:/Data/corr_sacc/asc/JITT2.asc",0,0,6,27,369.3,737.3,738.1,47,41,19,NA
"2584",2,18,1,17,5121943,5122170,737.3,756.9,17,227,34,1,2,20,20,92,27,"underground",4,8,0,0,0,1,4075,0,5,47,0,NA,0,NA,"C:/Data/corr_sacc/asc/JITT2.asc",0,0,19,40,596,979.7,747.1,47,28,27,NA
"2585",2,18,1,17,5122204,5122377,979.7,745.4,18,173,33,1,2,21,21,105,40,"parking",5,13,0,0,0,1,4336,0,6,47,0,NA,0,NA,"C:/Data/corr_sacc/asc/JITT2.asc",0,0,27,44,737.3,1051.7,756.9,47,20,40,NA
"2586",2,18,1,17,5122582,5122670,1051.7,757.8,19,88,204,1,2,22,22,109,44,"lot.",1,4,1,0,0,1,4714,0,7,47,NA,NA,0,NA,"C:/Data/corr_sacc/asc/JITT2.asc",0,0,40,14,979.7,514.2,745.4,47,7,44,NA
"2587",2,18,1,17,5122732,5122795,514.2,619.7,20,63,61,1,1,4,18,14,14,"put",1,30,0,0,0,1,4864,1,4,65,1,NA,0,NA,"C:/Data/corr_sacc/asc/JITT2.asc",0,0,44,12,1051.7,476,757.8,47,3,14,NA
"2588",2,18,1,17,5122817,5122923,476,553.8,21,106,21,1,1,3,3,12,12,"to",2,2,0,0,0,1,4949,0,3,65,1,NA,0,NA,"C:/Data/corr_sacc/asc/JITT2.asc",0,0,14,8,514.2,390.5,619.7,65,51,12,NA
"2589",2,18,1,17,5122945,5123090,390.5,523.4,22,145,21,1,1,2,2,8,8,"decided",6,4,0,0,0,1,5077,0,2,65,1,NA,0,NA,"C:/Data/corr_sacc/asc/JITT2.asc",0,0,12,23,476,668.8,553.8,65,53,8,NA
"2590",2,18,1,17,5123250,5123378,668.8,543.8,23,128,159,1,1,6,6,23,23,"vest",4,15,1,0,0,1,5382,0,6,65,NA,NA,0,NA,"C:/Data/corr_sacc/asc/JITT2.asc",0,0,8,17,390.5,563.4,523.4,65,57,23,NA
"2591",2,18,1,17,5123403,5123606,563.4,538.6,24,203,24,1,1,5,5,17,17,"a",0,6,0,0,0,1,5535,0,5,65,1,NA,0,NA,"C:/Data/corr_sacc/asc/JITT2.asc",0,0,23,32,668.8,836.4,543.8,65,42,17,NA
"2592",2,18,1,17,5123640,5123827,836.4,535.6,25,187,33,1,1,9,9,32,32,"jumper",2,15,0,0,0,1,5772,0,9,65,1,NA,0,NA,"C:/Data/corr_sacc/asc/JITT2.asc",0,0,17,46,563.4,1078.8,538.6,65,48,32,NA
"2593",2,18,1,17,5123861,5124097,1078.8,529.9,26,236,33,1,1,12,12,46,46,"backpack,",3,14,0,0,0,1,5993,0,12,65,1,NA,0,NA,"C:/Data/corr_sacc/asc/JITT2.asc",0,0,32,57,836.4,1280.2,535.6,65,33,46,NA
"2594",2,18,1,17,5124127,5124224,1280.2,537.4,27,97,29,1,1,13,13,57,57,"took",4,11,0,0,0,1,6259,0,13,65,1,NA,0,NA,"C:/Data/corr_sacc/asc/JITT2.asc",0,0,46,60,1078.8,1327.5,529.9,65,19,57,NA
"2595",2,18,1,17,5124249,5124390,1327.5,541.8,28,141,24,1,1,14,14,60,60,"my",2,3,0,0,0,1,6381,0,14,65,1,NA,0,NA,"C:/Data/corr_sacc/asc/JITT2.asc",0,0,57,14,1280.2,507.4,537.4,65,8,60,NA
"2596",2,18,1,17,5124458,5124578,507.4,719.2,29,120,67,1,2,18,18,79,14,"towards",3,46,0,0,0,1,6590,0,3,47,1,NA,0,NA,"C:/Data/corr_sacc/asc/JITT2.asc",0,0,60,8,1327.5,405.1,541.8,65,5,14,NA
"2597",2,18,1,17,5124604,5124753,405.1,721.1,30,149,25,1,2,17,17,73,8,"headed",4,6,0,0,0,1,6736,0,2,47,1,NA,0,NA,"C:/Data/corr_sacc/asc/JITT2.asc",0,0,14,29,507.4,767.5,719.2,47,33,8,NA
"2598",2,18,1,17,5124802,5124924,767.5,732.1,31,122,48,1,2,20,20,94,29,"underground",6,21,0,0,0,1,6934,0,5,47,1,NA,0,NA,"C:/Data/corr_sacc/asc/JITT2.asc",0,0,8,39,405.1,948.5,721.1,47,39,29,NA
"2599",2,18,1,17,5124950,5125067,948.5,738.3,32,117,25,1,2,21,21,104,39,"parking",4,10,0,0,0,1,7082,0,6,47,1,NA,0,NA,"C:/Data/corr_sacc/asc/JITT2.asc",NA,0,29,NA,767.5,NA,732.1,47,18,39,NA
"2600",2,18,1,17,NA,NA,NA,NA,NA,NA,NA,1,1,1,NA,NA,NA,"I",NA,NA,NA,NA,NA,NA,NA,NA,1,NA,NA,NA,NA,NA,"C:/Data/corr_sacc/asc/JITT2.asc",NA,0,39,NA,948.5,NA,738.3,47,8,NA,NA
"2601",2,18,1,17,NA,NA,NA,NA,NA,NA,NA,1,2,16,NA,NA,NA,"and",NA,NA,NA,NA,NA,NA,NA,NA,1,NA,NA,NA,NA,NA,"C:/Data/corr_sacc/asc/JITT2.asc",0,NA,NA,NA,NA,NA,NA,NA,NA,NA,NA
"2602",2,75,1,18,5130757,5130902,412.8,481,1,145,27,1,1,3,3,12,12,"village",3,NA,0,0,0,1,694,0,3,53,0,NA,0,NA,"C:/Data/corr_sacc/asc/JITT2.asc",0,0,NA,8,NA,347,NA,NA,NA,12,NA
"2603",2,75,1,18,5130926,5131018,347,481.7,2,92,23,1,1,2,2,8,8,"poor",4,4,0,0,0,1,863,0,2,53,1,NA,0,NA,"C:/Data/corr_sacc/asc/JITT2.asc",0,0,12,23,412.8,611.2,481,53,41,8,NA
"2604",2,75,1,18,5131180,5131327,611.2,496,3,147,161,1,1,5,5,23,23,"expected",0,15,1,0,0,1,1117,0,5,53,NA,NA,0,NA,"C:/Data/corr_sacc/asc/JITT2.asc",0,0,8,9,347,364.3,481.7,53,45,23,NA
"2605",2,75,1,18,5131362,5131724,364.3,470,4,362,34,1,1,3,3,9,9,"village",0,14,0,0,0,1,1299,0,3,53,1,NA,0,NA,"C:/Data/corr_sacc/asc/JITT2.asc",0,0,23,6,611.2,312.2,496,53,30,9,NA
"2606",2,75,1,18,5131744,5131974,312.2,489.4,5,230,19,1,1,2,2,6,6,"poor",2,3,0,0,0,1,1681,0,2,53,1,NA,0,NA,"C:/Data/corr_sacc/asc/JITT2.asc",0,0,9,3,364.3,259.7,470,53,44,6,NA
"2607",2,75,1,18,5131997,5132121,259.7,493.4,6,124,22,1,1,1,1,3,3,"The",3,3,0,0,0,1,1934,0,1,53,1,NA,0,NA,"C:/Data/corr_sacc/asc/JITT2.asc",0,0,6,12,312.2,412.4,489.4,53,47,3,NA
"2608",2,75,1,18,5132150,5132330,412.4,495.8,7,180,28,1,1,3,3,12,12,"village",3,9,0,0,0,1,2087,0,3,53,1,NA,0,NA,"C:/Data/corr_sacc/asc/JITT2.asc",0,0,3,20,259.7,556.5,493.4,53,50,12,NA
"2609",2,75,1,18,5132358,5132628,556.5,498.4,8,270,27,1,1,4,4,20,20,"women",3,8,0,0,0,1,2295,0,4,53,0,NA,0,NA,"C:/Data/corr_sacc/asc/JITT2.asc",0,0,12,29,412.4,721.2,495.8,53,41,20,NA
"2610",2,75,1,18,5132658,5132754,721.2,505.9,9,96,29,1,1,5,5,29,29,"expected",6,9,0,0,0,1,2595,0,5,53,0,NA,0,NA,"C:/Data/corr_sacc/asc/JITT2.asc",0,0,20,32,556.5,775.7,498.4,53,33,29,NA
"2611",2,75,1,18,5132918,5133143,775.7,508.9,10,225,163,1,1,6,6,32,32,"many",0,3,1,0,0,1,2855,0,6,53,NA,NA,0,NA,"C:/Data/corr_sacc/asc/JITT2.asc",0,0,29,37,721.2,863.1,505.9,53,24,32,NA
"2612",2,75,1,18,5133168,5133414,863.1,501.8,11,246,24,1,1,7,7,37,37,"crimes",0,5,0,0,0,1,3105,0,7,53,0,NA,0,NA,"C:/Data/corr_sacc/asc/JITT2.asc",0,0,32,43,775.7,974.2,508.9,53,21,37,NA
"2613",2,75,1,18,5133440,5133569,974.2,514.8,12,129,25,1,1,7,7,43,43,"crimes",6,6,0,0,0,1,3377,0,7,53,0,NA,0,NA,"C:/Data/corr_sacc/asc/JITT2.asc",0,0,37,47,863.1,1051,501.8,53,16,43,NA
"2614",2,75,1,18,5133595,5133829,1051,514.4,13,234,25,1,1,9,9,47,47,"happen",0,4,0,0,0,1,3532,0,9,53,0,NA,0,NA,"C:/Data/corr_sacc/asc/JITT2.asc",1,0,43,11,974.2,407.2,514.8,53,10,47,NA
"2615",2,75,1,18,5133888,5133984,407.2,679.6,14,96,58,1,2,12,12,64,11,"long",0,36,0,0,0,1,3825,0,3,37,0,NA,1,"undersweep","C:/Data/corr_sacc/asc/JITT2.asc",0,0,47,5,1051,301.1,514.4,53,6,11,1
"2616",2,75,1,18,5134015,5134263,301.1,698.1,15,248,30,1,2,10,10,58,5,"during",5,6,0,0,0,1,3952,0,1,37,1,NA,0,NA,"C:/Data/corr_sacc/asc/JITT2.asc",0,1,11,15,407.2,478,679.6,37,26,5,NA
"2617",2,75,1,18,5134301,5134455,478,717.8,16,154,37,1,2,12,12,68,15,"long",4,10,0,0,0,1,4238,0,3,37,1,NA,0,NA,"C:/Data/corr_sacc/asc/JITT2.asc",0,0,5,20,301.1,568.5,698.1,37,32,15,NA
"2618",2,75,1,18,5134601,5134747,568.5,684,17,146,145,1,2,14,14,73,20,"bloody",0,5,1,0,0,1,4538,0,5,37,NA,NA,0,NA,"C:/Data/corr_sacc/asc/JITT2.asc",0,0,15,25,478,646.3,717.8,37,22,20,NA
"2619",2,75,1,18,5134779,5135014,646.3,711.3,18,235,31,1,2,14,14,78,25,"bloody",5,5,0,0,0,1,4716,0,5,37,0,NA,0,NA,"C:/Data/corr_sacc/asc/JITT2.asc",0,0,20,31,568.5,766.9,684,37,17,25,NA
"2620",2,75,1,18,5135038,5135245,766.9,707.7,19,207,23,1,2,15,15,84,31,"civil",4,6,0,0,0,1,4975,0,6,37,0,NA,0,NA,"C:/Data/corr_sacc/asc/JITT2.asc",0,0,25,34,646.3,815.7,711.3,37,12,31,NA
"2621",2,75,1,18,5135268,5135379,815.7,701.3,20,111,22,1,2,16,16,87,34,"war.",1,3,0,0,0,1,5205,0,7,37,0,NA,0,NA,"C:/Data/corr_sacc/asc/JITT2.asc",0,0,31,9,766.9,365.8,707.7,37,6,34,NA
"2622",2,75,1,18,5135433,5135624,365.8,666.4,21,191,53,1,2,11,11,62,9,"the",2,25,0,0,0,1,5370,0,2,37,1,NA,0,NA,"C:/Data/corr_sacc/asc/JITT2.asc",0,0,34,8,815.7,351,701.3,37,3,9,NA
"2623",2,75,1,18,5135792,5135874,351,680.8,22,82,167,1,2,11,11,61,8,"the",1,1,1,0,0,1,5729,0,2,37,NA,NA,0,NA,"C:/Data/corr_sacc/asc/JITT2.asc",0,0,9,16,365.8,496.9,666.4,37,28,8,NA
"2624",2,75,1,18,5135912,5136109,496.9,697.7,23,197,37,1,2,13,13,69,16,"and",0,8,0,0,0,1,5849,0,4,37,1,NA,0,NA,"C:/Data/corr_sacc/asc/JITT2.asc",0,0,8,20,351,561.8,680.8,37,29,16,NA
"2625",2,75,1,18,5136133,5136279,561.8,709.8,24,146,23,1,2,14,14,73,20,"bloody",0,4,0,0,0,1,6070,0,5,37,1,NA,0,NA,"C:/Data/corr_sacc/asc/JITT2.asc",0,0,16,26,496.9,676.2,697.7,37,21,20,NA
"2626",2,75,1,18,5136303,5136474,676.2,713.5,25,171,23,1,2,14,14,79,26,"bloody",6,6,0,0,0,1,6240,0,5,37,1,NA,0,NA,"C:/Data/corr_sacc/asc/JITT2.asc",0,0,20,33,561.8,803.5,709.8,37,17,26,NA
"2627",2,75,1,18,5136499,5136666,803.5,709.4,26,167,24,1,2,16,16,86,33,"war.",0,7,0,0,0,1,6436,0,7,37,1,NA,0,NA,"C:/Data/corr_sacc/asc/JITT2.asc",0,0,26,36,676.2,850,713.5,37,11,33,NA
"2628",2,75,1,18,5136688,5136867,850,716,27,179,21,1,2,16,16,89,36,"war.",3,3,0,0,0,1,6625,0,7,37,1,NA,0,NA,"C:/Data/corr_sacc/asc/JITT2.asc",0,0,33,9,803.5,368.1,709.4,37,4,36,NA
"2629",2,75,1,18,5136913,5137039,368.1,505.8,28,126,45,1,1,3,3,9,9,"village",0,27,0,0,0,1,6850,0,3,53,1,NA,0,NA,"C:/Data/corr_sacc/asc/JITT2.asc",0,0,36,5,850,300.2,716,37,1,9,NA
"2630",2,75,1,18,5137063,5137151,300.2,499.4,29,88,23,1,1,2,2,5,5,"poor",1,4,0,0,0,1,7000,0,2,53,1,NA,0,NA,"C:/Data/corr_sacc/asc/JITT2.asc",0,0,9,20,368.1,559.4,505.8,53,44,5,NA
"2631",2,75,1,18,5137337,5137510,559.4,486,30,173,185,1,1,4,4,20,20,"women",3,15,1,0,0,1,7274,0,4,53,NA,NA,0,NA,"C:/Data/corr_sacc/asc/JITT2.asc",0,0,5,16,300.2,486.7,499.4,53,48,20,NA
"2632",2,75,1,18,5137532,5137758,486.7,473.7,31,226,21,1,1,3,3,16,16,"village",7,4,0,0,0,1,7469,0,3,53,1,NA,0,NA,"C:/Data/corr_sacc/asc/JITT2.asc",0,0,20,28,559.4,707.8,486,53,33,16,NA
"2633",2,75,1,18,5137794,5138027,707.8,480.8,32,233,35,1,1,5,5,28,28,"expected",5,12,0,0,0,1,7731,0,5,53,1,NA,0,NA,"C:/Data/corr_sacc/asc/JITT2.asc",0,0,16,38,486.7,878.4,473.7,53,37,28,NA
"2634",2,75,1,18,5138054,5138358,878.4,489.7,33,304,26,1,1,7,7,38,38,"crimes",1,10,0,0,0,1,7991,0,7,53,1,NA,0,NA,"C:/Data/corr_sacc/asc/JITT2.asc",0,0,28,47,707.8,1046.8,480.8,53,25,38,NA
"2635",2,75,1,18,5138393,5138526,1046.8,509.8,34,133,34,1,1,9,9,47,47,"happen",0,9,0,0,0,1,8330,0,9,53,1,NA,0,NA,"C:/Data/corr_sacc/asc/JITT2.asc",0,0,38,50,878.4,1094.5,489.7,53,15,47,NA
"2636",2,75,1,18,5138549,5138673,1094.5,508,35,124,22,1,1,9,9,50,50,"happen",3,3,0,0,0,1,8486,0,9,53,1,NA,0,NA,"C:/Data/corr_sacc/asc/JITT2.asc",0,0,47,14,1046.8,448.1,509.8,53,6,50,NA
"2637",2,75,1,18,5138736,5138835,448.1,663.6,36,99,62,1,2,12,12,67,14,"long",3,36,0,0,0,1,8673,0,3,37,1,NA,0,NA,"C:/Data/corr_sacc/asc/JITT2.asc",0,0,50,7,1094.5,332.4,508,53,3,14,NA
"2638",2,75,1,18,5138860,5139104,332.4,677.9,37,244,24,1,2,11,11,60,7,"the",0,7,0,0,0,1,8797,0,2,37,1,NA,0,NA,"C:/Data/corr_sacc/asc/JITT2.asc",0,0,14,20,448.1,570.3,663.6,37,23,7,NA
"2639",2,75,1,18,5139148,5139230,570.3,702.1,38,82,43,1,2,14,14,73,20,"bloody",0,13,0,0,0,1,9085,0,5,37,1,NA,0,NA,"C:/Data/corr_sacc/asc/JITT2.asc",0,0,7,20,332.4,563.7,677.9,37,30,20,NA
"2640",2,75,1,18,5139396,5139501,563.7,683.4,39,105,165,1,2,14,14,73,20,"bloody",0,0,1,0,0,1,9333,0,5,37,NA,NA,0,NA,"C:/Data/corr_sacc/asc/JITT2.asc",0,0,20,27,570.3,689,702.1,37,17,20,NA
"2641",2,75,1,18,5139530,5139655,689,685.7,40,125,28,1,2,15,15,80,27,"civil",0,7,0,0,0,1,9467,0,6,37,1,NA,0,NA,"C:/Data/corr_sacc/asc/JITT2.asc",0,0,20,34,563.7,810.9,683.4,37,17,27,NA
"2642",2,75,1,18,5139678,5139824,810.9,685,41,146,22,1,2,16,16,87,34,"war.",1,7,0,0,0,1,9615,0,7,37,1,NA,0,NA,"C:/Data/corr_sacc/asc/JITT2.asc",0,0,27,35,689,829.4,685.7,37,10,34,NA
"2643",2,75,1,18,5139840,5139921,829.4,679.7,42,81,15,1,2,16,16,88,35,"war.",2,1,0,0,0,1,9777,0,7,37,1,NA,0,NA,"C:/Data/corr_sacc/asc/JITT2.asc",0,0,34,12,810.9,411.2,685,37,3,35,NA
"2644",2,75,1,18,5139966,5140092,411.2,473.3,43,126,44,1,1,3,3,12,12,"village",3,23,0,0,0,1,9903,0,3,53,1,NA,0,NA,"C:/Data/corr_sacc/asc/JITT2.asc",0,0,35,7,829.4,324.3,679.7,37,2,12,NA
"2645",2,75,1,18,5140115,5140290,324.3,452.9,44,175,22,1,1,2,2,7,7,"poor",3,5,0,0,0,1,10052,0,2,53,1,NA,0,NA,"C:/Data/corr_sacc/asc/JITT2.asc",0,0,12,23,411.2,615.2,473.3,53,41,7,NA
"2646",2,75,1,18,5140325,5140505,615.2,455.2,45,180,34,1,1,5,5,23,23,"expected",0,16,0,0,0,1,10262,0,5,53,1,NA,0,NA,"C:/Data/corr_sacc/asc/JITT2.asc",0,0,7,43,324.3,975.5,452.9,53,46,23,NA
"2647",2,75,1,18,5140545,5140677,975.5,500.2,46,132,39,1,1,7,7,43,43,"crimes",6,20,0,0,0,1,10482,0,7,53,1,NA,0,NA,"C:/Data/corr_sacc/asc/JITT2.asc",NA,0,23,NA,615.2,NA,455.2,53,30,43,NA
"2648",2,75,1,18,NA,NA,NA,NA,NA,NA,NA,1,1,8,NA,NA,NA,"to",NA,NA,NA,NA,NA,NA,NA,NA,8,NA,NA,NA,NA,NA,"C:/Data/corr_sacc/asc/JITT2.asc",0,0,43,NA,975.5,NA,500.2,53,10,NA,NA
"2649",2,71,3,19,5158501,5158618,490.4,535.6,1,117,29,1,1,3,3,13,13,"nurse",3,NA,0,0,0,1,832,0,3,55,0,NA,0,NA,"C:/Data/corr_sacc/asc/JITT2.asc",0,0,NA,7,NA,384.7,NA,NA,NA,13,NA
"2650",2,71,3,19,5158642,5158873,384.7,528,2,231,23,1,1,2,2,7,7,"witty",3,6,0,0,0,1,973,0,2,55,1,NA,0,NA,"C:/Data/corr_sacc/asc/JITT2.asc",0,0,13,13,490.4,487.4,535.6,55,42,7,NA
"2651",2,71,3,19,5158897,5158942,487.4,523.7,3,45,23,1,1,3,3,13,13,"nurse",3,6,0,0,0,1,1228,0,3,55,1,NA,0,NA,"C:/Data/corr_sacc/asc/JITT2.asc",0,0,7,18,384.7,585,528,55,48,13,NA
"2652",2,71,3,19,5159088,5159213,585,506.7,4,125,145,1,1,4,4,18,18,"could",2,5,1,0,0,1,1419,0,4,55,NA,NA,0,NA,"C:/Data/corr_sacc/asc/JITT2.asc",0,0,13,24,487.4,687.4,523.7,55,42,18,NA
"2653",2,71,3,19,5159237,5159466,687.4,510.2,5,229,23,1,1,5,5,24,24,"not",2,6,0,0,0,1,1568,0,5,55,0,NA,0,NA,"C:/Data/corr_sacc/asc/JITT2.asc",0,0,18,31,585,811.1,506.7,55,37,24,NA
"2654",2,71,3,19,5159491,5159683,811.1,513.4,6,192,24,1,1,7,7,31,31,"her",0,7,0,0,0,1,1822,0,7,55,0,NA,0,NA,"C:/Data/corr_sacc/asc/JITT2.asc",0,0,24,36,687.4,907.2,510.2,55,31,31,NA
"2655",2,71,3,19,5159707,5159937,907.2,526.1,7,230,23,1,1,8,8,36,36,"card",1,5,0,0,0,1,2038,0,8,55,0,NA,0,NA,"C:/Data/corr_sacc/asc/JITT2.asc",0,0,31,42,811.1,1018.2,513.4,55,24,36,NA
"2656",2,71,3,19,5160087,5160201,1018.2,517.8,8,114,149,1,1,9,9,42,42,"at",2,6,1,0,0,1,2418,0,9,55,NA,NA,0,NA,"C:/Data/corr_sacc/asc/JITT2.asc",0,0,36,47,907.2,1105.5,526.1,55,19,42,NA
"2657",2,71,3,19,5160226,5160458,1105.5,524.2,9,232,24,1,1,11,11,47,47,"shopping",0,5,0,0,0,1,2557,0,11,55,0,NA,0,NA,"C:/Data/corr_sacc/asc/JITT2.asc",0,0,42,53,1018.2,1208.2,517.8,55,13,47,NA
"2658",2,71,3,19,5160480,5160737,1208.2,526.9,10,257,21,1,1,11,11,53,53,"shopping",6,6,0,0,0,1,2811,0,11,55,0,NA,0,NA,"C:/Data/corr_sacc/asc/JITT2.asc",1,0,47,16,1105.5,544.8,524.2,55,8,53,NA
"2659",2,71,3,19,5160799,5160872,544.8,687.9,11,73,61,1,2,14,14,71,16,"searching",5,37,0,0,0,1,3130,0,3,43,0,NA,1,"undersweep","C:/Data/corr_sacc/asc/JITT2.asc",0,0,53,9,1208.2,411.9,526.9,55,2,16,1
"2660",2,71,3,19,5160905,5161031,411.9,704.1,12,126,32,1,2,13,13,64,9,"after",4,7,0,0,0,1,3236,0,2,43,1,NA,0,NA,"C:/Data/corr_sacc/asc/JITT2.asc",0,1,16,6,544.8,373,687.9,43,27,9,NA
"2661",2,71,3,19,5161052,5161208,373,716.4,13,156,20,1,2,13,13,61,6,"after",1,3,0,0,0,1,3383,0,2,43,1,NA,0,NA,"C:/Data/corr_sacc/asc/JITT2.asc",0,0,9,13,411.9,487.4,704.1,43,34,6,NA
"2662",2,71,3,19,5161240,5161325,487.4,715.6,14,85,31,1,2,14,14,68,13,"searching",2,7,0,0,0,1,3571,0,3,43,1,NA,0,NA,"C:/Data/corr_sacc/asc/JITT2.asc",0,0,6,24,373,696.7,716.4,43,37,13,NA
"2663",2,71,3,19,5161491,5161685,696.7,716.2,15,194,165,1,2,15,15,79,24,"thoroughly",3,11,1,0,0,1,3822,0,4,43,NA,NA,0,NA,"C:/Data/corr_sacc/asc/JITT2.asc",0,0,13,22,487.4,652,715.6,43,30,24,NA
"2664",2,71,3,19,5161702,5161890,652,719.4,16,188,16,1,2,15,15,77,22,"thoroughly",1,2,0,0,0,1,4033,0,4,43,0,NA,0,NA,"C:/Data/corr_sacc/asc/JITT2.asc",0,0,24,31,696.7,824.6,716.2,43,19,22,NA
"2665",2,71,3,19,5161920,5162118,824.6,733.7,17,198,29,1,2,15,15,86,31,"thoroughly",10,9,0,0,0,1,4251,0,4,43,0,NA,0,NA,"C:/Data/corr_sacc/asc/JITT2.asc",0,0,22,41,652,995.6,719.4,43,21,31,NA
"2666",2,71,3,19,5162146,5162279,995.6,747.7,18,133,27,1,2,18,18,96,41,"bag.",2,10,0,0,0,1,4477,0,7,43,0,NA,0,NA,"C:/Data/corr_sacc/asc/JITT2.asc",0,0,31,NA,824.6,1048.7,733.7,43,12,41,NA
"2667",2,71,3,19,5162304,5162530,1048.7,744.9,19,226,24,NA,2,NA,NA,NA,NA,NA,NA,NA,0,0,1,1,4635,NA,NA,43,NA,NA,0,NA,"C:/Data/corr_sacc/asc/JITT2.asc",0,0,41,35,995.6,879.5,747.7,43,2,46,NA
"2668",2,71,3,19,5162708,5163008,879.5,584.7,20,300,177,1,1,8,8,35,35,"card",0,NA,1,0,0,1,5039,0,8,55,NA,NA,0,NA,"C:/Data/corr_sacc/asc/JITT2.asc",0,0,NA,19,1048.7,599.9,744.9,43,NA,35,NA
"2669",2,71,3,19,5163048,5163177,599.9,548.1,21,129,39,1,1,4,4,19,19,"could",3,16,0,0,0,1,5379,0,4,55,1,NA,0,NA,"C:/Data/corr_sacc/asc/JITT2.asc",0,0,35,12,879.5,468.1,584.7,55,20,19,NA
"2670",2,71,3,19,5163200,5163370,468.1,509,22,170,22,1,1,3,3,12,12,"nurse",2,7,0,0,0,1,5531,0,3,55,1,NA,0,NA,"C:/Data/corr_sacc/asc/JITT2.asc",0,0,19,25,599.9,708,548.1,55,36,12,NA
"2671",2,71,3,19,5163410,5163670,708,505,23,260,39,1,1,5,5,25,25,"not",3,13,0,0,0,1,5741,0,5,55,1,NA,0,NA,"C:/Data/corr_sacc/asc/JITT2.asc",0,0,12,35,468.1,892.8,509,55,43,25,NA
"2672",2,71,3,19,5163698,5163928,892.8,504.8,24,230,27,1,1,8,8,35,35,"card",0,10,0,0,0,1,6029,0,8,55,1,NA,0,NA,"C:/Data/corr_sacc/asc/JITT2.asc",0,0,25,45,708,1076.2,505,55,30,35,NA
"2673",2,71,3,19,5163968,5164049,1076.2,508.9,25,81,39,1,1,10,10,45,45,"the",2,10,0,0,0,1,6299,0,10,55,1,NA,0,NA,"C:/Data/corr_sacc/asc/JITT2.asc",0,0,35,52,892.8,1198.3,504.8,55,20,45,NA
"2674",2,71,3,19,5164075,5164269,1198.3,516.2,26,194,25,1,1,11,11,52,52,"shopping",5,7,0,0,0,1,6406,0,11,55,1,NA,0,NA,"C:/Data/corr_sacc/asc/JITT2.asc",0,0,45,46,1076.2,1087.5,508.9,55,10,52,NA
"2675",2,71,3,19,5164295,5164421,1087.5,510.9,27,126,25,1,1,10,10,46,46,"the",3,6,0,0,0,1,6626,0,10,55,1,NA,0,NA,"C:/Data/corr_sacc/asc/JITT2.asc",0,0,52,22,1198.3,652.7,516.2,55,3,46,NA
"2676",2,71,3,19,5164476,5164653,652.7,682.5,28,177,54,1,2,15,15,77,22,"thoroughly",1,24,0,0,0,1,6807,0,4,43,1,NA,0,NA,"C:/Data/corr_sacc/asc/JITT2.asc",0,0,46,36,1087.5,905.8,510.9,55,9,22,NA
"2677",2,71,3,19,5164688,5164753,905.8,693.9,29,65,34,1,2,17,17,91,36,"her",1,14,0,0,0,1,7019,0,6,43,1,NA,0,NA,"C:/Data/corr_sacc/asc/JITT2.asc",NA,0,22,NA,652.7,NA,682.5,43,21,36,NA
"2678",2,71,3,19,NA,NA,NA,NA,NA,NA,NA,1,1,1,NA,NA,NA,"The",NA,NA,NA,NA,NA,NA,NA,NA,1,NA,NA,NA,NA,NA,"C:/Data/corr_sacc/asc/JITT2.asc",NA,0,36,NA,905.8,NA,693.9,43,7,NA,NA
"2679",2,71,3,19,NA,NA,NA,NA,NA,NA,NA,1,1,6,NA,NA,NA,"find",NA,NA,NA,NA,NA,NA,NA,NA,6,NA,NA,NA,NA,NA,"C:/Data/corr_sacc/asc/JITT2.asc",NA,NA,NA,NA,NA,NA,NA,NA,NA,NA,NA
"2680",2,71,3,19,NA,NA,NA,NA,NA,NA,NA,1,2,12,NA,NA,NA,"mall",NA,NA,NA,NA,NA,NA,NA,NA,1,NA,NA,NA,NA,NA,"C:/Data/corr_sacc/asc/JITT2.asc",NA,NA,NA,NA,NA,NA,NA,NA,NA,NA,NA
"2681",2,71,3,19,NA,NA,NA,NA,NA,NA,NA,1,2,16,NA,NA,NA,"in",NA,NA,NA,NA,NA,NA,NA,NA,5,NA,NA,NA,NA,NA,"C:/Data/corr_sacc/asc/JITT2.asc",0,NA,NA,NA,NA,NA,NA,NA,NA,NA,NA
"2682",2,26,3,20,5167704,5167975,446,520.1,1,271,25,1,1,3,3,9,9,"nothing",2,NA,0,0,0,1,477,0,3,65,0,NA,0,NA,"C:/Data/corr_sacc/asc/JITT2.asc",0,0,NA,21,NA,648.3,NA,NA,NA,9,NA
"2683",2,26,3,20,5168005,5168108,648.3,533.8,2,103,29,1,1,5,5,21,21,"do,",3,12,0,0,0,1,778,0,5,65,0,NA,0,NA,"C:/Data/corr_sacc/asc/JITT2.asc",0,0,9,32,446,860.5,520.1,65,56,21,NA
"2684",2,26,3,20,5168258,5168382,860.5,548,3,124,149,1,1,8,8,32,32,"walked",4,11,1,0,0,1,1031,0,8,65,NA,NA,0,NA,"C:/Data/corr_sacc/asc/JITT2.asc",0,0,21,28,648.3,781.9,533.8,65,44,32,NA
"2685",2,26,3,20,5168406,5168583,781.9,533.9,4,177,23,1,1,8,8,28,28,"walked",0,4,0,0,0,1,1179,0,8,65,0,NA,0,NA,"C:/Data/corr_sacc/asc/JITT2.asc",0,0,32,42,860.5,1030.5,548,65,33,28,NA
"2686",2,26,3,20,5168620,5168879,1030.5,554.2,5,259,36,1,1,9,9,42,42,"aimlessly",7,14,0,0,0,1,1393,0,9,65,0,NA,0,NA,"C:/Data/corr_sacc/asc/JITT2.asc",0,0,28,52,781.9,1203.9,533.9,65,37,42,NA
"2687",2,26,3,20,5168909,5169278,1203.9,563.9,6,369,29,1,1,12,12,52,52,"forested",0,10,0,0,0,1,1682,0,12,65,0,NA,0,NA,"C:/Data/corr_sacc/asc/JITT2.asc",0,0,42,32,1030.5,860.9,554.2,65,23,52,NA
"2688",2,26,3,20,5169329,5169443,860.9,549.7,7,114,50,1,1,8,8,32,32,"walked",4,20,0,0,0,1,2102,0,8,65,1,NA,0,NA,"C:/Data/corr_sacc/asc/JITT2.asc",0,0,52,28,1203.9,783.9,563.9,65,13,32,NA
"2689",2,26,3,20,5169468,5169762,783.9,549.3,8,294,24,1,1,8,8,28,28,"walked",0,4,0,0,0,1,2241,0,8,65,1,NA,0,NA,"C:/Data/corr_sacc/asc/JITT2.asc",0,0,32,51,860.9,1186.1,549.7,65,33,28,NA
"2690",2,26,3,20,5169814,5169964,1186.1,557.1,9,150,51,1,1,11,11,51,51,"the",3,23,0,0,0,1,2587,0,11,65,1,NA,0,NA,"C:/Data/corr_sacc/asc/JITT2.asc",0,0,28,57,783.9,1303.4,549.3,65,37,51,NA
"2691",2,26,3,20,5170125,5170170,1303.4,570.1,10,45,160,1,1,12,12,57,57,"forested",5,6,1,0,0,1,2898,0,12,65,NA,NA,0,NA,"C:/Data/corr_sacc/asc/JITT2.asc",0,0,51,62,1186.1,1394.2,557.1,65,14,57,NA
"2692",2,26,3,20,5170197,5170332,1394.2,556.7,11,135,26,1,1,13,13,62,62,"area",1,5,0,0,0,1,2970,0,13,65,0,NA,0,NA,"C:/Data/corr_sacc/asc/JITT2.asc",0,0,57,65,1303.4,1443.2,570.1,65,8,62,NA
"2693",2,26,3,20,5170351,5170495,1443.2,553.4,12,144,18,1,1,13,13,65,65,"area",4,3,0,0,0,1,3124,0,13,65,0,NA,0,NA,"C:/Data/corr_sacc/asc/JITT2.asc",1,0,62,12,1394.2,501.1,556.7,65,3,65,NA
"2694",2,26,3,20,5170557,5170681,501.1,724.6,13,124,61,1,2,16,16,77,12,"parents",2,53,0,0,0,1,3330,0,3,52,0,NA,1,"undersweep","C:/Data/corr_sacc/asc/JITT2.asc",0,0,65,8,1443.2,427.5,553.4,65,0,12,1
"2695",2,26,3,20,5170707,5170917,427.5,744.3,14,210,25,1,2,15,15,73,8,"our",2,4,0,0,0,1,3480,0,2,52,1,NA,0,NA,"C:/Data/corr_sacc/asc/JITT2.asc",0,1,12,19,501.1,611.4,724.6,52,40,8,NA
"2696",2,26,3,20,5170947,5171113,611.4,744.7,15,166,29,1,2,17,17,84,19,"called",1,11,0,0,0,1,3720,0,4,52,0,NA,0,NA,"C:/Data/corr_sacc/asc/JITT2.asc",0,0,8,26,427.5,746.1,744.3,52,44,19,NA
"2697",2,26,3,20,5171139,5171308,746.1,740.4,16,169,25,1,2,18,18,91,26,"us",1,7,0,0,0,1,3912,0,5,52,0,NA,0,NA,"C:/Data/corr_sacc/asc/JITT2.asc",0,0,19,34,611.4,884.5,744.7,52,33,26,NA
"2698",2,26,3,20,5171337,5171513,884.5,737.3,17,176,28,1,2,20,20,99,34,"come",3,8,0,0,0,1,4110,0,7,52,0,NA,0,NA,"C:/Data/corr_sacc/asc/JITT2.asc",0,0,26,31,746.1,826.8,740.4,52,26,34,NA
"2699",2,26,3,20,5171534,5171642,826.8,739.1,18,108,20,1,2,20,20,96,31,"come",0,3,0,0,0,1,4307,0,7,52,0,NA,0,NA,"C:/Data/corr_sacc/asc/JITT2.asc",0,0,34,40,884.5,1004.2,737.3,52,18,31,NA
"2700",2,26,3,20,5171670,5171807,1004.2,725.8,19,137,27,1,2,21,21,105,40,"back",4,9,0,0,0,1,4443,0,8,52,0,NA,0,NA,"C:/Data/corr_sacc/asc/JITT2.asc",0,0,31,48,826.8,1136.7,739.1,52,21,40,NA
"2701",2,26,3,20,5171834,5172123,1136.7,729.5,20,289,26,1,2,23,23,113,48,"dinner.",3,8,0,0,0,1,4607,0,10,52,0,NA,0,NA,"C:/Data/corr_sacc/asc/JITT2.asc",0,0,40,20,1004.2,631.4,725.8,52,12,48,NA
"2702",2,26,3,20,5172174,5172235,631.4,562.8,21,61,50,1,1,5,5,20,20,"do,",2,28,0,0,0,1,4947,0,5,65,1,NA,0,NA,"C:/Data/corr_sacc/asc/JITT2.asc",0,0,48,12,1136.7,496.7,729.5,52,4,20,NA
"2703",2,26,3,20,5172262,5172510,496.7,505,22,248,26,1,1,3,3,12,12,"nothing",5,8,0,0,0,1,5035,0,3,65,1,NA,0,NA,"C:/Data/corr_sacc/asc/JITT2.asc",0,0,20,34,631.4,884.1,562.8,65,45,12,NA
"2704",2,26,3,20,5172560,5172732,884.1,535.6,23,172,49,1,1,8,8,34,34,"walked",6,22,0,0,0,1,5333,0,8,65,1,NA,0,NA,"C:/Data/corr_sacc/asc/JITT2.asc",0,0,12,29,496.7,805.8,505,65,53,34,NA
"2705",2,26,3,20,5172756,5172938,805.8,532,24,182,23,1,1,8,8,29,29,"walked",1,5,0,0,0,1,5529,0,8,65,1,NA,0,NA,"C:/Data/corr_sacc/asc/JITT2.asc",0,0,34,56,884.1,1278.2,535.6,65,31,29,NA
"2706",2,26,3,20,5172983,5173202,1278.2,540.9,25,219,44,1,1,12,12,56,56,"forested",4,27,0,0,0,1,5756,0,12,65,1,NA,0,NA,"C:/Data/corr_sacc/asc/JITT2.asc",NA,0,29,NA,805.8,NA,532,65,36,56,NA
"2707",2,26,3,20,NA,NA,NA,NA,NA,NA,NA,1,1,1,NA,NA,NA,"We",NA,NA,NA,NA,NA,NA,NA,NA,1,NA,NA,NA,NA,NA,"C:/Data/corr_sacc/asc/JITT2.asc",NA,0,56,NA,1278.2,NA,540.9,65,9,NA,NA
"2708",2,26,3,20,NA,NA,NA,NA,NA,NA,NA,1,1,2,NA,NA,NA,"had",NA,NA,NA,NA,NA,NA,NA,NA,2,NA,NA,NA,NA,NA,"C:/Data/corr_sacc/asc/JITT2.asc",NA,NA,NA,NA,NA,NA,NA,NA,NA,NA,NA
"2709",2,26,3,20,NA,NA,NA,NA,NA,NA,NA,1,1,4,NA,NA,NA,"to",NA,NA,NA,NA,NA,NA,NA,NA,4,NA,NA,NA,NA,NA,"C:/Data/corr_sacc/asc/JITT2.asc",NA,NA,NA,NA,NA,NA,NA,NA,NA,NA,NA
"2710",2,26,3,20,NA,NA,NA,NA,NA,NA,NA,1,1,6,NA,NA,NA,"so",NA,NA,NA,NA,NA,NA,NA,NA,6,NA,NA,NA,NA,NA,"C:/Data/corr_sacc/asc/JITT2.asc",NA,NA,NA,NA,NA,NA,NA,NA,NA,NA,NA
"2711",2,26,3,20,NA,NA,NA,NA,NA,NA,NA,1,1,7,NA,NA,NA,"we",NA,NA,NA,NA,NA,NA,NA,NA,7,NA,NA,NA,NA,NA,"C:/Data/corr_sacc/asc/JITT2.asc",NA,NA,NA,NA,NA,NA,NA,NA,NA,NA,NA
"2712",2,26,3,20,NA,NA,NA,NA,NA,NA,NA,1,1,10,NA,NA,NA,"in",NA,NA,NA,NA,NA,NA,NA,NA,10,NA,NA,NA,NA,NA,"C:/Data/corr_sacc/asc/JITT2.asc",NA,NA,NA,NA,NA,NA,NA,NA,NA,NA,NA
"2713",2,26,3,20,NA,NA,NA,NA,NA,NA,NA,1,2,14,NA,NA,NA,"until",NA,NA,NA,NA,NA,NA,NA,NA,1,NA,NA,NA,NA,NA,"C:/Data/corr_sacc/asc/JITT2.asc",NA,NA,NA,NA,NA,NA,NA,NA,NA,NA,NA
"2714",2,26,3,20,NA,NA,NA,NA,NA,NA,NA,1,2,19,NA,NA,NA,"to",NA,NA,NA,NA,NA,NA,NA,NA,6,NA,NA,NA,NA,NA,"C:/Data/corr_sacc/asc/JITT2.asc",NA,NA,NA,NA,NA,NA,NA,NA,NA,NA,NA
"2715",2,26,3,20,NA,NA,NA,NA,NA,NA,NA,1,2,22,NA,NA,NA,"for",NA,NA,NA,NA,NA,NA,NA,NA,9,NA,NA,NA,NA,NA,"C:/Data/corr_sacc/asc/JITT2.asc",0,NA,NA,NA,NA,NA,NA,NA,NA,NA,NA
"2716",2,10,2,21,5199791,5199940,533.2,497.5,1,149,30,1,1,3,3,11,11,"cold",0,NA,0,0,0,1,1093,0,3,66,0,NA,0,NA,"C:/Data/corr_sacc/asc/JITT2.asc",0,0,NA,6,NA,458.2,NA,NA,NA,11,NA
"2717",2,10,2,21,5199960,5200118,458.2,498.4,2,158,19,1,1,1,1,6,6,"During",6,5,0,0,0,1,1262,0,1,66,1,NA,0,NA,"C:/Data/corr_sacc/asc/JITT2.asc",0,0,11,20,533.2,695.4,497.5,66,55,6,NA
"2718",2,10,2,21,5200151,5200248,695.4,505.7,3,97,32,1,1,5,5,20,20,"snowy",0,14,0,0,0,1,1453,0,5,66,0,NA,0,NA,"C:/Data/corr_sacc/asc/JITT2.asc",0,0,6,23,458.2,754,498.4,66,60,20,NA
"2719",2,10,2,21,5200396,5200503,754,503.7,4,107,147,1,1,5,5,23,23,"snowy",3,3,1,0,0,1,1698,0,5,66,NA,NA,0,NA,"C:/Data/corr_sacc/asc/JITT2.asc",0,0,20,30,695.4,885,505.7,66,46,23,NA
"2720",2,10,2,21,5200530,5200767,885,519.4,5,237,26,1,1,6,6,30,30,"winter",4,7,0,0,0,1,1832,0,6,66,0,NA,0,NA,"C:/Data/corr_sacc/asc/JITT2.asc",0,0,23,38,754,1028.8,503.7,66,43,30,NA
"2721",2,10,2,21,5200796,5200968,1028.8,525.4,6,172,28,1,1,8,8,38,38,"1927-28,",2,8,0,0,0,1,2098,0,8,66,0,NA,0,NA,"C:/Data/corr_sacc/asc/JITT2.asc",0,0,30,42,885,1092.9,519.4,66,36,38,NA
"2722",2,10,2,21,5200988,5201141,1092.9,530.5,7,153,19,1,1,8,8,42,42,"1927-28,",6,4,0,0,0,1,2290,0,8,66,0,NA,0,NA,"C:/Data/corr_sacc/asc/JITT2.asc",0,0,38,44,1028.8,1133.1,525.4,66,28,42,NA
"2723",2,10,2,21,5201154,5201331,1133.1,521.6,8,177,12,1,1,8,8,44,44,"1927-28,",8,2,0,0,0,1,2456,0,8,66,0,NA,0,NA,"C:/Data/corr_sacc/asc/JITT2.asc",0,0,42,50,1092.9,1237.8,530.5,66,24,44,NA
"2724",2,10,2,21,5201357,5201618,1237.8,528,9,261,25,1,1,10,10,50,50,"coal",3,6,0,0,0,1,2659,0,10,66,0,NA,0,NA,"C:/Data/corr_sacc/asc/JITT2.asc",0,0,44,57,1133.1,1366.1,521.6,66,22,50,NA
"2725",2,10,2,21,5201642,5201796,1366.1,537.7,10,154,23,1,1,12,12,57,57,"was",0,7,0,0,0,1,2944,0,12,66,0,NA,0,NA,"C:/Data/corr_sacc/asc/JITT2.asc",0,0,50,62,1237.8,1457.6,528,66,16,57,NA
"2726",2,10,2,21,5201817,5202099,1457.6,524.4,11,282,20,1,1,13,13,62,62,"built",1,5,0,0,0,1,3119,0,13,66,0,NA,0,NA,"C:/Data/corr_sacc/asc/JITT2.asc",0,0,57,56,1366.1,1356.2,537.7,66,9,62,NA
"2727",2,10,2,21,5202122,5202304,1356.2,521.8,12,182,22,1,1,11,11,56,56,"mine",4,6,0,0,0,1,3424,0,11,66,1,NA,0,NA,"C:/Data/corr_sacc/asc/JITT2.asc",0,0,62,62,1457.6,1452.1,524.4,66,4,56,NA
"2728",2,10,2,21,5202327,5202483,1452.1,511.7,13,156,22,1,1,13,13,62,62,"built",1,6,0,0,0,1,3629,0,13,66,1,NA,0,NA,"C:/Data/corr_sacc/asc/JITT2.asc",1,0,56,12,1356.2,566.9,521.8,66,10,62,NA
"2729",2,10,2,21,5202544,5202625,566.9,693.5,14,81,60,1,2,16,16,78,12,"Massachusetts",3,50,0,0,0,1,3846,0,3,45,0,NA,1,"undersweep","C:/Data/corr_sacc/asc/JITT2.asc",0,0,62,3,1452.1,403.4,511.7,66,4,12,1
"2730",2,10,2,21,5202651,5202759,403.4,702.5,15,108,25,1,2,14,14,69,3,"near",3,9,0,0,0,1,3953,0,1,45,1,NA,0,NA,"C:/Data/corr_sacc/asc/JITT2.asc",0,1,12,NA,566.9,336.6,693.5,45,33,3,NA
"2731",2,10,2,21,5202783,5202935,336.6,699.5,16,152,23,NA,2,NA,NA,NA,NA,NA,NA,NA,0,0,1,1,4085,NA,NA,45,NA,NA,0,NA,"C:/Data/corr_sacc/asc/JITT2.asc",0,0,3,22,403.4,748,702.5,45,42,7,NA
"2732",2,10,2,21,5202984,5203103,748,710,17,119,48,1,2,16,16,88,22,"Massachusetts",13,NA,0,0,0,1,4286,0,3,45,1,NA,0,NA,"C:/Data/corr_sacc/asc/JITT2.asc",0,0,NA,32,336.6,923.3,699.5,45,NA,22,NA
"2733",2,10,2,21,5203129,5203315,923.3,714.4,18,186,25,1,2,18,18,98,32,"of",1,10,0,0,0,1,4431,0,5,45,0,NA,0,NA,"C:/Data/corr_sacc/asc/JITT2.asc",0,0,22,37,748,1001.7,710,45,23,32,NA
"2734",2,10,2,21,5203503,5203547,1001.7,715.1,19,44,187,1,2,19,19,103,37,"Innsmouth.",3,5,1,0,0,1,4805,0,6,45,NA,NA,0,NA,"C:/Data/corr_sacc/asc/JITT2.asc",0,0,32,30,923.3,875.2,714.4,45,13,37,NA
"2735",2,10,2,21,5203574,5203703,875.2,735.8,20,129,26,1,2,17,17,96,30,"seaport",7,7,0,0,0,1,4876,0,4,45,1,NA,0,NA,"C:/Data/corr_sacc/asc/JITT2.asc",0,0,37,25,1001.7,801.1,715.1,45,8,30,NA
"2736",2,10,2,21,5203723,5203823,801.1,723.1,21,100,19,1,2,17,17,91,25,"seaport",2,5,0,0,0,1,5025,0,4,45,1,NA,0,NA,"C:/Data/corr_sacc/asc/JITT2.asc",0,0,30,36,875.2,982.6,735.8,45,15,25,NA
"2737",2,10,2,21,5203852,5203913,982.6,716.4,22,61,28,1,2,19,19,102,36,"Innsmouth.",2,11,0,0,0,1,5154,0,6,45,0,NA,0,NA,"C:/Data/corr_sacc/asc/JITT2.asc",NA,0,25,NA,801.1,NA,723.1,45,20,36,NA
"2738",2,10,2,21,NA,NA,NA,NA,NA,NA,NA,1,1,2,NA,NA,NA,"the",NA,NA,NA,NA,NA,NA,NA,NA,2,NA,NA,NA,NA,NA,"C:/Data/corr_sacc/asc/JITT2.asc",NA,0,36,NA,982.6,NA,716.4,45,9,NA,NA
"2739",2,10,2,21,NA,NA,NA,NA,NA,NA,NA,1,1,4,NA,NA,NA,"and",NA,NA,NA,NA,NA,NA,NA,NA,4,NA,NA,NA,NA,NA,"C:/Data/corr_sacc/asc/JITT2.asc",NA,NA,NA,NA,NA,NA,NA,NA,NA,NA,NA
"2740",2,10,2,21,NA,NA,NA,NA,NA,NA,NA,1,1,7,NA,NA,NA,"of",NA,NA,NA,NA,NA,NA,NA,NA,7,NA,NA,NA,NA,NA,"C:/Data/corr_sacc/asc/JITT2.asc",NA,NA,NA,NA,NA,NA,NA,NA,NA,NA,NA
"2741",2,10,2,21,NA,NA,NA,NA,NA,NA,NA,1,1,9,NA,NA,NA,"a",NA,NA,NA,NA,NA,NA,NA,NA,9,NA,NA,NA,NA,NA,"C:/Data/corr_sacc/asc/JITT2.asc",NA,NA,NA,NA,NA,NA,NA,NA,NA,NA,NA
"2742",2,10,2,21,NA,NA,NA,NA,NA,NA,NA,1,2,15,NA,NA,NA,"the",NA,NA,NA,NA,NA,NA,NA,NA,2,NA,NA,NA,NA,NA,"C:/Data/corr_sacc/asc/JITT2.asc",NA,NA,NA,NA,NA,NA,NA,NA,NA,NA,NA
"2743",2,10,2,21,NA,NA,NA,NA,NA,NA,NA,2,NA,1,NA,NA,NA,NA,NA,NA,NA,NA,NA,NA,NA,NA,NA,NA,NA,NA,NA,NA,"C:/Data/corr_sacc/asc/JITT2.asc",0,NA,NA,NA,NA,NA,NA,NA,NA,NA,NA
"2744",2,77,3,22,5210870,5211030,388.1,484.2,1,160,23,1,1,3,3,8,8,"often",1,NA,0,0,0,1,690,0,3,55,0,NA,0,NA,"C:/Data/corr_sacc/asc/JITT2.asc",0,0,NA,6,NA,342.6,NA,NA,NA,8,NA
"2745",2,77,3,22,5211048,5211153,342.6,483.8,2,105,17,1,1,2,2,6,6,"is",2,2,0,0,0,1,868,0,2,55,1,NA,0,NA,"C:/Data/corr_sacc/asc/JITT2.asc",0,0,8,19,388.1,581.1,484.2,55,47,6,NA
"2746",2,77,3,22,5211184,5211328,581.1,495.7,3,144,30,1,1,5,5,19,19,"as",1,13,0,0,0,1,1004,0,5,55,0,NA,0,NA,"C:/Data/corr_sacc/asc/JITT2.asc",0,0,6,25,342.6,683.9,483.8,55,49,19,NA
"2747",2,77,3,22,5211352,5211457,683.9,500.8,4,105,23,1,1,7,7,25,25,"brilliant",2,6,0,0,0,1,1172,0,7,55,0,NA,0,NA,"C:/Data/corr_sacc/asc/JITT2.asc",0,0,19,16,581.1,533.5,495.7,55,36,25,NA
"2748",2,77,3,22,5211487,5211616,533.5,499.2,5,129,29,1,1,4,4,16,16,"seen",3,9,0,0,0,1,1307,0,4,55,1,NA,0,NA,"C:/Data/corr_sacc/asc/JITT2.asc",0,0,25,38,683.9,931.4,500.8,55,30,16,NA
"2749",2,77,3,22,5211657,5211851,931.4,510.3,6,194,40,1,1,9,9,38,38,"young",1,22,0,0,0,1,1477,0,9,55,0,NA,0,NA,"C:/Data/corr_sacc/asc/JITT2.asc",0,0,16,46,533.5,1069.4,499.2,55,39,38,NA
"2750",2,77,3,22,5211875,5212036,1069.4,512.3,7,161,23,1,1,10,10,46,46,"entrepreneur",3,8,0,0,0,1,1695,0,10,55,0,NA,0,NA,"C:/Data/corr_sacc/asc/JITT2.asc",0,0,38,48,931.4,1101,510.3,55,17,46,NA
"2751",2,77,3,22,5212055,5212128,1101,521.5,8,73,18,1,1,10,10,48,48,"entrepreneur",5,2,0,0,0,1,1875,0,10,55,0,NA,0,NA,"C:/Data/corr_sacc/asc/JITT2.asc",1,0,46,12,1069.4,460.1,512.3,55,9,48,NA
"2752",2,77,3,22,5212179,5212299,460.1,670,9,120,50,1,2,13,13,67,12,"opinions",0,36,0,0,0,1,1999,0,3,39,0,NA,1,"undersweep","C:/Data/corr_sacc/asc/JITT2.asc",0,0,48,8,1101,387.2,521.5,55,7,12,1
"2753",2,77,3,22,5212323,5212439,387.2,692.2,10,116,23,1,2,12,12,63,8,"strong",3,4,0,0,0,1,2143,0,2,39,1,NA,0,NA,"C:/Data/corr_sacc/asc/JITT2.asc",0,1,12,20,460.1,607,670,39,27,8,NA
"2754",2,77,3,22,5212470,5212678,607,705.4,11,208,30,1,2,13,13,75,20,"opinions",8,12,0,0,0,1,2290,0,3,39,1,NA,0,NA,"C:/Data/corr_sacc/asc/JITT2.asc",0,0,8,32,387.2,827,692.2,39,31,20,NA
"2755",2,77,3,22,5212710,5213009,827,711.4,12,299,31,1,2,16,16,87,32,"economy.",1,12,0,0,0,1,2530,0,6,39,0,NA,0,NA,"C:/Data/corr_sacc/asc/JITT2.asc",0,0,20,36,607,885.2,705.4,39,19,32,NA
"2756",2,77,3,22,5213032,5213169,885.2,723.7,13,137,22,1,2,16,16,91,36,"economy.",5,4,0,0,0,1,2852,0,6,39,0,NA,0,NA,"C:/Data/corr_sacc/asc/JITT2.asc",0,0,32,30,827,778.2,711.4,39,7,36,NA
"2757",2,77,3,22,5213193,5213288,778.2,729.6,14,95,23,1,2,15,15,85,30,"the",3,6,0,0,0,1,3013,0,5,39,1,NA,0,NA,"C:/Data/corr_sacc/asc/JITT2.asc",0,0,36,25,885.2,701,723.7,39,3,30,NA
"2758",2,77,3,22,5213320,5213519,701,542.6,15,199,31,1,1,7,7,25,25,"brilliant",2,5,0,0,0,1,3140,0,7,55,1,NA,0,NA,"C:/Data/corr_sacc/asc/JITT2.asc",0,0,30,28,778.2,743.1,729.6,39,9,25,NA
"2759",2,77,3,22,5213544,5213582,743.1,531.1,16,38,24,1,1,7,7,28,28,"brilliant",5,3,0,0,0,1,3364,0,7,55,1,NA,0,NA,"C:/Data/corr_sacc/asc/JITT2.asc",0,0,25,18,701,557.8,542.6,55,30,28,NA
"2760",2,77,3,22,5213611,5213774,557.8,514.9,17,163,28,1,1,5,5,18,18,"as",0,10,0,0,0,1,3431,0,5,55,1,NA,0,NA,"C:/Data/corr_sacc/asc/JITT2.asc",0,0,28,42,743.1,998.6,531.1,55,27,18,NA
"2761",2,77,3,22,5213818,5213996,998.6,528.1,18,178,43,1,1,9,9,42,42,"young",5,24,0,0,0,1,3638,0,9,55,1,NA,0,NA,"C:/Data/corr_sacc/asc/JITT2.asc",0,0,18,49,557.8,1123.9,514.9,55,37,42,NA
"2762",2,77,3,22,5214022,5214195,1123.9,540.3,19,173,25,1,1,10,10,49,49,"entrepreneur",6,7,0,0,0,1,3842,0,10,55,1,NA,0,NA,"C:/Data/corr_sacc/asc/JITT2.asc",NA,0,42,NA,998.6,NA,528.1,55,13,49,NA
"2763",2,77,3,22,NA,NA,NA,NA,NA,NA,NA,1,1,1,NA,NA,NA,"She",NA,NA,NA,NA,NA,NA,NA,NA,1,NA,NA,NA,NA,NA,"C:/Data/corr_sacc/asc/JITT2.asc",NA,0,49,NA,1123.9,NA,540.3,55,6,NA,NA
"2764",2,77,3,22,NA,NA,NA,NA,NA,NA,NA,1,1,6,NA,NA,NA,"a",NA,NA,NA,NA,NA,NA,NA,NA,6,NA,NA,NA,NA,NA,"C:/Data/corr_sacc/asc/JITT2.asc",NA,NA,NA,NA,NA,NA,NA,NA,NA,NA,NA
"2765",2,77,3,22,NA,NA,NA,NA,NA,NA,NA,1,1,8,NA,NA,NA,"and",NA,NA,NA,NA,NA,NA,NA,NA,8,NA,NA,NA,NA,NA,"C:/Data/corr_sacc/asc/JITT2.asc",NA,NA,NA,NA,NA,NA,NA,NA,NA,NA,NA
"2766",2,77,3,22,NA,NA,NA,NA,NA,NA,NA,1,2,11,NA,NA,NA,"with",NA,NA,NA,NA,NA,NA,NA,NA,1,NA,NA,NA,NA,NA,"C:/Data/corr_sacc/asc/JITT2.asc",NA,NA,NA,NA,NA,NA,NA,NA,NA,NA,NA
"2767",2,77,3,22,NA,NA,NA,NA,NA,NA,NA,1,2,14,NA,NA,NA,"about",NA,NA,NA,NA,NA,NA,NA,NA,4,NA,NA,NA,NA,NA,"C:/Data/corr_sacc/asc/JITT2.asc",0,NA,NA,NA,NA,NA,NA,NA,NA,NA,NA
"2768",2,50,3,23,5217285,5217462,367.5,500.2,1,177,25,1,1,3,3,8,8,"dragon",0,NA,0,0,0,1,909,0,3,61,0,NA,0,NA,"C:/Data/corr_sacc/asc/JITT2.asc",0,0,NA,6,NA,328.8,NA,NA,NA,8,NA
"2769",2,50,3,23,5217478,5217617,328.8,496.1,2,139,15,1,1,2,2,6,6,"red",2,2,0,0,0,1,1102,0,2,61,1,NA,0,NA,"C:/Data/corr_sacc/asc/JITT2.asc",0,0,8,15,367.5,483.6,500.2,61,53,6,NA
"2770",2,50,3,23,5217642,5217870,483.6,502.4,3,228,24,1,1,4,4,15,15,"from",0,9,0,0,0,1,1266,0,4,61,0,NA,0,NA,"C:/Data/corr_sacc/asc/JITT2.asc",0,0,6,22,328.8,609.9,496.1,61,55,15,NA
"2771",2,50,3,23,5217894,5218056,609.9,508.4,4,162,23,1,1,5,5,22,22,"the",2,7,0,0,0,1,1518,0,5,61,0,NA,0,NA,"C:/Data/corr_sacc/asc/JITT2.asc",0,0,15,18,483.6,546.8,502.4,61,46,22,NA
"2772",2,50,3,23,5218077,5218250,546.8,505.5,5,173,20,1,1,4,4,18,18,"from",3,4,0,0,0,1,1701,0,4,61,1,NA,0,NA,"C:/Data/corr_sacc/asc/JITT2.asc",0,0,22,31,609.9,778.3,508.4,61,39,18,NA
"2773",2,50,3,23,5218284,5218419,778.3,512.8,6,135,33,1,1,6,6,31,31,"ancient",7,13,0,0,0,1,1908,0,6,61,0,NA,0,NA,"C:/Data/corr_sacc/asc/JITT2.asc",0,0,18,37,546.8,895.9,505.5,61,43,31,NA
"2774",2,50,3,23,5218443,5218699,895.9,519.4,7,256,23,1,1,7,7,37,37,"mountain",5,6,0,0,0,1,2067,0,7,61,0,NA,0,NA,"C:/Data/corr_sacc/asc/JITT2.asc",0,0,31,45,778.3,1038.2,512.8,61,30,37,NA
"2775",2,50,3,23,5218725,5218908,1038.2,515.6,8,183,25,1,1,9,9,45,45,"no",0,8,0,0,0,1,2349,0,9,61,0,NA,0,NA,"C:/Data/corr_sacc/asc/JITT2.asc",0,0,37,52,895.9,1162.2,519.4,61,24,45,NA
"2776",2,50,3,23,5218935,5219136,1162.2,527.2,9,201,26,1,1,10,10,52,52,"match",4,7,0,0,0,1,2559,0,10,61,0,NA,0,NA,"C:/Data/corr_sacc/asc/JITT2.asc",0,0,45,48,1038.2,1078.9,515.6,61,16,52,NA
"2777",2,50,3,23,5219159,5219305,1078.9,523.3,10,146,22,1,1,10,10,48,48,"match",0,4,0,0,0,1,2783,0,10,61,0,NA,0,NA,"C:/Data/corr_sacc/asc/JITT2.asc",0,0,52,58,1162.2,1264.5,527.2,61,9,48,NA
"2778",2,50,3,23,5219334,5219518,1264.5,529.6,11,184,28,1,1,12,12,58,58,"the",0,10,0,0,0,1,2958,0,12,61,0,NA,0,NA,"C:/Data/corr_sacc/asc/JITT2.asc",1,0,48,11,1078.9,413.4,523.3,61,13,58,NA
"2779",2,50,3,23,5219588,5219730,413.4,699,12,142,69,1,2,14,14,72,11,"sorcerer",2,47,0,0,0,1,3212,0,2,50,0,NA,1,"undersweep","C:/Data/corr_sacc/asc/JITT2.asc",0,0,58,8,1264.5,358.2,529.6,61,3,11,1
"2780",2,50,3,23,5219755,5219863,358.2,704.7,13,108,24,1,2,13,13,69,8,"fearless",8,3,0,0,0,1,3379,0,1,50,1,NA,0,NA,"C:/Data/corr_sacc/asc/JITT2.asc",0,1,11,18,413.4,544.5,699,50,39,8,NA
"2781",2,50,3,23,5219899,5220162,544.5,711.5,14,263,35,1,2,15,15,79,18,"and",0,10,0,0,0,1,3523,0,3,50,0,NA,0,NA,"C:/Data/corr_sacc/asc/JITT2.asc",0,0,8,28,358.2,724.6,704.7,50,42,18,NA
"2782",2,50,3,23,5220192,5220380,724.6,716.4,15,188,29,1,2,17,17,89,28,"knowledge",2,10,0,0,0,1,3816,0,5,50,0,NA,0,NA,"C:/Data/corr_sacc/asc/JITT2.asc",0,0,18,25,544.5,677.8,711.5,50,32,28,NA
"2783",2,50,3,23,5220403,5220508,677.8,712.8,16,105,22,1,2,16,16,86,25,"his",3,3,0,0,0,1,4027,0,4,50,1,NA,0,NA,"C:/Data/corr_sacc/asc/JITT2.asc",0,0,28,40,724.6,947.3,716.4,50,22,25,NA
"2784",2,50,3,23,5220545,5220724,947.3,708,17,179,36,1,2,19,19,101,40,"new",1,15,0,0,0,1,4169,0,7,50,0,NA,0,NA,"C:/Data/corr_sacc/asc/JITT2.asc",0,0,25,45,677.8,1037.5,712.8,50,25,40,NA
"2785",2,50,3,23,5220748,5220896,1037.5,710.4,18,148,23,1,2,20,20,106,45,"spells.",2,5,0,0,0,1,4372,0,8,50,0,NA,0,NA,"C:/Data/corr_sacc/asc/JITT2.asc",0,0,40,48,947.3,1095.2,708,50,10,45,NA
"2786",2,50,3,23,5220919,5221104,1095.2,713.1,19,185,22,1,2,20,20,109,48,"spells.",5,3,0,0,0,1,4543,0,8,50,0,NA,0,NA,"C:/Data/corr_sacc/asc/JITT2.asc",0,0,45,35,1037.5,855.4,710.4,50,5,48,NA
"2787",2,50,3,23,5221137,5221277,855.4,708.4,20,140,32,1,2,17,17,96,35,"knowledge",9,13,0,0,0,1,4761,0,5,50,1,NA,0,NA,"C:/Data/corr_sacc/asc/JITT2.asc",0,0,48,15,1095.2,496.6,713.1,50,2,35,NA
"2788",2,50,3,23,5221318,5221441,496.6,672.3,21,123,40,1,2,14,14,76,15,"sorcerer",6,20,0,0,0,1,4942,0,2,50,1,NA,0,NA,"C:/Data/corr_sacc/asc/JITT2.asc",0,0,35,9,855.4,390.6,708.4,50,15,15,NA
"2789",2,50,3,23,5221467,5221600,390.6,673.5,22,133,25,1,2,14,14,70,9,"sorcerer",0,6,0,0,0,1,5091,0,2,50,1,NA,0,NA,"C:/Data/corr_sacc/asc/JITT2.asc",0,0,15,9,496.6,389.2,672.3,50,35,9,NA
"2790",2,50,3,23,5221637,5221905,389.2,486.7,23,268,36,1,1,3,3,9,9,"dragon",1,0,0,0,0,1,5261,0,3,61,1,NA,0,NA,"C:/Data/corr_sacc/asc/JITT2.asc",0,0,9,20,390.6,578.6,673.5,50,41,9,NA
"2791",2,50,3,23,5221934,5222174,578.6,481.8,24,240,28,1,1,5,5,20,20,"the",0,11,0,0,0,1,5558,0,5,61,1,NA,0,NA,"C:/Data/corr_sacc/asc/JITT2.asc",0,0,9,28,389.2,721.1,486.7,61,52,20,NA
"2792",2,50,3,23,5222200,5222456,721.1,484.8,25,256,25,1,1,6,6,28,28,"ancient",4,8,0,0,0,1,5824,0,6,61,1,NA,0,NA,"C:/Data/corr_sacc/asc/JITT2.asc",0,0,20,40,578.6,938.6,481.8,61,41,28,NA
"2793",2,50,3,23,5222488,5222673,938.6,499.4,26,185,31,1,1,7,7,40,40,"mountain",8,12,0,0,0,1,6112,0,7,61,1,NA,0,NA,"C:/Data/corr_sacc/asc/JITT2.asc",0,0,28,53,721.1,1175.6,484.8,61,33,40,NA
"2794",2,50,3,23,5222709,5222914,1175.6,492.7,27,205,35,1,1,10,10,53,53,"match",5,13,0,0,0,1,6333,0,10,61,1,NA,0,NA,"C:/Data/corr_sacc/asc/JITT2.asc",0,0,40,49,938.6,1103.5,499.4,61,21,53,NA
"2795",2,50,3,23,5222934,5223207,1103.5,492.5,28,273,19,1,1,10,10,49,49,"match",1,4,0,0,0,1,6558,0,10,61,1,NA,0,NA,"C:/Data/corr_sacc/asc/JITT2.asc",0,0,53,40,1175.6,934.6,492.7,61,8,49,NA
"2796",2,50,3,23,5223236,5223444,934.6,487.3,29,208,28,1,1,7,7,40,40,"mountain",8,9,0,0,0,1,6860,0,7,61,1,NA,0,NA,"C:/Data/corr_sacc/asc/JITT2.asc",0,0,49,28,1103.5,729.5,492.5,61,12,40,NA
"2797",2,50,3,23,5223476,5223588,729.5,488.2,30,112,31,1,1,6,6,28,28,"ancient",4,12,0,0,0,1,7100,0,6,61,1,NA,0,NA,"C:/Data/corr_sacc/asc/JITT2.asc",0,0,40,12,934.6,447.3,487.3,61,21,28,NA
"2798",2,50,3,23,5223628,5223797,447.3,486.6,31,169,39,1,1,3,3,12,12,"dragon",4,16,0,0,0,1,7252,0,3,61,1,NA,0,NA,"C:/Data/corr_sacc/asc/JITT2.asc",0,0,28,9,729.5,381.7,488.2,61,33,12,NA
"2799",2,50,3,23,5223820,5223982,381.7,489.1,32,162,22,1,1,3,3,9,9,"dragon",1,3,0,0,0,1,7444,0,3,61,1,NA,0,NA,"C:/Data/corr_sacc/asc/JITT2.asc",0,0,12,20,447.3,573.5,486.6,61,49,9,NA
"2800",2,50,3,23,5224011,5224201,573.5,505.2,33,190,28,1,1,5,5,20,20,"the",0,11,0,0,0,1,7635,0,5,61,1,NA,0,NA,"C:/Data/corr_sacc/asc/JITT2.asc",0,0,9,27,381.7,713.7,489.1,61,52,20,NA
"2801",2,50,3,23,5224227,5224510,713.7,510.3,34,283,25,1,1,6,6,27,27,"ancient",3,7,0,0,0,1,7851,0,6,61,1,NA,0,NA,"C:/Data/corr_sacc/asc/JITT2.asc",0,0,20,21,573.5,598.2,505.2,61,41,27,NA
"2802",2,50,3,23,5224536,5224652,598.2,503.5,35,116,25,1,1,5,5,21,21,"the",1,6,0,0,0,1,8160,0,5,61,1,NA,0,NA,"C:/Data/corr_sacc/asc/JITT2.asc",0,0,27,12,713.7,444.6,510.3,61,34,21,NA
"2803",2,50,3,23,5224680,5224929,444.6,496.5,36,249,27,1,1,3,3,12,12,"dragon",4,9,0,0,0,1,8304,0,3,61,1,NA,0,NA,"C:/Data/corr_sacc/asc/JITT2.asc",0,0,21,10,598.2,393.5,503.5,61,40,12,NA
"2804",2,50,3,23,5224948,5225060,393.5,509.8,37,112,18,1,1,3,3,10,10,"dragon",2,2,0,0,0,1,8572,0,3,61,1,NA,0,NA,"C:/Data/corr_sacc/asc/JITT2.asc",0,0,12,22,444.6,610,496.5,61,49,10,NA
"2805",2,50,3,23,5225092,5225309,610,521.8,38,217,31,1,1,5,5,22,22,"the",2,12,0,0,0,1,8716,0,5,61,1,NA,0,NA,"C:/Data/corr_sacc/asc/JITT2.asc",0,0,10,29,393.5,747.3,509.8,61,51,22,NA
"2806",2,50,3,23,5225336,5225583,747.3,518.5,39,247,26,1,1,6,6,29,29,"ancient",5,7,0,0,0,1,8960,0,6,61,1,NA,0,NA,"C:/Data/corr_sacc/asc/JITT2.asc",0,0,22,22,610,611.7,521.8,61,39,29,NA
"2807",2,50,3,23,5225608,5225837,611.7,501.2,40,229,24,1,1,5,5,22,22,"the",2,7,0,0,0,1,9232,0,5,61,1,NA,0,NA,"C:/Data/corr_sacc/asc/JITT2.asc",0,0,29,36,747.3,878.9,518.5,61,32,22,NA
"2808",2,50,3,23,5225876,5226156,878.9,510.9,41,280,38,1,1,7,7,36,36,"mountain",4,14,0,0,0,1,9500,0,7,61,1,NA,0,NA,"C:/Data/corr_sacc/asc/JITT2.asc",0,0,22,47,611.7,1060.1,501.2,61,39,36,NA
"2809",2,50,3,23,5226188,5226440,1060.1,515.8,42,252,31,1,1,9,9,47,47,"no",2,11,0,0,0,1,9812,0,9,61,1,NA,0,NA,"C:/Data/corr_sacc/asc/JITT2.asc",0,0,36,43,878.9,992.5,510.9,61,25,47,NA
"2810",2,50,3,23,5226460,5226620,992.5,508.8,43,160,19,1,1,8,8,43,43,"was",2,4,0,0,0,1,10084,0,8,61,1,NA,0,NA,"C:/Data/corr_sacc/asc/JITT2.asc",0,0,47,52,1060.1,1155,515.8,61,14,43,NA
"2811",2,50,3,23,5226647,5226856,1155,515.4,44,209,26,1,1,10,10,52,52,"match",4,9,0,0,0,1,10271,0,10,61,1,NA,0,NA,"C:/Data/corr_sacc/asc/JITT2.asc",0,0,43,59,992.5,1291.5,508.8,61,18,52,NA
"2812",2,50,3,23,5226881,5227060,1291.5,523.2,45,179,24,1,1,12,12,59,59,"the",1,7,0,0,0,1,10505,0,12,61,1,NA,0,NA,"C:/Data/corr_sacc/asc/JITT2.asc",0,0,52,14,1155,482.4,515.4,61,9,59,NA
"2813",2,50,3,23,5227118,5227224,482.4,690.3,46,106,57,1,2,14,14,75,14,"sorcerer",5,45,0,0,0,1,10742,0,2,50,1,NA,0,NA,"C:/Data/corr_sacc/asc/JITT2.asc",0,0,59,9,1291.5,376.8,523.2,61,2,14,NA
"2814",2,50,3,23,5227248,5227468,376.8,701,47,220,23,1,2,14,14,70,9,"sorcerer",0,5,0,0,0,1,10872,0,2,50,1,NA,0,NA,"C:/Data/corr_sacc/asc/JITT2.asc",0,0,14,6,482.4,332.9,690.3,50,36,9,NA
"2815",2,50,3,23,5227481,5227781,332.9,697.5,48,300,12,1,2,13,13,67,6,"fearless",6,3,0,0,0,1,11105,0,1,50,1,NA,0,NA,"C:/Data/corr_sacc/asc/JITT2.asc",0,0,9,13,376.8,459.5,701,50,41,6,NA
"2816",2,50,3,23,5227809,5227991,459.5,693.3,49,182,27,1,2,14,14,74,13,"sorcerer",4,7,0,0,0,1,11433,0,2,50,1,NA,0,NA,"C:/Data/corr_sacc/asc/JITT2.asc",0,0,6,8,332.9,364.3,697.5,50,44,13,NA
"2817",2,50,3,23,5228016,5228140,364.3,696.2,50,124,24,1,2,13,13,69,8,"fearless",8,5,0,0,0,1,11640,0,1,50,1,NA,0,NA,"C:/Data/corr_sacc/asc/JITT2.asc",0,0,13,16,459.5,509.1,693.3,50,37,8,NA
"2818",2,50,3,23,5228173,5228295,509.1,705.8,51,122,32,1,2,14,14,77,16,"sorcerer",7,8,0,0,0,1,11797,0,2,50,1,NA,0,NA,"C:/Data/corr_sacc/asc/JITT2.asc",0,0,8,27,364.3,706.2,696.2,50,42,16,NA
"2819",2,50,3,23,5228323,5228615,706.2,708.3,52,292,27,1,2,17,17,88,27,"knowledge",1,11,0,0,0,1,11947,0,5,50,1,NA,0,NA,"C:/Data/corr_sacc/asc/JITT2.asc",0,0,16,43,509.1,1004.6,705.8,50,34,27,NA
"2820",2,50,3,23,5228653,5228818,1004.6,702.7,53,165,37,1,2,20,20,104,43,"spells.",0,16,0,0,0,1,12277,0,8,50,1,NA,0,NA,"C:/Data/corr_sacc/asc/JITT2.asc",NA,0,27,NA,706.2,NA,708.3,50,23,43,NA
"2821",2,50,3,23,NA,NA,NA,NA,NA,NA,NA,1,1,1,NA,NA,NA,"The",NA,NA,NA,NA,NA,NA,NA,NA,1,NA,NA,NA,NA,NA,"C:/Data/corr_sacc/asc/JITT2.asc",NA,0,43,NA,1004.6,NA,702.7,50,7,NA,NA
"2822",2,50,3,23,NA,NA,NA,NA,NA,NA,NA,1,1,11,NA,NA,NA,"for",NA,NA,NA,NA,NA,NA,NA,NA,11,NA,NA,NA,NA,NA,"C:/Data/corr_sacc/asc/JITT2.asc",NA,NA,NA,NA,NA,NA,NA,NA,NA,NA,NA
"2823",2,50,3,23,NA,NA,NA,NA,NA,NA,NA,1,2,18,NA,NA,NA,"of",NA,NA,NA,NA,NA,NA,NA,NA,6,NA,NA,NA,NA,NA,"C:/Data/corr_sacc/asc/JITT2.asc",0,NA,NA,NA,NA,NA,NA,NA,NA,NA,NA
"2824",2,69,1,24,5236206,5236319,420,512.4,1,113,26,1,1,4,4,11,11,"the",0,NA,0,0,0,1,1250,0,4,55,0,NA,0,NA,"C:/Data/corr_sacc/asc/JITT2.asc",0,0,NA,6,NA,334.5,NA,NA,NA,11,NA
"2825",2,69,1,24,5236344,5236465,334.5,516,2,121,24,1,1,2,2,6,6,"some",3,5,0,0,0,1,1388,0,2,55,1,NA,0,NA,"C:/Data/corr_sacc/asc/JITT2.asc",0,0,11,22,420,617.2,512.4,55,44,6,NA
"2826",2,69,1,24,5236607,5236705,617.2,531,3,98,141,1,1,5,5,22,22,"deepest",7,16,1,0,0,1,1651,0,5,55,NA,NA,0,NA,"C:/Data/corr_sacc/asc/JITT2.asc",0,0,6,17,334.5,530.1,516,55,49,22,NA
"2827",2,69,1,24,5236729,5236867,530.1,519.2,4,138,23,1,1,5,5,17,17,"deepest",2,5,0,0,0,1,1773,0,5,55,0,NA,0,NA,"C:/Data/corr_sacc/asc/JITT2.asc",0,0,22,12,617.2,440.9,531,55,33,17,NA
"2828",2,69,1,24,5236889,5236997,440.9,520.9,5,108,21,1,1,4,4,12,12,"the",1,5,0,0,0,1,1933,0,4,55,1,NA,0,NA,"C:/Data/corr_sacc/asc/JITT2.asc",0,0,17,29,530.1,749,519.2,55,38,12,NA
"2829",2,69,1,24,5237154,5237401,749,511.9,6,247,156,1,1,7,7,29,29,"of",0,17,1,0,0,1,2198,0,7,55,NA,NA,0,NA,"C:/Data/corr_sacc/asc/JITT2.asc",0,0,12,37,440.9,891.8,520.9,55,43,29,NA
"2830",2,69,1,24,5237426,5237649,891.8,514.2,7,223,24,1,1,9,9,37,37,"ocean,",1,8,0,0,0,1,2470,0,9,55,0,NA,0,NA,"C:/Data/corr_sacc/asc/JITT2.asc",0,0,29,51,749,1135.5,511.9,55,26,37,NA
"2831",2,69,1,24,5237683,5237858,1135.5,508.7,8,175,33,1,1,11,11,51,51,"pressure",4,14,0,0,0,1,2727,0,11,55,0,NA,0,NA,"C:/Data/corr_sacc/asc/JITT2.asc",0,0,37,47,891.8,1069.6,514.2,55,18,51,NA
"2832",2,69,1,24,5237882,5238039,1069.6,510.3,9,157,23,1,1,11,11,47,47,"pressure",0,4,0,0,0,1,2926,0,11,55,0,NA,0,NA,"C:/Data/corr_sacc/asc/JITT2.asc",0,0,51,50,1135.5,1116.9,508.7,55,4,47,NA
"2833",2,69,1,24,5238065,5238085,1116.9,527.3,10,20,25,1,1,11,11,50,50,"pressure",3,3,0,0,0,1,3109,0,11,55,0,NA,0,NA,"C:/Data/corr_sacc/asc/JITT2.asc",1,0,47,14,1069.6,471.4,510.3,55,8,50,NA
"2834",2,69,1,24,5238149,5238232,471.4,665.6,11,83,63,1,2,15,15,69,14,"that",3,36,0,0,0,1,3193,0,4,63,0,NA,1,"undersweep","C:/Data/corr_sacc/asc/JITT2.asc",0,0,50,7,1116.9,357.4,527.3,55,5,14,1
"2835",2,69,1,24,5238259,5238398,357.4,695.5,12,139,26,1,2,14,14,62,7,"high",1,7,0,0,0,1,3303,0,3,63,1,NA,0,NA,"C:/Data/corr_sacc/asc/JITT2.asc",0,1,14,4,471.4,301.4,665.6,63,49,7,NA
"2836",2,69,1,24,5238421,5238619,301.4,705.2,13,198,22,1,2,13,13,59,4,"so",1,3,0,0,0,1,3465,0,2,63,1,NA,0,NA,"C:/Data/corr_sacc/asc/JITT2.asc",0,0,7,17,357.4,529.9,695.5,63,56,4,NA
"2837",2,69,1,24,5238651,5238942,529.9,703.7,14,291,31,1,2,16,16,72,17,"no",1,13,0,0,0,1,3695,0,5,63,0,NA,0,NA,"C:/Data/corr_sacc/asc/JITT2.asc",0,0,4,25,301.4,682.9,705.2,63,59,17,NA
"2838",2,69,1,24,5238969,5239136,682.9,701.6,15,167,26,1,2,18,18,80,25,"can",0,8,0,0,0,1,4013,0,7,63,0,NA,0,NA,"C:/Data/corr_sacc/asc/JITT2.asc",0,0,17,31,529.9,777.6,703.7,63,46,25,NA
"2839",2,69,1,24,5239161,5239427,777.6,694.5,16,266,24,1,2,19,19,86,31,"survive",2,6,0,0,0,1,4205,0,8,63,0,NA,0,NA,"C:/Data/corr_sacc/asc/JITT2.asc",0,0,25,45,682.9,1030.7,701.6,63,38,31,NA
"2840",2,69,1,24,5239464,5239701,1030.7,687.8,17,237,36,1,2,21,21,100,45,"special",0,14,0,0,0,1,4508,0,10,63,0,NA,0,NA,"C:/Data/corr_sacc/asc/JITT2.asc",0,0,31,55,777.6,1218.2,694.5,63,32,45,NA
"2841",2,69,1,24,5239732,5239943,1218.2,692.7,18,211,30,1,2,22,22,110,55,"equipment.",2,10,0,0,0,1,4776,0,11,63,0,NA,0,NA,"C:/Data/corr_sacc/asc/JITT2.asc",0,0,45,44,1030.7,1017.5,687.8,63,18,55,NA
"2842",2,69,1,24,5240125,5240314,1017.5,684.2,19,189,181,1,2,20,20,99,44,"without",7,11,1,0,0,1,5169,0,9,63,NA,NA,0,NA,"C:/Data/corr_sacc/asc/JITT2.asc",0,0,55,52,1218.2,1157.1,692.7,63,8,44,NA
"2843",2,69,1,24,5240340,5240411,1157.1,686.1,20,71,25,1,2,21,21,107,52,"special",7,8,0,0,0,1,5384,0,10,63,1,NA,0,NA,"C:/Data/corr_sacc/asc/JITT2.asc",NA,0,44,NA,1017.5,NA,684.2,63,19,52,NA
"2844",2,69,1,24,NA,NA,NA,NA,NA,NA,NA,1,1,1,NA,NA,NA,"In",NA,NA,NA,NA,NA,NA,NA,NA,1,NA,NA,NA,NA,NA,"C:/Data/corr_sacc/asc/JITT2.asc",NA,0,52,NA,1157.1,NA,686.1,63,11,NA,NA
"2845",2,69,1,24,NA,NA,NA,NA,NA,NA,NA,1,1,3,NA,NA,NA,"of",NA,NA,NA,NA,NA,NA,NA,NA,3,NA,NA,NA,NA,NA,"C:/Data/corr_sacc/asc/JITT2.asc",NA,NA,NA,NA,NA,NA,NA,NA,NA,NA,NA
"2846",2,69,1,24,NA,NA,NA,NA,NA,NA,NA,1,1,6,NA,NA,NA,"parts",NA,NA,NA,NA,NA,NA,NA,NA,6,NA,NA,NA,NA,NA,"C:/Data/corr_sacc/asc/JITT2.asc",NA,NA,NA,NA,NA,NA,NA,NA,NA,NA,NA
"2847",2,69,1,24,NA,NA,NA,NA,NA,NA,NA,1,1,8,NA,NA,NA,"the",NA,NA,NA,NA,NA,NA,NA,NA,8,NA,NA,NA,NA,NA,"C:/Data/corr_sacc/asc/JITT2.asc",NA,NA,NA,NA,NA,NA,NA,NA,NA,NA,NA
"2848",2,69,1,24,NA,NA,NA,NA,NA,NA,NA,1,1,10,NA,NA,NA,"the",NA,NA,NA,NA,NA,NA,NA,NA,10,NA,NA,NA,NA,NA,"C:/Data/corr_sacc/asc/JITT2.asc",NA,NA,NA,NA,NA,NA,NA,NA,NA,NA,NA
"2849",2,69,1,24,NA,NA,NA,NA,NA,NA,NA,1,2,12,NA,NA,NA,"is",NA,NA,NA,NA,NA,NA,NA,NA,1,NA,NA,NA,NA,NA,"C:/Data/corr_sacc/asc/JITT2.asc",NA,NA,NA,NA,NA,NA,NA,NA,NA,NA,NA
"2850",2,69,1,24,NA,NA,NA,NA,NA,NA,NA,1,2,17,NA,NA,NA,"human",NA,NA,NA,NA,NA,NA,NA,NA,6,NA,NA,NA,NA,NA,"C:/Data/corr_sacc/asc/JITT2.asc",0,NA,NA,NA,NA,NA,NA,NA,NA,NA,NA
"2851",2,11,3,25,5242877,5242988,456.3,475,1,111,26,1,1,3,3,8,8,"really",1,NA,0,0,0,1,748,0,3,54,0,NA,0,NA,"C:/Data/corr_sacc/asc/JITT2.asc",0,0,NA,4,NA,379.7,NA,NA,NA,8,NA
"2852",2,11,3,25,5243012,5243288,379.7,471.7,2,276,23,1,1,2,2,4,4,"was",1,4,0,0,0,1,883,0,2,54,1,NA,0,NA,"C:/Data/corr_sacc/asc/JITT2.asc",0,0,8,16,456.3,587,475,54,46,4,NA
"2853",2,11,3,25,5243318,5243600,587,491.4,3,282,29,1,1,4,4,16,16,"fond",2,12,0,0,0,1,1189,0,4,54,0,NA,0,NA,"C:/Data/corr_sacc/asc/JITT2.asc",0,0,4,25,379.7,758.6,471.7,54,50,16,NA
"2854",2,11,3,25,5243629,5243800,758.6,501,4,171,28,1,1,6,6,25,25,"the",3,9,0,0,0,1,1500,0,6,54,0,NA,0,NA,"C:/Data/corr_sacc/asc/JITT2.asc",0,0,16,23,587,721.3,491.4,54,38,25,NA
"2855",2,11,3,25,5243817,5243940,721.3,510.5,5,123,16,1,1,6,6,23,23,"the",1,2,0,0,0,1,1688,0,6,54,0,NA,0,NA,"C:/Data/corr_sacc/asc/JITT2.asc",0,0,25,33,758.6,894.7,501,54,29,23,NA
"2856",2,11,3,25,5243969,5244142,894.7,520.4,6,173,28,1,1,8,8,33,33,"flats",0,10,0,0,0,1,1840,0,8,54,0,NA,0,NA,"C:/Data/corr_sacc/asc/JITT2.asc",0,0,23,34,721.3,907.2,510.5,54,31,33,NA
"2857",2,11,3,25,5244293,5244481,907.2,523.6,7,188,150,1,1,8,8,34,34,"flats",1,1,1,0,0,1,2164,0,8,54,NA,NA,0,NA,"C:/Data/corr_sacc/asc/JITT2.asc",0,0,33,26,894.7,770.5,520.4,54,21,34,NA
"2858",2,11,3,25,5244507,5244730,770.5,528.8,8,223,25,1,1,7,7,26,26,"modern",0,8,0,0,0,1,2378,0,7,54,1,NA,0,NA,"C:/Data/corr_sacc/asc/JITT2.asc",0,0,34,38,907.2,991.4,523.6,54,20,26,NA
"2859",2,11,3,25,5244762,5244971,991.4,531.8,9,209,31,1,1,8,8,38,38,"flats",5,12,0,0,0,1,2633,0,8,54,1,NA,0,NA,"C:/Data/corr_sacc/asc/JITT2.asc",0,0,26,47,770.5,1145.7,528.8,54,28,38,NA
"2860",2,11,3,25,5244997,5245251,1145.7,534.9,10,254,25,1,1,11,11,47,47,"big",1,9,0,0,0,1,2868,0,11,54,0,NA,0,NA,"C:/Data/corr_sacc/asc/JITT2.asc",0,0,38,53,991.4,1249.5,531.8,54,16,47,NA
"2861",2,11,3,25,5245276,5245452,1249.5,540.7,11,176,24,1,1,12,12,53,53,"city",3,6,0,0,0,1,3147,0,12,54,0,NA,0,NA,"C:/Data/corr_sacc/asc/JITT2.asc",0,0,47,31,1145.7,866.6,534.9,54,7,53,NA
"2862",2,11,3,25,5245504,5245624,866.6,519.9,12,120,51,1,1,7,7,31,31,"modern",5,22,0,0,0,1,3375,0,7,54,1,NA,0,NA,"C:/Data/corr_sacc/asc/JITT2.asc",1,0,53,11,1249.5,497.2,540.7,54,1,31,NA
"2863",2,11,3,25,5245678,5245791,497.2,702,13,113,53,1,2,15,15,65,11,"they",3,20,0,0,0,1,3549,0,3,34,0,NA,1,"undersweep","C:/Data/corr_sacc/asc/JITT2.asc",0,0,31,7,866.6,430.1,519.9,54,23,11,1
"2864",2,11,3,25,5245815,5245983,430.1,722.3,14,168,23,1,2,14,14,61,7,"if",2,4,0,0,0,1,3686,0,2,34,1,NA,0,NA,"C:/Data/corr_sacc/asc/JITT2.asc",0,1,11,20,497.2,655.8,702,34,23,7,NA
"2865",2,11,3,25,5246019,5246181,655.8,739.8,15,162,35,1,2,17,17,74,20,"very",2,13,0,0,0,1,3890,0,5,34,0,NA,0,NA,"C:/Data/corr_sacc/asc/JITT2.asc",0,0,7,26,430.1,777.5,722.3,34,27,20,NA
"2866",2,11,3,25,5246207,5246349,777.5,741.1,16,142,25,1,2,18,18,80,26,"overpriced.",3,6,0,0,0,1,4078,0,6,34,0,NA,0,NA,"C:/Data/corr_sacc/asc/JITT2.asc",0,0,20,28,655.8,813.2,739.8,34,14,26,NA
"2867",2,11,3,25,5246369,5246588,813.2,740.6,17,219,19,1,2,18,18,82,28,"overpriced.",5,2,0,0,0,1,4240,0,6,34,0,NA,0,NA,"C:/Data/corr_sacc/asc/JITT2.asc",0,0,26,15,777.5,571.9,741.1,34,8,28,NA
"2868",2,11,3,25,5246626,5246763,571.9,717.1,18,137,37,1,2,16,16,69,15,"were",2,13,0,0,0,1,4497,0,4,34,1,NA,0,NA,"C:/Data/corr_sacc/asc/JITT2.asc",0,0,28,11,813.2,493.7,740.6,34,6,15,NA
"2869",2,11,3,25,5246797,5246957,493.7,536,19,160,33,1,1,3,3,11,11,"really",4,4,0,0,0,1,4668,0,3,54,1,NA,0,NA,"C:/Data/corr_sacc/asc/JITT2.asc",0,0,15,8,571.9,444.6,717.1,34,19,11,NA
"2870",2,11,3,25,5246976,5247113,444.6,517.9,20,137,18,1,1,3,3,8,8,"really",1,3,0,0,0,1,4847,0,3,54,1,NA,0,NA,"C:/Data/corr_sacc/asc/JITT2.asc",0,0,11,23,493.7,712.9,536,54,43,8,NA
"2871",2,11,3,25,5247145,5247414,712.9,530.8,21,269,31,1,1,6,6,23,23,"the",1,15,0,0,0,1,5016,0,6,54,1,NA,0,NA,"C:/Data/corr_sacc/asc/JITT2.asc",0,0,8,33,444.6,905.3,517.9,54,46,23,NA
"2872",2,11,3,25,5247443,5247662,905.3,532.5,22,219,28,1,1,8,8,33,33,"flats",0,10,0,0,0,1,5314,0,8,54,1,NA,0,NA,"C:/Data/corr_sacc/asc/JITT2.asc",0,0,23,24,712.9,727.4,530.8,54,31,33,NA
"2873",2,11,3,25,5247694,5247988,727.4,530.8,23,294,31,1,1,6,6,24,24,"the",2,9,0,0,0,1,5565,0,6,54,1,NA,0,NA,"C:/Data/corr_sacc/asc/JITT2.asc",0,0,33,38,905.3,992.3,532.5,54,21,24,NA
"2874",2,11,3,25,5248025,5248215,992.3,531.8,24,190,36,1,1,8,8,38,38,"flats",5,14,0,0,0,1,5896,0,8,54,1,NA,0,NA,"C:/Data/corr_sacc/asc/JITT2.asc",0,0,24,48,727.4,1174.1,530.8,54,30,38,NA
"2875",2,11,3,25,5248245,5248483,1174.1,529.6,25,238,29,1,1,11,11,48,48,"big",2,10,0,0,0,1,6116,0,11,54,1,NA,0,NA,"C:/Data/corr_sacc/asc/JITT2.asc",0,0,38,52,992.3,1235.1,531.8,54,16,48,NA
"2876",2,11,3,25,5248507,5248662,1235.1,540.5,26,155,23,1,1,12,12,52,52,"city",2,4,0,0,0,1,6378,0,12,54,1,NA,0,NA,"C:/Data/corr_sacc/asc/JITT2.asc",0,0,48,17,1174.1,617.7,529.6,54,6,52,NA
"2877",2,11,3,25,5248725,5248827,617.7,708.6,27,102,62,1,2,16,16,71,17,"were",4,35,0,0,0,1,6596,0,4,34,1,NA,0,NA,"C:/Data/corr_sacc/asc/JITT2.asc",0,0,52,11,1235.1,497.6,540.5,54,2,17,NA
"2878",2,11,3,25,5248851,5249139,497.6,713.6,28,288,23,1,2,15,15,65,11,"they",3,6,0,0,0,1,6722,0,3,34,1,NA,0,NA,"C:/Data/corr_sacc/asc/JITT2.asc",0,0,17,22,617.7,697.5,708.6,34,17,11,NA
"2879",2,11,3,25,5249179,5249346,697.5,724,29,167,39,1,2,17,17,76,22,"very",4,11,0,0,0,1,7050,0,5,34,1,NA,0,NA,"C:/Data/corr_sacc/asc/JITT2.asc",0,0,11,27,497.6,791.3,713.6,34,23,22,NA
"2880",2,11,3,25,5249371,5249520,791.3,725.1,30,149,24,1,2,18,18,81,27,"overpriced.",4,5,0,0,0,1,7242,0,6,34,1,NA,0,NA,"C:/Data/corr_sacc/asc/JITT2.asc",NA,0,22,NA,697.5,NA,724,34,12,27,NA
"2881",2,11,3,25,NA,NA,NA,NA,NA,NA,NA,1,1,1,NA,NA,NA,"Wu",NA,NA,NA,NA,NA,NA,NA,NA,1,NA,NA,NA,NA,NA,"C:/Data/corr_sacc/asc/JITT2.asc",NA,0,27,NA,791.3,NA,725.1,34,7,NA,NA
"2882",2,11,3,25,NA,NA,NA,NA,NA,NA,NA,1,1,5,NA,NA,NA,"of",NA,NA,NA,NA,NA,NA,NA,NA,5,NA,NA,NA,NA,NA,"C:/Data/corr_sacc/asc/JITT2.asc",NA,NA,NA,NA,NA,NA,NA,NA,NA,NA,NA
"2883",2,11,3,25,NA,NA,NA,NA,NA,NA,NA,1,1,9,NA,NA,NA,"in",NA,NA,NA,NA,NA,NA,NA,NA,9,NA,NA,NA,NA,NA,"C:/Data/corr_sacc/asc/JITT2.asc",NA,NA,NA,NA,NA,NA,NA,NA,NA,NA,NA
"2884",2,11,3,25,NA,NA,NA,NA,NA,NA,NA,1,1,10,NA,NA,NA,"the",NA,NA,NA,NA,NA,NA,NA,NA,10,NA,NA,NA,NA,NA,"C:/Data/corr_sacc/asc/JITT2.asc",NA,NA,NA,NA,NA,NA,NA,NA,NA,NA,NA
"2885",2,11,3,25,NA,NA,NA,NA,NA,NA,NA,1,2,13,NA,NA,NA,"even",NA,NA,NA,NA,NA,NA,NA,NA,1,NA,NA,NA,NA,NA,"C:/Data/corr_sacc/asc/JITT2.asc",0,NA,NA,NA,NA,NA,NA,NA,NA,NA,NA
"2886",2,15,1,26,5262906,5263064,385.2,487.5,1,158,28,1,1,2,2,4,4,"was",1,NA,0,0,0,1,527,0,2,53,0,NA,0,NA,"C:/Data/corr_sacc/asc/JITT2.asc",0,0,NA,3,NA,362.9,NA,NA,NA,4,NA
"2887",2,15,1,26,5263082,5263170,362.9,495.7,2,88,17,1,1,2,2,3,3,"was",0,1,0,0,0,1,703,0,2,53,0,NA,0,NA,"C:/Data/corr_sacc/asc/JITT2.asc",0,0,4,13,385.2,535.9,487.5,53,49,3,NA
"2888",2,15,1,26,5263306,5263479,535.9,514.4,3,173,135,1,1,4,4,13,13,"after",1,10,1,0,0,1,927,0,4,53,NA,NA,0,NA,"C:/Data/corr_sacc/asc/JITT2.asc",0,0,3,9,362.9,478.9,495.7,53,50,13,NA
"2889",2,15,1,26,5263623,5263907,478.9,488.6,4,284,143,1,1,3,3,9,9,"only",2,4,1,0,0,1,1244,0,3,53,NA,NA,0,NA,"C:/Data/corr_sacc/asc/JITT2.asc",0,0,13,18,535.9,627,514.4,53,40,9,NA
"2890",2,15,1,26,5263934,5264246,627,504.8,5,312,26,1,1,5,5,18,18,"lunch",0,9,0,0,0,1,1555,0,5,53,0,NA,0,NA,"C:/Data/corr_sacc/asc/JITT2.asc",0,0,9,22,478.9,696.6,488.6,53,44,18,NA
"2891",2,15,1,26,5264270,5264389,696.6,502.7,6,119,23,1,1,5,5,22,22,"lunch",4,4,0,0,0,1,1891,0,5,53,0,NA,0,NA,"C:/Data/corr_sacc/asc/JITT2.asc",0,0,18,16,627,603.4,504.8,53,35,22,NA
"2892",2,15,1,26,5264413,5264547,603.4,498.2,7,134,23,1,1,4,4,16,16,"after",4,6,0,0,0,1,2034,0,4,53,1,NA,0,NA,"C:/Data/corr_sacc/asc/JITT2.asc",0,0,22,28,696.6,821.4,502.7,53,31,16,NA
"2893",2,15,1,26,5264704,5264975,821.4,492.9,8,271,156,1,1,6,6,28,28,"that",4,12,1,0,0,1,2325,0,6,53,NA,NA,0,NA,"C:/Data/corr_sacc/asc/JITT2.asc",0,0,16,31,603.4,868.5,498.2,53,37,28,NA
"2894",2,15,1,26,5264999,5265266,868.5,506.5,9,267,23,1,1,7,7,31,31,"he",2,3,0,0,0,1,2620,0,7,53,0,NA,0,NA,"C:/Data/corr_sacc/asc/JITT2.asc",0,0,28,37,821.4,977.2,492.9,53,25,31,NA
"2895",2,15,1,26,5265292,5265637,977.2,517.5,10,345,25,1,1,8,8,37,37,"found",5,6,0,0,0,1,2913,0,8,53,0,NA,0,NA,"C:/Data/corr_sacc/asc/JITT2.asc",0,0,31,32,868.5,879.6,506.5,53,22,37,NA
"2896",2,15,1,26,5265660,5265826,879.6,512.2,11,166,22,1,1,8,8,32,32,"found",0,5,0,0,0,1,3281,0,8,53,0,NA,0,NA,"C:/Data/corr_sacc/asc/JITT2.asc",0,0,37,41,977.2,1053.8,517.5,53,16,32,NA
"2897",2,15,1,26,5265853,5265947,1053.8,515.5,12,94,26,1,1,9,9,41,41,"out",3,9,0,0,0,1,3474,0,9,53,0,NA,0,NA,"C:/Data/corr_sacc/asc/JITT2.asc",0,0,32,47,879.6,1147.7,512.2,53,21,41,NA
"2898",2,15,1,26,5266089,5266237,1147.7,514.2,13,148,141,1,1,11,11,47,47,"had",2,6,1,0,0,1,3710,0,11,53,NA,NA,0,NA,"C:/Data/corr_sacc/asc/JITT2.asc",0,0,41,50,1053.8,1211.3,515.5,53,12,47,NA
"2899",2,15,1,26,5266260,5266444,1211.3,526.9,14,184,22,1,1,12,12,50,50,"left",1,3,0,0,0,1,3881,0,12,53,0,NA,0,NA,"C:/Data/corr_sacc/asc/JITT2.asc",1,0,47,11,1147.7,498.5,514.2,53,6,50,NA
"2900",2,15,1,26,5266510,5266609,498.5,689.9,15,99,65,1,2,15,14,64,11,"in",0,39,0,0,0,1,4131,1,3,47,0,NA,1,"undersweep","C:/Data/corr_sacc/asc/JITT2.asc",0,0,50,4,1211.3,379.2,526.9,53,3,11,1
"2901",2,15,1,26,5266633,5266765,379.2,705,16,132,23,1,2,14,14,57,4,"wallet",0,7,0,0,0,1,4254,0,2,47,1,NA,0,NA,"C:/Data/corr_sacc/asc/JITT2.asc",0,1,11,1,498.5,330.8,689.9,47,36,4,NA
"2902",2,15,1,26,5266782,5266941,330.8,700.7,17,159,16,1,2,13,13,54,1,"his",1,3,0,0,0,1,4403,0,1,47,1,NA,0,NA,"C:/Data/corr_sacc/asc/JITT2.asc",0,0,4,16,379.2,592.2,705,47,43,1,NA
"2903",2,15,1,26,5266986,5267266,592.2,707.4,18,280,44,1,2,16,16,69,16,"the",2,15,0,0,0,1,4607,0,4,47,0,NA,0,NA,"C:/Data/corr_sacc/asc/JITT2.asc",0,0,1,32,330.8,891.4,700.7,47,46,16,NA
"2904",2,15,1,26,5267305,5267531,891.4,725,19,226,38,1,2,18,18,85,32,"around",3,16,0,0,0,1,4926,0,6,47,0,NA,0,NA,"C:/Data/corr_sacc/asc/JITT2.asc",0,0,16,39,592.2,1003.4,707.4,47,31,32,NA
"2905",2,15,1,26,5267557,5267712,1003.4,726,20,155,25,1,2,19,19,92,39,"the",3,7,0,0,0,1,5178,0,7,47,0,NA,0,NA,"C:/Data/corr_sacc/asc/JITT2.asc",0,0,32,26,891.4,770.4,725,47,15,39,NA
"2906",2,15,1,26,5267748,5267966,770.4,714.2,21,218,35,1,2,17,17,79,26,"restaurant",8,13,0,0,0,1,5369,0,5,47,1,NA,0,NA,"C:/Data/corr_sacc/asc/JITT2.asc",0,0,39,2,1003.4,347.4,726,47,8,26,NA
"2907",2,15,1,26,5268006,5268165,347.4,540.7,22,159,39,1,1,1,1,2,2,"It",2,24,0,0,0,1,5627,0,1,53,1,NA,0,NA,"C:/Data/corr_sacc/asc/JITT2.asc",0,0,26,5,770.4,393.8,714.2,47,21,2,NA
"2908",2,15,1,26,5268184,5268205,393.8,537.1,23,21,18,1,1,2,2,5,5,"was",2,3,0,0,0,1,5805,0,2,53,1,NA,0,NA,"C:/Data/corr_sacc/asc/JITT2.asc",0,0,2,9,347.4,472.4,540.7,53,51,5,NA
"2909",2,15,1,26,5268369,5268597,472.4,497.2,24,228,163,1,1,3,3,9,9,"only",2,4,1,0,0,1,5990,0,3,53,NA,NA,0,NA,"C:/Data/corr_sacc/asc/JITT2.asc",0,0,5,17,393.8,624.1,537.1,53,48,9,NA
"2910",2,15,1,26,5268624,5268881,624.1,505.3,25,257,26,1,1,4,4,17,17,"after",5,8,0,0,0,1,6245,0,4,53,1,NA,0,NA,"C:/Data/corr_sacc/asc/JITT2.asc",0,0,9,28,472.4,817,497.2,53,44,17,NA
"2911",2,15,1,26,5268910,5269097,817,515.7,26,187,28,1,1,6,6,28,28,"that",4,11,0,0,0,1,6531,0,6,53,1,NA,0,NA,"C:/Data/corr_sacc/asc/JITT2.asc",0,0,17,36,624.1,957,505.3,53,36,28,NA
"2912",2,15,1,26,5269120,5269239,957,516.9,27,119,22,1,1,8,8,36,36,"found",4,8,0,0,0,1,6741,0,8,53,1,NA,0,NA,"C:/Data/corr_sacc/asc/JITT2.asc",0,0,28,47,817,1150.9,515.7,53,25,36,NA
"2913",2,15,1,26,5269412,5269594,1150.9,504.4,28,182,172,1,1,11,11,47,47,"had",2,11,1,0,0,1,7033,0,11,53,NA,NA,0,NA,"C:/Data/corr_sacc/asc/JITT2.asc",0,0,36,49,957,1199.5,516.9,53,17,47,NA
"2914",2,15,1,26,5269614,5269740,1199.5,504.8,29,126,19,1,1,12,12,49,49,"left",0,2,0,0,0,1,7235,0,12,53,1,NA,0,NA,"C:/Data/corr_sacc/asc/JITT2.asc",0,0,47,13,1150.9,543.8,504.4,53,6,49,NA
"2915",2,15,1,26,5269802,5269882,543.8,665.4,30,80,61,1,2,15,15,66,13,"in",2,36,0,0,0,1,7423,0,3,47,1,NA,0,NA,"C:/Data/corr_sacc/asc/JITT2.asc",0,0,49,6,1199.5,411.9,504.8,53,4,13,NA
"2916",2,15,1,26,5269909,5270072,411.9,693.4,31,163,26,1,2,14,14,59,6,"wallet",2,7,0,0,0,1,7530,0,2,47,1,NA,0,NA,"C:/Data/corr_sacc/asc/JITT2.asc",0,0,13,2,543.8,339.2,665.4,47,34,6,NA
"2917",2,15,1,26,5270096,5270232,339.2,702.2,32,136,23,1,2,13,13,55,2,"his",2,4,0,0,0,1,7717,0,1,47,1,NA,0,NA,"C:/Data/corr_sacc/asc/JITT2.asc",0,0,6,16,411.9,606.3,693.4,47,41,2,NA
"2918",2,15,1,26,5270268,5270463,606.3,707.3,33,195,35,1,2,16,16,69,16,"the",2,14,0,0,0,1,7889,0,4,47,1,NA,0,NA,"C:/Data/corr_sacc/asc/JITT2.asc",0,0,2,34,339.2,917.3,702.2,47,45,16,NA
"2919",2,15,1,26,5270505,5270595,917.3,713.7,34,90,41,1,2,18,18,87,34,"around",5,18,0,0,0,1,8126,0,6,47,1,NA,0,NA,"C:/Data/corr_sacc/asc/JITT2.asc",NA,0,16,NA,606.3,NA,707.3,47,31,34,NA
"2920",2,15,1,26,NA,NA,NA,NA,NA,NA,NA,1,1,10,NA,NA,NA,"he",NA,NA,NA,NA,NA,NA,NA,NA,10,NA,NA,NA,NA,NA,"C:/Data/corr_sacc/asc/JITT2.asc",NA,0,34,NA,917.3,NA,713.7,47,13,NA,NA
"2921",2,15,1,26,NA,NA,NA,NA,NA,NA,NA,1,2,20,NA,NA,NA,"corner.",NA,NA,NA,NA,NA,NA,NA,NA,8,NA,NA,NA,NA,NA,"C:/Data/corr_sacc/asc/JITT2.asc",0,NA,NA,NA,NA,NA,NA,NA,NA,NA,NA
"2922",2,44,3,27,5279193,5279291,798.5,535.7,1,98,56,1,1,4,4,25,25,"complete",8,NA,0,0,0,1,1094,0,4,55,0,NA,0,NA,"C:/Data/corr_sacc/asc/JITT2.asc",0,0,NA,12,NA,567.3,NA,NA,NA,25,NA
"2923",2,44,3,27,5279329,5279426,567.3,498.6,2,97,37,1,1,2,2,12,12,"failing",6,13,0,0,0,1,1230,0,2,55,1,NA,0,NA,"C:/Data/corr_sacc/asc/JITT2.asc",0,0,25,6,798.5,460.6,535.7,55,30,12,NA
"2924",2,44,3,27,5279450,5279592,460.6,509,3,142,23,1,1,2,2,6,6,"failing",0,6,0,0,0,1,1351,0,2,55,1,NA,0,NA,"C:/Data/corr_sacc/asc/JITT2.asc",0,0,12,3,567.3,398.1,498.6,55,43,6,NA
"2925",2,44,3,27,5279613,5279789,398.1,520.6,4,176,20,1,1,1,1,3,3,"After",3,3,0,0,0,1,1514,0,1,55,1,NA,0,NA,"C:/Data/corr_sacc/asc/JITT2.asc",0,0,6,16,460.6,632.4,509,55,49,3,NA
"2926",2,44,3,27,5279821,5280071,632.4,536.4,5,250,31,1,1,3,3,16,16,"to",2,13,0,0,0,1,1722,0,3,55,1,NA,0,NA,"C:/Data/corr_sacc/asc/JITT2.asc",0,0,3,30,398.1,875.5,520.6,55,52,16,NA
"2927",2,44,3,27,5280102,5280330,875.5,530.6,6,228,30,1,1,5,5,30,30,"their",4,14,0,0,0,1,2003,0,5,55,0,NA,0,NA,"C:/Data/corr_sacc/asc/JITT2.asc",0,0,16,45,632.4,1145.8,536.4,55,39,30,NA
"2928",2,44,3,27,5280362,5280494,1145.8,540,7,132,31,1,1,7,7,45,45,"the",3,15,0,0,0,1,2263,0,7,55,0,NA,0,NA,"C:/Data/corr_sacc/asc/JITT2.asc",0,0,30,49,875.5,1225.1,530.6,55,25,45,NA
"2929",2,44,3,27,5280516,5280710,1225.1,542.2,8,194,21,1,1,8,8,49,49,"students'",3,4,0,0,0,1,2417,0,8,55,0,NA,0,NA,"C:/Data/corr_sacc/asc/JITT2.asc",1,0,45,11,1145.8,534.5,540,55,10,49,NA
"2930",2,44,3,27,5280772,5280875,534.5,712.6,9,103,61,1,2,10,10,66,11,"teacher",3,38,0,0,0,1,2673,0,2,44,0,NA,1,"undersweep","C:/Data/corr_sacc/asc/JITT2.asc",0,0,49,6,1225.1,452,542.2,55,6,11,1
"2931",2,44,3,27,5280901,5281072,452,727.5,10,171,25,1,2,9,9,61,6,"annoyed",6,5,0,0,0,1,2802,0,1,44,1,NA,0,NA,"C:/Data/corr_sacc/asc/JITT2.asc",0,1,11,15,534.5,607.5,712.6,44,33,6,NA
"2932",2,44,3,27,5281100,5281254,607.5,733.6,11,154,27,1,2,10,10,70,15,"teacher",7,9,0,0,0,1,3001,0,2,44,1,NA,0,NA,"C:/Data/corr_sacc/asc/JITT2.asc",0,0,6,26,452,805.2,727.5,44,38,15,NA
"2933",2,44,3,27,5281282,5281474,805.2,741.4,12,192,27,1,2,13,13,81,26,"strict",0,11,0,0,0,1,3183,0,5,44,0,NA,0,NA,"C:/Data/corr_sacc/asc/JITT2.asc",0,0,15,22,607.5,740.9,733.6,44,29,26,NA
"2934",2,44,3,27,5281498,5281665,740.9,742.4,13,167,23,1,2,12,12,77,22,"them",1,4,0,0,0,1,3399,0,4,44,1,NA,0,NA,"C:/Data/corr_sacc/asc/JITT2.asc",0,0,26,14,805.2,587.8,741.4,44,18,22,NA
"2935",2,44,3,27,5281693,5281915,587.8,733.1,14,222,27,1,2,10,10,69,14,"teacher",6,8,0,0,0,1,3594,0,2,44,1,NA,0,NA,"C:/Data/corr_sacc/asc/JITT2.asc",0,0,22,26,740.9,818.9,742.4,44,22,14,NA
"2936",2,44,3,27,5281949,5282133,818.9,739.1,15,184,33,1,2,13,13,81,26,"strict",0,12,0,0,0,1,3850,0,5,44,1,NA,0,NA,"C:/Data/corr_sacc/asc/JITT2.asc",0,0,14,33,587.8,944.3,733.1,44,30,26,NA
"2937",2,44,3,27,5282168,5282299,944.3,736.3,16,131,34,1,2,14,14,88,33,"detentions.",0,7,0,0,0,1,4069,0,6,44,0,NA,0,NA,"C:/Data/corr_sacc/asc/JITT2.asc",0,0,26,39,818.9,1037.5,739.1,44,18,33,NA
"2938",2,44,3,27,5282324,5282505,1037.5,733.4,17,181,24,1,2,14,14,94,39,"detentions.",6,6,0,0,0,1,4225,0,6,44,0,NA,0,NA,"C:/Data/corr_sacc/asc/JITT2.asc",0,0,33,27,944.3,827,736.3,44,11,39,NA
"2939",2,44,3,27,5282546,5282625,827,724.2,18,79,40,1,2,13,13,82,27,"strict",1,12,0,0,0,1,4447,0,5,44,1,NA,0,NA,"C:/Data/corr_sacc/asc/JITT2.asc",0,0,39,49,1037.5,1226,733.4,44,5,27,NA
"2940",2,44,3,27,5282762,5282903,1226,551.9,19,141,136,1,1,8,8,49,49,"students'",3,22,1,0,0,1,4663,0,8,55,NA,NA,0,NA,"C:/Data/corr_sacc/asc/JITT2.asc",0,0,27,33,827,935.4,724.2,44,17,49,NA
"2941",2,44,3,27,5282952,5283082,935.4,615.3,20,130,48,1,1,6,6,33,33,"homework,",1,16,0,0,0,1,4853,0,6,55,1,NA,0,NA,"C:/Data/corr_sacc/asc/JITT2.asc",0,0,49,39,1226,1050.2,551.9,55,6,33,NA
"2942",2,44,3,27,5283109,5283215,1050.2,529.5,21,106,26,1,1,6,6,39,39,"homework,",7,6,0,0,0,1,5010,0,6,55,1,NA,0,NA,"C:/Data/corr_sacc/asc/JITT2.asc",0,0,33,13,935.4,586.6,615.3,55,22,39,NA
"2943",2,44,3,27,5283262,5283369,586.6,463.8,22,107,46,1,1,2,2,13,13,"failing",7,26,0,0,0,1,5163,0,2,55,1,NA,0,NA,"C:/Data/corr_sacc/asc/JITT2.asc",0,0,39,8,1050.2,494,529.5,55,16,13,NA
"2944",2,44,3,27,5283395,5283623,494,475,23,228,25,1,1,2,2,8,8,"failing",2,5,0,0,0,1,5296,0,2,55,1,NA,0,NA,"C:/Data/corr_sacc/asc/JITT2.asc",0,0,13,24,586.6,774.9,463.8,55,42,8,NA
"2945",2,44,3,27,5283659,5283871,774.9,486,24,212,35,1,1,4,4,24,24,"complete",7,16,0,0,0,1,5560,0,4,55,1,NA,0,NA,"C:/Data/corr_sacc/asc/JITT2.asc",0,0,8,32,494,920.7,475,55,47,24,NA
"2946",2,44,3,27,5283898,5284074,920.7,490.5,25,176,26,1,1,6,6,32,32,"homework,",0,8,0,0,0,1,5799,0,6,55,1,NA,0,NA,"C:/Data/corr_sacc/asc/JITT2.asc",0,0,24,48,774.9,1208.9,486,55,31,32,NA
"2947",2,44,3,27,5284112,5284335,1208.9,497,26,223,37,1,1,8,8,48,48,"students'",2,16,0,0,0,1,6013,0,8,55,1,NA,0,NA,"C:/Data/corr_sacc/asc/JITT2.asc",0,0,32,53,920.7,1289.5,490.5,55,23,48,NA
"2948",2,44,3,27,5284359,5284443,1289.5,514.3,27,84,23,1,1,8,8,53,53,"students'",7,5,0,0,0,1,6260,0,8,55,1,NA,0,NA,"C:/Data/corr_sacc/asc/JITT2.asc",0,0,48,17,1208.9,645.9,497,55,7,53,NA
"2949",2,44,3,27,5284509,5284626,645.9,666.4,28,117,65,1,2,11,11,72,17,"gave",1,36,0,0,0,1,6410,0,3,44,1,NA,0,NA,"C:/Data/corr_sacc/asc/JITT2.asc",0,0,53,11,1289.5,534.9,514.3,55,2,17,NA
"2950",2,44,3,27,5284652,5285012,534.9,693.9,29,360,25,1,2,10,10,66,11,"teacher",3,6,0,0,0,1,6553,0,2,44,1,NA,0,NA,"C:/Data/corr_sacc/asc/JITT2.asc",0,0,17,20,645.9,701.8,666.4,44,27,11,NA
"2951",2,44,3,27,5285039,5285250,701.8,727.2,30,211,26,1,2,11,11,75,20,"gave",4,9,0,0,0,1,6940,0,3,44,1,NA,0,NA,"C:/Data/corr_sacc/asc/JITT2.asc",0,0,11,29,534.9,869,693.9,44,33,20,NA
"2952",2,44,3,27,5285278,5285656,869,730.1,31,378,27,1,2,13,13,84,29,"strict",3,9,0,0,0,1,7179,0,5,44,1,NA,0,NA,"C:/Data/corr_sacc/asc/JITT2.asc",0,0,20,25,701.8,796.9,727.2,44,24,29,NA
"2953",2,44,3,27,5285678,5285895,796.9,732.4,32,217,21,1,2,12,12,80,25,"them",4,4,0,0,0,1,7579,0,4,44,1,NA,0,NA,"C:/Data/corr_sacc/asc/JITT2.asc",0,0,29,28,869,845,730.1,44,15,25,NA
"2954",2,44,3,27,5286093,5286132,845,722.5,33,39,197,1,2,13,13,83,28,"strict",2,3,1,0,0,1,7994,0,5,44,NA,NA,0,NA,"C:/Data/corr_sacc/asc/JITT2.asc",0,0,25,19,796.9,688.7,732.4,44,19,28,NA
"2955",2,44,3,27,5286163,5286272,688.7,721.8,34,109,30,1,2,11,11,74,19,"gave",3,9,0,0,0,1,8064,0,3,44,1,NA,0,NA,"C:/Data/corr_sacc/asc/JITT2.asc",0,0,28,12,845,565.2,722.5,44,16,19,NA
"2956",2,44,3,27,5286296,5286518,565.2,722.2,35,222,23,1,2,10,10,67,12,"teacher",4,7,0,0,0,1,8197,0,2,44,1,NA,0,NA,"C:/Data/corr_sacc/asc/JITT2.asc",0,0,19,53,688.7,1299.2,721.8,44,25,12,NA
"2957",2,44,3,27,5286571,5286764,1299.2,501.4,36,193,52,1,1,8,8,53,53,"students'",7,41,0,0,0,1,8472,0,8,55,1,NA,0,NA,"C:/Data/corr_sacc/asc/JITT2.asc",0,0,12,55,565.2,1333.3,722.2,44,32,53,NA
"2958",2,44,3,27,5286788,5287037,1333.3,504.7,37,249,23,1,1,8,8,55,55,"students'",9,2,0,0,0,1,8689,0,8,55,1,NA,0,NA,"C:/Data/corr_sacc/asc/JITT2.asc",0,0,53,12,1299.2,566.3,501.4,55,2,55,NA
"2959",2,44,3,27,5287106,5287245,566.3,707.2,38,139,68,1,2,10,10,67,12,"teacher",4,43,0,0,0,1,9007,0,2,44,1,NA,0,NA,"C:/Data/corr_sacc/asc/JITT2.asc",0,0,55,22,1333.3,743.1,504.7,55,0,12,NA
"2960",2,44,3,27,5287286,5287391,743.1,726.4,39,105,40,1,2,12,12,77,22,"them",1,10,0,0,0,1,9187,0,4,44,1,NA,0,NA,"C:/Data/corr_sacc/asc/JITT2.asc",0,0,12,34,566.3,954.9,707.2,44,32,22,NA
"2961",2,44,3,27,5287424,5287531,954.9,715,40,107,32,1,2,14,14,89,34,"detentions.",1,12,0,0,0,1,9325,0,6,44,1,NA,0,NA,"C:/Data/corr_sacc/asc/JITT2.asc",0,0,22,NA,743.1,NA,726.4,44,22,34,NA
"2962",2,51,1,28,5317252,5317510,442.7,515.3,1,258,26,1,1,3,3,10,10,"exhibition",2,NA,0,0,0,1,699,0,3,55,0,NA,0,NA,"C:/Data/corr_sacc/asc/JITT2.asc",0,0,NA,7,NA,385.4,NA,NA,NA,10,NA
"2963",2,51,1,28,5317530,5317667,385.4,516.8,2,137,19,1,1,2,2,7,7,"art",3,3,0,0,0,1,977,0,2,55,1,NA,0,NA,"C:/Data/corr_sacc/asc/JITT2.asc",0,0,10,22,442.7,651.7,515.3,55,45,7,NA
"2964",2,51,1,28,5317702,5317849,651.7,523.8,3,147,34,1,1,5,5,22,22,"Saturday",0,15,0,0,0,1,1149,0,5,55,0,NA,0,NA,"C:/Data/corr_sacc/asc/JITT2.asc",0,0,7,27,385.4,747.8,516.8,55,48,22,NA
"2965",2,51,1,28,5317996,5318027,747.8,521.1,4,31,146,1,1,5,5,27,27,"Saturday",5,5,1,0,0,1,1443,0,5,55,NA,NA,0,NA,"C:/Data/corr_sacc/asc/JITT2.asc",0,0,22,37,651.7,922.3,523.8,55,33,27,NA
"2966",2,51,1,28,5318060,5318231,922.3,535.6,5,171,32,1,1,6,6,37,37,"featured",6,10,0,0,0,1,1507,0,6,55,0,NA,0,NA,"C:/Data/corr_sacc/asc/JITT2.asc",0,0,27,36,747.8,903.7,521.1,55,28,37,NA
"2967",2,51,1,28,5318250,5318446,903.7,545.2,6,196,18,1,1,6,6,36,36,"featured",5,1,0,0,0,1,1697,0,6,55,0,NA,0,NA,"C:/Data/corr_sacc/asc/JITT2.asc",0,0,37,45,922.3,1074,535.6,55,18,36,NA
"2968",2,51,1,28,5318476,5318655,1074,564.6,7,179,29,1,1,8,8,45,45,"collection",3,9,0,0,0,1,1923,0,8,55,0,NA,0,NA,"C:/Data/corr_sacc/asc/JITT2.asc",0,0,36,38,903.7,941,545.2,55,19,45,NA
"2969",2,51,1,28,5318681,5318839,941,561.1,8,158,25,1,1,6,6,38,38,"featured",7,7,0,0,0,1,2128,0,6,55,1,NA,0,NA,"C:/Data/corr_sacc/asc/JITT2.asc",0,0,45,47,1074,1105.6,564.6,55,10,38,NA
"2970",2,51,1,28,5318868,5319011,1105.6,564.1,9,143,28,1,1,8,8,47,47,"collection",5,9,0,0,0,1,2315,0,8,55,1,NA,0,NA,"C:/Data/corr_sacc/asc/JITT2.asc",0,0,38,52,941,1196.1,561.1,55,17,47,NA
"2971",2,51,1,28,5319035,5319200,1196.1,560.1,10,165,23,1,1,8,8,52,52,"collection",10,5,0,0,0,1,2482,0,8,55,1,NA,0,NA,"C:/Data/corr_sacc/asc/JITT2.asc",1,0,47,8,1105.6,405.2,564.1,55,8,52,NA
"2972",2,51,1,28,5319265,5319451,405.2,726.5,11,186,64,1,2,10,10,63,8,"stunning",8,44,0,0,0,1,2712,0,1,50,0,NA,1,"undersweep","C:/Data/corr_sacc/asc/JITT2.asc",0,0,52,4,1196.1,337.7,560.1,55,3,8,1
"2973",2,51,1,28,5319476,5319665,337.7,713.7,12,189,24,1,2,10,10,59,4,"stunning",4,4,0,0,0,1,2923,0,1,50,0,NA,0,NA,"C:/Data/corr_sacc/asc/JITT2.asc",0,1,8,16,405.2,552.9,726.5,50,42,4,NA
"2974",2,51,1,28,5319696,5319775,552.9,717.1,13,79,30,1,2,11,11,71,16,"pictures",7,12,0,0,0,1,3143,0,2,50,0,NA,0,NA,"C:/Data/corr_sacc/asc/JITT2.asc",0,0,4,25,337.7,720.2,713.7,50,46,16,NA
"2975",2,51,1,28,5319815,5320054,720.2,711.3,14,239,39,1,2,13,13,80,25,"many",3,9,0,0,0,1,3262,0,4,50,0,NA,0,NA,"C:/Data/corr_sacc/asc/JITT2.asc",0,0,16,33,552.9,864,717.1,50,34,25,NA
"2976",2,51,1,28,5320082,5320234,864,706.9,15,152,27,1,2,14,14,88,33,"captivating",6,8,0,0,0,1,3529,0,5,50,0,NA,0,NA,"C:/Data/corr_sacc/asc/JITT2.asc",0,0,25,41,720.2,1002.6,711.3,50,25,33,NA
"2977",2,51,1,28,5320260,5320545,1002.6,707.7,16,285,25,1,2,15,15,96,41,"sculptures.",2,8,0,0,0,1,3707,0,6,50,0,NA,0,NA,"C:/Data/corr_sacc/asc/JITT2.asc",0,0,33,26,864,728.8,706.9,50,17,41,NA
"2978",2,51,1,28,5320582,5320832,728.8,702.6,17,250,36,1,2,13,13,81,26,"many",4,15,0,0,0,1,4029,0,4,50,1,NA,0,NA,"C:/Data/corr_sacc/asc/JITT2.asc",0,0,41,35,1002.6,884.8,707.7,50,9,26,NA
"2979",2,51,1,28,5320861,5320967,884.8,709.3,18,106,28,1,2,14,14,90,35,"captivating",8,9,0,0,0,1,4308,0,5,50,1,NA,0,NA,"C:/Data/corr_sacc/asc/JITT2.asc",0,0,26,43,728.8,1037,702.6,50,24,35,NA
"2980",2,51,1,28,5320992,5321153,1037,707.2,19,161,24,1,2,15,15,98,43,"sculptures.",4,8,0,0,0,1,4439,0,6,50,1,NA,0,NA,"C:/Data/corr_sacc/asc/JITT2.asc",0,0,35,23,884.8,679.6,709.3,50,15,43,NA
"2981",2,51,1,28,5321199,5321357,679.6,571.9,20,158,45,1,1,5,5,23,23,"Saturday",1,20,0,0,0,1,4646,0,5,55,1,NA,0,NA,"C:/Data/corr_sacc/asc/JITT2.asc",NA,0,43,NA,1037,NA,707.2,50,7,23,NA
"2982",2,51,1,28,NA,NA,NA,NA,NA,NA,NA,1,1,1,NA,NA,NA,"The",NA,NA,NA,NA,NA,NA,NA,NA,1,NA,NA,NA,NA,NA,"C:/Data/corr_sacc/asc/JITT2.asc",NA,0,23,NA,679.6,NA,571.9,55,32,NA,NA
"2983",2,51,1,28,NA,NA,NA,NA,NA,NA,NA,1,1,4,NA,NA,NA,"on",NA,NA,NA,NA,NA,NA,NA,NA,4,NA,NA,NA,NA,NA,"C:/Data/corr_sacc/asc/JITT2.asc",NA,NA,NA,NA,NA,NA,NA,NA,NA,NA,NA
"2984",2,51,1,28,NA,NA,NA,NA,NA,NA,NA,1,1,7,NA,NA,NA,"a",NA,NA,NA,NA,NA,NA,NA,NA,7,NA,NA,NA,NA,NA,"C:/Data/corr_sacc/asc/JITT2.asc",NA,NA,NA,NA,NA,NA,NA,NA,NA,NA,NA
"2985",2,51,1,28,NA,NA,NA,NA,NA,NA,NA,1,1,9,NA,NA,NA,"of",NA,NA,NA,NA,NA,NA,NA,NA,9,NA,NA,NA,NA,NA,"C:/Data/corr_sacc/asc/JITT2.asc",NA,NA,NA,NA,NA,NA,NA,NA,NA,NA,NA
"2986",2,51,1,28,NA,NA,NA,NA,NA,NA,NA,1,2,12,NA,NA,NA,"and",NA,NA,NA,NA,NA,NA,NA,NA,3,NA,NA,NA,NA,NA,"C:/Data/corr_sacc/asc/JITT2.asc",0,NA,NA,NA,NA,NA,NA,NA,NA,NA,NA
"2987",2,66,1,29,5338106,5338244,502.5,503.6,1,138,27,1,1,3,3,8,8,"other",2,NA,0,0,0,1,471,0,3,66,0,NA,0,NA,"C:/Data/corr_sacc/asc/JITT2.asc",0,0,NA,5,NA,444.2,NA,NA,NA,8,NA
"2988",2,66,1,29,5338266,5338417,444.2,507.2,2,151,21,1,1,2,2,5,5,"had",3,3,0,0,0,1,631,0,2,66,1,NA,0,NA,"C:/Data/corr_sacc/asc/JITT2.asc",0,0,8,18,502.5,678.9,503.6,66,58,5,NA
"2989",2,66,1,29,5338450,5338501,678.9,525.8,3,51,32,1,1,4,4,18,18,"plans,",6,13,0,0,0,1,815,0,4,66,0,NA,0,NA,"C:/Data/corr_sacc/asc/JITT2.asc",0,0,5,28,444.2,855.5,507.2,66,61,18,NA
"2990",2,66,1,29,5338662,5338837,855.5,522,4,175,160,1,1,7,7,28,28,"spent",3,10,1,0,0,1,1027,0,7,66,NA,NA,0,NA,"C:/Data/corr_sacc/asc/JITT2.asc",0,0,18,25,678.9,800.6,525.8,66,48,28,NA
"2991",2,66,1,29,5338859,5339076,800.6,515.7,5,217,21,1,1,7,7,25,25,"spent",0,3,0,0,0,1,1224,0,7,66,0,NA,0,NA,"C:/Data/corr_sacc/asc/JITT2.asc",0,0,28,36,855.5,1001.6,522,66,38,25,NA
"2992",2,66,1,29,5339106,5339384,1001.6,531.3,6,278,29,1,1,9,9,36,36,"lot",3,11,0,0,0,1,1471,0,9,66,0,NA,0,NA,"C:/Data/corr_sacc/asc/JITT2.asc",0,0,25,43,800.6,1134.2,515.7,66,41,36,NA
"2993",2,66,1,29,5339410,5339676,1134.2,542,7,266,25,1,1,11,11,43,43,"time",3,7,0,0,0,1,1775,0,11,66,0,NA,0,NA,"C:/Data/corr_sacc/asc/JITT2.asc",0,0,36,49,1001.6,1237.1,531.3,66,30,43,NA
"2994",2,66,1,29,5339703,5339911,1237.1,550,8,208,26,1,1,12,12,49,49,"looking",4,6,0,0,0,1,2068,0,12,66,0,NA,0,NA,"C:/Data/corr_sacc/asc/JITT2.asc",0,0,43,57,1134.2,1387.7,542,66,23,49,NA
"2995",2,66,1,29,5339935,5340075,1387.7,539.1,9,140,23,1,1,14,14,57,57,"the",1,8,0,0,0,1,2300,0,14,66,0,NA,0,NA,"C:/Data/corr_sacc/asc/JITT2.asc",0,0,49,61,1237.1,1463.7,550,66,17,57,NA
"2996",2,66,1,29,5340098,5340246,1463.7,538,10,148,22,1,1,15,15,61,61,"screen",1,4,0,0,0,1,2463,0,15,66,0,NA,0,NA,"C:/Data/corr_sacc/asc/JITT2.asc",0,0,57,63,1387.7,1494.1,539.1,66,9,61,NA
"2997",2,66,1,29,5340265,5340396,1494.1,534.4,11,131,18,1,1,15,15,63,63,"screen",3,2,0,0,0,1,2630,0,15,66,0,NA,0,NA,"C:/Data/corr_sacc/asc/JITT2.asc",1,0,61,12,1463.7,572.6,538,66,5,63,NA
"2998",2,66,1,29,5340471,5340576,572.6,734.2,12,105,74,1,2,19,19,78,12,"I",0,51,0,0,0,1,2836,0,4,54,0,NA,1,"undersweep","C:/Data/corr_sacc/asc/JITT2.asc",0,0,63,6,1494.1,467.3,534.4,66,3,12,1
"2999",2,66,1,29,5340602,5340806,467.3,741.5,13,204,25,1,2,17,17,72,6,"day",1,6,0,0,0,1,2967,0,2,54,1,NA,0,NA,"C:/Data/corr_sacc/asc/JITT2.asc",0,1,12,6,572.6,456.7,734.2,54,42,6,NA
"3000",2,66,1,29,5340822,5340923,456.7,743.7,14,101,15,1,2,17,17,72,6,"day",1,0,0,0,0,1,3187,0,2,54,1,NA,0,NA,"C:/Data/corr_sacc/asc/JITT2.asc",0,0,6,16,467.3,648.7,741.5,54,48,6,NA
"3001",2,66,1,29,5340953,5341183,648.7,746.2,15,230,29,1,2,20,20,82,16,"had",2,10,0,0,0,1,3318,0,5,54,0,NA,0,NA,"C:/Data/corr_sacc/asc/JITT2.asc",0,0,6,26,456.7,830.5,743.7,54,48,16,NA
"3002",2,66,1,29,5341222,5341377,830.5,752.6,16,155,38,1,2,23,23,92,26,"many",2,10,0,0,0,1,3587,0,8,54,0,NA,0,NA,"C:/Data/corr_sacc/asc/JITT2.asc",0,0,16,16,648.7,652.9,746.2,54,38,26,NA
"3003",2,66,1,29,5341408,5341437,652.9,741.7,17,29,30,1,2,20,20,82,16,"had",2,10,0,0,0,1,3773,0,5,54,1,NA,0,NA,"C:/Data/corr_sacc/asc/JITT2.asc",0,0,26,14,830.5,606.7,752.6,54,28,16,NA
"3004",2,66,1,29,5341449,5341587,606.7,739.4,18,138,11,1,2,20,20,80,14,"had",0,2,0,0,0,1,3814,0,5,54,1,NA,0,NA,"C:/Data/corr_sacc/asc/JITT2.asc",0,0,16,18,652.9,682.8,741.7,54,38,14,NA
"3005",2,66,1,29,5341762,5341867,682.8,718.6,19,105,174,1,2,21,21,84,18,"to",0,4,1,0,0,1,4127,0,6,54,NA,NA,0,NA,"C:/Data/corr_sacc/asc/JITT2.asc",0,0,14,24,606.7,781,739.4,54,40,18,NA
"3006",2,66,1,29,5341895,5342161,781,731.8,20,266,27,1,2,23,23,90,24,"many",0,6,0,0,0,1,4260,0,8,54,1,NA,0,NA,"C:/Data/corr_sacc/asc/JITT2.asc",0,0,18,20,682.8,724.1,718.6,54,36,24,NA
"3007",2,66,1,29,5342185,5342290,724.1,738.2,21,105,23,1,2,21,21,86,20,"to",2,4,0,0,0,1,4550,0,6,54,1,NA,0,NA,"C:/Data/corr_sacc/asc/JITT2.asc",0,0,24,29,781,881.8,731.8,54,30,20,NA
"3008",2,66,1,29,5342319,5342485,881.8,741,22,166,28,1,2,24,24,95,29,"assignments",0,9,0,0,0,1,4684,0,9,54,0,NA,0,NA,"C:/Data/corr_sacc/asc/JITT2.asc",0,0,20,37,724.1,1030.7,738.2,54,34,29,NA
"3009",2,66,1,29,5342512,5342729,1030.7,736.7,23,217,26,1,2,24,24,103,37,"assignments",8,8,0,0,0,1,4877,0,9,54,0,NA,0,NA,"C:/Data/corr_sacc/asc/JITT2.asc",0,0,29,32,881.8,938.3,741,54,25,37,NA
"3010",2,66,1,29,5342751,5342855,938.3,729,24,104,21,1,2,24,24,98,32,"assignments",3,5,0,0,0,1,5116,0,9,54,0,NA,0,NA,"C:/Data/corr_sacc/asc/JITT2.asc",0,0,37,28,1030.7,856.6,736.7,54,17,32,NA
"3011",2,66,1,29,5342880,5343033,856.6,726.6,25,153,24,1,2,23,23,94,28,"many",4,4,0,0,0,1,5245,0,8,54,1,NA,0,NA,"C:/Data/corr_sacc/asc/JITT2.asc",0,0,32,46,938.3,1192.6,729,54,22,28,NA
"3012",2,66,1,29,5343080,5343298,1192.6,728,26,218,46,1,2,26,26,112,46,"my",2,18,0,0,0,1,5445,0,11,54,0,NA,0,NA,"C:/Data/corr_sacc/asc/JITT2.asc",0,0,28,50,856.6,1265,726.6,54,26,46,NA
"3013",2,66,1,29,5343325,5343458,1265,738.7,27,133,26,1,2,27,27,116,50,"laptop.",3,4,0,0,0,1,5690,0,12,54,0,NA,0,NA,"C:/Data/corr_sacc/asc/JITT2.asc",0,0,46,33,1192.6,959.6,728,54,8,50,NA
"3014",2,66,1,29,5343507,5343697,959.6,677,28,190,48,1,2,24,24,99,33,"assignments",4,17,0,0,0,1,5872,0,9,54,1,NA,0,NA,"C:/Data/corr_sacc/asc/JITT2.asc",NA,0,50,NA,1265,NA,738.7,54,4,33,NA
"3015",2,66,1,29,NA,NA,NA,NA,NA,NA,NA,1,1,1,NA,NA,NA,"I",NA,NA,NA,NA,NA,NA,NA,NA,1,NA,NA,NA,NA,NA,"C:/Data/corr_sacc/asc/JITT2.asc",NA,0,33,NA,959.6,NA,677,54,21,NA,NA
"3016",2,66,1,29,NA,NA,NA,NA,NA,NA,NA,1,1,5,NA,NA,NA,"but",NA,NA,NA,NA,NA,NA,NA,NA,5,NA,NA,NA,NA,NA,"C:/Data/corr_sacc/asc/JITT2.asc",NA,NA,NA,NA,NA,NA,NA,NA,NA,NA,NA
"3017",2,66,1,29,NA,NA,NA,NA,NA,NA,NA,1,1,6,NA,NA,NA,"I",NA,NA,NA,NA,NA,NA,NA,NA,6,NA,NA,NA,NA,NA,"C:/Data/corr_sacc/asc/JITT2.asc",NA,NA,NA,NA,NA,NA,NA,NA,NA,NA,NA
"3018",2,66,1,29,NA,NA,NA,NA,NA,NA,NA,1,1,8,NA,NA,NA,"a",NA,NA,NA,NA,NA,NA,NA,NA,8,NA,NA,NA,NA,NA,"C:/Data/corr_sacc/asc/JITT2.asc",NA,NA,NA,NA,NA,NA,NA,NA,NA,NA,NA
"3019",2,66,1,29,NA,NA,NA,NA,NA,NA,NA,1,1,10,NA,NA,NA,"of",NA,NA,NA,NA,NA,NA,NA,NA,10,NA,NA,NA,NA,NA,"C:/Data/corr_sacc/asc/JITT2.asc",NA,NA,NA,NA,NA,NA,NA,NA,NA,NA,NA
"3020",2,66,1,29,NA,NA,NA,NA,NA,NA,NA,1,1,13,NA,NA,NA,"at",NA,NA,NA,NA,NA,NA,NA,NA,13,NA,NA,NA,NA,NA,"C:/Data/corr_sacc/asc/JITT2.asc",NA,NA,NA,NA,NA,NA,NA,NA,NA,NA,NA
"3021",2,66,1,29,NA,NA,NA,NA,NA,NA,NA,1,2,16,NA,NA,NA,"that",NA,NA,NA,NA,NA,NA,NA,NA,1,NA,NA,NA,NA,NA,"C:/Data/corr_sacc/asc/JITT2.asc",NA,NA,NA,NA,NA,NA,NA,NA,NA,NA,NA
"3022",2,66,1,29,NA,NA,NA,NA,NA,NA,NA,1,2,18,NA,NA,NA,"as",NA,NA,NA,NA,NA,NA,NA,NA,3,NA,NA,NA,NA,NA,"C:/Data/corr_sacc/asc/JITT2.asc",NA,NA,NA,NA,NA,NA,NA,NA,NA,NA,NA
"3023",2,66,1,29,NA,NA,NA,NA,NA,NA,NA,1,2,22,NA,NA,NA,"do",NA,NA,NA,NA,NA,NA,NA,NA,7,NA,NA,NA,NA,NA,"C:/Data/corr_sacc/asc/JITT2.asc",NA,NA,NA,NA,NA,NA,NA,NA,NA,NA,NA
"3024",2,66,1,29,NA,NA,NA,NA,NA,NA,NA,1,2,25,NA,NA,NA,"on",NA,NA,NA,NA,NA,NA,NA,NA,10,NA,NA,NA,NA,NA,"C:/Data/corr_sacc/asc/JITT2.asc",0,NA,NA,NA,NA,NA,NA,NA,NA,NA,NA
"3025",2,61,2,30,5516709,5517020,513.9,557.4,1,311,33,1,1,3,3,16,16,"almost",6,NA,0,0,0,1,767,0,3,54,0,NA,0,NA,"C:/Data/corr_sacc/asc/JITT2.asc",0,0,NA,10,NA,404.9,NA,NA,NA,16,NA
"3026",2,61,2,30,5517042,5517145,404.9,556.7,2,103,21,1,1,3,3,10,10,"almost",0,6,0,0,0,1,1100,0,3,54,0,NA,0,NA,"C:/Data/corr_sacc/asc/JITT2.asc",0,0,16,6,513.9,330.3,557.4,54,38,10,NA
"3027",2,61,2,30,5517167,5517237,330.3,552.8,3,70,21,1,1,2,2,6,6,"walked",3,4,0,0,0,1,1225,0,2,54,1,NA,0,NA,"C:/Data/corr_sacc/asc/JITT2.asc",0,0,10,25,404.9,665.6,556.7,54,44,6,NA
"3028",2,61,2,30,5517274,5517549,665.6,537.6,4,275,36,1,1,5,5,25,25,"whole",4,19,0,0,0,1,1332,0,5,54,0,NA,0,NA,"C:/Data/corr_sacc/asc/JITT2.asc",0,0,6,36,330.3,867.8,552.8,54,48,25,NA
"3029",2,61,2,30,5517580,5517752,867.8,544.4,5,172,30,1,1,8,8,36,36,"the",2,11,0,0,0,1,1638,0,8,54,0,NA,0,NA,"C:/Data/corr_sacc/asc/JITT2.asc",0,0,25,32,665.6,806.8,537.6,54,29,36,NA
"3030",2,61,2,30,5517772,5517858,806.8,549.7,6,86,19,1,1,7,7,32,32,"on",1,4,0,0,0,1,1830,0,7,54,1,NA,0,NA,"C:/Data/corr_sacc/asc/JITT2.asc",0,0,36,48,867.8,1091.2,544.4,54,18,32,NA
"3031",2,61,2,30,5517898,5518073,1091.2,564.7,7,175,39,1,1,11,11,48,48,"view",1,16,0,0,0,1,1956,0,11,54,0,NA,0,NA,"C:/Data/corr_sacc/asc/JITT2.asc",1,0,32,10,806.8,403.2,549.7,54,22,48,NA
"3032",2,61,2,30,5518135,5518232,403.2,765,8,97,61,1,2,14,14,64,10,"gentle",6,38,0,0,0,1,2193,0,2,35,0,NA,1,"undersweep","C:/Data/corr_sacc/asc/JITT2.asc",0,0,48,3,1091.2,270.5,564.7,54,6,10,1
"3033",2,61,2,30,5518256,5518531,270.5,774.3,9,275,23,1,2,13,13,57,3,"the",3,7,0,0,0,1,2314,0,1,35,1,NA,0,NA,"C:/Data/corr_sacc/asc/JITT2.asc",0,1,10,16,403.2,516.7,765,35,25,3,NA
"3034",2,61,2,30,5518561,5518699,516.7,769,10,138,29,1,2,15,15,70,16,"rolling",5,13,0,0,0,1,2619,0,3,35,0,NA,0,NA,"C:/Data/corr_sacc/asc/JITT2.asc",0,0,3,23,270.5,635.4,774.3,35,32,16,NA
"3035",2,61,2,30,5518724,5518850,635.4,771.1,11,126,24,1,2,16,16,77,23,"hills",4,7,0,0,0,1,2782,0,4,35,0,NA,0,NA,"C:/Data/corr_sacc/asc/JITT2.asc",0,0,16,25,516.7,671.2,769,35,19,23,NA
"3036",2,61,2,30,5518870,5519078,671.2,771.5,12,208,19,1,2,17,17,79,25,"of",0,2,0,0,0,1,2928,0,5,35,0,NA,0,NA,"C:/Data/corr_sacc/asc/JITT2.asc",0,0,23,1,635.4,235.6,771.1,35,12,25,NA
"3037",2,61,2,30,5519126,5519210,235.6,591.2,13,84,47,1,1,1,1,1,1,"He",1,24,0,0,0,1,3184,0,1,54,1,NA,0,NA,"C:/Data/corr_sacc/asc/JITT2.asc",0,0,25,1,671.2,236.8,771.5,35,10,1,NA
"3038",2,61,2,30,5519227,5519353,236.8,558.4,14,126,16,1,1,1,1,1,1,"He",1,0,0,0,0,1,3285,0,1,54,1,NA,0,NA,"C:/Data/corr_sacc/asc/JITT2.asc",0,0,1,7,235.6,348.8,591.2,54,53,1,NA
"3039",2,61,2,30,5519490,5519629,348.8,549.9,15,139,136,1,1,2,2,7,7,"walked",4,6,1,0,0,1,3548,0,2,54,NA,NA,0,NA,"C:/Data/corr_sacc/asc/JITT2.asc",0,0,1,11,236.8,426.5,558.4,54,53,7,NA
"3040",2,61,2,30,5519654,5519779,426.5,560,16,125,24,1,1,3,3,11,11,"almost",1,4,0,0,0,1,3712,0,3,54,1,NA,0,NA,"C:/Data/corr_sacc/asc/JITT2.asc",0,0,7,20,348.8,577.7,549.9,54,47,11,NA
"3041",2,61,2,30,5519804,5520042,577.7,565.2,17,238,24,1,1,4,4,20,20,"the",3,9,0,0,0,1,3862,0,4,54,1,NA,0,NA,"C:/Data/corr_sacc/asc/JITT2.asc",0,0,11,30,426.5,757.5,560,54,43,20,NA
"3042",2,61,2,30,5520071,5520285,757.5,571.7,18,214,28,1,1,6,6,30,30,"day",3,10,0,0,0,1,4129,0,6,54,1,NA,0,NA,"C:/Data/corr_sacc/asc/JITT2.asc",0,0,20,28,577.7,720.6,565.2,54,34,30,NA
"3043",2,61,2,30,5520296,5520378,720.6,570.8,19,82,10,1,1,6,6,28,28,"day",1,2,0,0,0,1,4354,0,6,54,1,NA,0,NA,"C:/Data/corr_sacc/asc/JITT2.asc",0,0,30,42,757.5,986.2,571.7,54,24,28,NA
"3044",2,61,2,30,5520411,5520683,986.2,555.1,20,272,32,1,1,9,9,42,42,"grass",4,14,0,0,0,1,4469,0,9,54,1,NA,0,NA,"C:/Data/corr_sacc/asc/JITT2.asc",0,0,28,48,720.6,1090.3,570.8,54,26,42,NA
"3045",2,61,2,30,5520705,5520827,1090.3,563.3,21,122,21,1,1,11,11,48,48,"view",1,6,0,0,0,1,4763,0,11,54,1,NA,0,NA,"C:/Data/corr_sacc/asc/JITT2.asc",0,0,42,5,986.2,308.5,555.1,54,12,48,NA
"3046",2,61,2,30,5520880,5520993,308.5,740.5,22,113,52,1,2,14,14,59,5,"gentle",1,43,0,0,0,1,4938,0,2,35,1,NA,0,NA,"C:/Data/corr_sacc/asc/JITT2.asc",0,0,48,NA,1090.3,195.1,563.3,54,6,5,NA
"3047",2,61,2,30,5521015,5521223,195.1,753.8,23,208,21,NA,2,NA,NA,NA,NA,NA,NA,NA,0,0,1,1,5073,NA,NA,35,NA,NA,0,NA,"C:/Data/corr_sacc/asc/JITT2.asc",0,0,5,10,308.5,400.8,740.5,35,30,-1,NA
"3048",2,61,2,30,5521253,5521455,400.8,754.3,24,202,29,1,2,14,14,64,10,"gentle",6,NA,0,0,0,1,5311,0,2,35,1,NA,0,NA,"C:/Data/corr_sacc/asc/JITT2.asc",0,0,NA,19,195.1,558.6,753.8,35,NA,10,NA
"3049",2,61,2,30,5521482,5521769,558.6,753.5,25,287,26,1,2,16,16,73,19,"hills",0,9,0,0,0,1,5540,0,4,35,1,NA,0,NA,"C:/Data/corr_sacc/asc/JITT2.asc",0,0,10,17,400.8,525.3,754.3,35,25,19,NA
"3050",2,61,2,30,5521783,5521868,525.3,756.3,26,85,13,1,2,15,15,71,17,"rolling",6,2,0,0,0,1,5841,0,3,35,1,NA,0,NA,"C:/Data/corr_sacc/asc/JITT2.asc",0,0,19,25,558.6,666.4,753.5,35,16,17,NA
"3051",2,61,2,30,5521894,5522035,666.4,757.4,27,141,25,1,2,17,17,79,25,"of",0,8,0,0,0,1,5952,0,5,35,1,NA,0,NA,"C:/Data/corr_sacc/asc/JITT2.asc",0,0,17,27,525.3,718.7,756.3,35,18,25,NA
"3052",2,61,2,30,5522058,5522229,718.7,769.1,28,171,22,1,2,17,17,81,27,"of",2,2,0,0,0,1,6116,0,5,35,1,NA,0,NA,"C:/Data/corr_sacc/asc/JITT2.asc",NA,0,25,NA,666.4,NA,757.4,35,10,27,NA
"3053",2,61,2,30,NA,NA,NA,NA,NA,NA,NA,1,1,10,NA,NA,NA,"in",NA,NA,NA,NA,NA,NA,NA,NA,10,NA,NA,NA,NA,NA,"C:/Data/corr_sacc/asc/JITT2.asc",NA,0,27,NA,718.7,NA,769.1,35,8,NA,NA
"3054",2,61,2,30,NA,NA,NA,NA,NA,NA,NA,1,1,12,NA,NA,NA,"of",NA,NA,NA,NA,NA,NA,NA,NA,12,NA,NA,NA,NA,NA,"C:/Data/corr_sacc/asc/JITT2.asc",NA,NA,NA,NA,NA,NA,NA,NA,NA,NA,NA
"3055",2,61,2,30,NA,NA,NA,NA,NA,NA,NA,1,2,18,NA,NA,NA,"Kadath.",NA,NA,NA,NA,NA,NA,NA,NA,6,NA,NA,NA,NA,NA,"C:/Data/corr_sacc/asc/JITT2.asc",0,NA,NA,NA,NA,NA,NA,NA,NA,NA,NA
"3056",2,81,1,31,5532845,5532954,626.5,543,1,109,38,1,1,5,5,22,22,"children",2,NA,0,0,0,1,716,0,5,54,0,NA,0,NA,"C:/Data/corr_sacc/asc/JITT2.asc",0,0,NA,14,NA,496.6,NA,NA,NA,22,NA
"3057",2,81,1,31,5532978,5533079,496.6,503.7,2,101,23,1,1,4,4,14,14,"young",0,8,0,0,0,1,849,0,4,54,1,NA,0,NA,"C:/Data/corr_sacc/asc/JITT2.asc",0,0,22,8,626.5,381.5,543,54,32,14,NA
"3058",2,81,1,31,5533102,5533220,381.5,495.8,3,118,22,1,1,2,2,8,8,"the",2,6,0,0,0,1,973,0,2,54,1,NA,0,NA,"C:/Data/corr_sacc/asc/JITT2.asc",0,0,14,4,496.6,306.1,503.7,54,40,8,NA
"3059",2,81,1,31,5533244,5533353,306.1,500.9,4,109,23,1,1,1,1,4,4,"While",4,4,0,0,0,1,1115,0,1,54,1,NA,0,NA,"C:/Data/corr_sacc/asc/JITT2.asc",0,0,8,15,381.5,505.6,495.8,54,46,4,NA
"3060",2,81,1,31,5533513,5533673,505.6,500.4,5,160,159,1,1,4,4,15,15,"young",1,11,1,0,0,1,1384,0,4,54,NA,NA,0,NA,"C:/Data/corr_sacc/asc/JITT2.asc",0,0,4,30,306.1,773,500.9,54,50,15,NA
"3061",2,81,1,31,5533708,5533920,773,510.6,6,212,34,1,1,6,6,30,30,"were",1,15,0,0,0,1,1579,0,6,54,0,NA,0,NA,"C:/Data/corr_sacc/asc/JITT2.asc",0,0,15,37,505.6,897.8,500.4,54,39,30,NA
"3062",2,81,1,31,5533946,5534092,897.8,523.8,7,146,25,1,1,7,7,37,37,"playing",3,7,0,0,0,1,1817,0,7,54,0,NA,0,NA,"C:/Data/corr_sacc/asc/JITT2.asc",0,0,30,47,773,1085.9,510.6,54,24,37,NA
"3063",2,81,1,31,5534118,5534377,1085.9,529.4,8,259,25,1,1,9,9,47,47,"the",2,10,0,0,0,1,1989,0,9,54,0,NA,0,NA,"C:/Data/corr_sacc/asc/JITT2.asc",1,0,37,10,897.8,416.9,523.8,54,17,47,NA
"3064",2,81,1,31,5534429,5534550,416.9,724.6,9,121,51,1,2,12,12,64,10,"parents",4,37,0,0,0,1,2300,0,2,60,0,NA,1,"undersweep","C:/Data/corr_sacc/asc/JITT2.asc",0,0,47,4,1085.9,317.3,529.4,54,7,10,1
"3065",2,81,1,31,5534573,5534779,317.3,742.8,10,206,22,1,2,11,11,58,4,"their",4,6,0,0,0,1,2444,0,1,60,1,NA,0,NA,"C:/Data/corr_sacc/asc/JITT2.asc",0,1,10,21,416.9,617.9,724.6,60,50,4,NA
"3066",2,81,1,31,5534811,5534971,617.9,736.6,11,160,31,1,2,14,14,75,21,"talking",2,17,0,0,0,1,2682,0,4,60,0,NA,0,NA,"C:/Data/corr_sacc/asc/JITT2.asc",0,0,4,17,317.3,544,742.8,60,56,21,NA
"3067",2,81,1,31,5534992,5535184,544,742.4,12,192,20,1,2,13,13,71,17,"were",3,4,0,0,0,1,2863,0,3,60,1,NA,0,NA,"C:/Data/corr_sacc/asc/JITT2.asc",0,0,21,25,617.9,677.6,736.6,60,39,17,NA
"3068",2,81,1,31,5535211,5535283,677.6,740,13,72,26,1,2,14,14,79,25,"talking",6,8,0,0,0,1,3082,0,4,60,1,NA,0,NA,"C:/Data/corr_sacc/asc/JITT2.asc",0,0,17,5,544,335,742.4,60,43,25,NA
"3069",2,81,1,31,5535324,5535615,335,738.7,14,291,40,1,2,11,11,59,5,"their",5,20,0,0,0,1,3195,0,1,60,1,NA,0,NA,"C:/Data/corr_sacc/asc/JITT2.asc",0,0,25,3,677.6,290.6,740,60,35,5,NA
"3070",2,81,1,31,5535630,5535745,290.6,748,15,115,14,1,2,11,11,57,3,"their",3,2,0,0,0,1,3501,0,1,60,1,NA,0,NA,"C:/Data/corr_sacc/asc/JITT2.asc",0,0,5,14,335,482.1,738.7,60,55,3,NA
"3071",2,81,1,31,5535772,5535951,482.1,746.3,16,179,26,1,2,13,13,68,14,"were",0,11,0,0,0,1,3643,0,3,60,1,NA,0,NA,"C:/Data/corr_sacc/asc/JITT2.asc",0,0,3,20,290.6,597.7,748,60,57,14,NA
"3072",2,81,1,31,5535973,5536220,597.7,744.8,17,247,21,1,2,14,14,74,20,"talking",1,6,0,0,0,1,3844,0,4,60,1,NA,0,NA,"C:/Data/corr_sacc/asc/JITT2.asc",0,0,14,34,482.1,851.3,746.3,60,46,20,NA
"3073",2,81,1,31,5536254,5536566,851.3,745,18,312,33,1,2,16,16,88,34,"last",1,14,0,0,0,1,4125,0,6,60,0,NA,0,NA,"C:/Data/corr_sacc/asc/JITT2.asc",0,0,20,44,597.7,1025.9,744.8,60,40,34,NA
"3074",2,81,1,31,5536596,5536748,1025.9,733.1,19,152,29,1,2,17,17,98,44,"night's",6,10,0,0,0,1,4467,0,7,60,0,NA,0,NA,"C:/Data/corr_sacc/asc/JITT2.asc",0,0,34,51,851.3,1154.5,745,60,26,44,NA
"3075",2,81,1,31,5536773,5536916,1154.5,732.8,20,143,24,1,2,18,18,105,51,"football",5,7,0,0,0,1,4644,0,8,60,0,NA,0,NA,"C:/Data/corr_sacc/asc/JITT2.asc",0,0,44,58,1025.9,1281.7,733.1,60,16,51,NA
"3076",2,81,1,31,5536941,5537095,1281.7,741.8,21,154,24,1,2,19,19,112,58,"game.",3,7,0,0,0,1,4812,0,9,60,0,NA,0,NA,"C:/Data/corr_sacc/asc/JITT2.asc",0,0,51,31,1154.5,789.1,732.8,60,9,58,NA
"3077",2,81,1,31,5537142,5537236,789.1,563.2,22,94,46,1,1,6,6,31,31,"were",2,27,0,0,0,1,5013,0,6,54,1,NA,0,NA,"C:/Data/corr_sacc/asc/JITT2.asc",0,0,58,17,1281.7,550.8,741.8,60,2,31,NA
"3078",2,81,1,31,5537273,5537421,550.8,501.6,23,148,36,1,1,4,4,17,17,"young",3,14,0,0,0,1,5144,0,4,54,1,NA,0,NA,"C:/Data/corr_sacc/asc/JITT2.asc",0,0,31,45,789.1,1045.7,563.2,54,23,17,NA
"3079",2,81,1,31,5537475,5537644,1045.7,550.7,24,169,53,1,1,9,9,45,45,"the",0,28,0,0,0,1,5346,0,9,54,1,NA,0,NA,"C:/Data/corr_sacc/asc/JITT2.asc",0,0,17,31,550.8,788.5,501.6,54,37,45,NA
"3080",2,81,1,31,5537676,5537773,788.5,526,25,97,31,1,1,6,6,31,31,"were",2,14,0,0,0,1,5547,0,6,54,1,NA,0,NA,"C:/Data/corr_sacc/asc/JITT2.asc",NA,0,45,NA,1045.7,NA,550.7,54,9,31,NA
"3081",2,81,1,31,NA,NA,NA,NA,NA,NA,NA,1,1,3,NA,NA,NA,"two",NA,NA,NA,NA,NA,NA,NA,NA,3,NA,NA,NA,NA,NA,"C:/Data/corr_sacc/asc/JITT2.asc",NA,0,31,NA,788.5,NA,526,54,23,NA,NA
"3082",2,81,1,31,NA,NA,NA,NA,NA,NA,NA,1,1,8,NA,NA,NA,"in",NA,NA,NA,NA,NA,NA,NA,NA,8,NA,NA,NA,NA,NA,"C:/Data/corr_sacc/asc/JITT2.asc",NA,NA,NA,NA,NA,NA,NA,NA,NA,NA,NA
"3083",2,81,1,31,NA,NA,NA,NA,NA,NA,NA,1,1,10,NA,NA,NA,"park,",NA,NA,NA,NA,NA,NA,NA,NA,10,NA,NA,NA,NA,NA,"C:/Data/corr_sacc/asc/JITT2.asc",NA,NA,NA,NA,NA,NA,NA,NA,NA,NA,NA
"3084",2,81,1,31,NA,NA,NA,NA,NA,NA,NA,1,2,15,NA,NA,NA,"about",NA,NA,NA,NA,NA,NA,NA,NA,5,NA,NA,NA,NA,NA,"C:/Data/corr_sacc/asc/JITT2.asc",0,NA,NA,NA,NA,NA,NA,NA,NA,NA,NA
"3085",2,32,3,32,5540221,5540357,442.9,478.4,1,136,18,1,1,1,1,4,4,"Penny",4,NA,0,0,0,1,519,0,1,67,0,NA,0,NA,"C:/Data/corr_sacc/asc/JITT2.asc",0,0,NA,14,NA,623.6,NA,NA,NA,4,NA
"3086",2,32,3,32,5540385,5540593,623.6,487.4,2,208,27,1,1,3,3,14,14,"feeling",4,10,0,0,0,1,683,0,3,67,0,NA,0,NA,"C:/Data/corr_sacc/asc/JITT2.asc",0,0,4,9,442.9,529.2,478.4,67,63,14,NA
"3087",2,32,3,32,5540617,5540725,529.2,499.1,3,108,23,1,1,2,2,9,9,"was",3,5,0,0,0,1,915,0,2,67,1,NA,0,NA,"C:/Data/corr_sacc/asc/JITT2.asc",0,0,14,32,623.6,943.4,487.4,67,53,9,NA
"3088",2,32,3,32,5540768,5540964,943.4,496.6,4,196,42,1,1,7,7,32,32,"wanted",1,23,0,0,0,1,1066,0,7,67,0,NA,0,NA,"C:/Data/corr_sacc/asc/JITT2.asc",0,0,9,30,529.2,902.9,499.1,67,58,32,NA
"3089",2,32,3,32,5540978,5541110,902.9,503.4,5,132,13,1,1,6,6,30,30,"she",3,2,0,0,0,1,1276,0,6,67,1,NA,0,NA,"C:/Data/corr_sacc/asc/JITT2.asc",0,0,32,46,943.4,1193.8,496.6,67,35,30,NA
"3090",2,32,3,32,5541148,5541419,1193.8,519.9,6,271,37,1,1,10,10,46,46,"indoors",0,16,0,0,0,1,1446,0,10,67,0,NA,0,NA,"C:/Data/corr_sacc/asc/JITT2.asc",0,0,30,51,902.9,1292.1,503.4,67,37,46,NA
"3091",2,32,3,32,5541443,5541563,1292.1,536,7,120,23,1,1,10,10,51,51,"indoors",5,5,0,0,0,1,1741,0,10,67,0,NA,0,NA,"C:/Data/corr_sacc/asc/JITT2.asc",0,0,46,63,1193.8,1493.7,519.9,67,21,51,NA
"3092",2,32,3,32,5541731,5541929,1493.7,528.5,8,198,167,1,1,12,12,63,63,"she",3,12,1,0,0,1,2029,0,12,67,NA,NA,0,NA,"C:/Data/corr_sacc/asc/JITT2.asc",0,0,51,67,1292.1,1573.2,536,67,16,63,NA
"3093",2,32,3,32,5541952,5542105,1573.2,539.1,9,153,22,1,1,13,13,67,67,"had",3,4,0,0,0,1,2250,0,13,67,0,NA,0,NA,"C:/Data/corr_sacc/asc/JITT2.asc",1,0,63,14,1493.7,616.3,528.5,67,4,67,NA
"3094",2,32,3,32,5542170,5542271,616.3,718.7,10,101,64,1,2,16,16,81,14,"whole",4,53,0,0,0,1,2468,0,3,46,0,NA,1,"undersweep","C:/Data/corr_sacc/asc/JITT2.asc",0,0,67,7,1573.2,493.9,539.1,67,0,14,1
"3095",2,32,3,32,5542296,5542574,493.9,738.9,11,278,24,1,2,15,15,74,7,"the",1,7,0,0,0,1,2594,0,2,46,1,NA,0,NA,"C:/Data/corr_sacc/asc/JITT2.asc",0,1,14,23,616.3,781.4,718.7,46,32,7,NA
"3096",2,32,3,32,5542607,5542828,781.4,743.8,12,221,32,1,2,17,17,90,23,"afternoon",7,16,0,0,0,1,2905,0,4,46,0,NA,0,NA,"C:/Data/corr_sacc/asc/JITT2.asc",0,0,7,34,493.9,970,738.9,46,39,23,NA
"3097",2,32,3,32,5542858,5543019,970,750.2,13,161,29,1,2,19,19,101,34,"on",1,11,0,0,0,1,3156,0,6,46,0,NA,0,NA,"C:/Data/corr_sacc/asc/JITT2.asc",0,0,23,42,781.4,1127.2,743.8,46,23,34,NA
"3098",2,32,3,32,5543046,5543240,1127.2,742.1,14,194,26,1,2,21,21,109,42,"slope.",2,8,0,0,0,1,3344,0,8,46,0,NA,0,NA,"C:/Data/corr_sacc/asc/JITT2.asc",0,0,34,36,970,1011.9,750.2,46,12,42,NA
"3099",2,32,3,32,5543264,5543396,1011.9,734.3,15,132,23,1,2,20,20,103,36,"the",0,6,0,0,0,1,3562,0,7,46,1,NA,0,NA,"C:/Data/corr_sacc/asc/JITT2.asc",0,0,42,24,1127.2,795.7,742.1,46,4,36,NA
"3100",2,32,3,32,5543438,5543661,795.7,497.3,16,223,41,1,1,5,5,24,24,"so",0,12,0,0,0,1,3736,0,5,67,1,NA,0,NA,"C:/Data/corr_sacc/asc/JITT2.asc",0,0,36,32,1011.9,938.2,734.3,46,10,24,NA
"3101",2,32,3,32,5543686,5543749,938.2,509.1,17,63,24,1,1,7,7,32,32,"wanted",1,8,0,0,0,1,3984,0,7,67,1,NA,0,NA,"C:/Data/corr_sacc/asc/JITT2.asc",NA,0,24,NA,795.7,NA,497.3,67,43,32,NA
"3102",2,32,3,32,NA,NA,NA,NA,NA,NA,NA,1,1,4,NA,NA,NA,"cold,",NA,NA,NA,NA,NA,NA,NA,NA,4,NA,NA,NA,NA,NA,"C:/Data/corr_sacc/asc/JITT2.asc",NA,0,32,NA,938.2,NA,509.1,67,35,NA,NA
"3103",2,32,3,32,NA,NA,NA,NA,NA,NA,NA,1,1,8,NA,NA,NA,"to",NA,NA,NA,NA,NA,NA,NA,NA,8,NA,NA,NA,NA,NA,"C:/Data/corr_sacc/asc/JITT2.asc",NA,NA,NA,NA,NA,NA,NA,NA,NA,NA,NA
"3104",2,32,3,32,NA,NA,NA,NA,NA,NA,NA,1,1,9,NA,NA,NA,"move",NA,NA,NA,NA,NA,NA,NA,NA,9,NA,NA,NA,NA,NA,"C:/Data/corr_sacc/asc/JITT2.asc",NA,NA,NA,NA,NA,NA,NA,NA,NA,NA,NA
"3105",2,32,3,32,NA,NA,NA,NA,NA,NA,NA,1,1,11,NA,NA,NA,"after",NA,NA,NA,NA,NA,NA,NA,NA,11,NA,NA,NA,NA,NA,"C:/Data/corr_sacc/asc/JITT2.asc",NA,NA,NA,NA,NA,NA,NA,NA,NA,NA,NA
"3106",2,32,3,32,NA,NA,NA,NA,NA,NA,NA,1,2,14,NA,NA,NA,"spent",NA,NA,NA,NA,NA,NA,NA,NA,1,NA,NA,NA,NA,NA,"C:/Data/corr_sacc/asc/JITT2.asc",NA,NA,NA,NA,NA,NA,NA,NA,NA,NA,NA
"3107",2,32,3,32,NA,NA,NA,NA,NA,NA,NA,1,2,18,NA,NA,NA,"skiing",NA,NA,NA,NA,NA,NA,NA,NA,5,NA,NA,NA,NA,NA,"C:/Data/corr_sacc/asc/JITT2.asc",0,NA,NA,NA,NA,NA,NA,NA,NA,NA,NA
"3108",2,63,1,33,5548927,5549065,401.6,494.2,1,138,25,1,1,2,2,7,7,"room",3,NA,0,0,0,1,702,0,2,54,0,NA,0,NA,"C:/Data/corr_sacc/asc/JITT2.asc",0,0,NA,13,NA,509.1,NA,NA,NA,7,NA
"3109",2,63,1,33,5549088,5549202,509.1,478.6,2,114,22,1,1,3,3,13,13,"behind",4,6,0,0,0,1,863,0,3,54,0,NA,0,NA,"C:/Data/corr_sacc/asc/JITT2.asc",0,0,7,23,401.6,682.8,494.2,54,47,13,NA
"3110",2,63,1,33,5549383,5549603,682.8,478.2,3,220,180,1,1,5,5,23,23,"bathroom",3,10,1,0,0,1,1158,0,5,54,NA,NA,0,NA,"C:/Data/corr_sacc/asc/JITT2.asc",0,0,13,33,509.1,868.1,478.6,54,41,23,NA
"3111",2,63,1,33,5549632,5549733,868.1,484.9,4,101,28,1,1,7,7,33,33,"recently",0,10,0,0,0,1,1407,0,7,54,0,NA,0,NA,"C:/Data/corr_sacc/asc/JITT2.asc",0,0,23,33,682.8,859.8,478.2,54,31,33,NA
"3112",2,63,1,33,5549909,5549981,859.8,466.9,5,72,175,1,1,7,7,33,33,"recently",0,0,1,0,0,1,1684,0,7,54,NA,NA,0,NA,"C:/Data/corr_sacc/asc/JITT2.asc",0,0,33,47,868.1,1107.8,484.9,54,21,33,NA
"3113",2,63,1,33,5550017,5550216,1107.8,495.5,6,199,35,1,1,8,8,47,47,"painted",5,14,0,0,0,1,1792,0,8,54,0,NA,0,NA,"C:/Data/corr_sacc/asc/JITT2.asc",0,0,33,51,859.8,1187.1,466.9,54,21,47,NA
"3114",2,63,1,33,5550238,5550385,1187.1,513.8,7,147,21,1,1,9,9,51,51,"blue",1,4,0,0,0,1,2013,0,9,54,0,NA,0,NA,"C:/Data/corr_sacc/asc/JITT2.asc",1,0,47,12,1107.8,478.3,495.5,54,7,51,NA
"3115",2,63,1,33,5550446,5550546,478.3,712.3,8,100,60,1,2,11,11,66,12,"preparation",9,39,0,0,0,1,2221,0,2,35,0,NA,1,"undersweep","C:/Data/corr_sacc/asc/JITT2.asc",0,0,51,5,1187.1,362.6,513.8,54,3,12,1
"3116",2,63,1,33,5550571,5550722,362.6,722.4,9,151,24,1,2,11,11,59,5,"preparation",2,7,0,0,0,1,2346,0,2,35,0,NA,0,NA,"C:/Data/corr_sacc/asc/JITT2.asc",0,1,12,2,478.3,300.5,712.3,35,23,5,NA
"3117",2,63,1,33,5550742,5550804,300.5,719,10,62,19,1,2,10,10,56,2,"in",2,3,0,0,0,1,2517,0,1,35,1,NA,0,NA,"C:/Data/corr_sacc/asc/JITT2.asc",0,0,5,25,362.6,711.8,722.4,35,30,2,NA
"3118",2,63,1,33,5550854,5550995,711.8,723.3,11,141,49,1,2,14,14,79,25,"new",2,23,0,0,0,1,2629,0,5,35,0,NA,0,NA,"C:/Data/corr_sacc/asc/JITT2.asc",0,0,2,28,300.5,781.6,719,35,33,25,NA
"3119",2,63,1,33,5551020,5551247,781.6,716.2,12,227,24,1,2,15,15,82,28,"tenants.",1,3,0,0,0,1,2795,0,6,35,0,NA,0,NA,"C:/Data/corr_sacc/asc/JITT2.asc",0,0,25,16,711.8,561.7,723.3,35,10,28,NA
"3120",2,63,1,33,5551403,5551619,561.7,449.3,13,216,155,1,1,4,4,16,16,"the",0,12,1,0,0,1,3178,0,4,54,NA,NA,0,NA,"C:/Data/corr_sacc/asc/JITT2.asc",0,0,28,28,781.6,769.9,716.2,35,7,16,NA
"3121",2,63,1,33,5551652,5551733,769.9,450.3,14,81,32,1,1,5,5,28,28,"bathroom",8,12,0,0,0,1,3427,0,5,54,1,NA,0,NA,"C:/Data/corr_sacc/asc/JITT2.asc",NA,0,16,NA,561.7,NA,449.3,54,38,28,NA
"3122",2,63,1,33,NA,NA,NA,NA,NA,NA,NA,1,1,1,NA,NA,NA,"The",NA,NA,NA,NA,NA,NA,NA,NA,1,NA,NA,NA,NA,NA,"C:/Data/corr_sacc/asc/JITT2.asc",NA,0,28,NA,769.9,NA,450.3,54,26,NA,NA
"3123",2,63,1,33,NA,NA,NA,NA,NA,NA,NA,1,1,6,NA,NA,NA,"was",NA,NA,NA,NA,NA,NA,NA,NA,6,NA,NA,NA,NA,NA,"C:/Data/corr_sacc/asc/JITT2.asc",NA,NA,NA,NA,NA,NA,NA,NA,NA,NA,NA
"3124",2,63,1,33,NA,NA,NA,NA,NA,NA,NA,1,2,12,NA,NA,NA,"for",NA,NA,NA,NA,NA,NA,NA,NA,3,NA,NA,NA,NA,NA,"C:/Data/corr_sacc/asc/JITT2.asc",NA,NA,NA,NA,NA,NA,NA,NA,NA,NA,NA
"3125",2,63,1,33,NA,NA,NA,NA,NA,NA,NA,1,2,13,NA,NA,NA,"the",NA,NA,NA,NA,NA,NA,NA,NA,4,NA,NA,NA,NA,NA,"C:/Data/corr_sacc/asc/JITT2.asc",0,NA,NA,NA,NA,NA,NA,NA,NA,NA,NA
"3126",2,25,2,34,5570638,5570813,369.9,502.7,1,175,25,1,1,2,2,7,7,"rumour",3,NA,0,0,0,1,1192,0,2,54,0,NA,0,NA,"C:/Data/corr_sacc/asc/JITT2.asc",0,0,NA,17,NA,540.4,NA,NA,NA,7,NA
"3127",2,25,2,34,5570841,5570983,540.4,487,2,142,27,1,1,4,4,17,17,"that",3,10,0,0,0,1,1395,0,4,54,0,NA,0,NA,"C:/Data/corr_sacc/asc/JITT2.asc",0,0,7,12,369.9,467.1,502.7,54,47,17,NA
"3128",2,25,2,34,5571004,5571140,467.1,485.4,3,136,20,1,1,3,3,12,12,"is",1,5,0,0,0,1,1558,0,3,54,1,NA,0,NA,"C:/Data/corr_sacc/asc/JITT2.asc",0,0,17,26,540.4,709.9,487,54,37,12,NA
"3129",2,25,2,34,5571173,5571387,709.9,479.8,4,214,32,1,1,6,6,26,26,"uninhabited",3,14,0,0,0,1,1727,0,6,54,0,NA,0,NA,"C:/Data/corr_sacc/asc/JITT2.asc",0,0,12,21,467.1,626.7,485.4,54,42,26,NA
"3130",2,25,2,34,5571409,5571561,626.7,479.1,5,152,21,1,1,5,5,21,21,"the",2,5,0,0,0,1,1963,0,5,54,1,NA,0,NA,"C:/Data/corr_sacc/asc/JITT2.asc",0,0,26,41,709.9,973.9,479.8,54,28,21,NA
"3131",2,25,2,34,5571608,5571867,973.9,485.3,6,259,46,1,1,7,7,41,41,"island",6,20,0,0,0,1,2162,0,7,54,0,NA,0,NA,"C:/Data/corr_sacc/asc/JITT2.asc",0,0,21,49,626.7,1122.4,479.1,54,33,41,NA
"3132",2,25,2,34,5571894,5572221,1122.4,499.9,7,327,26,1,1,9,9,49,49,"this",4,8,0,0,0,1,2448,0,9,54,0,NA,0,NA,"C:/Data/corr_sacc/asc/JITT2.asc",1,0,41,12,973.9,453.8,485.3,54,13,49,NA
"3133",2,25,2,34,5572279,5572375,453.8,670.6,8,96,57,1,2,13,13,66,12,"by",0,37,0,0,0,1,2833,0,3,45,0,NA,1,"undersweep","C:/Data/corr_sacc/asc/JITT2.asc",0,0,49,4,1122.4,319,499.9,54,5,12,1
"3134",2,25,2,34,5572400,5572548,319,700.4,9,148,24,1,2,12,12,58,4,"claimed",0,8,0,0,0,1,2954,0,2,45,1,NA,0,NA,"C:/Data/corr_sacc/asc/JITT2.asc",0,1,12,NA,453.8,232.7,670.6,45,33,4,NA
"3135",2,25,2,34,5572572,5572690,232.7,719.6,10,118,23,NA,2,NA,NA,NA,NA,NA,NA,NA,0,0,1,1,3126,NA,NA,45,NA,NA,0,NA,"C:/Data/corr_sacc/asc/JITT2.asc",0,0,4,17,319,539.9,700.4,45,41,1,NA
"3136",2,25,2,34,5572724,5572930,539.9,719.7,11,206,33,1,2,15,15,71,17,"group",0,NA,0,0,0,1,3278,0,5,45,0,NA,0,NA,"C:/Data/corr_sacc/asc/JITT2.asc",0,0,NA,13,232.7,480.3,719.6,45,NA,17,NA
"3137",2,25,2,34,5572952,5573011,480.3,718.5,12,59,21,1,2,13,13,67,13,"by",1,4,0,0,0,1,3506,0,3,45,1,NA,0,NA,"C:/Data/corr_sacc/asc/JITT2.asc",0,0,17,26,539.9,706.4,719.7,45,28,13,NA
"3138",2,25,2,34,5573053,5573184,706.4,710.1,13,131,41,1,2,17,17,80,26,"guerrilla",0,13,0,0,0,1,3607,0,7,45,0,NA,0,NA,"C:/Data/corr_sacc/asc/JITT2.asc",0,0,13,31,480.3,798.5,718.5,45,32,26,NA
"3139",2,25,2,34,5573210,5573411,798.5,719.9,14,201,25,1,2,17,17,85,31,"guerrilla",5,5,0,0,0,1,3764,0,7,45,0,NA,0,NA,"C:/Data/corr_sacc/asc/JITT2.asc",0,0,26,38,706.4,934,710.1,45,19,31,NA
"3140",2,25,2,34,5573439,5573604,934,720.9,15,165,27,1,2,18,18,92,38,"fighters.",2,7,0,0,0,1,3993,0,8,45,0,NA,0,NA,"C:/Data/corr_sacc/asc/JITT2.asc",0,0,31,22,798.5,633.3,719.9,45,14,38,NA
"3141",2,25,2,34,5573651,5573795,633.3,715.5,16,144,46,1,2,15,15,76,22,"group",5,16,0,0,0,1,4205,0,5,45,1,NA,0,NA,"C:/Data/corr_sacc/asc/JITT2.asc",0,0,38,6,934,344,720.9,45,7,22,NA
"3142",2,25,2,34,5573829,5574021,344,506,17,192,33,1,1,2,2,6,6,"rumour",2,16,0,0,0,1,4383,0,2,54,1,NA,0,NA,"C:/Data/corr_sacc/asc/JITT2.asc",NA,0,22,NA,633.3,NA,715.5,45,23,6,NA
"3143",2,25,2,34,NA,NA,NA,NA,NA,NA,NA,1,1,1,NA,NA,NA,"The",NA,NA,NA,NA,NA,NA,NA,NA,1,NA,NA,NA,NA,NA,"C:/Data/corr_sacc/asc/JITT2.asc",NA,0,6,NA,344,NA,506,54,48,NA,NA
"3144",2,25,2,34,NA,NA,NA,NA,NA,NA,NA,1,1,8,NA,NA,NA,"in",NA,NA,NA,NA,NA,NA,NA,NA,8,NA,NA,NA,NA,NA,"C:/Data/corr_sacc/asc/JITT2.asc",NA,NA,NA,NA,NA,NA,NA,NA,NA,NA,NA
"3145",2,25,2,34,NA,NA,NA,NA,NA,NA,NA,1,1,10,NA,NA,NA,"area",NA,NA,NA,NA,NA,NA,NA,NA,10,NA,NA,NA,NA,NA,"C:/Data/corr_sacc/asc/JITT2.asc",NA,NA,NA,NA,NA,NA,NA,NA,NA,NA,NA
"3146",2,25,2,34,NA,NA,NA,NA,NA,NA,NA,1,2,11,NA,NA,NA,"was",NA,NA,NA,NA,NA,NA,NA,NA,1,NA,NA,NA,NA,NA,"C:/Data/corr_sacc/asc/JITT2.asc",NA,NA,NA,NA,NA,NA,NA,NA,NA,NA,NA
"3147",2,25,2,34,NA,NA,NA,NA,NA,NA,NA,1,2,14,NA,NA,NA,"a",NA,NA,NA,NA,NA,NA,NA,NA,4,NA,NA,NA,NA,NA,"C:/Data/corr_sacc/asc/JITT2.asc",NA,NA,NA,NA,NA,NA,NA,NA,NA,NA,NA
"3148",2,25,2,34,NA,NA,NA,NA,NA,NA,NA,1,2,16,NA,NA,NA,"of",NA,NA,NA,NA,NA,NA,NA,NA,6,NA,NA,NA,NA,NA,"C:/Data/corr_sacc/asc/JITT2.asc",0,NA,NA,NA,NA,NA,NA,NA,NA,NA,NA
"3149",2,12,1,35,5605490,5605680,489.2,554.6,1,190,27,1,1,3,3,11,11,"a",0,NA,0,0,0,1,532,0,3,65,0,NA,0,NA,"C:/Data/corr_sacc/asc/JITT2.asc",0,0,NA,18,NA,615.5,NA,NA,NA,11,NA
"3150",2,12,1,35,5605705,5605953,615.5,559,2,248,24,1,1,4,4,18,18,"storm",5,7,0,0,0,1,747,0,4,65,0,NA,0,NA,"C:/Data/corr_sacc/asc/JITT2.asc",0,0,11,11,489.2,490.3,554.6,65,54,18,NA
"3151",2,12,1,35,5605976,5606070,490.3,562.2,3,94,22,1,1,3,3,11,11,"a",0,7,0,0,0,1,1018,0,3,65,1,NA,0,NA,"C:/Data/corr_sacc/asc/JITT2.asc",0,0,18,28,615.5,800.4,559,65,47,11,NA
"3152",2,12,1,35,5606106,5606383,800.4,546.2,4,277,35,1,1,6,6,28,28,"from",4,17,0,0,0,1,1148,0,6,65,0,NA,0,NA,"C:/Data/corr_sacc/asc/JITT2.asc",0,0,11,37,490.3,948.3,562.2,65,54,28,NA
"3153",2,12,1,35,5606408,5606571,948.3,537.9,5,163,24,1,1,8,8,37,37,"north",4,9,0,0,0,1,1450,0,8,65,0,NA,0,NA,"C:/Data/corr_sacc/asc/JITT2.asc",0,0,28,45,800.4,1094.4,546.2,65,37,37,NA
"3154",2,12,1,35,5606595,5606777,1094.4,554.3,6,182,23,1,1,10,10,45,45,"caused",2,8,0,0,0,1,1637,0,10,65,0,NA,0,NA,"C:/Data/corr_sacc/asc/JITT2.asc",0,0,37,55,948.3,1284.1,537.9,65,28,45,NA
"3155",2,12,1,35,5606815,5606985,1284.1,564.1,7,170,37,1,1,12,12,55,55,"new",1,10,0,0,0,1,1857,0,12,65,0,NA,0,NA,"C:/Data/corr_sacc/asc/JITT2.asc",0,0,45,61,1094.4,1390.5,554.3,65,20,55,NA
"3156",2,12,1,35,5607008,5607227,1390.5,570.4,8,219,22,1,1,13,13,61,61,"team",3,6,0,0,0,1,2050,0,13,65,0,NA,0,NA,"C:/Data/corr_sacc/asc/JITT2.asc",0,0,55,55,1284.1,1276.5,564.1,65,10,61,NA
"3157",2,12,1,35,5607251,5607414,1276.5,565.7,9,163,23,1,1,12,12,55,55,"new",1,6,0,0,0,1,2293,0,12,65,1,NA,0,NA,"C:/Data/corr_sacc/asc/JITT2.asc",0,0,61,61,1390.5,1380.9,570.4,65,4,55,NA
"3158",2,12,1,35,5607440,5607663,1380.9,582.1,10,223,25,1,1,13,13,61,61,"team",3,6,0,0,0,1,2482,0,13,65,1,NA,0,NA,"C:/Data/corr_sacc/asc/JITT2.asc",0,0,55,54,1276.5,1258.6,565.7,65,10,61,NA
"3159",2,12,1,35,5607686,5607883,1258.6,572.1,11,197,22,1,1,12,12,54,54,"new",0,7,0,0,0,1,2728,0,12,65,1,NA,0,NA,"C:/Data/corr_sacc/asc/JITT2.asc",0,0,61,62,1380.9,1407.7,582.1,65,4,54,NA
"3160",2,12,1,35,5607910,5608068,1407.7,584.4,12,158,26,1,1,13,13,62,62,"team",4,8,0,0,0,1,2952,0,13,65,1,NA,0,NA,"C:/Data/corr_sacc/asc/JITT2.asc",1,0,54,12,1258.6,501.1,572.1,65,11,62,NA
"3161",2,12,1,35,5608139,5608216,501.1,768.8,13,77,70,1,2,16,16,77,12,"indoors",7,50,0,0,0,1,3181,0,2,46,0,NA,1,"undersweep","C:/Data/corr_sacc/asc/JITT2.asc",0,0,62,4,1407.7,363.2,584.4,65,3,12,1
"3162",2,12,1,35,5608242,5608348,363.2,763.9,14,106,25,1,2,15,15,69,4,"move",4,8,0,0,0,1,3284,0,1,46,1,NA,0,NA,"C:/Data/corr_sacc/asc/JITT2.asc",0,1,12,NA,501.1,294.4,768.8,46,34,4,NA
"3163",2,12,1,35,5608370,5608567,294.4,748.6,15,197,21,NA,2,NA,NA,NA,NA,NA,NA,NA,0,0,1,1,3412,NA,NA,46,NA,NA,0,NA,"C:/Data/corr_sacc/asc/JITT2.asc",0,0,4,15,363.2,561.2,763.9,46,42,4,NA
"3164",2,12,1,35,5608598,5608766,561.2,732.7,16,168,30,1,2,17,17,80,15,"quickly",2,NA,0,0,0,1,3640,0,3,46,0,NA,0,NA,"C:/Data/corr_sacc/asc/JITT2.asc",0,0,NA,32,294.4,861.9,748.6,46,NA,15,NA
"3165",2,12,1,35,5608895,5609033,861.9,748.7,17,138,128,1,2,20,20,97,32,"own",1,17,1,0,0,1,3937,0,6,46,NA,NA,0,NA,"C:/Data/corr_sacc/asc/JITT2.asc",0,0,15,26,561.2,757.2,732.7,46,31,32,NA
"3166",2,12,1,35,5609056,5609193,757.2,746.4,18,137,22,1,2,19,19,91,26,"their",1,6,0,0,0,1,4098,0,5,46,0,NA,0,NA,"C:/Data/corr_sacc/asc/JITT2.asc",0,0,32,36,861.9,944.2,748.7,46,14,26,NA
"3167",2,12,1,35,5609223,5609399,944.2,754.5,19,176,29,1,2,21,21,101,36,"protection.",1,10,0,0,0,1,4265,0,7,46,0,NA,0,NA,"C:/Data/corr_sacc/asc/JITT2.asc",0,0,26,15,757.2,558,746.4,46,20,36,NA
"3168",2,12,1,35,5609441,5609576,558,586.5,20,135,41,1,1,4,4,15,15,"storm",2,21,0,0,0,1,4483,0,4,65,1,NA,0,NA,"C:/Data/corr_sacc/asc/JITT2.asc",0,0,36,8,944.2,440.6,754.5,46,10,15,NA
"3169",2,12,1,35,5609600,5609970,440.6,554.7,21,370,23,1,1,2,2,8,8,"night",3,7,0,0,0,1,4642,0,2,65,1,NA,0,NA,"C:/Data/corr_sacc/asc/JITT2.asc",0,0,15,4,558,357,586.5,65,50,8,NA
"3170",2,12,1,35,5609991,5610074,357,559.7,22,83,20,1,1,1,1,4,4,"That",4,4,0,0,0,1,5033,0,1,65,1,NA,0,NA,"C:/Data/corr_sacc/asc/JITT2.asc",0,0,8,NA,440.6,292.7,554.7,65,57,4,NA
"3171",2,12,1,35,5610095,5610169,292.7,566.5,23,74,20,NA,1,NA,NA,NA,NA,NA,NA,NA,0,0,1,1,5137,NA,NA,65,NA,NA,0,NA,"C:/Data/corr_sacc/asc/JITT2.asc",0,0,4,14,357,545.2,559.7,65,61,4,NA
"3172",2,12,1,35,5610319,5610484,545.2,541.1,24,165,149,1,1,4,4,14,14,"storm",1,NA,1,0,0,1,5361,0,4,65,NA,NA,0,NA,"C:/Data/corr_sacc/asc/JITT2.asc",0,0,NA,12,292.7,497.8,566.5,65,NA,14,NA
"3173",2,12,1,35,5610506,5610674,497.8,539.3,25,168,21,1,1,3,3,12,12,"a",1,2,0,0,0,1,5548,0,3,65,1,NA,0,NA,"C:/Data/corr_sacc/asc/JITT2.asc",0,0,14,23,545.2,703.5,541.1,65,51,12,NA
"3174",2,12,1,35,5610704,5610943,703.5,540.8,26,239,29,1,1,5,5,23,23,"came",4,11,0,0,0,1,5746,0,5,65,1,NA,0,NA,"C:/Data/corr_sacc/asc/JITT2.asc",0,0,12,31,497.8,850.8,539.3,65,53,23,NA
"3175",2,12,1,35,5610969,5611243,850.8,538.8,27,274,25,1,1,7,7,31,31,"the",2,8,0,0,0,1,6011,0,7,65,1,NA,0,NA,"C:/Data/corr_sacc/asc/JITT2.asc",0,0,23,39,703.5,991.2,540.8,65,42,31,NA
"3176",2,12,1,35,5611269,5611436,991.2,522.9,28,167,25,1,1,9,9,39,39,"and",0,8,0,0,0,1,6311,0,9,65,1,NA,0,NA,"C:/Data/corr_sacc/asc/JITT2.asc",0,0,31,31,850.8,857.4,538.8,65,34,39,NA
"3177",2,12,1,35,5611463,5611695,857.4,526.5,29,232,26,1,1,7,7,31,31,"the",2,8,0,0,0,1,6505,0,7,65,1,NA,0,NA,"C:/Data/corr_sacc/asc/JITT2.asc",0,0,39,47,991.2,1136.1,522.9,65,26,31,NA
"3178",2,12,1,35,5611734,5611950,1136.1,528.7,30,216,38,1,1,10,10,47,47,"caused",4,16,0,0,0,1,6776,0,10,65,1,NA,0,NA,"C:/Data/corr_sacc/asc/JITT2.asc",0,0,31,55,857.4,1273.8,526.5,65,34,47,NA
"3179",2,12,1,35,5611978,5612102,1273.8,547.1,31,124,27,1,1,12,12,55,55,"new",1,8,0,0,0,1,7020,0,12,65,1,NA,0,NA,"C:/Data/corr_sacc/asc/JITT2.asc",0,0,47,60,1136.1,1367.8,528.7,65,18,55,NA
"3180",2,12,1,35,5612127,5612308,1367.8,554.2,32,181,24,1,1,13,13,60,60,"team",2,5,0,0,0,1,7169,0,13,65,1,NA,0,NA,"C:/Data/corr_sacc/asc/JITT2.asc",0,0,55,19,1273.8,629.2,547.1,65,10,60,NA
"3181",2,12,1,35,5612362,5612449,629.2,704.5,33,87,53,1,2,17,17,84,19,"quickly",6,41,0,0,0,1,7404,0,3,46,1,NA,0,NA,"C:/Data/corr_sacc/asc/JITT2.asc",0,0,60,8,1367.8,426.7,554.2,65,5,19,NA
"3182",2,12,1,35,5612477,5612727,426.7,761.2,34,250,27,1,2,16,16,73,8,"indoors",3,11,0,0,0,1,7519,0,2,46,1,NA,0,NA,"C:/Data/corr_sacc/asc/JITT2.asc",0,0,19,27,629.2,782.3,704.5,46,27,8,NA
"3183",2,12,1,35,5612766,5612849,782.3,758.7,35,83,38,1,2,19,19,92,27,"their",2,19,0,0,0,1,7808,0,5,46,1,NA,0,NA,"C:/Data/corr_sacc/asc/JITT2.asc",0,0,8,37,426.7,949.5,761.2,46,38,27,NA
"3184",2,12,1,35,5612883,5612934,949.5,767,36,51,33,1,2,21,21,102,37,"protection.",2,10,0,0,0,1,7925,0,7,46,1,NA,0,NA,"C:/Data/corr_sacc/asc/JITT2.asc",NA,0,27,NA,782.3,NA,758.7,46,19,37,NA
"3185",2,12,1,35,NA,NA,NA,NA,NA,NA,NA,1,1,11,NA,NA,NA,"the",NA,NA,NA,NA,NA,NA,NA,NA,11,NA,NA,NA,NA,NA,"C:/Data/corr_sacc/asc/JITT2.asc",NA,0,37,NA,949.5,NA,767,46,9,NA,NA
"3186",2,12,1,35,NA,NA,NA,NA,NA,NA,NA,1,1,14,NA,NA,NA,"to",NA,NA,NA,NA,NA,NA,NA,NA,14,NA,NA,NA,NA,NA,"C:/Data/corr_sacc/asc/JITT2.asc",NA,NA,NA,NA,NA,NA,NA,NA,NA,NA,NA
"3187",2,12,1,35,NA,NA,NA,NA,NA,NA,NA,1,2,18,NA,NA,NA,"for",NA,NA,NA,NA,NA,NA,NA,NA,4,NA,NA,NA,NA,NA,"C:/Data/corr_sacc/asc/JITT2.asc",0,NA,NA,NA,NA,NA,NA,NA,NA,NA,NA
"3188",2,84,1,36,5633498,5633665,547.3,505.3,1,167,28,1,1,2,2,11,11,"committing",3,NA,0,0,0,1,644,0,2,66,0,NA,0,NA,"C:/Data/corr_sacc/asc/JITT2.asc",0,0,NA,7,NA,477.7,NA,NA,NA,11,NA
"3189",2,84,1,36,5633687,5633792,477.7,501.9,2,105,21,1,1,1,1,7,7,"Despite",7,4,0,0,0,1,833,0,1,66,1,NA,0,NA,"C:/Data/corr_sacc/asc/JITT2.asc",0,0,11,23,547.3,770.8,505.3,66,55,7,NA
"3190",2,84,1,36,5633828,5633940,770.8,504.7,3,112,35,1,1,3,3,23,23,"crimes",4,16,0,0,0,1,974,0,3,66,0,NA,0,NA,"C:/Data/corr_sacc/asc/JITT2.asc",0,0,7,23,477.7,767.3,501.9,66,59,23,NA
"3191",2,84,1,36,5634099,5634248,767.3,491.3,4,149,158,1,1,3,3,23,23,"crimes",4,0,1,0,0,1,1245,0,3,66,NA,NA,0,NA,"C:/Data/corr_sacc/asc/JITT2.asc",0,0,23,13,770.8,584.8,504.7,66,43,23,NA
"3192",2,84,1,36,5634277,5634509,584.8,470.4,5,232,28,1,1,2,2,13,13,"committing",5,10,0,0,0,1,1423,0,2,66,1,NA,0,NA,"C:/Data/corr_sacc/asc/JITT2.asc",0,0,23,28,767.3,863.9,491.3,66,43,13,NA
"3193",2,84,1,36,5634547,5634718,863.9,495.6,6,171,37,1,1,4,4,28,28,"all",2,15,0,0,0,1,1693,0,4,66,0,NA,0,NA,"C:/Data/corr_sacc/asc/JITT2.asc",0,0,13,25,584.8,802.1,470.4,66,53,28,NA
"3194",2,84,1,36,5634743,5634837,802.1,501.5,7,94,24,1,1,3,3,25,25,"crimes",6,3,0,0,0,1,1889,0,3,66,1,NA,0,NA,"C:/Data/corr_sacc/asc/JITT2.asc",0,0,28,37,863.9,1015.8,495.6,66,38,25,NA
"3195",2,84,1,36,5634867,5635035,1015.8,506.6,8,168,29,1,1,6,6,37,37,"the",2,12,0,0,0,1,2013,0,6,66,0,NA,0,NA,"C:/Data/corr_sacc/asc/JITT2.asc",0,0,25,52,802.1,1283.5,501.5,66,41,37,NA
"3196",2,84,1,36,5635078,5635218,1283.5,506.8,9,140,42,1,1,9,9,52,52,"old",3,15,0,0,0,1,2224,0,9,66,0,NA,0,NA,"C:/Data/corr_sacc/asc/JITT2.asc",0,0,37,48,1015.8,1210.8,506.6,66,29,52,NA
"3197",2,84,1,36,5635241,5635362,1210.8,504.5,10,121,22,1,1,8,8,48,48,"the",3,4,0,0,0,1,2387,0,8,66,1,NA,0,NA,"C:/Data/corr_sacc/asc/JITT2.asc",0,0,52,57,1283.5,1383.2,506.8,66,14,48,NA
"3198",2,84,1,36,5635393,5635576,1383.2,524,11,183,30,1,1,10,10,57,57,"burglar",4,9,0,0,0,1,2539,0,10,66,0,NA,0,NA,"C:/Data/corr_sacc/asc/JITT2.asc",0,0,48,64,1210.8,1509,504.5,66,18,57,NA
"3199",2,84,1,36,5635602,5635783,1509,533.5,12,181,25,1,1,11,11,64,64,"spent",3,7,0,0,0,1,2748,0,11,66,0,NA,0,NA,"C:/Data/corr_sacc/asc/JITT2.asc",1,0,57,10,1383.2,538.4,524,66,9,64,NA
"3200",2,84,1,36,5635848,5635955,538.4,721.4,13,107,64,1,2,13,13,76,10,"three",5,54,0,0,0,1,2994,0,2,66,0,NA,1,"undersweep","C:/Data/corr_sacc/asc/JITT2.asc",0,0,64,4,1509,431,533.5,66,2,10,1
"3201",2,84,1,36,5635980,5636150,431,734.4,14,170,24,1,2,12,12,70,4,"only",4,6,0,0,0,1,3126,0,1,66,1,NA,0,NA,"C:/Data/corr_sacc/asc/JITT2.asc",0,1,10,20,538.4,712,721.4,66,56,4,NA
"3202",2,84,1,36,5636196,5636441,712,741.3,15,245,45,1,2,16,16,86,20,"prison",0,16,0,0,0,1,3342,0,5,66,0,NA,0,NA,"C:/Data/corr_sacc/asc/JITT2.asc",0,0,4,34,431,962.3,734.4,66,62,20,NA
"3203",2,84,1,36,5636476,5636662,962.3,739.4,16,186,34,1,2,17,17,100,34,"because",7,14,0,0,0,1,3622,0,6,66,0,NA,0,NA,"C:/Data/corr_sacc/asc/JITT2.asc",0,0,20,41,712,1092.7,741.3,66,46,34,NA
"3204",2,84,1,36,5636691,5636864,1092.7,731,17,173,28,1,2,19,19,107,41,"received",3,7,0,0,0,1,3837,0,8,66,0,NA,0,NA,"C:/Data/corr_sacc/asc/JITT2.asc",0,0,34,53,962.3,1315.9,739.4,66,32,41,NA
"3205",2,84,1,36,5636900,5637069,1315.9,739.8,18,169,35,1,2,21,21,119,53,"lenient",4,12,0,0,0,1,4046,0,10,66,0,NA,0,NA,"C:/Data/corr_sacc/asc/JITT2.asc",0,0,41,60,1092.7,1429.4,731,66,25,53,NA
"3206",2,84,1,36,5637094,5637241,1429.4,743.8,19,147,24,1,2,22,22,126,60,"sentence.",3,7,0,0,0,1,4240,0,11,66,0,NA,0,NA,"C:/Data/corr_sacc/asc/JITT2.asc",0,0,53,53,1315.9,1303.6,739.8,66,13,60,NA
"3207",2,84,1,36,5637266,5637434,1303.6,726.4,20,168,24,1,2,21,21,119,53,"lenient",4,7,0,0,0,1,4412,0,10,66,1,NA,0,NA,"C:/Data/corr_sacc/asc/JITT2.asc",0,0,60,58,1429.4,1401.7,743.8,66,6,53,NA
"3208",2,84,1,36,5637458,5637575,1401.7,726.7,21,117,23,1,2,22,22,124,58,"sentence.",1,5,0,0,0,1,4604,0,11,66,1,NA,0,NA,"C:/Data/corr_sacc/asc/JITT2.asc",0,0,53,41,1303.6,1101.9,726.4,66,13,58,NA
"3209",2,84,1,36,5637623,5637746,1101.9,669,22,123,47,1,2,19,19,107,41,"received",3,17,0,0,0,1,4769,0,8,66,1,NA,0,NA,"C:/Data/corr_sacc/asc/JITT2.asc",0,0,58,18,1401.7,685.5,726.7,66,8,41,NA
"3210",2,84,1,36,5637797,5637865,685.5,515.9,23,68,50,1,1,2,2,18,18,"committing",10,23,0,0,0,1,4943,0,2,66,1,NA,0,NA,"C:/Data/corr_sacc/asc/JITT2.asc",0,0,41,15,1101.9,630,669,66,25,18,NA
"3211",2,84,1,36,5637885,5638015,630,474.2,24,130,19,1,1,2,2,15,15,"committing",7,3,0,0,0,1,5031,0,2,66,1,NA,0,NA,"C:/Data/corr_sacc/asc/JITT2.asc",0,0,18,45,685.5,1171.5,515.9,66,48,15,NA
"3212",2,84,1,36,5638063,5638256,1171.5,478.3,25,193,47,1,1,8,8,45,45,"the",0,30,0,0,0,1,5209,0,8,66,1,NA,0,NA,"C:/Data/corr_sacc/asc/JITT2.asc",0,0,15,40,630,1071.4,474.2,66,51,45,NA
"3213",2,84,1,36,5638280,5638366,1071.4,493.8,26,86,23,1,1,7,7,40,40,"city,",1,5,0,0,0,1,5426,0,7,66,1,NA,0,NA,"C:/Data/corr_sacc/asc/JITT2.asc",0,0,45,31,1171.5,907.2,478.3,66,21,40,NA
"3214",2,84,1,36,5638394,5638522,907.2,497.8,27,128,27,1,1,5,5,31,31,"over",1,9,0,0,0,1,5540,0,5,66,1,NA,0,NA,"C:/Data/corr_sacc/asc/JITT2.asc",NA,0,40,NA,1071.4,NA,493.8,66,26,31,NA
"3215",2,84,1,36,NA,NA,NA,NA,NA,NA,NA,1,2,14,NA,NA,NA,"years",NA,NA,NA,NA,NA,NA,NA,NA,3,NA,NA,NA,NA,NA,"C:/Data/corr_sacc/asc/JITT2.asc",NA,0,31,NA,907.2,NA,497.8,66,35,NA,NA
"3216",2,84,1,36,NA,NA,NA,NA,NA,NA,NA,1,2,15,NA,NA,NA,"in",NA,NA,NA,NA,NA,NA,NA,NA,4,NA,NA,NA,NA,NA,"C:/Data/corr_sacc/asc/JITT2.asc",NA,NA,NA,NA,NA,NA,NA,NA,NA,NA,NA
"3217",2,84,1,36,NA,NA,NA,NA,NA,NA,NA,1,2,18,NA,NA,NA,"he",NA,NA,NA,NA,NA,NA,NA,NA,7,NA,NA,NA,NA,NA,"C:/Data/corr_sacc/asc/JITT2.asc",NA,NA,NA,NA,NA,NA,NA,NA,NA,NA,NA
"3218",2,84,1,36,NA,NA,NA,NA,NA,NA,NA,1,2,20,NA,NA,NA,"a",NA,NA,NA,NA,NA,NA,NA,NA,9,NA,NA,NA,NA,NA,"C:/Data/corr_sacc/asc/JITT2.asc",0,NA,NA,NA,NA,NA,NA,NA,NA,NA,NA
"3219",2,70,2,37,5643613,5643734,579.6,523.3,1,121,29,1,1,4,4,14,14,"was",0,NA,0,0,0,1,1180,0,4,66,0,NA,0,NA,"C:/Data/corr_sacc/asc/JITT2.asc",0,0,NA,7,NA,456.6,NA,NA,NA,14,NA
"3220",2,70,2,37,5643758,5643875,456.6,534.2,2,117,23,1,1,2,2,7,7,"the",1,7,0,0,0,1,1325,0,2,66,1,NA,0,NA,"C:/Data/corr_sacc/asc/JITT2.asc",0,0,14,5,579.6,425.8,523.3,66,52,7,NA
"3221",2,70,2,37,5644015,5644088,425.8,526.2,3,73,139,1,1,1,1,5,5,"While",5,2,1,0,0,1,1582,0,1,66,NA,NA,0,NA,"C:/Data/corr_sacc/asc/JITT2.asc",0,0,7,17,456.6,641.5,534.2,66,59,5,NA
"3222",2,70,2,37,5644222,5644351,641.5,541.5,4,129,133,1,1,4,4,17,17,"was",3,12,1,0,0,1,1789,0,4,66,NA,NA,0,NA,"C:/Data/corr_sacc/asc/JITT2.asc",0,0,5,13,425.8,558.8,526.2,66,61,17,NA
"3223",2,70,2,37,5644372,5644495,558.8,527,5,123,20,1,1,3,3,13,13,"man",3,4,0,0,0,1,1939,0,3,66,1,NA,0,NA,"C:/Data/corr_sacc/asc/JITT2.asc",0,0,17,28,641.5,830,541.5,66,49,13,NA
"3224",2,70,2,37,5644531,5644794,830,522.4,6,263,35,1,1,6,6,28,28,"groceries",3,15,0,0,0,1,2098,0,6,66,0,NA,0,NA,"C:/Data/corr_sacc/asc/JITT2.asc",0,0,13,40,558.8,1050.7,527,66,53,28,NA
"3225",2,70,2,37,5644821,5645121,1050.7,522.1,7,300,26,1,1,8,8,40,40,"wine",1,12,0,0,0,1,2388,0,8,66,0,NA,0,NA,"C:/Data/corr_sacc/asc/JITT2.asc",0,0,28,39,830,1024.7,522.4,66,38,40,NA
"3226",2,70,2,37,5645135,5645213,1024.7,520.1,8,78,13,1,1,8,8,39,39,"wine",0,1,0,0,0,1,2702,0,8,66,0,NA,0,NA,"C:/Data/corr_sacc/asc/JITT2.asc",0,0,40,48,1050.7,1199.1,522.1,66,26,39,NA
"3227",2,70,2,37,5645243,5645417,1199.1,521.1,9,174,29,1,1,10,10,48,48,"the",1,9,0,0,0,1,2810,0,10,66,0,NA,0,NA,"C:/Data/corr_sacc/asc/JITT2.asc",0,0,39,46,1024.7,1155.2,520.1,66,27,48,NA
"3228",2,70,2,37,5645437,5645521,1155.2,521.7,10,84,19,1,1,9,9,46,46,"in",2,2,0,0,0,1,3004,0,9,66,1,NA,0,NA,"C:/Data/corr_sacc/asc/JITT2.asc",0,0,48,59,1199.1,1397.9,521.1,66,18,46,NA
"3229",2,70,2,37,5645556,5645764,1397.9,540.2,11,208,34,1,1,12,12,59,59,"there",2,13,0,0,0,1,3123,0,12,66,0,NA,0,NA,"C:/Data/corr_sacc/asc/JITT2.asc",1,0,46,8,1155.2,479.4,521.7,66,20,59,NA
"3230",2,70,2,37,5645836,5645923,479.4,676.8,12,87,71,1,2,16,16,74,8,"commotion",1,51,0,0,0,1,3403,0,3,68,0,NA,1,"undersweep","C:/Data/corr_sacc/asc/JITT2.asc",0,0,59,2,1397.9,370,540.2,66,7,8,1
"3231",2,70,2,37,5645954,5646127,370,726.9,13,173,30,1,2,15,15,68,2,"huge",0,6,0,0,0,1,3521,0,2,68,1,NA,0,NA,"C:/Data/corr_sacc/asc/JITT2.asc",0,1,8,NA,479.4,331.7,676.8,68,60,2,NA
"3232",2,70,2,37,5646137,5646200,331.7,729.1,14,63,9,NA,2,NA,NA,NA,NA,NA,NA,NA,0,0,1,1,3704,NA,NA,68,NA,NA,0,NA,"C:/Data/corr_sacc/asc/JITT2.asc",0,0,2,18,370,659.5,726.9,68,66,6,NA
"3233",2,70,2,37,5646244,5646484,659.5,726.7,15,240,43,1,2,17,17,84,18,"outside",1,NA,0,0,0,1,3811,0,4,68,0,NA,0,NA,"C:/Data/corr_sacc/asc/JITT2.asc",0,0,NA,28,331.7,827.6,729.1,68,NA,18,NA
"3234",2,70,2,37,5646510,5646765,827.6,728.5,16,255,25,1,2,18,18,94,28,"due",3,10,0,0,0,1,4077,0,5,68,0,NA,0,NA,"C:/Data/corr_sacc/asc/JITT2.asc",0,0,18,26,659.5,787.5,726.7,68,50,28,NA
"3235",2,70,2,37,5646783,5646865,787.5,723,17,82,17,1,2,18,18,92,26,"due",1,2,0,0,0,1,4350,0,5,68,0,NA,0,NA,"C:/Data/corr_sacc/asc/JITT2.asc",0,0,28,18,827.6,643.5,728.5,68,40,26,NA
"3236",2,70,2,37,5646893,5647062,643.5,731.5,18,169,27,1,2,17,17,84,18,"outside",1,8,0,0,0,1,4460,0,4,68,1,NA,0,NA,"C:/Data/corr_sacc/asc/JITT2.asc",0,0,26,35,787.5,950.2,723,68,42,18,NA
"3237",2,70,2,37,5647178,5647301,950.2,740.4,19,123,115,1,2,20,20,101,35,"the",3,17,1,0,0,1,4745,0,7,68,NA,NA,0,NA,"C:/Data/corr_sacc/asc/JITT2.asc",0,0,18,29,643.5,848.1,731.5,68,50,35,NA
"3238",2,70,2,37,5647327,5647489,848.1,731.1,20,162,25,1,2,19,19,95,29,"to",0,6,0,0,0,1,4894,0,6,68,0,NA,0,NA,"C:/Data/corr_sacc/asc/JITT2.asc",0,0,35,47,950.2,1169.8,740.4,68,33,29,NA
"3239",2,70,2,37,5647538,5647728,1169.8,755.8,21,190,48,1,2,23,23,113,47,"the",0,18,0,0,0,1,5105,0,10,68,0,NA,0,NA,"C:/Data/corr_sacc/asc/JITT2.asc",0,0,29,54,848.1,1302.2,731.1,68,39,47,NA
"3240",2,70,2,37,5647753,5647911,1302.2,755.7,22,158,24,1,2,24,24,120,54,"celebrity",3,7,0,0,0,1,5320,0,11,68,0,NA,0,NA,"C:/Data/corr_sacc/asc/JITT2.asc",0,0,47,59,1169.8,1394.9,755.8,68,21,54,NA
"3241",2,70,2,37,5647936,5648079,1394.9,753.6,23,143,24,1,2,24,24,125,59,"celebrity",8,5,0,0,0,1,5503,0,11,68,0,NA,0,NA,"C:/Data/corr_sacc/asc/JITT2.asc",0,0,54,45,1302.2,1145.5,755.7,68,14,59,NA
"3242",2,70,2,37,5648111,5648286,1145.5,740.5,24,175,31,1,2,22,22,111,45,"of",1,14,0,0,0,1,5678,0,9,68,1,NA,0,NA,"C:/Data/corr_sacc/asc/JITT2.asc",NA,0,59,NA,1394.9,NA,753.6,68,9,45,NA
"3243",2,70,2,37,NA,NA,NA,NA,NA,NA,NA,1,1,5,NA,NA,NA,"buying",NA,NA,NA,NA,NA,NA,NA,NA,5,NA,NA,NA,NA,NA,"C:/Data/corr_sacc/asc/JITT2.asc",NA,0,45,NA,1145.5,NA,740.5,68,23,NA,NA
"3244",2,70,2,37,NA,NA,NA,NA,NA,NA,NA,1,1,7,NA,NA,NA,"and",NA,NA,NA,NA,NA,NA,NA,NA,7,NA,NA,NA,NA,NA,"C:/Data/corr_sacc/asc/JITT2.asc",NA,NA,NA,NA,NA,NA,NA,NA,NA,NA,NA
"3245",2,70,2,37,NA,NA,NA,NA,NA,NA,NA,1,1,11,NA,NA,NA,"shop,",NA,NA,NA,NA,NA,NA,NA,NA,11,NA,NA,NA,NA,NA,"C:/Data/corr_sacc/asc/JITT2.asc",NA,NA,NA,NA,NA,NA,NA,NA,NA,NA,NA
"3246",2,70,2,37,NA,NA,NA,NA,NA,NA,NA,1,1,13,NA,NA,NA,"was",NA,NA,NA,NA,NA,NA,NA,NA,13,NA,NA,NA,NA,NA,"C:/Data/corr_sacc/asc/JITT2.asc",NA,NA,NA,NA,NA,NA,NA,NA,NA,NA,NA
"3247",2,70,2,37,NA,NA,NA,NA,NA,NA,NA,1,2,14,NA,NA,NA,"a",NA,NA,NA,NA,NA,NA,NA,NA,1,NA,NA,NA,NA,NA,"C:/Data/corr_sacc/asc/JITT2.asc",NA,NA,NA,NA,NA,NA,NA,NA,NA,NA,NA
"3248",2,70,2,37,NA,NA,NA,NA,NA,NA,NA,1,2,21,NA,NA,NA,"arrival",NA,NA,NA,NA,NA,NA,NA,NA,8,NA,NA,NA,NA,NA,"C:/Data/corr_sacc/asc/JITT2.asc",NA,NA,NA,NA,NA,NA,NA,NA,NA,NA,NA
"3249",2,70,2,37,NA,NA,NA,NA,NA,NA,NA,1,2,25,NA,NA,NA,"guests.",NA,NA,NA,NA,NA,NA,NA,NA,12,NA,NA,NA,NA,NA,"C:/Data/corr_sacc/asc/JITT2.asc",0,NA,NA,NA,NA,NA,NA,NA,NA,NA,NA
"3250",2,82,2,38,5656269,5656433,493.7,522.7,1,164,30,1,1,3,3,14,14,"hired",4,NA,0,0,0,1,841,0,3,65,0,NA,0,NA,"C:/Data/corr_sacc/asc/JITT2.asc",0,0,NA,10,NA,412.2,NA,NA,NA,14,NA
"3251",2,82,2,38,5656455,5656594,412.2,521.6,2,139,21,1,1,3,3,10,10,"hired",0,4,0,0,0,1,1027,0,3,65,0,NA,0,NA,"C:/Data/corr_sacc/asc/JITT2.asc",0,0,14,5,493.7,328.1,522.7,65,51,10,NA
"3252",2,82,2,38,5656615,5656677,328.1,526.9,3,62,20,1,1,2,2,5,5,"newly",1,5,0,0,0,1,1187,0,2,65,1,NA,0,NA,"C:/Data/corr_sacc/asc/JITT2.asc",0,0,10,13,412.2,477.9,521.6,65,55,5,NA
"3253",2,82,2,38,5656855,5656980,477.9,527.3,4,125,177,1,1,3,3,13,13,"hired",3,8,1,0,0,1,1427,0,3,65,NA,NA,0,NA,"C:/Data/corr_sacc/asc/JITT2.asc",0,0,5,27,328.1,721.4,526.9,65,60,13,NA
"3254",2,82,2,38,5657155,5657434,721.4,502.5,5,279,174,1,1,5,5,27,27,"secretary",4,14,1,0,0,1,1727,0,5,65,NA,NA,0,NA,"C:/Data/corr_sacc/asc/JITT2.asc",0,0,13,33,477.9,834.8,527.3,65,52,27,NA
"3255",2,82,2,38,5657458,5657654,834.8,528.6,6,196,23,1,1,6,6,33,33,"was",0,6,0,0,0,1,2030,0,6,65,0,NA,0,NA,"C:/Data/corr_sacc/asc/JITT2.asc",0,0,27,41,721.4,972,502.5,65,38,33,NA
"3256",2,82,2,38,5657680,5657818,972,527.5,7,138,25,1,1,7,7,41,41,"more",4,8,0,0,0,1,2252,0,7,65,0,NA,0,NA,"C:/Data/corr_sacc/asc/JITT2.asc",0,0,33,45,834.8,1046.3,528.6,65,32,41,NA
"3257",2,82,2,38,5657839,5657984,1046.3,525.2,8,145,20,1,1,8,8,45,45,"friendly",3,4,0,0,0,1,2411,0,8,65,0,NA,0,NA,"C:/Data/corr_sacc/asc/JITT2.asc",0,0,41,57,972,1260.3,527.5,65,24,45,NA
"3258",2,82,2,38,5658017,5658275,1260.3,535.2,9,258,32,1,1,10,10,57,57,"apologetic",2,12,0,0,0,1,2589,0,10,65,0,NA,0,NA,"C:/Data/corr_sacc/asc/JITT2.asc",0,0,45,60,1046.3,1322.7,525.2,65,20,57,NA
"3259",2,82,2,38,5658298,5658537,1322.7,549.6,10,239,22,1,1,10,10,60,60,"apologetic",5,3,0,0,0,1,2870,0,10,65,0,NA,0,NA,"C:/Data/corr_sacc/asc/JITT2.asc",0,0,57,46,1260.3,1065.8,535.2,65,8,60,NA
"3260",2,82,2,38,5658573,5658691,1065.8,532.7,11,118,35,1,1,8,8,46,46,"friendly",4,14,0,0,0,1,3145,0,8,65,1,NA,0,NA,"C:/Data/corr_sacc/asc/JITT2.asc",0,0,60,20,1322.7,603.1,549.6,65,5,46,NA
"3261",2,82,2,38,5658739,5658888,603.1,520.5,12,149,47,1,1,4,4,20,20,"office",4,26,0,0,0,1,3311,0,4,65,1,NA,0,NA,"C:/Data/corr_sacc/asc/JITT2.asc",0,0,46,13,1065.8,474.8,532.7,65,19,20,NA
"3262",2,82,2,38,5658912,5659119,474.8,526.9,13,207,23,1,1,3,3,13,13,"hired",3,7,0,0,0,1,3484,0,3,65,1,NA,0,NA,"C:/Data/corr_sacc/asc/JITT2.asc",1,0,20,6,603.1,352.5,520.5,65,45,13,NA
"3263",2,82,2,38,5659168,5659291,352.5,761.2,14,123,48,1,2,12,12,71,6,"she",0,7,0,0,0,1,3740,0,2,66,0,NA,1,"undersweep","C:/Data/corr_sacc/asc/JITT2.asc",0,0,13,2,474.8,272.7,526.9,65,52,6,1
"3264",2,82,2,38,5659312,5659454,272.7,771.3,15,142,20,1,2,11,11,67,2,"after",2,4,0,0,0,1,3884,0,1,66,1,NA,0,NA,"C:/Data/corr_sacc/asc/JITT2.asc",0,1,6,27,352.5,717.8,761.2,66,60,2,NA
"3265",2,82,2,38,5659506,5659698,717.8,761.1,16,192,51,1,2,15,15,92,27,"she",1,25,0,0,0,1,4078,0,5,66,0,NA,0,NA,"C:/Data/corr_sacc/asc/JITT2.asc",0,0,2,38,272.7,923.7,771.3,66,64,27,NA
"3266",2,82,2,38,5659726,5659896,923.7,755.5,17,170,27,1,2,18,18,103,38,"in",0,11,0,0,0,1,4298,0,8,66,0,NA,0,NA,"C:/Data/corr_sacc/asc/JITT2.asc",0,0,27,46,717.8,1069.1,761.1,66,39,38,NA
"3267",2,82,2,38,5659922,5660029,1069.1,754.8,18,107,25,1,2,19,19,111,46,"trouble",5,8,0,0,0,1,4494,0,9,66,0,NA,0,NA,"C:/Data/corr_sacc/asc/JITT2.asc",0,0,38,54,923.7,1208.2,755.5,66,28,46,NA
"3268",2,82,2,38,5660054,5660328,1208.2,734.7,19,274,24,1,2,21,21,119,54,"her",0,8,0,0,0,1,4626,0,11,66,0,NA,0,NA,"C:/Data/corr_sacc/asc/JITT2.asc",0,0,46,22,1069.1,632.6,754.8,66,20,54,NA
"3269",2,82,2,38,5660388,5660431,632.6,707,20,43,59,1,2,14,14,87,22,"that",1,32,0,0,0,1,4960,0,4,66,1,NA,0,NA,"C:/Data/corr_sacc/asc/JITT2.asc",0,0,54,12,1208.2,462.3,734.7,66,12,22,NA
"3270",2,82,2,38,5660460,5660525,462.3,720.3,21,65,28,1,2,13,13,77,12,"discovered",2,10,0,0,0,1,5032,0,3,66,1,NA,0,NA,"C:/Data/corr_sacc/asc/JITT2.asc",0,0,22,5,632.6,327.4,707,66,44,12,NA
"3271",2,82,2,38,5660550,5660643,327.4,721.6,22,93,24,1,2,11,11,70,5,"after",5,7,0,0,0,1,5122,0,1,66,1,NA,0,NA,"C:/Data/corr_sacc/asc/JITT2.asc",0,0,12,NA,462.3,222.4,720.3,66,54,5,NA
"3272",2,82,2,38,5660668,5660859,222.4,711.4,23,191,24,NA,2,NA,NA,NA,NA,NA,NA,NA,0,0,1,1,5240,NA,NA,66,NA,NA,0,NA,"C:/Data/corr_sacc/asc/JITT2.asc",0,0,5,20,327.4,592.2,721.6,66,61,0,NA
"3273",2,82,2,38,5660900,5661096,592.2,705,24,196,40,1,2,13,13,85,20,"discovered",10,NA,0,0,0,1,5472,0,3,66,1,NA,0,NA,"C:/Data/corr_sacc/asc/JITT2.asc",0,0,NA,29,222.4,759.9,711.4,66,NA,20,NA
"3274",2,82,2,38,5661124,5661234,759.9,713.2,25,110,27,1,2,15,15,94,29,"she",3,9,0,0,0,1,5696,0,5,66,1,NA,0,NA,"C:/Data/corr_sacc/asc/JITT2.asc",0,0,20,31,592.2,800.4,705,66,46,29,NA
"3275",2,82,2,38,5661278,5661412,800.4,511,26,134,43,1,1,5,5,31,31,"secretary",8,2,0,0,0,1,5850,0,5,65,1,NA,0,NA,"C:/Data/corr_sacc/asc/JITT2.asc",0,0,29,39,759.9,936.3,713.2,66,37,31,NA
"3276",2,82,2,38,5661435,5661698,936.3,498.7,27,263,22,1,1,7,7,39,39,"more",2,8,0,0,0,1,6007,0,7,65,1,NA,0,NA,"C:/Data/corr_sacc/asc/JITT2.asc",0,0,31,54,800.4,1214.7,511,65,34,39,NA
"3277",2,82,2,38,5661731,5661959,1214.7,515.2,28,228,32,1,1,9,9,54,54,"and",3,15,0,0,0,1,6303,0,9,65,1,NA,0,NA,"C:/Data/corr_sacc/asc/JITT2.asc",0,0,39,35,936.3,866.3,498.7,65,26,54,NA
"3278",2,82,2,38,5662010,5662160,866.3,727.8,29,150,50,1,2,17,17,100,35,"get",1,19,0,0,0,1,6582,0,7,66,1,NA,0,NA,"C:/Data/corr_sacc/asc/JITT2.asc",0,0,54,44,1214.7,1025.5,515.2,65,11,35,NA
"3279",2,82,2,38,5662188,5662238,1025.5,741,30,50,27,1,2,19,19,109,44,"trouble",3,9,0,0,0,1,6760,0,9,66,1,NA,0,NA,"C:/Data/corr_sacc/asc/JITT2.asc",NA,0,35,NA,866.3,NA,727.8,66,31,44,NA
"3280",2,82,2,38,NA,NA,NA,NA,NA,NA,NA,1,1,1,NA,NA,NA,"The",NA,NA,NA,NA,NA,NA,NA,NA,1,NA,NA,NA,NA,NA,"C:/Data/corr_sacc/asc/JITT2.asc",NA,0,44,NA,1025.5,NA,741,66,22,NA,NA
"3281",2,82,2,38,NA,NA,NA,NA,NA,NA,NA,1,2,16,NA,NA,NA,"may",NA,NA,NA,NA,NA,NA,NA,NA,6,NA,NA,NA,NA,NA,"C:/Data/corr_sacc/asc/JITT2.asc",NA,NA,NA,NA,NA,NA,NA,NA,NA,NA,NA
"3282",2,82,2,38,NA,NA,NA,NA,NA,NA,NA,1,2,20,NA,NA,NA,"with",NA,NA,NA,NA,NA,NA,NA,NA,10,NA,NA,NA,NA,NA,"C:/Data/corr_sacc/asc/JITT2.asc",NA,NA,NA,NA,NA,NA,NA,NA,NA,NA,NA
"3283",2,82,2,38,NA,NA,NA,NA,NA,NA,NA,1,2,22,NA,NA,NA,"manager.",NA,NA,NA,NA,NA,NA,NA,NA,12,NA,NA,NA,NA,NA,"C:/Data/corr_sacc/asc/JITT2.asc",0,NA,NA,NA,NA,NA,NA,NA,NA,NA,NA
"3284",2,42,1,39,5666479,5666649,403.3,520.8,1,170,25,1,1,3,3,10,10,"suspected",2,NA,0,0,0,1,769,0,3,65,0,NA,0,NA,"C:/Data/corr_sacc/asc/JITT2.asc",0,0,NA,26,NA,701,NA,NA,NA,10,NA
"3285",2,42,1,39,5666686,5666805,701,504.7,2,119,36,1,1,6,6,26,26,"robbery",1,16,0,0,0,1,976,0,6,65,0,NA,0,NA,"C:/Data/corr_sacc/asc/JITT2.asc",0,0,10,22,403.3,620.8,520.8,65,55,26,NA
"3286",2,42,1,39,5666827,5667015,620.8,511.3,3,188,21,1,1,5,5,22,22,"the",1,4,0,0,0,1,1117,0,5,65,1,NA,0,NA,"C:/Data/corr_sacc/asc/JITT2.asc",0,0,26,39,701,937,504.7,65,39,22,NA
"3287",2,42,1,39,5667052,5667293,937,518,4,241,36,1,1,8,8,39,39,"gone",2,17,0,0,0,1,1342,0,8,65,0,NA,0,NA,"C:/Data/corr_sacc/asc/JITT2.asc",0,0,22,52,620.8,1166.8,511.3,65,43,39,NA
"3288",2,42,1,39,5667328,5667547,1166.8,512.9,5,219,34,1,1,11,11,52,52,"time",3,13,0,0,0,1,1618,0,11,65,0,NA,0,NA,"C:/Data/corr_sacc/asc/JITT2.asc",0,0,39,48,937,1097.1,518,65,26,52,NA
"3289",2,42,1,39,5667569,5667720,1097.1,517,6,151,21,1,1,10,10,48,48,"the",3,4,0,0,0,1,1859,0,10,65,1,NA,0,NA,"C:/Data/corr_sacc/asc/JITT2.asc",0,0,52,62,1166.8,1342.3,512.9,65,13,48,NA
"3290",2,42,1,39,5667757,5667921,1342.3,536.4,7,164,36,1,1,13,13,62,62,"sheriff",4,14,0,0,0,1,2047,0,13,65,0,NA,0,NA,"C:/Data/corr_sacc/asc/JITT2.asc",1,0,48,15,1097.1,499.4,517,65,17,62,NA
"3291",2,42,1,39,5667982,5668088,499.4,752.5,8,106,60,1,2,17,17,80,15,"scene",0,47,0,0,0,1,2272,0,4,41,0,NA,1,"undersweep","C:/Data/corr_sacc/asc/JITT2.asc",0,0,62,6,1342.3,346.2,536.4,65,3,15,1
"3292",2,42,1,39,5668114,5668256,346.2,772.7,9,142,25,1,2,14,14,71,6,"arrived",6,9,0,0,0,1,2404,0,1,41,1,NA,0,NA,"C:/Data/corr_sacc/asc/JITT2.asc",0,1,15,4,499.4,295.6,752.5,41,26,6,NA
"3293",2,42,1,39,5668272,5668362,295.6,765,10,90,15,1,2,14,14,69,4,"arrived",4,2,0,0,0,1,2562,0,1,41,1,NA,0,NA,"C:/Data/corr_sacc/asc/JITT2.asc",0,0,6,27,346.2,723.7,772.7,41,35,4,NA
"3294",2,42,1,39,5668413,5668512,723.7,740.1,11,99,50,1,2,19,19,92,27,"reinforcements.",1,23,0,0,0,1,2703,0,6,41,0,NA,0,NA,"C:/Data/corr_sacc/asc/JITT2.asc",NA,0,4,NA,295.6,NA,765,41,37,27,NA
"3295",2,42,1,39,NA,NA,NA,NA,NA,NA,NA,1,1,1,NA,NA,NA,"The",NA,NA,NA,NA,NA,NA,NA,NA,1,NA,NA,NA,NA,NA,"C:/Data/corr_sacc/asc/JITT2.asc",NA,0,27,NA,723.7,NA,740.1,41,14,NA,NA
"3296",2,42,1,39,NA,NA,NA,NA,NA,NA,NA,1,1,2,NA,NA,NA,"man",NA,NA,NA,NA,NA,NA,NA,NA,2,NA,NA,NA,NA,NA,"C:/Data/corr_sacc/asc/JITT2.asc",NA,NA,NA,NA,NA,NA,NA,NA,NA,NA,NA
"3297",2,42,1,39,NA,NA,NA,NA,NA,NA,NA,1,1,4,NA,NA,NA,"in",NA,NA,NA,NA,NA,NA,NA,NA,4,NA,NA,NA,NA,NA,"C:/Data/corr_sacc/asc/JITT2.asc",NA,NA,NA,NA,NA,NA,NA,NA,NA,NA,NA
"3298",2,42,1,39,NA,NA,NA,NA,NA,NA,NA,1,1,7,NA,NA,NA,"was",NA,NA,NA,NA,NA,NA,NA,NA,7,NA,NA,NA,NA,NA,"C:/Data/corr_sacc/asc/JITT2.asc",NA,NA,NA,NA,NA,NA,NA,NA,NA,NA,NA
"3299",2,42,1,39,NA,NA,NA,NA,NA,NA,NA,1,1,9,NA,NA,NA,"by",NA,NA,NA,NA,NA,NA,NA,NA,9,NA,NA,NA,NA,NA,"C:/Data/corr_sacc/asc/JITT2.asc",NA,NA,NA,NA,NA,NA,NA,NA,NA,NA,NA
"3300",2,42,1,39,NA,NA,NA,NA,NA,NA,NA,1,1,12,NA,NA,NA,"the",NA,NA,NA,NA,NA,NA,NA,NA,12,NA,NA,NA,NA,NA,"C:/Data/corr_sacc/asc/JITT2.asc",NA,NA,NA,NA,NA,NA,NA,NA,NA,NA,NA
"3301",2,42,1,39,NA,NA,NA,NA,NA,NA,NA,1,2,15,NA,NA,NA,"on",NA,NA,NA,NA,NA,NA,NA,NA,2,NA,NA,NA,NA,NA,"C:/Data/corr_sacc/asc/JITT2.asc",NA,NA,NA,NA,NA,NA,NA,NA,NA,NA,NA
"3302",2,42,1,39,NA,NA,NA,NA,NA,NA,NA,1,2,16,NA,NA,NA,"the",NA,NA,NA,NA,NA,NA,NA,NA,3,NA,NA,NA,NA,NA,"C:/Data/corr_sacc/asc/JITT2.asc",NA,NA,NA,NA,NA,NA,NA,NA,NA,NA,NA
"3303",2,42,1,39,NA,NA,NA,NA,NA,NA,NA,1,2,18,NA,NA,NA,"with",NA,NA,NA,NA,NA,NA,NA,NA,5,NA,NA,NA,NA,NA,"C:/Data/corr_sacc/asc/JITT2.asc",0,NA,NA,NA,NA,NA,NA,NA,NA,NA,NA
"3304",2,41,3,40,5704458,5704613,515.6,519,1,155,25,1,1,2,2,7,7,"elderly",3,NA,0,0,0,1,463,0,2,55,0,NA,0,NA,"C:/Data/corr_sacc/asc/JITT2.asc",0,0,NA,15,NA,656.2,NA,NA,NA,7,NA
"3305",2,41,3,40,5704640,5704797,656.2,521.8,2,157,26,1,1,3,3,15,15,"man",3,8,0,0,0,1,645,0,3,55,0,NA,0,NA,"C:/Data/corr_sacc/asc/JITT2.asc",0,0,7,22,515.6,783.9,519,55,48,15,NA
"3306",2,41,3,40,5704822,5704948,783.9,527.6,3,126,24,1,1,5,5,22,22,"lives",2,7,0,0,0,1,827,0,5,55,0,NA,0,NA,"C:/Data/corr_sacc/asc/JITT2.asc",0,0,15,32,656.2,967.2,521.8,55,40,22,NA
"3307",2,41,3,40,5704977,5705215,967.2,537.9,4,238,28,1,1,7,7,32,32,"his",1,10,0,0,0,1,982,0,7,55,0,NA,0,NA,"C:/Data/corr_sacc/asc/JITT2.asc",0,0,22,29,783.9,914.3,527.6,55,33,32,NA
"3308",2,41,3,40,5705235,5705318,914.3,535.4,5,83,19,1,1,6,6,29,29,"with",3,3,0,0,0,1,1240,0,6,55,1,NA,0,NA,"C:/Data/corr_sacc/asc/JITT2.asc",0,0,32,44,967.2,1171.8,537.9,55,23,29,NA
"3309",2,41,3,40,5705353,5705527,1171.8,535.8,6,174,34,1,1,10,10,44,44,"the",2,15,0,0,0,1,1358,0,10,55,0,NA,0,NA,"C:/Data/corr_sacc/asc/JITT2.asc",0,0,29,41,914.3,1120.3,535.4,55,26,44,NA
"3310",2,41,3,40,5705548,5705695,1120.3,529.6,7,147,20,1,1,9,9,41,41,"in",2,3,0,0,0,1,1553,0,9,55,1,NA,0,NA,"C:/Data/corr_sacc/asc/JITT2.asc",0,0,44,49,1171.8,1267.3,535.8,55,11,41,NA
"3311",2,41,3,40,5705722,5705934,1267.3,545,8,212,26,1,1,11,11,49,49,"big",3,8,0,0,0,1,1727,0,11,55,0,NA,0,NA,"C:/Data/corr_sacc/asc/JITT2.asc",1,0,41,12,1120.3,603.1,529.6,55,14,49,NA
"3312",2,41,3,40,5705999,5706096,603.1,714.5,9,97,64,1,2,16,16,67,12,"have",1,37,0,0,0,1,2004,0,4,42,0,NA,1,"undersweep","C:/Data/corr_sacc/asc/JITT2.asc",0,0,49,5,1267.3,478.9,545,55,6,12,1
"3313",2,41,3,40,5706122,5706273,478.9,722.5,10,151,25,1,2,14,14,60,5,"said",2,7,0,0,0,1,2127,0,2,42,1,NA,0,NA,"C:/Data/corr_sacc/asc/JITT2.asc",0,1,12,23,603.1,800.8,714.5,42,30,5,NA
"3314",2,41,3,40,5706322,5706515,800.8,750,11,193,48,1,2,17,17,78,23,"inherited",7,18,0,0,0,1,2327,0,5,42,0,NA,0,NA,"C:/Data/corr_sacc/asc/JITT2.asc",0,0,5,31,478.9,947.3,722.5,42,37,23,NA
"3315",2,41,3,40,5706542,5706666,947.3,759.4,12,124,26,1,2,19,19,86,31,"lot",3,8,0,0,0,1,2547,0,7,42,0,NA,0,NA,"C:/Data/corr_sacc/asc/JITT2.asc",0,0,23,36,800.8,1030.4,750,42,19,31,NA
"3316",2,41,3,40,5706689,5706861,1030.4,748.6,13,172,22,1,2,21,21,91,36,"money.",1,5,0,0,0,1,2694,0,9,42,0,NA,0,NA,"C:/Data/corr_sacc/asc/JITT2.asc",0,0,31,21,947.3,769.2,759.4,42,11,36,NA
"3317",2,41,3,40,5706897,5706966,769.2,723.2,14,69,35,1,2,17,17,76,21,"inherited",5,15,0,0,0,1,2902,0,5,42,1,NA,0,NA,"C:/Data/corr_sacc/asc/JITT2.asc",0,0,36,16,1030.4,669.6,748.6,42,6,21,NA
"3318",2,41,3,40,5707008,5707117,669.6,534.4,15,109,41,1,1,4,4,16,16,"who",0,5,0,0,0,1,3013,0,4,55,1,NA,0,NA,"C:/Data/corr_sacc/asc/JITT2.asc",0,0,21,10,769.2,576.4,723.2,42,21,16,NA
"3319",2,41,3,40,5707142,5707323,576.4,519.1,16,181,24,1,1,2,2,10,10,"elderly",6,6,0,0,0,1,3147,0,2,55,1,NA,0,NA,"C:/Data/corr_sacc/asc/JITT2.asc",0,0,16,23,669.6,802.1,534.4,55,39,10,NA
"3320",2,41,3,40,5707357,5707599,802.1,519.6,17,242,33,1,1,5,5,23,23,"lives",3,13,0,0,0,1,3362,0,5,55,1,NA,0,NA,"C:/Data/corr_sacc/asc/JITT2.asc",0,0,10,22,576.4,782.3,519.1,55,45,23,NA
"3321",2,41,3,40,5707612,5707721,782.3,511.4,18,109,12,1,1,5,5,22,22,"lives",2,1,0,0,0,1,3617,0,5,55,1,NA,0,NA,"C:/Data/corr_sacc/asc/JITT2.asc",0,0,23,37,802.1,1046.3,519.6,55,32,22,NA
"3322",2,41,3,40,5707756,5708032,1046.3,517.6,19,276,34,1,1,8,8,37,37,"son",2,15,0,0,0,1,3761,0,8,55,1,NA,0,NA,"C:/Data/corr_sacc/asc/JITT2.asc",0,0,22,33,782.3,977.8,511.4,55,33,37,NA
"3323",2,41,3,40,5708053,5708196,977.8,525,20,143,20,1,1,7,7,33,33,"his",2,4,0,0,0,1,4058,0,7,55,1,NA,0,NA,"C:/Data/corr_sacc/asc/JITT2.asc",0,0,37,46,1046.3,1221.5,517.6,55,18,33,NA
"3324",2,41,3,40,5708233,5708379,1221.5,529.5,21,146,36,1,1,11,11,46,46,"big",0,13,0,0,0,1,4238,0,11,55,1,NA,0,NA,"C:/Data/corr_sacc/asc/JITT2.asc",0,0,33,51,977.8,1309.7,525,55,22,46,NA
"3325",2,41,3,40,5708404,5708504,1309.7,547,22,100,24,1,1,12,12,51,51,"house",1,5,0,0,0,1,4409,0,12,55,1,NA,0,NA,"C:/Data/corr_sacc/asc/JITT2.asc",0,0,46,28,1221.5,887.9,529.5,55,9,51,NA
"3326",2,41,3,40,5708558,5708679,887.9,706.2,23,121,53,1,2,19,19,83,28,"lot",0,23,0,0,0,1,4563,0,7,42,1,NA,0,NA,"C:/Data/corr_sacc/asc/JITT2.asc",0,0,51,22,1309.7,789.6,547,55,4,28,NA
"3327",2,41,3,40,5708703,5708855,789.6,740.5,24,152,23,1,2,17,17,77,22,"inherited",6,6,0,0,0,1,4708,0,5,42,1,NA,0,NA,"C:/Data/corr_sacc/asc/JITT2.asc",0,0,28,15,887.9,660.7,706.2,42,14,22,NA
"3328",2,41,3,40,5708883,5708960,660.7,758.6,25,77,27,1,2,16,16,70,15,"have",4,7,0,0,0,1,4888,0,4,42,1,NA,0,NA,"C:/Data/corr_sacc/asc/JITT2.asc",0,0,22,11,789.6,584.4,740.5,42,20,15,NA
"3329",2,41,3,40,5708990,5709263,584.4,753.4,26,273,29,1,2,16,16,66,11,"have",0,4,0,0,0,1,4995,0,4,42,1,NA,0,NA,"C:/Data/corr_sacc/asc/JITT2.asc",0,0,15,31,660.7,950.7,758.6,42,27,11,NA
"3330",2,41,3,40,5709311,5709484,950.7,768.1,27,173,47,1,2,19,19,86,31,"lot",3,20,0,0,0,1,5316,0,7,42,1,NA,0,NA,"C:/Data/corr_sacc/asc/JITT2.asc",0,0,11,35,584.4,1025.8,753.4,42,31,31,NA
"3331",2,41,3,40,5709515,5709597,1025.8,760.9,28,82,30,1,2,21,21,90,35,"money.",0,4,0,0,0,1,5520,0,9,42,1,NA,0,NA,"C:/Data/corr_sacc/asc/JITT2.asc",0,0,31,22,950.7,788.6,768.1,42,11,35,NA
"3332",2,41,3,40,5709630,5709764,788.6,547.9,29,134,32,1,1,5,5,22,22,"lives",2,13,0,0,0,1,5635,0,5,55,1,NA,0,NA,"C:/Data/corr_sacc/asc/JITT2.asc",0,0,35,14,1025.8,630.6,760.9,42,7,22,NA
"3333",2,41,3,40,5709790,5709985,630.6,528.4,30,195,25,1,1,3,3,14,14,"man",2,8,0,0,0,1,5795,0,3,55,1,NA,0,NA,"C:/Data/corr_sacc/asc/JITT2.asc",0,0,22,26,788.6,848.6,547.9,55,33,14,NA
"3334",2,41,3,40,5710014,5710181,848.6,546,31,167,28,1,1,6,6,26,26,"with",0,12,0,0,0,1,6019,0,6,55,1,NA,0,NA,"C:/Data/corr_sacc/asc/JITT2.asc",0,0,14,32,630.6,968.4,528.4,55,41,26,NA
"3335",2,41,3,40,5710208,5710345,968.4,557.5,32,137,26,1,1,7,7,32,32,"his",1,6,0,0,0,1,6213,0,7,55,1,NA,0,NA,"C:/Data/corr_sacc/asc/JITT2.asc",NA,0,26,NA,848.6,NA,546,55,29,32,NA
"3336",2,41,3,40,NA,NA,NA,NA,NA,NA,NA,1,1,1,NA,NA,NA,"The",NA,NA,NA,NA,NA,NA,NA,NA,1,NA,NA,NA,NA,NA,"C:/Data/corr_sacc/asc/JITT2.asc",NA,0,32,NA,968.4,NA,557.5,55,23,NA,NA
"3337",2,41,3,40,NA,NA,NA,NA,NA,NA,NA,1,2,13,NA,NA,NA,"is",NA,NA,NA,NA,NA,NA,NA,NA,1,NA,NA,NA,NA,NA,"C:/Data/corr_sacc/asc/JITT2.asc",NA,NA,NA,NA,NA,NA,NA,NA,NA,NA,NA
"3338",2,41,3,40,NA,NA,NA,NA,NA,NA,NA,1,2,15,NA,NA,NA,"to",NA,NA,NA,NA,NA,NA,NA,NA,3,NA,NA,NA,NA,NA,"C:/Data/corr_sacc/asc/JITT2.asc",NA,NA,NA,NA,NA,NA,NA,NA,NA,NA,NA
"3339",2,41,3,40,NA,NA,NA,NA,NA,NA,NA,1,2,18,NA,NA,NA,"a",NA,NA,NA,NA,NA,NA,NA,NA,6,NA,NA,NA,NA,NA,"C:/Data/corr_sacc/asc/JITT2.asc",NA,NA,NA,NA,NA,NA,NA,NA,NA,NA,NA
"3340",2,41,3,40,NA,NA,NA,NA,NA,NA,NA,1,2,20,NA,NA,NA,"of",NA,NA,NA,NA,NA,NA,NA,NA,8,NA,NA,NA,NA,NA,"C:/Data/corr_sacc/asc/JITT2.asc",NA,NA,NA,NA,NA,NA,NA,NA,NA,NA,NA
"3341",2,41,3,40,NA,NA,NA,NA,NA,NA,NA,2,NA,1,NA,NA,NA,NA,NA,NA,NA,NA,NA,NA,NA,NA,NA,NA,NA,NA,NA,NA,"C:/Data/corr_sacc/asc/JITT2.asc",0,NA,NA,NA,NA,NA,NA,NA,NA,NA,NA
"3342",2,6,1,41,5738092,5738211,417.9,509.9,1,119,27,1,1,2,2,9,9,"spent",5,NA,0,0,0,1,1059,0,2,66,0,NA,0,NA,"C:/Data/corr_sacc/asc/JITT2.asc",0,0,NA,4,NA,331.4,NA,NA,NA,9,NA
"3343",2,6,1,41,5738235,5738431,331.4,533,2,196,23,1,1,2,2,4,4,"spent",0,5,0,0,0,1,1202,0,2,66,0,NA,0,NA,"C:/Data/corr_sacc/asc/JITT2.asc",0,0,9,2,417.9,292.9,509.9,66,57,4,NA
"3344",2,6,1,41,5738561,5738599,292.9,548,3,38,129,1,1,1,1,2,2,"She",2,2,1,0,0,1,1528,0,1,66,NA,NA,0,NA,"C:/Data/corr_sacc/asc/JITT2.asc",0,0,4,10,331.4,425.1,533,66,62,2,NA
"3345",2,6,1,41,5738634,5738832,425.1,540,4,198,34,1,1,3,3,10,10,"her",0,8,0,0,0,1,1601,0,3,66,0,NA,0,NA,"C:/Data/corr_sacc/asc/JITT2.asc",0,0,2,16,292.9,544.9,548,66,64,10,NA
"3346",2,6,1,41,5738856,5739508,544.9,530.1,5,652,23,1,1,4,4,16,16,"entire",2,6,0,0,0,1,1823,0,4,66,0,NA,0,NA,"C:/Data/corr_sacc/asc/JITT2.asc",0,0,10,24,425.1,675.2,540,66,56,16,NA
"3347",2,6,1,41,5739534,5739816,675.2,533,6,282,25,1,1,5,5,24,24,"lunch",3,8,0,0,0,1,2501,0,5,66,0,NA,0,NA,"C:/Data/corr_sacc/asc/JITT2.asc",0,0,16,31,544.9,807.9,530.1,66,50,24,NA
"3348",2,6,1,41,5739839,5740046,807.9,532.9,7,207,22,1,1,6,6,31,31,"break",4,7,0,0,0,1,2806,0,6,66,0,NA,0,NA,"C:/Data/corr_sacc/asc/JITT2.asc",0,0,24,39,675.2,959.9,533,66,42,31,NA
"3349",2,6,1,41,5740152,5740232,959.9,535.3,8,80,105,1,1,7,7,39,39,"nervously",6,8,0,0,0,1,3119,0,7,66,0,NA,0,NA,"C:/Data/corr_sacc/asc/JITT2.asc",0,0,31,48,807.9,1114.2,532.9,66,35,39,NA
"3350",2,6,1,41,5740391,5740659,1114.2,510.9,9,268,158,1,1,8,8,48,48,"pacing",5,9,1,0,0,1,3358,0,8,66,NA,NA,0,NA,"C:/Data/corr_sacc/asc/JITT2.asc",0,0,39,56,959.9,1262.1,535.3,66,27,48,NA
"3351",2,6,1,41,5740686,5740889,1262.1,533,10,203,26,1,1,10,10,56,56,"the",1,8,0,0,0,1,3653,0,10,66,0,NA,0,NA,"C:/Data/corr_sacc/asc/JITT2.asc",0,0,48,61,1114.2,1346.5,510.9,66,18,56,NA
"3352",2,6,1,41,5740910,5741077,1346.5,552.8,11,167,20,1,1,11,11,61,61,"hallway",2,5,0,0,0,1,3877,0,11,66,0,NA,0,NA,"C:/Data/corr_sacc/asc/JITT2.asc",0,0,56,55,1262.1,1237.7,533,66,10,61,NA
"3353",2,6,1,41,5741101,5741249,1237.7,551.3,12,148,23,1,1,10,10,55,55,"the",0,6,0,0,0,1,4068,0,10,66,1,NA,0,NA,"C:/Data/corr_sacc/asc/JITT2.asc",1,0,61,13,1346.5,489.9,552.8,66,5,55,NA
"3354",2,6,1,41,5741301,5741384,489.9,728.4,13,83,51,1,2,14,14,79,13,"was",1,42,0,0,0,1,4268,0,3,53,0,NA,1,"undersweep","C:/Data/corr_sacc/asc/JITT2.asc",0,0,55,6,1237.7,352.5,551.3,66,11,13,1
"3355",2,6,1,41,5741411,5741546,352.5,739,14,135,26,1,2,12,12,72,6,"because",6,7,0,0,0,1,4378,0,1,53,1,NA,0,NA,"C:/Data/corr_sacc/asc/JITT2.asc",0,1,13,3,489.9,298.7,728.4,53,40,6,NA
"3356",2,6,1,41,5741568,5741674,298.7,733.2,15,106,21,1,2,12,12,69,3,"because",3,3,0,0,0,1,4535,0,1,53,1,NA,0,NA,"C:/Data/corr_sacc/asc/JITT2.asc",0,0,6,14,352.5,497.3,739,53,47,3,NA
"3357",2,6,1,41,5741705,5741973,497.3,716.2,16,268,30,1,2,14,14,80,14,"was",2,11,0,0,0,1,4672,0,3,53,1,NA,0,NA,"C:/Data/corr_sacc/asc/JITT2.asc",0,0,3,28,298.7,758.3,733.2,53,50,14,NA
"3358",2,6,1,41,5742018,5742197,758.3,734.8,17,179,44,1,2,16,16,94,28,"about",4,14,0,0,0,1,4985,0,5,53,0,NA,0,NA,"C:/Data/corr_sacc/asc/JITT2.asc",0,0,14,39,497.3,953.4,716.2,53,39,28,NA
"3359",2,6,1,41,5742240,5742524,953.4,725.9,18,284,42,1,2,18,18,105,39,"would",4,11,0,0,0,1,5207,0,7,53,0,NA,0,NA,"C:/Data/corr_sacc/asc/JITT2.asc",0,0,28,47,758.3,1091.5,734.8,53,25,39,NA
"3360",2,6,1,41,5742549,5742659,1091.5,724.8,19,110,24,1,2,19,19,113,47,"happen",6,8,0,0,0,1,5516,0,8,53,0,NA,0,NA,"C:/Data/corr_sacc/asc/JITT2.asc",0,0,39,24,953.4,683,725.9,53,14,47,NA
"3361",2,6,1,41,5742823,5742875,683,534.1,20,52,163,1,1,5,5,24,24,"lunch",3,23,1,0,0,1,5790,0,5,66,NA,NA,0,NA,"C:/Data/corr_sacc/asc/JITT2.asc",0,0,47,11,1091.5,447.4,724.8,53,6,24,NA
"3362",2,6,1,41,5742916,5743025,447.4,511.9,21,109,40,1,1,3,3,11,11,"her",1,13,0,0,0,1,5883,0,3,66,1,NA,0,NA,"C:/Data/corr_sacc/asc/JITT2.asc",0,0,24,6,683,356,534.1,66,42,11,NA
"3363",2,6,1,41,5743049,5743447,356,540.2,22,398,23,1,1,2,2,6,6,"spent",2,5,0,0,0,1,6016,0,2,66,1,NA,0,NA,"C:/Data/corr_sacc/asc/JITT2.asc",0,0,11,2,447.4,289.3,511.9,66,55,6,NA
"3364",2,6,1,41,5743468,5743602,289.3,545.2,23,134,20,1,1,1,1,2,2,"She",2,4,0,0,0,1,6435,0,1,66,1,NA,0,NA,"C:/Data/corr_sacc/asc/JITT2.asc",0,0,6,13,356,488.2,540.2,66,60,2,NA
"3365",2,6,1,41,5743631,5743860,488.2,525.9,24,229,28,1,1,3,3,13,13,"her",3,11,0,0,0,1,6598,0,3,66,1,NA,0,NA,"C:/Data/corr_sacc/asc/JITT2.asc",0,0,2,26,289.3,710.9,545.2,66,64,13,NA
"3366",2,6,1,41,5743891,5744171,710.9,506.1,25,280,30,1,1,5,5,26,26,"lunch",5,13,0,0,0,1,6858,0,5,66,1,NA,0,NA,"C:/Data/corr_sacc/asc/JITT2.asc",0,0,13,35,488.2,885.9,525.9,66,53,26,NA
"3367",2,6,1,41,5744201,5744533,885.9,516.9,26,332,29,1,1,7,7,35,35,"nervously",2,9,0,0,0,1,7168,0,7,66,1,NA,0,NA,"C:/Data/corr_sacc/asc/JITT2.asc",0,0,26,46,710.9,1081,506.1,66,40,35,NA
"3368",2,6,1,41,5744566,5744780,1081,526.7,27,214,32,1,1,8,8,46,46,"pacing",3,11,0,0,0,1,7533,0,8,66,1,NA,0,NA,"C:/Data/corr_sacc/asc/JITT2.asc",0,0,35,55,885.9,1238.1,516.9,66,31,46,NA
"3369",2,6,1,41,5744807,5744973,1238.1,535.1,28,166,26,1,1,10,10,55,55,"the",0,9,0,0,0,1,7774,0,10,66,1,NA,0,NA,"C:/Data/corr_sacc/asc/JITT2.asc",0,0,46,60,1081,1337.9,526.7,66,20,55,NA
"3370",2,6,1,41,5744996,5745139,1337.9,535.2,29,143,22,1,1,11,11,60,60,"hallway",1,5,0,0,0,1,7963,0,11,66,1,NA,0,NA,"C:/Data/corr_sacc/asc/JITT2.asc",0,0,55,14,1238.1,499.7,535.1,66,11,60,NA
"3371",2,6,1,41,5745200,5745278,499.7,710.7,30,78,60,1,2,14,14,80,14,"was",2,46,0,0,0,1,8167,0,3,53,1,NA,0,NA,"C:/Data/corr_sacc/asc/JITT2.asc",0,0,60,5,1337.9,341.4,535.2,66,6,14,NA
"3372",2,6,1,41,5745303,5745483,341.4,731.5,31,180,24,1,2,12,12,71,5,"because",5,9,0,0,0,1,8270,0,1,53,1,NA,0,NA,"C:/Data/corr_sacc/asc/JITT2.asc",0,0,14,21,499.7,619.7,710.7,53,39,5,NA
"3373",2,6,1,41,5745516,5745711,619.7,746.9,32,195,32,1,2,15,15,87,21,"worried",5,16,0,0,0,1,8483,0,4,53,1,NA,0,NA,"C:/Data/corr_sacc/asc/JITT2.asc",0,0,5,33,341.4,853,731.5,53,48,21,NA
"3374",2,6,1,41,5745743,5745883,853,739,33,140,31,1,2,17,17,99,33,"what",3,12,0,0,0,1,8710,0,6,53,1,NA,0,NA,"C:/Data/corr_sacc/asc/JITT2.asc",0,0,21,44,619.7,1049.6,746.9,53,32,33,NA
"3375",2,6,1,41,5745914,5746058,1049.6,747.4,34,144,30,1,2,19,19,110,44,"happen",3,11,0,0,0,1,8881,0,8,53,1,NA,0,NA,"C:/Data/corr_sacc/asc/JITT2.asc",0,0,33,48,853,1122.3,739,53,20,44,NA
"3376",2,6,1,41,5746078,5746253,1122.3,748.1,35,175,19,1,2,20,20,114,48,"next.",0,4,0,0,0,1,9045,0,9,53,0,NA,0,NA,"C:/Data/corr_sacc/asc/JITT2.asc",0,0,44,21,1049.6,630.3,747.4,53,9,48,NA
"3377",2,6,1,41,5746302,5746375,630.3,530.1,36,73,48,1,1,5,5,21,21,"lunch",0,27,0,0,0,1,9269,0,5,66,1,NA,0,NA,"C:/Data/corr_sacc/asc/JITT2.asc",0,0,48,13,1122.3,491.1,748.1,53,5,21,NA
"3378",2,6,1,41,5746402,5746679,491.1,437.4,37,277,26,1,1,3,3,13,13,"her",3,8,0,0,0,1,9369,0,3,66,1,NA,0,NA,"C:/Data/corr_sacc/asc/JITT2.asc",0,0,21,15,630.3,513.2,530.1,66,45,13,NA
"3379",2,6,1,41,5746700,5746895,513.2,467.9,38,195,20,1,1,4,4,15,15,"entire",1,2,0,0,0,1,9667,0,4,66,1,NA,0,NA,"C:/Data/corr_sacc/asc/JITT2.asc",NA,0,13,NA,491.1,NA,437.4,66,53,15,NA
"3380",2,6,1,41,NA,NA,NA,NA,NA,NA,NA,1,1,9,NA,NA,NA,"down",NA,NA,NA,NA,NA,NA,NA,NA,9,NA,NA,NA,NA,NA,"C:/Data/corr_sacc/asc/JITT2.asc",NA,0,15,NA,513.2,NA,467.9,66,51,NA,NA
"3381",2,6,1,41,NA,NA,NA,NA,NA,NA,NA,1,2,13,NA,NA,NA,"she",NA,NA,NA,NA,NA,NA,NA,NA,2,NA,NA,NA,NA,NA,"C:/Data/corr_sacc/asc/JITT2.asc",0,NA,NA,NA,NA,NA,NA,NA,NA,NA,NA
"3382",2,24,1,42,5754983,5755101,518.5,483.7,1,118,29,1,1,2,2,12,12,"tourists",7,NA,0,0,0,1,771,0,2,65,0,NA,0,NA,"C:/Data/corr_sacc/asc/JITT2.asc",0,0,NA,7,NA,429.5,NA,NA,NA,12,NA
"3383",2,24,1,42,5755125,5755264,429.5,477.8,2,139,23,1,1,2,2,7,7,"tourists",2,5,0,0,0,1,913,0,2,65,0,NA,0,NA,"C:/Data/corr_sacc/asc/JITT2.asc",0,0,12,4,518.5,371.6,483.7,65,53,7,NA
"3384",2,24,1,42,5755283,5755444,371.6,482.5,3,161,18,1,1,1,1,4,4,"Many",4,3,0,0,0,1,1071,0,1,65,1,NA,0,NA,"C:/Data/corr_sacc/asc/JITT2.asc",0,0,7,18,429.5,617.7,477.8,65,58,4,NA
"3385",2,24,1,42,5755478,5755570,617.7,493.8,4,92,33,1,1,4,4,18,18,"had",0,14,0,0,0,1,1266,0,4,65,0,NA,0,NA,"C:/Data/corr_sacc/asc/JITT2.asc",0,0,4,20,371.6,664.5,482.5,65,61,18,NA
"3386",2,24,1,42,5755705,5755756,664.5,479.7,5,51,134,1,1,4,4,20,20,"had",2,2,1,0,0,1,1493,0,4,65,NA,NA,0,NA,"C:/Data/corr_sacc/asc/JITT2.asc",0,0,18,33,617.7,888.3,493.8,65,47,20,NA
"3387",2,24,1,42,5755789,5755933,888.3,485.7,6,144,32,1,1,6,6,33,33,"from",1,13,0,0,0,1,1577,0,6,65,0,NA,0,NA,"C:/Data/corr_sacc/asc/JITT2.asc",0,0,20,27,664.5,782.9,479.7,65,45,33,NA
"3388",2,24,1,42,5755956,5756093,782.9,478,7,137,22,1,1,5,5,27,27,"travelled",5,6,0,0,0,1,1744,0,5,65,1,NA,0,NA,"C:/Data/corr_sacc/asc/JITT2.asc",0,0,33,15,888.3,578.8,485.7,65,32,27,NA
"3389",2,24,1,42,5756123,5756279,578.8,481,8,156,29,1,1,3,3,15,15,"who",1,12,0,0,0,1,1911,0,3,65,1,NA,0,NA,"C:/Data/corr_sacc/asc/JITT2.asc",0,0,27,36,782.9,947.8,478,65,38,15,NA
"3390",2,24,1,42,5756319,5756618,947.8,501.4,9,299,39,1,1,6,6,36,36,"from",4,21,0,0,0,1,2107,0,6,65,1,NA,0,NA,"C:/Data/corr_sacc/asc/JITT2.asc",0,0,15,47,578.8,1153.1,481,65,50,36,NA
"3391",2,24,1,42,5756647,5756857,1153.1,497.7,10,210,28,1,1,9,9,47,47,"to",1,11,0,0,0,1,2435,0,9,65,0,NA,0,NA,"C:/Data/corr_sacc/asc/JITT2.asc",0,0,36,50,947.8,1200.5,501.4,65,29,47,NA
"3392",2,24,1,42,5756878,5757001,1200.5,499.2,11,123,20,1,1,10,10,50,50,"visit",1,3,0,0,0,1,2666,0,10,65,0,NA,0,NA,"C:/Data/corr_sacc/asc/JITT2.asc",0,0,47,44,1153.1,1090.4,497.7,65,18,50,NA
"3393",2,24,1,42,5757025,5757165,1090.4,490.5,12,140,23,1,1,8,8,44,44,"away",3,6,0,0,0,1,2813,0,8,65,1,NA,0,NA,"C:/Data/corr_sacc/asc/JITT2.asc",0,0,50,50,1200.5,1209.1,499.2,65,15,44,NA
"3394",2,24,1,42,5757322,5757458,1209.1,511,13,136,156,1,1,10,10,50,50,"visit",1,6,1,0,0,1,3110,0,10,65,NA,NA,0,NA,"C:/Data/corr_sacc/asc/JITT2.asc",0,0,44,39,1090.4,1004.3,490.5,65,21,50,NA
"3395",2,24,1,42,5757489,5757864,1004.3,487.2,14,375,30,1,1,7,7,39,39,"far",2,11,0,0,0,1,3277,0,7,65,1,NA,0,NA,"C:/Data/corr_sacc/asc/JITT2.asc",0,0,50,46,1209.1,1122.6,511,65,15,39,NA
"3396",2,24,1,42,5757890,5758030,1122.6,499.9,15,140,25,1,1,9,9,46,46,"to",0,7,0,0,0,1,3678,0,9,65,1,NA,0,NA,"C:/Data/corr_sacc/asc/JITT2.asc",0,0,39,50,1004.3,1200.4,487.2,65,26,46,NA
"3397",2,24,1,42,5758053,5758237,1200.4,500.2,16,184,22,1,1,10,10,50,50,"visit",1,4,0,0,0,1,3841,0,10,65,1,NA,0,NA,"C:/Data/corr_sacc/asc/JITT2.asc",0,0,46,58,1122.6,1345.2,499.9,65,19,50,NA
"3398",2,24,1,42,5758265,5758526,1345.2,509.5,17,261,27,1,1,11,11,58,58,"the",3,8,0,0,0,1,4053,0,11,65,0,NA,0,NA,"C:/Data/corr_sacc/asc/JITT2.asc",0,0,50,61,1200.4,1397.8,500.2,65,15,58,NA
"3399",2,24,1,42,5758549,5758707,1397.8,525,18,158,22,1,1,12,12,61,61,"castle",2,3,0,0,0,1,4337,0,12,65,0,NA,0,NA,"C:/Data/corr_sacc/asc/JITT2.asc",1,0,58,9,1345.2,467.6,509.5,65,7,61,NA
"3400",2,24,1,42,5758779,5758862,467.6,709,19,83,71,1,2,14,14,74,9,"disappointed",4,52,0,0,0,1,4567,0,2,69,0,NA,1,"undersweep","C:/Data/corr_sacc/asc/JITT2.asc",0,0,61,2,1397.8,335.2,525,65,4,9,1
"3401",2,24,1,42,5758888,5759019,335.2,715.7,20,131,25,1,2,13,13,67,2,"were",2,7,0,0,0,1,4676,0,1,69,1,NA,0,NA,"C:/Data/corr_sacc/asc/JITT2.asc",0,1,9,NA,467.6,294.1,709,69,60,2,NA
"3402",2,24,1,42,5759042,5759134,294.1,717,21,92,22,NA,2,NA,NA,NA,NA,NA,NA,NA,0,0,1,1,4830,NA,NA,69,NA,NA,0,NA,"C:/Data/corr_sacc/asc/JITT2.asc",0,0,2,22,335.2,696.1,715.7,69,67,4,NA
"3403",2,24,1,42,5759183,5759459,696.1,707.1,22,276,48,1,2,16,16,87,22,"they",1,NA,0,0,0,1,4971,0,4,69,0,NA,0,NA,"C:/Data/corr_sacc/asc/JITT2.asc",0,0,NA,19,294.1,642.2,717,69,NA,22,NA
"3404",2,24,1,42,5759477,5759618,642.2,702.4,23,141,17,1,2,15,15,84,19,"as",1,3,0,0,0,1,5265,0,3,69,1,NA,0,NA,"C:/Data/corr_sacc/asc/JITT2.asc",0,0,22,36,696.1,951.5,707.1,69,47,19,NA
"3405",2,24,1,42,5759654,5759895,951.5,705.7,24,241,35,1,2,18,18,101,36,"allowed",2,17,0,0,0,1,5442,0,6,69,0,NA,0,NA,"C:/Data/corr_sacc/asc/JITT2.asc",0,0,19,44,642.2,1100.8,702.4,69,50,36,NA
"3406",2,24,1,42,5759920,5760107,1100.8,731.5,25,187,24,1,2,19,19,109,44,"to",2,8,0,0,0,1,5708,0,7,69,0,NA,0,NA,"C:/Data/corr_sacc/asc/JITT2.asc",0,0,36,53,951.5,1252.2,705.7,69,33,44,NA
"3407",2,24,1,42,5760135,5760349,1252.2,736.2,26,214,27,1,2,22,22,118,53,"king's",0,9,0,0,0,1,5923,0,10,69,0,NA,0,NA,"C:/Data/corr_sacc/asc/JITT2.asc",0,0,44,60,1100.8,1387.7,731.5,69,25,53,NA
"3408",2,24,1,42,5760376,5760497,1387.7,738.3,27,121,26,1,2,23,23,125,60,"chambers.",0,7,0,0,0,1,6164,0,11,69,0,NA,0,NA,"C:/Data/corr_sacc/asc/JITT2.asc",0,0,53,45,1252.2,1104,736.2,69,16,60,NA
"3409",2,24,1,42,5760676,5760784,1104,721.1,28,108,178,1,2,20,20,110,45,"see",0,15,1,0,0,1,6464,0,8,69,NA,NA,0,NA,"C:/Data/corr_sacc/asc/JITT2.asc",0,0,60,32,1387.7,867.9,738.3,69,9,45,NA
"3410",2,24,1,42,5760819,5760968,867.9,729.1,29,149,34,1,2,17,17,97,32,"weren't",6,13,0,0,0,1,6607,0,5,69,1,NA,0,NA,"C:/Data/corr_sacc/asc/JITT2.asc",0,0,45,16,1104,584.3,721.1,69,24,32,NA
"3411",2,24,1,42,5761006,5761052,584.3,564.6,30,46,37,1,1,3,3,16,16,"who",2,16,0,0,0,1,6794,0,3,65,1,NA,0,NA,"C:/Data/corr_sacc/asc/JITT2.asc",0,0,32,14,867.9,548.4,729.1,69,37,16,NA
"3412",2,24,1,42,5761078,5761376,548.4,486.9,31,298,25,1,1,3,3,14,14,"who",0,2,0,0,0,1,6866,0,3,65,1,NA,0,NA,"C:/Data/corr_sacc/asc/JITT2.asc",0,0,16,19,584.3,642.1,564.6,65,49,14,NA
"3413",2,24,1,42,5761421,5761508,642.1,737.3,32,87,44,1,2,15,15,84,19,"as",1,5,0,0,0,1,7209,0,3,69,1,NA,0,NA,"C:/Data/corr_sacc/asc/JITT2.asc",0,0,14,27,548.4,781.8,486.9,65,51,19,NA
"3414",2,24,1,42,5761534,5761666,781.8,726,33,132,25,1,2,17,17,92,27,"weren't",1,8,0,0,0,1,7322,0,5,69,1,NA,0,NA,"C:/Data/corr_sacc/asc/JITT2.asc",0,0,19,34,642.1,919.5,737.3,69,50,27,NA
"3415",2,24,1,42,5761692,5761782,919.5,730.5,34,90,25,1,2,18,18,99,34,"allowed",0,7,0,0,0,1,7480,0,6,69,1,NA,0,NA,"C:/Data/corr_sacc/asc/JITT2.asc",0,0,27,12,781.8,523.5,726,69,42,34,NA
"3416",2,24,1,42,5761843,5761986,523.5,474.2,35,143,60,1,1,2,2,12,12,"tourists",7,22,0,0,0,1,7631,0,2,65,1,NA,0,NA,"C:/Data/corr_sacc/asc/JITT2.asc",0,0,34,26,919.5,768.8,730.5,69,35,12,NA
"3417",2,24,1,42,5762020,5762213,768.8,477.9,36,193,33,1,1,5,5,26,26,"travelled",4,14,0,0,0,1,7808,0,5,65,1,NA,0,NA,"C:/Data/corr_sacc/asc/JITT2.asc",0,0,12,42,523.5,1053.9,474.2,65,53,26,NA
"3418",2,24,1,42,5762250,5762366,1053.9,488.6,37,116,36,1,1,8,8,42,42,"away",1,16,0,0,0,1,8038,0,8,65,1,NA,0,NA,"C:/Data/corr_sacc/asc/JITT2.asc",0,0,26,53,768.8,1246.8,477.9,65,39,42,NA
"3419",2,24,1,42,5762396,5762542,1246.8,496.8,38,146,29,1,1,10,10,53,53,"visit",4,11,0,0,0,1,8184,0,10,65,1,NA,0,NA,"C:/Data/corr_sacc/asc/JITT2.asc",0,0,42,57,1053.9,1319.9,488.6,65,23,53,NA
"3420",2,24,1,42,5762561,5762733,1319.9,496.8,39,172,18,1,1,11,11,57,57,"the",2,4,0,0,0,1,8349,0,11,65,1,NA,0,NA,"C:/Data/corr_sacc/asc/JITT2.asc",0,0,53,50,1246.8,1192.4,496.8,65,12,57,NA
"3421",2,24,1,42,5762762,5762817,1192.4,499.8,40,55,28,1,1,10,10,50,50,"visit",1,7,0,0,0,1,8550,0,10,65,1,NA,0,NA,"C:/Data/corr_sacc/asc/JITT2.asc",0,0,57,43,1319.9,1070.7,496.8,65,8,50,NA
"3422",2,24,1,42,5762843,5763057,1070.7,481.3,41,214,25,1,1,8,8,43,43,"away",2,7,0,0,0,1,8631,0,8,65,1,NA,0,NA,"C:/Data/corr_sacc/asc/JITT2.asc",0,0,50,38,1192.4,975.7,499.8,65,15,43,NA
"3423",2,24,1,42,5763081,5763225,975.7,495.3,42,144,23,1,1,7,7,38,38,"far",1,5,0,0,0,1,8869,0,7,65,1,NA,0,NA,"C:/Data/corr_sacc/asc/JITT2.asc",0,0,43,34,1070.7,909.6,481.3,65,22,38,NA
"3424",2,24,1,42,5763269,5763473,909.6,704.7,43,204,43,1,2,18,18,99,34,"allowed",0,4,0,0,0,1,9057,0,6,69,1,NA,0,NA,"C:/Data/corr_sacc/asc/JITT2.asc",0,0,38,47,975.7,1142.6,495.3,65,27,34,NA
"3425",2,24,1,42,5763507,5763684,1142.6,712.4,44,177,33,1,2,20,20,112,47,"see",2,13,0,0,0,1,9295,0,8,69,1,NA,0,NA,"C:/Data/corr_sacc/asc/JITT2.asc",0,0,34,16,909.6,589.3,704.7,69,35,47,NA
"3426",2,24,1,42,5763741,5763827,589.3,718.1,45,86,56,1,2,14,14,81,16,"disappointed",11,31,0,0,0,1,9529,0,2,69,1,NA,0,NA,"C:/Data/corr_sacc/asc/JITT2.asc",0,0,47,7,1142.6,429.6,712.4,69,22,16,NA
"3427",2,24,1,42,5763854,5764065,429.6,721.2,46,211,26,1,2,14,14,72,7,"disappointed",2,9,0,0,0,1,9642,0,2,69,1,NA,0,NA,"C:/Data/corr_sacc/asc/JITT2.asc",NA,0,16,NA,589.3,NA,718.1,69,53,7,NA
"3428",2,24,1,42,NA,NA,NA,NA,NA,NA,NA,1,2,21,NA,NA,NA,"the",NA,NA,NA,NA,NA,NA,NA,NA,9,NA,NA,NA,NA,NA,"C:/Data/corr_sacc/asc/JITT2.asc",0,0,7,NA,429.6,NA,721.2,69,62,NA,NA
"3429",2,79,2,43,5770348,5770499,536.2,520.3,1,151,29,1,1,3,3,10,10,"happy",2,NA,0,0,0,1,497,0,3,53,0,NA,0,NA,"C:/Data/corr_sacc/asc/JITT2.asc",0,0,NA,5,NA,454.4,NA,NA,NA,10,NA
"3430",2,79,2,43,5770522,5770645,454.4,527.7,2,123,22,1,1,2,2,5,5,"was",1,5,0,0,0,1,671,0,2,53,1,NA,0,NA,"C:/Data/corr_sacc/asc/JITT2.asc",0,0,10,20,536.2,718.4,520.3,53,43,5,NA
"3431",2,79,2,43,5770680,5770770,718.4,530.3,3,90,34,1,1,5,5,20,20,"sit",3,15,0,0,0,1,829,0,5,53,0,NA,0,NA,"C:/Data/corr_sacc/asc/JITT2.asc",0,0,5,22,454.4,767.7,527.7,53,48,20,NA
"3432",2,79,2,43,5770927,5770999,767.7,544.5,4,72,156,1,1,6,6,22,22,"at",1,2,1,0,0,1,1076,0,6,53,NA,NA,0,NA,"C:/Data/corr_sacc/asc/JITT2.asc",0,0,20,30,718.4,900.3,530.3,53,33,22,NA
"3433",2,79,2,43,5771025,5771194,900.3,549.6,5,169,25,1,1,8,8,30,30,"mother's",2,8,0,0,0,1,1174,0,8,53,0,NA,0,NA,"C:/Data/corr_sacc/asc/JITT2.asc",0,0,22,27,767.7,848.2,544.5,53,31,30,NA
"3434",2,79,2,43,5771216,5771417,848.2,527.5,6,201,21,1,1,7,7,27,27,"his",3,3,0,0,0,1,1365,0,7,53,1,NA,0,NA,"C:/Data/corr_sacc/asc/JITT2.asc",0,0,30,39,900.3,1063.7,549.6,53,23,27,NA
"3435",2,79,2,43,5771452,5771667,1063.7,506.8,7,215,34,1,1,9,9,39,39,"table",2,12,0,0,0,1,1601,0,9,53,0,NA,0,NA,"C:/Data/corr_sacc/asc/JITT2.asc",0,0,27,45,848.2,1179.9,527.5,53,26,39,NA
"3436",2,79,2,43,5771691,5771863,1179.9,525.4,8,172,23,1,1,10,10,45,45,"for",2,6,0,0,0,1,1840,0,10,53,0,NA,0,NA,"C:/Data/corr_sacc/asc/JITT2.asc",0,0,39,47,1063.7,1216.8,506.8,53,14,45,NA
"3437",2,79,2,43,5771883,5771992,1216.8,528.8,9,109,19,1,1,11,11,47,47,"dinner",0,2,0,0,0,1,2032,0,11,53,0,NA,0,NA,"C:/Data/corr_sacc/asc/JITT2.asc",1,0,45,9,1179.9,529.1,525.4,53,8,47,NA
"3438",2,79,2,43,5772053,5772151,529.1,686.6,10,98,60,1,2,13,13,62,9,"after",1,38,0,0,0,1,2202,0,2,44,0,NA,1,"undersweep","C:/Data/corr_sacc/asc/JITT2.asc",0,0,47,3,1216.8,418,528.8,53,6,9,1
"3439",2,79,2,43,5772177,5772351,418,723.4,11,174,25,1,2,12,12,56,3,"shortly",3,6,0,0,0,1,2326,0,1,44,1,NA,0,NA,"C:/Data/corr_sacc/asc/JITT2.asc",0,1,9,14,529.1,620.6,686.6,44,35,3,NA
"3440",2,79,2,43,5772382,5772547,620.6,724.1,12,165,30,1,2,14,14,67,14,"the",0,11,0,0,0,1,2531,0,3,44,0,NA,0,NA,"C:/Data/corr_sacc/asc/JITT2.asc",0,0,3,10,418,541.5,723.4,44,41,14,NA
"3441",2,79,2,43,5772571,5772648,541.5,725.4,13,77,23,1,2,13,13,63,10,"after",2,4,0,0,0,1,2720,0,2,44,1,NA,0,NA,"C:/Data/corr_sacc/asc/JITT2.asc",0,0,14,28,620.6,871.3,724.1,44,30,10,NA
"3442",2,79,2,43,5772695,5772801,871.3,719.6,14,106,46,1,2,16,16,81,28,"had",3,18,0,0,0,1,2844,0,5,44,0,NA,0,NA,"C:/Data/corr_sacc/asc/JITT2.asc",0,0,10,33,541.5,962.4,725.4,44,34,28,NA
"3443",2,79,2,43,5772961,5773094,962.4,722.4,15,133,159,1,2,17,17,86,33,"left",4,5,1,0,0,1,3110,0,6,44,NA,NA,0,NA,"C:/Data/corr_sacc/asc/JITT2.asc",0,0,28,37,871.3,1035.3,719.6,44,16,33,NA
"3444",2,79,2,43,5773117,5773300,1035.3,708.1,16,183,22,1,2,18,18,90,37,"the",3,4,0,0,0,1,3266,0,7,44,0,NA,0,NA,"C:/Data/corr_sacc/asc/JITT2.asc",0,0,33,12,962.4,577.3,722.4,44,11,37,NA
"3445",2,79,2,43,5773347,5773453,577.3,518.8,17,106,46,1,1,3,3,12,12,"happy",4,25,0,0,0,1,3496,0,3,53,1,NA,0,NA,"C:/Data/corr_sacc/asc/JITT2.asc",0,0,37,5,1035.3,449.8,708.1,44,7,12,NA
"3446",2,79,2,43,5773477,5773652,449.8,484.9,18,175,23,1,1,2,2,5,5,"was",1,7,0,0,0,1,3626,0,2,53,1,NA,0,NA,"C:/Data/corr_sacc/asc/JITT2.asc",0,0,12,2,577.3,396.1,518.8,53,41,5,NA
"3447",2,79,2,43,5773671,5773829,396.1,483.7,19,158,18,1,1,1,1,2,2,"Dan",2,3,0,0,0,1,3820,0,1,53,1,NA,0,NA,"C:/Data/corr_sacc/asc/JITT2.asc",0,0,5,19,449.8,713,484.9,53,48,2,NA
"3448",2,79,2,43,5773876,5774050,713,477.2,20,174,46,1,1,5,5,19,19,"sit",2,17,0,0,0,1,4025,0,5,53,1,NA,0,NA,"C:/Data/corr_sacc/asc/JITT2.asc",0,0,2,16,396.1,657.1,483.7,53,51,19,NA
"3449",2,79,2,43,5774074,5774171,657.1,479.9,21,97,23,1,1,4,4,16,16,"to",2,3,0,0,0,1,4223,0,4,53,1,NA,0,NA,"C:/Data/corr_sacc/asc/JITT2.asc",0,0,19,26,713,828.3,477.2,53,34,16,NA
"3450",2,79,2,43,5774201,5774391,828.3,491.9,22,190,29,1,1,7,7,26,26,"his",2,10,0,0,0,1,4350,0,7,53,1,NA,0,NA,"C:/Data/corr_sacc/asc/JITT2.asc",0,0,16,39,657.1,1062.3,479.9,53,37,26,NA
"3451",2,79,2,43,5774427,5774613,1062.3,507.6,23,186,35,1,1,9,9,39,39,"table",2,13,0,0,0,1,4576,0,9,53,1,NA,0,NA,"C:/Data/corr_sacc/asc/JITT2.asc",0,0,26,45,828.3,1182.8,491.9,53,27,39,NA
"3452",2,79,2,43,5774638,5774798,1182.8,526.8,24,160,24,1,1,10,10,45,45,"for",2,6,0,0,0,1,4787,0,10,53,1,NA,0,NA,"C:/Data/corr_sacc/asc/JITT2.asc",0,0,39,30,1062.3,909.6,507.6,53,14,45,NA
"3453",2,79,2,43,5774848,5775003,909.6,707.8,25,155,49,1,2,17,17,83,30,"left",1,15,0,0,0,1,4997,0,6,44,1,NA,0,NA,"C:/Data/corr_sacc/asc/JITT2.asc",0,0,45,13,1182.8,594.8,526.8,53,8,30,NA
"3454",2,79,2,43,5775053,5775190,594.8,719.5,26,137,49,1,2,13,13,66,13,"after",5,17,0,0,0,1,5202,0,2,44,1,NA,0,NA,"C:/Data/corr_sacc/asc/JITT2.asc",0,0,30,32,909.6,943.7,707.8,44,14,13,NA
"3455",2,79,2,43,5775241,5775391,943.7,731.6,27,150,50,1,2,17,17,85,32,"left",3,19,0,0,0,1,5390,0,6,44,1,NA,0,NA,"C:/Data/corr_sacc/asc/JITT2.asc",0,0,13,37,594.8,1023.8,719.5,44,31,32,NA
"3456",2,79,2,43,5775420,5775522,1023.8,737,28,102,28,1,2,18,18,90,37,"the",3,5,0,0,0,1,5569,0,7,44,1,NA,0,NA,"C:/Data/corr_sacc/asc/JITT2.asc",0,0,32,20,943.7,726.1,731.6,44,12,37,NA
"3457",2,79,2,43,5775564,5775818,726.1,526.8,29,254,41,1,1,5,5,20,20,"sit",3,17,0,0,0,1,5713,0,5,53,1,NA,0,NA,"C:/Data/corr_sacc/asc/JITT2.asc",NA,0,37,NA,1023.8,NA,737,44,7,20,NA
"3458",2,79,2,43,NA,NA,NA,NA,NA,NA,NA,1,2,15,NA,NA,NA,"guests",NA,NA,NA,NA,NA,NA,NA,NA,4,NA,NA,NA,NA,NA,"C:/Data/corr_sacc/asc/JITT2.asc",NA,0,20,NA,726.1,NA,526.8,53,33,NA,NA
"3459",2,79,2,43,NA,NA,NA,NA,NA,NA,NA,1,2,19,NA,NA,NA,"house.",NA,NA,NA,NA,NA,NA,NA,NA,8,NA,NA,NA,NA,NA,"C:/Data/corr_sacc/asc/JITT2.asc",0,NA,NA,NA,NA,NA,NA,NA,NA,NA,NA
"3460",2,4,2,44,5780858,5781054,479,524.8,1,196,27,1,1,3,3,9,9,"youngest",1,NA,0,0,0,1,1356,0,3,67,0,NA,0,NA,"C:/Data/corr_sacc/asc/JITT2.asc",0,0,NA,21,NA,704.2,NA,NA,NA,9,NA
"3461",2,4,2,44,5781094,5781320,704.2,542,2,226,39,1,1,4,4,21,21,"sisters",4,12,0,0,0,1,1592,0,4,67,0,NA,0,NA,"C:/Data/corr_sacc/asc/JITT2.asc",0,0,9,31,479,873.9,524.8,67,58,21,NA
"3462",2,4,2,44,5781349,5781612,873.9,538.3,3,263,28,1,1,6,6,31,31,"happily",1,10,0,0,0,1,1847,0,6,67,0,NA,0,NA,"C:/Data/corr_sacc/asc/JITT2.asc",0,0,21,43,704.2,1093.3,542,67,46,31,NA
"3463",2,4,2,44,5781643,5781881,1093.3,545.8,4,238,30,1,1,7,7,43,43,"played",5,12,0,0,0,1,2141,0,7,67,0,NA,0,NA,"C:/Data/corr_sacc/asc/JITT2.asc",0,0,31,52,873.9,1250.7,538.3,67,36,43,NA
"3464",2,4,2,44,5781906,5782136,1250.7,543.1,5,230,24,1,1,9,9,52,52,"laughed",3,9,0,0,0,1,2404,0,9,67,0,NA,0,NA,"C:/Data/corr_sacc/asc/JITT2.asc",0,0,43,63,1093.3,1460,545.8,67,24,52,NA
"3465",2,4,2,44,5782174,5782395,1460,556.3,6,221,37,1,1,11,11,63,63,"the",3,11,0,0,0,1,2672,0,11,67,0,NA,0,NA,"C:/Data/corr_sacc/asc/JITT2.asc",1,0,52,15,1250.7,588.1,543.1,67,15,63,NA
"3466",2,4,2,44,5782455,5782556,588.1,732,7,101,59,1,2,15,15,82,15,"enjoyed",7,48,0,0,0,1,2953,0,3,40,0,NA,1,"undersweep","C:/Data/corr_sacc/asc/JITT2.asc",0,0,63,6,1460,421.9,556.3,67,4,15,1
"3467",2,4,2,44,5782582,5782718,421.9,740.5,8,136,25,1,2,14,14,73,6,"they",3,9,0,0,0,1,3080,0,2,40,1,NA,0,NA,"C:/Data/corr_sacc/asc/JITT2.asc",0,1,15,NA,588.1,316.9,732,40,25,6,NA
"3468",2,4,2,44,5782742,5782901,316.9,749.9,9,159,23,NA,2,NA,NA,NA,NA,NA,NA,NA,0,0,1,1,3240,NA,NA,40,NA,NA,0,NA,"C:/Data/corr_sacc/asc/JITT2.asc",0,0,6,21,421.9,700,740.5,40,34,5,NA
"3469",2,4,2,44,5782951,5783178,700,752.1,10,227,49,1,2,17,17,88,21,"last",1,NA,0,0,0,1,3449,0,5,40,0,NA,0,NA,"C:/Data/corr_sacc/asc/JITT2.asc",0,0,NA,31,316.9,873,749.9,40,NA,21,NA
"3470",2,4,2,44,5783208,5783343,873,763.9,11,135,29,1,2,19,19,98,31,"of",1,10,0,0,0,1,3706,0,7,40,0,NA,0,NA,"C:/Data/corr_sacc/asc/JITT2.asc",0,0,21,14,700,580.3,752.1,40,19,31,NA
"3471",2,4,2,44,5783391,5783557,580.3,758.5,12,166,47,1,2,15,15,81,14,"enjoyed",6,17,0,0,0,1,3889,0,3,40,1,NA,0,NA,"C:/Data/corr_sacc/asc/JITT2.asc",0,0,31,9,873,480.9,763.9,40,9,14,NA
"3472",2,4,2,44,5783582,5783705,480.9,746.3,13,123,24,1,2,15,15,76,9,"enjoyed",1,5,0,0,0,1,4080,0,3,40,1,NA,0,NA,"C:/Data/corr_sacc/asc/JITT2.asc",0,0,14,12,580.3,530.7,758.5,40,26,9,NA
"3473",2,4,2,44,5783748,5783988,530.7,513.4,14,240,42,1,1,3,3,12,12,"youngest",4,3,0,0,0,1,4246,0,3,67,1,NA,0,NA,"C:/Data/corr_sacc/asc/JITT2.asc",0,0,9,52,480.9,1265,746.3,40,31,12,NA
"3474",2,4,2,44,5784050,5784172,1265,531.6,15,122,61,1,1,9,9,52,52,"laughed",3,40,0,0,0,1,4548,0,9,67,1,NA,0,NA,"C:/Data/corr_sacc/asc/JITT2.asc",0,0,12,59,530.7,1377.9,513.4,67,55,52,NA
"3475",2,4,2,44,5784196,5784355,1377.9,548.5,16,159,23,1,1,10,10,59,59,"in",2,7,0,0,0,1,4694,0,10,67,1,NA,0,NA,"C:/Data/corr_sacc/asc/JITT2.asc",0,0,52,18,1265,647.3,531.6,67,15,59,NA
"3476",2,4,2,44,5784406,5784498,647.3,718.8,17,92,50,1,2,16,16,85,18,"the",2,41,0,0,0,1,4904,0,4,40,1,NA,0,NA,"C:/Data/corr_sacc/asc/JITT2.asc",NA,0,59,NA,1377.9,NA,548.5,67,8,18,NA
"3477",2,4,2,44,NA,NA,NA,NA,NA,NA,NA,1,1,1,NA,NA,NA,"The",NA,NA,NA,NA,NA,NA,NA,NA,1,NA,NA,NA,NA,NA,"C:/Data/corr_sacc/asc/JITT2.asc",NA,0,18,NA,647.3,NA,718.8,40,22,NA,NA
"3478",2,4,2,44,NA,NA,NA,NA,NA,NA,NA,1,1,2,NA,NA,NA,"two",NA,NA,NA,NA,NA,NA,NA,NA,2,NA,NA,NA,NA,NA,"C:/Data/corr_sacc/asc/JITT2.asc",NA,NA,NA,NA,NA,NA,NA,NA,NA,NA,NA
"3479",2,4,2,44,NA,NA,NA,NA,NA,NA,NA,1,1,5,NA,NA,NA,"both",NA,NA,NA,NA,NA,NA,NA,NA,5,NA,NA,NA,NA,NA,"C:/Data/corr_sacc/asc/JITT2.asc",NA,NA,NA,NA,NA,NA,NA,NA,NA,NA,NA
"3480",2,4,2,44,NA,NA,NA,NA,NA,NA,NA,1,1,8,NA,NA,NA,"and",NA,NA,NA,NA,NA,NA,NA,NA,8,NA,NA,NA,NA,NA,"C:/Data/corr_sacc/asc/JITT2.asc",NA,NA,NA,NA,NA,NA,NA,NA,NA,NA,NA
"3481",2,4,2,44,NA,NA,NA,NA,NA,NA,NA,1,1,12,NA,NA,NA,"sun",NA,NA,NA,NA,NA,NA,NA,NA,12,NA,NA,NA,NA,NA,"C:/Data/corr_sacc/asc/JITT2.asc",NA,NA,NA,NA,NA,NA,NA,NA,NA,NA,NA
"3482",2,4,2,44,NA,NA,NA,NA,NA,NA,NA,1,2,13,NA,NA,NA,"as",NA,NA,NA,NA,NA,NA,NA,NA,1,NA,NA,NA,NA,NA,"C:/Data/corr_sacc/asc/JITT2.asc",NA,NA,NA,NA,NA,NA,NA,NA,NA,NA,NA
"3483",2,4,2,44,NA,NA,NA,NA,NA,NA,NA,1,2,18,NA,NA,NA,"days",NA,NA,NA,NA,NA,NA,NA,NA,6,NA,NA,NA,NA,NA,"C:/Data/corr_sacc/asc/JITT2.asc",NA,NA,NA,NA,NA,NA,NA,NA,NA,NA,NA
"3484",2,4,2,44,NA,NA,NA,NA,NA,NA,NA,1,2,20,NA,NA,NA,"summer.",NA,NA,NA,NA,NA,NA,NA,NA,8,NA,NA,NA,NA,NA,"C:/Data/corr_sacc/asc/JITT2.asc",0,NA,NA,NA,NA,NA,NA,NA,NA,NA,NA
"3485",2,13,2,45,5791771,5791953,368.8,511.1,1,182,25,2,1,1,1,8,8,"Lee,",4,NA,0,0,0,1,668,0,2,55,0,NA,0,NA,"C:/Data/corr_sacc/asc/JITT2.asc",0,0,NA,16,NA,510.7,NA,NA,NA,8,NA
"3486",2,13,2,45,5791980,5792213,510.7,514.3,2,233,26,2,1,3,3,16,16,"old",3,8,0,0,0,1,877,0,4,55,0,NA,0,NA,"C:/Data/corr_sacc/asc/JITT2.asc",0,0,8,12,368.8,430.8,511.1,55,47,16,NA
"3487",2,13,2,45,5792236,5792394,430.8,525.9,3,158,22,2,1,2,2,12,12,"our",3,4,0,0,0,1,1133,0,3,55,1,NA,0,NA,"C:/Data/corr_sacc/asc/JITT2.asc",0,0,16,10,510.7,389.9,514.3,55,39,12,NA
"3488",2,13,2,45,5792417,5792481,389.9,528.1,4,64,22,2,1,2,2,10,10,"our",1,2,0,0,0,1,1314,0,3,55,1,NA,0,NA,"C:/Data/corr_sacc/asc/JITT2.asc",0,0,12,20,430.8,575.7,525.9,55,43,10,NA
"3489",2,13,2,45,5792516,5792656,575.7,527.6,5,140,34,2,1,4,4,20,20,"next",3,10,0,0,0,1,1413,0,5,55,0,NA,0,NA,"C:/Data/corr_sacc/asc/JITT2.asc",0,0,10,34,389.9,831.4,528.1,55,45,20,NA
"3490",2,13,2,45,5792689,5792774,831.4,518.3,6,85,32,2,1,6,6,34,34,"neighbour,",7,14,0,0,0,1,1586,0,7,55,0,NA,0,NA,"C:/Data/corr_sacc/asc/JITT2.asc",0,0,20,43,575.7,995.5,527.6,55,35,34,NA
"3491",2,13,2,45,5792803,5792993,995.5,517,7,190,28,2,1,8,8,43,43,"in",1,9,0,0,0,1,1700,0,9,55,0,NA,0,NA,"C:/Data/corr_sacc/asc/JITT2.asc",0,0,34,47,831.4,1063.4,518.3,55,21,43,NA
"3492",2,13,2,45,5793013,5793164,1063.4,524.7,8,151,19,2,1,9,9,47,47,"his",2,4,0,0,0,1,1910,0,10,55,0,NA,0,NA,"C:/Data/corr_sacc/asc/JITT2.asc",1,0,43,12,995.5,439.9,517,55,12,47,NA
"3493",2,13,2,45,5793225,5793303,439.9,721,9,78,60,2,2,13,13,67,12,"watched",6,35,0,0,0,1,2122,0,3,46,0,NA,1,"undersweep","C:/Data/corr_sacc/asc/JITT2.asc",0,0,47,4,1063.4,288.9,524.7,55,8,12,1
"3494",2,13,2,45,5793328,5793483,288.9,738.7,10,155,24,2,2,12,12,59,4,"he",1,8,0,0,0,1,2225,0,2,46,1,NA,0,NA,"C:/Data/corr_sacc/asc/JITT2.asc",0,1,12,NA,439.9,215.7,721,46,34,4,NA
"3495",2,13,2,45,5793503,5793637,215.7,742.4,11,134,19,NA,2,NA,NA,NA,NA,NA,NA,NA,0,0,1,1,2400,NA,NA,46,NA,NA,0,NA,"C:/Data/corr_sacc/asc/JITT2.asc",0,0,4,18,288.9,551.2,738.7,46,42,0,NA
"3496",2,13,2,45,5793685,5793882,551.2,734.8,12,197,47,2,2,15,15,73,18,"grandchildren",0,NA,0,0,0,1,2582,0,5,46,0,NA,0,NA,"C:/Data/corr_sacc/asc/JITT2.asc",0,0,NA,34,215.7,823,742.4,46,NA,18,NA
"3497",2,13,2,45,5793926,5794068,823,752.6,13,142,43,2,2,16,16,89,34,"play",2,16,0,0,0,1,2823,0,6,46,0,NA,0,NA,"C:/Data/corr_sacc/asc/JITT2.asc",0,0,18,10,551.2,396.1,734.8,46,28,34,NA
"3498",2,13,2,45,5794109,5794217,396.1,738.7,14,108,40,2,2,13,13,65,10,"watched",4,24,0,0,0,1,3006,0,3,46,1,NA,0,NA,"C:/Data/corr_sacc/asc/JITT2.asc",0,0,34,2,823,263.3,752.6,46,12,10,NA
"3499",2,13,2,45,5794242,5794471,263.3,748.9,15,229,24,2,2,11,11,57,2,"as",2,8,0,0,0,1,3139,0,1,46,1,NA,0,NA,"C:/Data/corr_sacc/asc/JITT2.asc",0,0,10,NA,396.1,199.1,738.7,46,36,2,NA
"3500",2,13,2,45,5794495,5794620,199.1,750.5,16,125,23,NA,2,NA,NA,NA,NA,NA,NA,NA,0,0,1,1,3392,NA,NA,46,NA,NA,0,NA,"C:/Data/corr_sacc/asc/JITT2.asc",0,0,2,14,263.3,475.9,748.9,46,44,-1,NA
"3501",2,13,2,45,5794653,5794811,475.9,734.6,17,158,32,2,2,14,14,69,14,"his",0,NA,0,0,0,1,3550,0,4,46,1,NA,0,NA,"C:/Data/corr_sacc/asc/JITT2.asc",0,0,NA,29,199.1,749,750.5,46,NA,14,NA
"3502",2,13,2,45,5794850,5794970,749,730.3,18,120,38,2,2,15,15,84,29,"grandchildren",11,15,0,0,0,1,3747,0,5,46,1,NA,0,NA,"C:/Data/corr_sacc/asc/JITT2.asc",0,0,14,36,475.9,859.8,734.6,46,32,29,NA
"3503",2,13,2,45,5794994,5795169,859.8,734.6,19,175,23,2,2,16,16,91,36,"play",4,7,0,0,0,1,3891,0,6,46,1,NA,0,NA,"C:/Data/corr_sacc/asc/JITT2.asc",0,0,29,24,749,647.5,730.3,46,17,36,NA
"3504",2,13,2,45,5795201,5795287,647.5,720.9,20,86,31,2,2,15,15,79,24,"grandchildren",6,12,0,0,0,1,4098,0,5,46,1,NA,0,NA,"C:/Data/corr_sacc/asc/JITT2.asc",NA,0,36,NA,859.8,NA,734.6,46,10,24,NA
"3505",2,13,2,45,NA,NA,NA,NA,NA,NA,NA,1,1,1,NA,NA,NA,"Mr.",NA,NA,NA,NA,NA,NA,NA,NA,1,NA,NA,NA,NA,NA,"C:/Data/corr_sacc/asc/JITT2.asc",NA,0,24,NA,647.5,NA,720.9,46,22,NA,NA
"3506",2,13,2,45,NA,NA,NA,NA,NA,NA,NA,2,1,5,NA,NA,NA,"door",NA,NA,NA,NA,NA,NA,NA,NA,6,NA,NA,NA,NA,NA,"C:/Data/corr_sacc/asc/JITT2.asc",NA,NA,NA,NA,NA,NA,NA,NA,NA,NA,NA
"3507",2,13,2,45,NA,NA,NA,NA,NA,NA,NA,2,1,7,NA,NA,NA,"sat",NA,NA,NA,NA,NA,NA,NA,NA,8,NA,NA,NA,NA,NA,"C:/Data/corr_sacc/asc/JITT2.asc",NA,NA,NA,NA,NA,NA,NA,NA,NA,NA,NA
"3508",2,13,2,45,NA,NA,NA,NA,NA,NA,NA,2,1,10,NA,NA,NA,"garden",NA,NA,NA,NA,NA,NA,NA,NA,11,NA,NA,NA,NA,NA,"C:/Data/corr_sacc/asc/JITT2.asc",NA,NA,NA,NA,NA,NA,NA,NA,NA,NA,NA
"3509",2,13,2,45,NA,NA,NA,NA,NA,NA,NA,2,2,17,NA,NA,NA,"football.",NA,NA,NA,NA,NA,NA,NA,NA,7,NA,NA,NA,NA,NA,"C:/Data/corr_sacc/asc/JITT2.asc",0,NA,NA,NA,NA,NA,NA,NA,NA,NA,NA
"3510",2,17,3,46,5864922,5865106,509.6,525.3,1,184,25,1,1,2,2,9,9,"Gregory",4,NA,0,0,0,1,470,0,2,54,0,NA,0,NA,"C:/Data/corr_sacc/asc/JITT2.asc",0,0,NA,19,NA,698.6,NA,NA,NA,9,NA
"3511",2,17,3,46,5865136,5865291,698.6,526.4,2,155,29,1,1,3,3,19,19,"finally",6,10,0,0,0,1,684,0,3,54,0,NA,0,NA,"C:/Data/corr_sacc/asc/JITT2.asc",0,0,9,17,509.6,663.8,525.3,54,45,19,NA
"3512",2,17,3,46,5865308,5865405,663.8,524.2,3,97,16,1,1,3,3,17,17,"finally",4,2,0,0,0,1,856,0,3,54,0,NA,0,NA,"C:/Data/corr_sacc/asc/JITT2.asc",0,0,19,26,698.6,815,526.4,54,35,17,NA
"3513",2,17,3,46,5865432,5865541,815,524.2,4,109,26,1,1,5,5,26,26,"up,",0,9,0,0,0,1,980,0,5,54,0,NA,0,NA,"C:/Data/corr_sacc/asc/JITT2.asc",0,0,17,38,663.8,1037,524.2,54,37,26,NA
"3514",2,17,3,46,5865569,5865767,1037,520.9,5,198,27,1,1,7,7,38,38,"found",5,12,0,0,0,1,1117,0,7,54,0,NA,0,NA,"C:/Data/corr_sacc/asc/JITT2.asc",0,0,26,35,815,981.6,524.2,54,28,38,NA
"3515",2,17,3,46,5865787,5865873,981.6,525.5,6,86,19,1,1,7,7,35,35,"found",2,3,0,0,0,1,1335,0,7,54,0,NA,0,NA,"C:/Data/corr_sacc/asc/JITT2.asc",0,0,38,47,1037,1198.1,520.9,54,16,35,NA
"3516",2,17,3,46,5865907,5866159,1198.1,537.6,7,252,33,1,1,9,9,47,47,"that",4,12,0,0,0,1,1455,0,9,54,0,NA,0,NA,"C:/Data/corr_sacc/asc/JITT2.asc",1,0,35,9,981.6,513.8,525.5,54,19,47,NA
"3517",2,17,3,46,5866225,5866358,513.8,693.3,8,133,65,1,2,12,12,63,9,"bothered",5,38,0,0,0,1,1773,0,2,61,0,NA,1,"undersweep","C:/Data/corr_sacc/asc/JITT2.asc",0,0,47,6,1198.1,466,537.6,54,7,9,1
"3518",2,17,3,46,5866382,5866476,466,730.7,9,94,23,1,2,12,12,60,6,"bothered",2,3,0,0,0,1,1930,0,2,61,0,NA,0,NA,"C:/Data/corr_sacc/asc/JITT2.asc",0,1,9,24,513.8,783.6,693.3,61,52,6,NA
"3519",2,17,3,46,5866652,5866736,783.6,723.9,10,84,175,1,2,15,15,78,24,"up",2,18,1,0,0,1,2200,0,5,61,NA,NA,0,NA,"C:/Data/corr_sacc/asc/JITT2.asc",0,0,6,12,466,572.4,730.7,61,55,24,NA
"3520",2,17,3,46,5866770,5866888,572.4,729.7,11,118,33,1,2,12,12,66,12,"bothered",8,12,0,0,0,1,2318,0,2,61,0,NA,0,NA,"C:/Data/corr_sacc/asc/JITT2.asc",0,0,24,50,783.6,1244.5,723.9,61,37,12,NA
"3521",2,17,3,46,5866943,5867064,1244.5,515.2,12,121,54,1,1,10,10,50,50,"nobody",2,38,0,0,0,1,2491,0,10,54,1,NA,0,NA,"C:/Data/corr_sacc/asc/JITT2.asc",0,0,12,54,572.4,1321.6,729.7,61,49,50,NA
"3522",2,17,3,46,5867089,5867276,1321.6,519.8,13,187,24,1,1,10,10,54,54,"nobody",6,4,0,0,0,1,2637,0,10,54,1,NA,0,NA,"C:/Data/corr_sacc/asc/JITT2.asc",0,0,50,49,1244.5,1230.7,515.2,54,4,54,NA
"3523",2,17,3,46,5867298,5867472,1230.7,524.8,14,174,21,1,1,10,10,49,49,"nobody",1,5,0,0,0,1,2846,0,10,54,1,NA,0,NA,"C:/Data/corr_sacc/asc/JITT2.asc",0,0,54,13,1321.6,589.8,519.8,54,0,49,NA
"3524",2,17,3,46,5867522,5867651,589.8,700.8,15,129,49,1,2,13,13,67,13,"to",0,36,0,0,0,1,3070,0,3,61,0,NA,0,NA,"C:/Data/corr_sacc/asc/JITT2.asc",0,0,49,8,1230.7,491.4,524.8,54,5,13,NA
"3525",2,17,3,46,5867682,5867874,491.4,738.6,16,192,30,1,2,12,12,62,8,"bothered",4,5,0,0,0,1,3230,0,2,61,1,NA,0,NA,"C:/Data/corr_sacc/asc/JITT2.asc",0,0,13,5,589.8,448.7,700.8,61,48,8,NA
"3526",2,17,3,46,5867894,5868078,448.7,742.2,17,184,19,1,2,12,12,59,5,"bothered",1,3,0,0,0,1,3442,0,2,61,1,NA,0,NA,"C:/Data/corr_sacc/asc/JITT2.asc",0,0,8,41,491.4,1091.6,738.6,61,53,5,NA
"3527",2,17,3,46,5868133,5868388,1091.6,529.6,18,255,54,1,1,8,8,41,41,"out",2,36,0,0,0,1,3681,0,8,54,1,NA,0,NA,"C:/Data/corr_sacc/asc/JITT2.asc",0,0,5,47,448.7,1191.1,742.2,61,56,41,NA
"3528",2,17,3,46,5868411,5868519,1191.1,513.3,19,108,22,1,1,9,9,47,47,"that",4,6,0,0,0,1,3959,0,9,54,1,NA,0,NA,"C:/Data/corr_sacc/asc/JITT2.asc",0,0,41,50,1091.6,1254.8,529.6,54,13,47,NA
"3529",2,17,3,46,5868544,5868738,1254.8,513.3,20,194,24,1,1,10,10,50,50,"nobody",2,3,0,0,0,1,4092,0,10,54,1,NA,0,NA,"C:/Data/corr_sacc/asc/JITT2.asc",0,0,47,54,1191.1,1316.5,513.3,54,7,50,NA
"3530",2,17,3,46,5868758,5868912,1316.5,534.4,21,154,19,1,1,10,10,54,54,"nobody",6,4,0,0,0,1,4306,0,10,54,1,NA,0,NA,"C:/Data/corr_sacc/asc/JITT2.asc",0,0,50,9,1254.8,519.6,513.3,54,4,54,NA
"3531",2,17,3,46,5868982,5869171,519.6,747.5,22,189,69,1,2,12,12,63,9,"bothered",5,45,0,0,0,1,4530,0,2,61,1,NA,0,NA,"C:/Data/corr_sacc/asc/JITT2.asc",0,0,54,6,1316.5,462.9,534.4,54,0,9,NA
"3532",2,17,3,46,5869194,5869343,462.9,746.7,23,149,22,1,2,12,12,60,6,"bothered",2,3,0,0,0,1,4742,0,2,61,1,NA,0,NA,"C:/Data/corr_sacc/asc/JITT2.asc",0,0,9,21,519.6,725.3,747.5,61,52,6,NA
"3533",2,17,3,46,5869376,5869590,725.3,743.7,24,214,32,1,2,14,14,75,21,"clean",5,15,0,0,0,1,4924,0,4,61,0,NA,0,NA,"C:/Data/corr_sacc/asc/JITT2.asc",0,0,6,32,462.9,924,746.7,61,55,21,NA
"3534",2,17,3,46,5869631,5869893,924,742.7,25,262,40,1,2,17,17,86,32,"flat",3,11,0,0,0,1,5179,0,7,61,0,NA,0,NA,"C:/Data/corr_sacc/asc/JITT2.asc",0,0,21,38,725.3,1027.9,743.7,61,40,32,NA
"3535",2,17,3,46,5869920,5870088,1027.9,737.2,26,168,26,1,2,18,18,92,38,"after",4,6,0,0,0,1,5468,0,8,61,0,NA,0,NA,"C:/Data/corr_sacc/asc/JITT2.asc",0,0,32,43,924,1124,742.7,61,29,38,NA
"3536",2,17,3,46,5870112,5870225,1124,729.4,27,113,23,1,2,19,19,97,43,"the",3,5,0,0,0,1,5660,0,9,61,0,NA,0,NA,"C:/Data/corr_sacc/asc/JITT2.asc",0,0,38,53,1027.9,1297,737.2,61,23,43,NA
"3537",2,17,3,46,5870254,5870408,1297,734.1,28,154,28,1,2,21,21,107,53,"last",3,10,0,0,0,1,5802,0,11,61,0,NA,0,NA,"C:/Data/corr_sacc/asc/JITT2.asc",0,0,43,61,1124,1442.7,729.4,61,18,53,NA
"3538",2,17,3,46,5870431,5870555,1442.7,752.8,29,124,22,1,2,22,22,115,61,"night.",6,8,0,0,0,1,5979,0,12,61,0,NA,0,NA,"C:/Data/corr_sacc/asc/JITT2.asc",0,0,53,17,1297,654.1,734.1,61,8,61,NA
"3539",2,17,3,46,5870697,5870843,654.1,507.9,30,146,141,1,1,3,3,17,17,"finally",4,44,1,0,0,1,6245,0,3,54,NA,NA,0,NA,"C:/Data/corr_sacc/asc/JITT2.asc",0,0,61,12,1442.7,565.3,752.8,61,0,17,NA
"3540",2,17,3,46,5870867,5871066,565.3,510.6,31,199,23,1,1,2,2,12,12,"Gregory",7,5,0,0,0,1,6415,0,2,54,1,NA,0,NA,"C:/Data/corr_sacc/asc/JITT2.asc",0,0,17,23,654.1,770.9,507.9,54,37,12,NA
"3541",2,17,3,46,5871097,5871313,770.9,499.2,32,216,30,1,1,4,4,23,23,"woke",2,11,0,0,0,1,6645,0,4,54,1,NA,0,NA,"C:/Data/corr_sacc/asc/JITT2.asc",0,0,12,30,565.3,883.8,510.6,54,42,23,NA
"3542",2,17,3,46,5871337,5871476,883.8,501.4,33,139,23,1,1,6,6,30,30,"he",0,7,0,0,0,1,6885,0,6,54,1,NA,0,NA,"C:/Data/corr_sacc/asc/JITT2.asc",0,0,23,42,770.9,1112.4,499.2,54,31,30,NA
"3543",2,17,3,46,5871513,5871778,1112.4,500.6,34,265,36,1,1,8,8,42,42,"out",3,12,0,0,0,1,7061,0,8,54,1,NA,0,NA,"C:/Data/corr_sacc/asc/JITT2.asc",0,0,30,48,883.8,1217.8,501.4,54,24,42,NA
"3544",2,17,3,46,5871812,5872040,1217.8,688.3,35,228,33,1,2,20,20,102,48,"party",4,6,0,0,0,1,7360,0,10,61,1,NA,0,NA,"C:/Data/corr_sacc/asc/JITT2.asc",NA,0,42,NA,1112.4,NA,500.6,54,12,48,NA
"3545",2,17,3,46,NA,NA,NA,NA,NA,NA,NA,1,1,1,NA,NA,NA,"When",NA,NA,NA,NA,NA,NA,NA,NA,1,NA,NA,NA,NA,NA,"C:/Data/corr_sacc/asc/JITT2.asc",NA,0,48,NA,1217.8,NA,688.3,61,13,NA,NA
"3546",2,17,3,46,NA,NA,NA,NA,NA,NA,NA,1,2,11,NA,NA,NA,"had",NA,NA,NA,NA,NA,NA,NA,NA,1,NA,NA,NA,NA,NA,"C:/Data/corr_sacc/asc/JITT2.asc",NA,NA,NA,NA,NA,NA,NA,NA,NA,NA,NA
"3547",2,17,3,46,NA,NA,NA,NA,NA,NA,NA,1,2,16,NA,NA,NA,"the",NA,NA,NA,NA,NA,NA,NA,NA,6,NA,NA,NA,NA,NA,"C:/Data/corr_sacc/asc/JITT2.asc",0,NA,NA,NA,NA,NA,NA,NA,NA,NA,NA
"3548",2,30,1,47,5898852,5898969,540.9,514.7,1,117,29,1,1,3,3,13,13,"at",2,NA,0,0,0,1,1564,0,3,67,0,NA,0,NA,"C:/Data/corr_sacc/asc/JITT2.asc",0,0,NA,9,NA,459.1,NA,NA,NA,13,NA
"3549",2,30,1,47,5898993,5899083,459.1,524.9,2,90,23,1,1,2,2,9,9,"were",3,4,0,0,0,1,1705,0,2,67,1,NA,0,NA,"C:/Data/corr_sacc/asc/JITT2.asc",0,0,13,3,540.9,358.2,514.7,67,54,9,NA
"3550",2,30,1,47,5899106,5899335,358.2,526.9,3,229,22,1,1,1,1,3,3,"There",3,6,0,0,0,1,1818,0,1,67,1,NA,0,NA,"C:/Data/corr_sacc/asc/JITT2.asc",0,0,9,13,459.1,544.4,524.9,67,58,3,NA
"3551",2,30,1,47,5899366,5899529,544.4,516.3,4,163,30,1,1,3,3,13,13,"at",2,10,0,0,0,1,2078,0,3,67,1,NA,0,NA,"C:/Data/corr_sacc/asc/JITT2.asc",0,0,3,24,358.2,734.4,526.9,67,64,13,NA
"3552",2,30,1,47,5899556,5899780,734.4,514.4,5,224,26,1,1,5,5,24,24,"several",4,11,0,0,0,1,2268,0,5,67,0,NA,0,NA,"C:/Data/corr_sacc/asc/JITT2.asc",0,0,13,33,544.4,899.4,516.3,67,54,24,NA
"3553",2,30,1,47,5899805,5900065,899.4,505.7,6,260,24,1,1,6,6,33,33,"people",5,9,0,0,0,1,2517,0,6,67,0,NA,0,NA,"C:/Data/corr_sacc/asc/JITT2.asc",0,0,24,42,734.4,1048.6,514.4,67,43,33,NA
"3554",2,30,1,47,5900091,5900301,1048.6,512.4,7,210,25,1,1,8,8,42,42,"reported",3,9,0,0,0,1,2803,0,8,67,0,NA,0,NA,"C:/Data/corr_sacc/asc/JITT2.asc",0,0,33,54,899.4,1276.7,505.7,67,34,42,NA
"3555",2,30,1,47,5900337,5900604,1276.7,523.5,8,267,35,1,1,9,9,54,54,"gunfire",6,12,0,0,0,1,3049,0,9,67,0,NA,0,NA,"C:/Data/corr_sacc/asc/JITT2.asc",0,0,42,64,1048.6,1452.1,512.4,67,25,54,NA
"3556",2,30,1,47,5900635,5900777,1452.1,531.9,9,142,30,1,1,12,12,64,64,"area",1,10,0,0,0,1,3347,0,12,67,0,NA,0,NA,"C:/Data/corr_sacc/asc/JITT2.asc",0,0,54,67,1276.7,1502.9,523.5,67,13,64,NA
"3557",2,30,1,47,5900795,5900973,1502.9,544.2,10,178,17,1,1,12,12,67,67,"area",4,3,0,0,0,1,3507,0,12,67,0,NA,0,NA,"C:/Data/corr_sacc/asc/JITT2.asc",1,0,64,8,1452.1,448.2,531.9,67,3,67,NA
"3558",2,30,1,47,5901047,5901198,448.2,758.6,11,151,73,1,2,14,14,75,8,"the",1,59,0,0,0,1,3759,0,2,40,0,NA,1,"undersweep","C:/Data/corr_sacc/asc/JITT2.asc",0,0,67,5,1502.9,384.7,544.2,67,0,8,1
"3559",2,30,1,47,5901221,5901355,384.7,756,12,134,22,1,2,13,13,72,5,"during",5,3,0,0,0,1,3933,0,1,40,1,NA,0,NA,"C:/Data/corr_sacc/asc/JITT2.asc",0,1,8,16,448.2,583.5,758.6,40,32,5,NA
"3560",2,30,1,47,5901382,5901745,583.5,736.3,13,363,26,1,2,15,15,83,16,"short",5,11,0,0,0,1,4094,0,3,40,0,NA,0,NA,"C:/Data/corr_sacc/asc/JITT2.asc",0,0,5,26,384.7,776.3,756,40,35,16,NA
"3561",2,30,1,47,5901778,5901919,776.3,748.9,14,141,32,1,2,17,17,93,26,"of",2,10,0,0,0,1,4490,0,5,40,0,NA,0,NA,"C:/Data/corr_sacc/asc/JITT2.asc",0,0,16,32,583.5,869.6,736.3,40,24,26,NA
"3562",2,30,1,47,5901942,5902067,869.6,749.7,15,125,22,1,2,18,18,99,32,"civil",5,6,0,0,0,1,4654,0,6,40,0,NA,0,NA,"C:/Data/corr_sacc/asc/JITT2.asc",0,0,26,36,776.3,941.7,748.9,40,14,32,NA
"3563",2,30,1,47,5902090,5902305,941.7,747.7,16,215,22,1,2,19,19,103,36,"unrest.",3,4,0,0,0,1,4802,0,7,40,0,NA,0,NA,"C:/Data/corr_sacc/asc/JITT2.asc",0,0,32,9,869.6,462.9,749.7,40,8,36,NA
"3564",2,30,1,47,5902359,5902534,462.9,731.7,17,175,53,1,2,14,14,76,9,"the",2,27,0,0,0,1,5071,0,2,40,1,NA,0,NA,"C:/Data/corr_sacc/asc/JITT2.asc",0,0,36,6,941.7,408.8,747.7,40,4,9,NA
"3565",2,30,1,47,5902558,5902718,408.8,738.1,18,160,23,1,2,13,13,73,6,"during",6,3,0,0,0,1,5270,0,1,40,1,NA,0,NA,"C:/Data/corr_sacc/asc/JITT2.asc",0,0,9,6,462.9,417.2,731.7,40,31,6,NA
"3566",2,30,1,47,5902757,5902972,417.2,533,19,215,38,1,1,2,2,6,6,"were",0,0,0,0,0,1,5469,0,2,67,1,NA,0,NA,"C:/Data/corr_sacc/asc/JITT2.asc",0,0,6,15,408.8,563.7,738.1,40,34,6,NA
"3567",2,30,1,47,5902998,5903253,563.7,514.3,20,255,25,1,1,4,4,15,15,"least",1,9,0,0,0,1,5710,0,4,67,1,NA,0,NA,"C:/Data/corr_sacc/asc/JITT2.asc",0,0,6,28,417.2,797.8,533,67,61,15,NA
"3568",2,30,1,47,5903281,5903474,797.8,492.1,21,193,27,1,1,6,6,28,28,"people",0,13,0,0,0,1,5993,0,6,67,1,NA,0,NA,"C:/Data/corr_sacc/asc/JITT2.asc",0,0,15,26,563.7,762.5,514.3,67,52,28,NA
"3569",2,30,1,47,5903494,5903602,762.5,503,22,108,19,1,1,5,5,26,26,"several",6,2,0,0,0,1,6206,0,5,67,1,NA,0,NA,"C:/Data/corr_sacc/asc/JITT2.asc",0,0,28,37,797.8,965,492.1,67,39,26,NA
"3570",2,30,1,47,5903734,5903905,965,525,23,171,131,1,1,7,7,37,37,"who",2,11,1,0,0,1,6446,0,7,67,NA,NA,0,NA,"C:/Data/corr_sacc/asc/JITT2.asc",0,0,26,43,762.5,1082.1,503,67,41,37,NA
"3571",2,30,1,47,5903933,5904154,1082.1,515.1,24,221,27,1,1,8,8,43,43,"reported",4,6,0,0,0,1,6645,0,8,67,1,NA,0,NA,"C:/Data/corr_sacc/asc/JITT2.asc",0,0,37,52,965,1240,525,67,30,43,NA
"3572",2,30,1,47,5904181,5904372,1240,529.1,25,191,26,1,1,9,9,52,52,"gunfire",4,9,0,0,0,1,6893,0,9,67,1,NA,0,NA,"C:/Data/corr_sacc/asc/JITT2.asc",0,0,43,62,1082.1,1413.9,515.1,67,24,52,NA
"3573",2,30,1,47,5904403,5904547,1413.9,538.4,26,144,30,1,1,11,11,62,62,"the",3,10,0,0,0,1,7115,0,11,67,1,NA,0,NA,"C:/Data/corr_sacc/asc/JITT2.asc",0,0,52,64,1240,1456.2,529.1,67,15,62,NA
"3574",2,30,1,47,5904567,5904666,1456.2,540.2,27,99,19,1,1,12,12,64,64,"area",1,2,0,0,0,1,7279,0,12,67,1,NA,0,NA,"C:/Data/corr_sacc/asc/JITT2.asc",0,0,62,13,1413.9,529.5,538.4,67,5,64,NA
"3575",2,30,1,47,5904738,5904818,529.5,705,28,80,71,1,2,15,15,80,13,"short",2,51,0,0,0,1,7450,0,3,40,1,NA,0,NA,"C:/Data/corr_sacc/asc/JITT2.asc",0,0,64,5,1456.2,385.5,540.2,67,3,13,NA
"3576",2,30,1,47,5904843,5905083,385.5,736,29,240,24,1,2,13,13,72,5,"during",5,8,0,0,0,1,7555,0,1,40,1,NA,0,NA,"C:/Data/corr_sacc/asc/JITT2.asc",0,0,13,14,529.5,554.2,705,40,27,5,NA
"3577",2,30,1,47,5905113,5905285,554.2,730.9,30,172,29,1,2,15,15,81,14,"short",3,9,0,0,0,1,7825,0,3,40,1,NA,0,NA,"C:/Data/corr_sacc/asc/JITT2.asc",0,0,5,26,385.5,768.3,736,40,35,14,NA
"3578",2,30,1,47,5905318,5905492,768.3,730.8,31,174,32,1,2,17,17,93,26,"of",2,12,0,0,0,1,8030,0,5,40,1,NA,0,NA,"C:/Data/corr_sacc/asc/JITT2.asc",0,0,14,31,554.2,867.7,730.9,40,26,26,NA
"3579",2,30,1,47,5905515,5905619,867.7,733.6,32,104,22,1,2,18,18,98,31,"civil",4,5,0,0,0,1,8227,0,6,40,1,NA,0,NA,"C:/Data/corr_sacc/asc/JITT2.asc",0,0,26,35,768.3,930.8,730.8,40,14,31,NA
"3580",2,30,1,47,5905643,5905721,930.8,727.7,33,78,23,1,2,19,19,102,35,"unrest.",2,4,0,0,0,1,8355,0,7,40,1,NA,0,NA,"C:/Data/corr_sacc/asc/JITT2.asc",NA,0,31,NA,867.7,NA,733.6,40,9,35,NA
"3581",2,30,1,47,NA,NA,NA,NA,NA,NA,NA,1,1,10,NA,NA,NA,"in",NA,NA,NA,NA,NA,NA,NA,NA,10,NA,NA,NA,NA,NA,"C:/Data/corr_sacc/asc/JITT2.asc",NA,0,35,NA,930.8,NA,727.7,40,5,NA,NA
"3582",2,30,1,47,NA,NA,NA,NA,NA,NA,NA,1,2,16,NA,NA,NA,"period",NA,NA,NA,NA,NA,NA,NA,NA,4,NA,NA,NA,NA,NA,"C:/Data/corr_sacc/asc/JITT2.asc",0,NA,NA,NA,NA,NA,NA,NA,NA,NA,NA
"3583",2,72,1,48,5941988,5942118,448.1,523.9,1,130,24,1,1,3,3,11,11,"her",2,NA,0,0,0,1,583,0,3,66,0,NA,0,NA,"C:/Data/corr_sacc/asc/JITT2.asc",0,0,NA,6,NA,358.5,NA,NA,NA,11,NA
"3584",2,72,1,48,5942142,5942281,358.5,520,2,139,23,1,1,2,2,6,6,"and",1,5,0,0,0,1,737,0,2,66,1,NA,0,NA,"C:/Data/corr_sacc/asc/JITT2.asc",0,0,11,25,448.1,701.5,523.9,66,55,6,NA
"3585",2,72,1,48,5942426,5942728,701.5,506.9,3,302,144,1,1,5,5,25,25,"decided",3,19,1,0,0,1,1021,0,5,66,NA,NA,0,NA,"C:/Data/corr_sacc/asc/JITT2.asc",0,0,6,34,358.5,878.5,520,66,60,25,NA
"3586",2,72,1,48,5942757,5942931,878.5,516.2,4,174,28,1,1,6,6,34,34,"together",4,9,0,0,0,1,1352,0,6,66,0,NA,0,NA,"C:/Data/corr_sacc/asc/JITT2.asc",0,0,25,46,701.5,1082.4,506.9,66,41,34,NA
"3587",2,72,1,48,5942964,5943153,1082.4,513.6,5,189,32,1,1,8,8,46,46,"have",4,12,0,0,0,1,1559,0,8,66,0,NA,0,NA,"C:/Data/corr_sacc/asc/JITT2.asc",0,0,34,41,878.5,997.9,516.2,66,32,46,NA
"3588",2,72,1,48,5943175,5943367,997.9,511.8,6,192,21,1,1,7,7,41,41,"to",2,5,0,0,0,1,1770,0,7,66,1,NA,0,NA,"C:/Data/corr_sacc/asc/JITT2.asc",0,0,46,51,1082.4,1181,513.6,66,20,41,NA
"3589",2,72,1,48,5943397,5943505,1181,508.5,7,108,29,1,1,10,10,51,51,"surprise",2,10,0,0,0,1,1992,0,10,66,0,NA,0,NA,"C:/Data/corr_sacc/asc/JITT2.asc",0,0,41,58,997.9,1297.6,511.8,66,25,51,NA
"3590",2,72,1,48,5943530,5943660,1297.6,508.4,8,130,24,1,1,11,11,58,58,"birthday",0,7,0,0,0,1,2125,0,11,66,0,NA,0,NA,"C:/Data/corr_sacc/asc/JITT2.asc",0,0,51,60,1181,1346.1,508.5,66,15,58,NA
"3591",2,72,1,48,5943677,5943838,1346.1,514.2,9,161,16,1,1,11,11,60,60,"birthday",2,2,0,0,0,1,2272,0,11,66,0,NA,0,NA,"C:/Data/corr_sacc/asc/JITT2.asc",1,0,58,12,1297.6,477.3,508.4,66,8,60,NA
"3592",2,72,1,48,5943909,5944000,477.3,706.2,10,91,70,1,2,15,15,78,12,"friend",0,48,0,0,0,1,2504,0,4,42,0,NA,1,"undersweep","C:/Data/corr_sacc/asc/JITT2.asc",0,0,60,4,1346.1,333.6,514.2,66,6,12,1
"3593",2,72,1,48,5944025,5944300,333.6,724,11,275,24,1,2,12,12,70,4,"party",4,8,0,0,0,1,2620,0,1,42,1,NA,0,NA,"C:/Data/corr_sacc/asc/JITT2.asc",0,1,12,15,477.3,535.4,706.2,42,30,4,NA
"3594",2,72,1,48,5944333,5944498,535.4,738.4,12,165,32,1,2,15,15,81,15,"friend",3,11,0,0,0,1,2928,0,4,42,1,NA,0,NA,"C:/Data/corr_sacc/asc/JITT2.asc",0,0,4,27,333.6,749.7,724,42,38,15,NA
"3595",2,72,1,48,5944529,5944845,749.7,737.4,13,316,30,1,2,18,18,93,27,"end",1,12,0,0,0,1,3124,0,7,42,0,NA,0,NA,"C:/Data/corr_sacc/asc/JITT2.asc",0,0,15,15,535.4,523.6,738.4,42,27,27,NA
"3596",2,72,1,48,5944880,5945053,523.6,722.6,14,173,34,1,2,15,15,81,15,"friend",3,12,0,0,0,1,3475,0,4,42,1,NA,0,NA,"C:/Data/corr_sacc/asc/JITT2.asc",0,0,27,8,749.7,411.2,737.4,42,15,15,NA
"3597",2,72,1,48,5945076,5945257,411.2,714.5,15,181,22,1,2,13,13,74,8,"for",2,7,0,0,0,1,3671,0,2,42,1,NA,0,NA,"C:/Data/corr_sacc/asc/JITT2.asc",0,0,15,25,523.6,701.5,722.6,42,27,8,NA
"3598",2,72,1,48,5945295,5945462,701.5,715.4,16,167,37,1,2,17,17,91,25,"the",3,17,0,0,0,1,3890,0,6,42,1,NA,0,NA,"C:/Data/corr_sacc/asc/JITT2.asc",0,0,8,32,411.2,828.8,714.5,42,34,25,NA
"3599",2,72,1,48,5945489,5945643,828.8,712.8,17,154,26,1,2,19,19,98,32,"of",2,7,0,0,0,1,4084,0,8,42,0,NA,0,NA,"C:/Data/corr_sacc/asc/JITT2.asc",0,0,25,24,701.5,696.4,715.4,42,17,32,NA
"3600",2,72,1,48,5945682,5945809,696.4,483.6,18,127,38,1,1,5,5,24,24,"decided",2,8,0,0,0,1,4277,0,5,66,1,NA,0,NA,"C:/Data/corr_sacc/asc/JITT2.asc",NA,0,32,NA,828.8,NA,712.8,42,10,24,NA
"3601",2,72,1,48,NA,NA,NA,NA,NA,NA,NA,1,1,1,NA,NA,NA,"Jane",NA,NA,NA,NA,NA,NA,NA,NA,1,NA,NA,NA,NA,NA,"C:/Data/corr_sacc/asc/JITT2.asc",NA,0,24,NA,696.4,NA,483.6,66,42,NA,NA
"3602",2,72,1,48,NA,NA,NA,NA,NA,NA,NA,1,1,4,NA,NA,NA,"brothers",NA,NA,NA,NA,NA,NA,NA,NA,4,NA,NA,NA,NA,NA,"C:/Data/corr_sacc/asc/JITT2.asc",NA,NA,NA,NA,NA,NA,NA,NA,NA,NA,NA
"3603",2,72,1,48,NA,NA,NA,NA,NA,NA,NA,1,1,9,NA,NA,NA,"a",NA,NA,NA,NA,NA,NA,NA,NA,9,NA,NA,NA,NA,NA,"C:/Data/corr_sacc/asc/JITT2.asc",NA,NA,NA,NA,NA,NA,NA,NA,NA,NA,NA
"3604",2,72,1,48,NA,NA,NA,NA,NA,NA,NA,1,2,14,NA,NA,NA,"a",NA,NA,NA,NA,NA,NA,NA,NA,3,NA,NA,NA,NA,NA,"C:/Data/corr_sacc/asc/JITT2.asc",NA,NA,NA,NA,NA,NA,NA,NA,NA,NA,NA
"3605",2,72,1,48,NA,NA,NA,NA,NA,NA,NA,1,2,16,NA,NA,NA,"at",NA,NA,NA,NA,NA,NA,NA,NA,5,NA,NA,NA,NA,NA,"C:/Data/corr_sacc/asc/JITT2.asc",NA,NA,NA,NA,NA,NA,NA,NA,NA,NA,NA
"3606",2,72,1,48,NA,NA,NA,NA,NA,NA,NA,1,2,20,NA,NA,NA,"December.",NA,NA,NA,NA,NA,NA,NA,NA,9,NA,NA,NA,NA,NA,"C:/Data/corr_sacc/asc/JITT2.asc",0,NA,NA,NA,NA,NA,NA,NA,NA,NA,NA
"3607",2,87,1,49,5950970,5951173,352.3,544.9,1,203,27,1,1,2,2,7,7,"quick",3,NA,0,0,0,1,758,0,2,54,0,NA,0,NA,"C:/Data/corr_sacc/asc/JITT2.asc",0,0,NA,19,NA,566.8,NA,NA,NA,7,NA
"3608",2,87,1,49,5951203,5951369,566.8,534.4,2,166,29,1,1,5,5,19,19,"the",1,12,0,0,0,1,991,0,5,54,0,NA,0,NA,"C:/Data/corr_sacc/asc/JITT2.asc",0,0,7,11,352.3,423.8,544.9,54,47,19,NA
"3609",2,87,1,49,5951393,5951483,423.8,529,3,90,23,1,1,3,3,11,11,"look",1,8,0,0,0,1,1181,0,3,54,1,NA,0,NA,"C:/Data/corr_sacc/asc/JITT2.asc",0,0,19,4,566.8,292.9,534.4,54,35,11,NA
"3610",2,87,1,49,5951508,5951679,292.9,544.5,4,171,24,1,1,2,2,4,4,"quick",0,7,0,0,0,1,1296,0,2,54,1,NA,0,NA,"C:/Data/corr_sacc/asc/JITT2.asc",0,0,11,11,423.8,422.6,529,54,43,4,NA
"3611",2,87,1,49,5951812,5952008,422.6,541.6,5,196,132,1,1,3,3,11,11,"look",1,7,0,0,0,1,1600,0,3,54,1,NA,0,NA,"C:/Data/corr_sacc/asc/JITT2.asc",0,0,4,17,292.9,540,544.5,54,50,11,NA
"3612",2,87,1,49,5952035,5952289,540,528.2,6,254,26,1,1,4,4,17,17,"at",2,6,0,0,0,1,1823,0,4,54,1,NA,0,NA,"C:/Data/corr_sacc/asc/JITT2.asc",0,0,11,26,422.6,688.3,541.6,54,43,17,NA
"3613",2,87,1,49,5952315,5952644,688.3,524.1,7,329,25,1,1,7,7,26,26,"man",0,9,0,0,0,1,2103,0,7,54,0,NA,0,NA,"C:/Data/corr_sacc/asc/JITT2.asc",0,0,17,34,540,844,528.2,54,37,26,NA
"3614",2,87,1,49,5952671,5952861,844,518.2,8,190,26,1,1,8,8,34,34,"revealed",4,8,0,0,0,1,2459,0,8,54,0,NA,0,NA,"C:/Data/corr_sacc/asc/JITT2.asc",0,0,26,43,688.3,991,524.1,54,28,34,NA
"3615",2,87,1,49,5952886,5953156,991,522.6,9,270,24,1,1,10,10,43,43,"glum",0,9,0,0,0,1,2674,0,10,54,0,NA,0,NA,"C:/Data/corr_sacc/asc/JITT2.asc",0,0,34,50,844,1123.8,518.2,54,20,43,NA
"3616",2,87,1,49,5953181,5953354,1123.8,522.6,10,173,24,1,1,11,11,50,50,"he",2,7,0,0,0,1,2969,0,11,54,0,NA,0,NA,"C:/Data/corr_sacc/asc/JITT2.asc",0,0,43,51,991,1146.3,522.6,54,11,50,NA
"3617",2,87,1,49,5953364,5953471,1146.3,536.5,11,107,9,1,1,12,12,51,51,"was",0,1,0,0,0,1,3152,0,12,54,0,NA,0,NA,"C:/Data/corr_sacc/asc/JITT2.asc",1,0,50,7,1123.8,346.8,522.6,54,4,51,NA
"3618",2,87,1,49,5953538,5953654,346.8,736.1,12,116,66,1,2,14,14,61,7,"he",1,44,0,0,0,1,3326,0,2,63,0,NA,1,"undersweep","C:/Data/corr_sacc/asc/JITT2.asc",0,0,51,3,1146.3,286,536.5,54,3,7,1
"3619",2,87,1,49,5953678,5953852,286,755.9,13,174,23,1,2,13,13,57,3,"after",3,4,0,0,0,1,3466,0,1,63,1,NA,0,NA,"C:/Data/corr_sacc/asc/JITT2.asc",0,1,7,17,346.8,528.2,736.1,63,56,3,NA
"3620",2,87,1,49,5953885,5954104,528.2,747.6,14,219,32,1,2,16,16,71,17,"about",2,14,0,0,0,1,3673,0,4,63,0,NA,0,NA,"C:/Data/corr_sacc/asc/JITT2.asc",0,0,3,25,286,669.3,755.9,63,60,17,NA
"3621",2,87,1,49,5954131,5954410,669.3,748.7,15,279,26,1,2,18,18,79,25,"demise",0,8,0,0,0,1,3919,0,6,63,0,NA,0,NA,"C:/Data/corr_sacc/asc/JITT2.asc",0,0,17,38,528.2,911.2,747.6,63,46,25,NA
"3622",2,87,1,49,5954448,5954666,911.2,738.2,16,218,37,1,2,20,20,92,38,"the",3,13,0,0,0,1,4236,0,8,63,0,NA,0,NA,"C:/Data/corr_sacc/asc/JITT2.asc",0,0,25,50,669.3,1124.1,748.7,63,38,38,NA
"3623",2,87,1,49,5954692,5954917,1124.1,755.9,17,225,25,1,2,22,22,104,50,"social",4,12,0,0,0,1,4480,0,10,63,0,NA,0,NA,"C:/Data/corr_sacc/asc/JITT2.asc",0,0,38,55,911.2,1223.6,738.2,63,25,50,NA
"3624",2,87,1,49,5954940,5955133,1223.6,769.6,18,193,22,1,2,23,23,109,55,"advocate.",2,5,0,0,0,1,4728,0,11,63,0,NA,0,NA,"C:/Data/corr_sacc/asc/JITT2.asc",0,0,50,51,1124.1,1145.2,755.9,63,13,55,NA
"3625",2,87,1,49,5955154,5955312,1145.2,758.1,19,158,20,1,2,22,22,105,51,"social",5,4,0,0,0,1,4942,0,10,63,1,NA,0,NA,"C:/Data/corr_sacc/asc/JITT2.asc",0,0,55,56,1223.6,1230.4,769.6,63,8,51,NA
"3626",2,87,1,49,5955337,5955413,1230.4,759.8,20,76,24,1,2,23,23,110,56,"advocate.",3,5,0,0,0,1,5125,0,11,63,1,NA,0,NA,"C:/Data/corr_sacc/asc/JITT2.asc",0,0,51,43,1145.2,998.9,758.1,63,12,56,NA
"3627",2,87,1,49,5955455,5955667,998.9,734.1,21,212,41,1,2,21,21,97,43,"famous",4,13,0,0,0,1,5243,0,9,63,1,NA,0,NA,"C:/Data/corr_sacc/asc/JITT2.asc",NA,0,56,NA,1230.4,NA,759.8,63,7,43,NA
"3628",2,87,1,49,NA,NA,NA,NA,NA,NA,NA,1,1,1,NA,NA,NA,"One",NA,NA,NA,NA,NA,NA,NA,NA,1,NA,NA,NA,NA,NA,"C:/Data/corr_sacc/asc/JITT2.asc",NA,0,43,NA,998.9,NA,734.1,63,20,NA,NA
"3629",2,87,1,49,NA,NA,NA,NA,NA,NA,NA,1,1,6,NA,NA,NA,"old",NA,NA,NA,NA,NA,NA,NA,NA,6,NA,NA,NA,NA,NA,"C:/Data/corr_sacc/asc/JITT2.asc",NA,NA,NA,NA,NA,NA,NA,NA,NA,NA,NA
"3630",2,87,1,49,NA,NA,NA,NA,NA,NA,NA,1,1,9,NA,NA,NA,"how",NA,NA,NA,NA,NA,NA,NA,NA,9,NA,NA,NA,NA,NA,"C:/Data/corr_sacc/asc/JITT2.asc",NA,NA,NA,NA,NA,NA,NA,NA,NA,NA,NA
"3631",2,87,1,49,NA,NA,NA,NA,NA,NA,NA,1,2,15,NA,NA,NA,"heard",NA,NA,NA,NA,NA,NA,NA,NA,3,NA,NA,NA,NA,NA,"C:/Data/corr_sacc/asc/JITT2.asc",NA,NA,NA,NA,NA,NA,NA,NA,NA,NA,NA
"3632",2,87,1,49,NA,NA,NA,NA,NA,NA,NA,1,2,17,NA,NA,NA,"the",NA,NA,NA,NA,NA,NA,NA,NA,5,NA,NA,NA,NA,NA,"C:/Data/corr_sacc/asc/JITT2.asc",NA,NA,NA,NA,NA,NA,NA,NA,NA,NA,NA
"3633",2,87,1,49,NA,NA,NA,NA,NA,NA,NA,1,2,19,NA,NA,NA,"of",NA,NA,NA,NA,NA,NA,NA,NA,7,NA,NA,NA,NA,NA,"C:/Data/corr_sacc/asc/JITT2.asc",NA,NA,NA,NA,NA,NA,NA,NA,NA,NA,NA
"3634",2,87,1,49,NA,NA,NA,NA,NA,NA,NA,2,NA,1,NA,NA,NA,NA,NA,NA,NA,NA,NA,NA,NA,NA,NA,NA,NA,NA,NA,NA,"C:/Data/corr_sacc/asc/JITT2.asc",0,NA,NA,NA,NA,NA,NA,NA,NA,NA,NA
"3635",2,90,1,50,6015678,6015828,445.3,488.7,1,150,28,1,1,2,2,10,10,"the",1,NA,0,0,0,1,1067,0,2,65,0,NA,0,NA,"C:/Data/corr_sacc/asc/JITT2.asc",0,0,NA,5,NA,356.6,NA,NA,NA,10,NA
"3636",2,90,1,50,6015851,6016012,356.6,502.6,2,161,22,1,1,1,1,5,5,"Although",5,5,0,0,0,1,1240,0,1,65,1,NA,0,NA,"C:/Data/corr_sacc/asc/JITT2.asc",0,0,10,19,445.3,604,488.7,65,55,5,NA
"3637",2,90,1,50,6016049,6016133,604,502.3,3,84,36,1,1,4,4,19,19,"of",1,14,0,0,0,1,1438,0,4,65,0,NA,0,NA,"C:/Data/corr_sacc/asc/JITT2.asc",0,0,5,29,356.6,788.7,502.6,65,60,19,NA
"3638",2,90,1,50,6016263,6016424,788.7,523.6,4,161,129,1,1,6,6,29,29,"business",4,10,1,0,0,1,1652,0,6,65,NA,NA,0,NA,"C:/Data/corr_sacc/asc/JITT2.asc",0,0,19,24,604,686.9,502.3,65,46,29,NA
"3639",2,90,1,50,6016448,6016615,686.9,512,5,167,23,1,1,5,5,24,24,"the",3,5,0,0,0,1,1837,0,5,65,0,NA,0,NA,"C:/Data/corr_sacc/asc/JITT2.asc",0,0,29,22,788.7,652.4,523.6,65,36,24,NA
"3640",2,90,1,50,6016637,6016729,652.4,510.9,6,92,21,1,1,5,5,22,22,"the",1,2,0,0,0,1,2026,0,5,65,0,NA,0,NA,"C:/Data/corr_sacc/asc/JITT2.asc",0,0,24,38,686.9,952.3,512,65,41,22,NA
"3641",2,90,1,50,6016775,6017010,952.3,520.5,7,235,45,1,1,7,7,38,38,"director",4,16,0,0,0,1,2164,0,7,65,0,NA,0,NA,"C:/Data/corr_sacc/asc/JITT2.asc",0,0,22,50,652.4,1154,510.9,65,43,38,NA
"3642",2,90,1,50,6017042,6017463,1154,530.4,8,421,31,1,1,9,9,50,50,"very",1,12,0,0,0,1,2431,0,9,65,0,NA,0,NA,"C:/Data/corr_sacc/asc/JITT2.asc",0,0,38,56,952.3,1278.8,520.5,65,27,50,NA
"3643",2,90,1,50,6017491,6017709,1278.8,538,9,218,27,1,1,10,10,56,56,"clearly",2,6,0,0,0,1,2880,0,10,65,0,NA,0,NA,"C:/Data/corr_sacc/asc/JITT2.asc",0,0,50,64,1154,1409.1,530.4,65,15,56,NA
"3644",2,90,1,50,6017735,6017887,1409.1,555.9,10,152,25,1,1,11,11,64,64,"and",2,8,0,0,0,1,3124,0,11,65,0,NA,0,NA,"C:/Data/corr_sacc/asc/JITT2.asc",1,0,56,9,1278.8,419.2,538,65,9,64,NA
"3645",2,90,1,50,6017959,6018081,419.2,743.1,11,122,71,1,2,12,12,74,9,"fluently,",9,55,0,0,0,1,3348,0,1,66,0,NA,1,"undersweep","C:/Data/corr_sacc/asc/JITT2.asc",0,0,64,4,1409.1,331.7,555.9,65,1,9,1
"3646",2,90,1,50,6018105,6018294,331.7,745.9,12,189,23,1,2,12,12,69,4,"fluently,",4,5,0,0,0,1,3494,0,1,66,0,NA,0,NA,"C:/Data/corr_sacc/asc/JITT2.asc",0,1,9,15,419.2,538.6,743.1,66,57,4,NA
"3647",2,90,1,50,6018326,6018509,538.6,744.6,13,183,31,1,2,14,14,80,15,"words",1,11,0,0,0,1,3715,0,3,66,0,NA,0,NA,"C:/Data/corr_sacc/asc/JITT2.asc",0,0,4,12,331.7,481,745.9,66,62,15,NA
"3648",2,90,1,50,6018530,6018658,481,744.9,14,128,20,1,2,13,13,77,12,"her",2,3,0,0,0,1,3919,0,2,66,1,NA,0,NA,"C:/Data/corr_sacc/asc/JITT2.asc",0,0,15,24,538.6,697.3,744.6,66,51,12,NA
"3649",2,90,1,50,6018689,6018959,697.3,746.3,15,270,30,1,2,15,15,89,24,"were",4,12,0,0,0,1,4078,0,4,66,0,NA,0,NA,"C:/Data/corr_sacc/asc/JITT2.asc",0,0,12,32,481,846.1,744.9,66,54,24,NA
"3650",2,90,1,50,6018985,6019214,846.1,728.3,16,229,25,1,2,16,16,97,32,"unintelligible",7,8,0,0,0,1,4374,0,5,66,0,NA,0,NA,"C:/Data/corr_sacc/asc/JITT2.asc",0,0,24,46,697.3,1095.6,746.3,66,42,32,NA
"3651",2,90,1,50,6019247,6019518,1095.6,737.3,17,271,32,1,2,18,18,111,46,"the",3,14,0,0,0,1,4636,0,7,66,0,NA,0,NA,"C:/Data/corr_sacc/asc/JITT2.asc",0,0,32,59,846.1,1325,728.3,66,34,46,NA
"3652",2,90,1,50,6019548,6019759,1325,761.3,18,211,29,1,2,20,20,124,59,"chatter.",1,13,0,0,0,1,4937,0,9,66,0,NA,0,NA,"C:/Data/corr_sacc/asc/JITT2.asc",0,0,46,46,1095.6,1098,737.3,66,20,59,NA
"3653",2,90,1,50,6019795,6019988,1098,745.2,19,193,35,1,2,18,18,111,46,"the",3,13,0,0,0,1,5184,0,7,66,1,NA,0,NA,"C:/Data/corr_sacc/asc/JITT2.asc",0,0,59,41,1325,997.5,761.3,66,7,46,NA
"3654",2,90,1,50,6020032,6020178,997.5,574.5,20,146,43,1,1,7,7,41,41,"director",7,5,0,0,0,1,5421,0,7,65,1,NA,0,NA,"C:/Data/corr_sacc/asc/JITT2.asc",NA,0,46,NA,1098,NA,745.2,66,20,41,NA
"3655",2,90,1,50,NA,NA,NA,NA,NA,NA,NA,1,1,3,NA,NA,NA,"wife",NA,NA,NA,NA,NA,NA,NA,NA,3,NA,NA,NA,NA,NA,"C:/Data/corr_sacc/asc/JITT2.asc",NA,0,41,NA,997.5,NA,574.5,65,24,NA,NA
"3656",2,90,1,50,NA,NA,NA,NA,NA,NA,NA,1,1,8,NA,NA,NA,"spoke",NA,NA,NA,NA,NA,NA,NA,NA,8,NA,NA,NA,NA,NA,"C:/Data/corr_sacc/asc/JITT2.asc",NA,NA,NA,NA,NA,NA,NA,NA,NA,NA,NA
"3657",2,90,1,50,NA,NA,NA,NA,NA,NA,NA,1,2,17,NA,NA,NA,"in",NA,NA,NA,NA,NA,NA,NA,NA,6,NA,NA,NA,NA,NA,"C:/Data/corr_sacc/asc/JITT2.asc",NA,NA,NA,NA,NA,NA,NA,NA,NA,NA,NA
"3658",2,90,1,50,NA,NA,NA,NA,NA,NA,NA,1,2,19,NA,NA,NA,"background",NA,NA,NA,NA,NA,NA,NA,NA,8,NA,NA,NA,NA,NA,"C:/Data/corr_sacc/asc/JITT2.asc",0,NA,NA,NA,NA,NA,NA,NA,NA,NA,NA
"3659",2,33,1,51,6023081,6023330,578.2,518.9,1,249,26,1,1,3,3,12,12,"temperature",3,NA,0,0,0,1,501,0,3,53,0,NA,0,NA,"C:/Data/corr_sacc/asc/JITT2.asc",0,0,NA,8,NA,519.7,NA,NA,NA,12,NA
"3660",2,33,1,51,6023352,6023502,519.7,523.4,2,150,21,1,1,2,2,8,8,"cold",4,4,0,0,0,1,772,0,2,53,1,NA,0,NA,"C:/Data/corr_sacc/asc/JITT2.asc",0,0,12,29,578.2,886.2,518.9,53,41,8,NA
"3661",2,33,1,51,6023552,6023738,886.2,522.4,3,186,49,1,1,5,5,29,29,"winter",3,21,0,0,0,1,972,0,5,53,0,NA,0,NA,"C:/Data/corr_sacc/asc/JITT2.asc",0,0,8,27,519.7,852.5,523.4,53,45,29,NA
"3662",2,33,1,51,6023753,6023856,852.5,529.5,4,103,14,1,1,5,5,27,27,"winter",1,2,0,0,0,1,1173,0,5,53,0,NA,0,NA,"C:/Data/corr_sacc/asc/JITT2.asc",0,0,29,43,886.2,1138.3,522.4,53,24,27,NA
"3663",2,33,1,51,6023893,6024016,1138.3,547,5,123,36,1,1,7,7,43,43,"caused",6,16,0,0,0,1,1313,0,7,53,0,NA,0,NA,"C:/Data/corr_sacc/asc/JITT2.asc",0,0,27,50,852.5,1260.2,529.5,53,26,43,NA
"3664",2,33,1,51,6024041,6024164,1260.2,557.5,6,123,24,1,1,9,9,50,50,"water",2,7,0,0,0,1,1461,0,9,53,0,NA,0,NA,"C:/Data/corr_sacc/asc/JITT2.asc",0,0,43,52,1138.3,1302.8,547,53,10,50,NA
"3665",2,33,1,51,6024187,6024304,1302.8,565,7,117,22,1,1,9,9,52,52,"water",4,2,0,0,0,1,1607,0,9,53,0,NA,0,NA,"C:/Data/corr_sacc/asc/JITT2.asc",1,0,50,18,1260.2,691.9,557.5,53,3,52,NA
"3666",2,33,1,51,6024368,6024452,691.9,728.4,8,84,63,1,2,13,13,71,18,"garden",6,34,0,0,0,1,1788,0,4,45,0,NA,1,"undersweep","C:/Data/corr_sacc/asc/JITT2.asc",0,0,52,9,1302.8,537.9,565,53,1,18,1
"3667",2,33,1,51,6024478,6024617,537.9,750.4,9,139,25,1,2,12,12,62,9,"the",1,9,0,0,0,1,1898,0,3,45,1,NA,0,NA,"C:/Data/corr_sacc/asc/JITT2.asc",0,1,18,6,691.9,468.5,728.4,45,27,9,NA
"3668",2,33,1,51,6024638,6024814,468.5,763.9,10,176,20,1,2,11,11,59,6,"in",1,3,0,0,0,1,2058,0,2,45,1,NA,0,NA,"C:/Data/corr_sacc/asc/JITT2.asc",0,0,9,21,537.9,746,750.4,45,36,6,NA
"3669",2,33,1,51,6024848,6024982,746,768.5,11,134,33,1,2,14,14,74,21,"to",2,15,0,0,0,1,2268,0,5,45,0,NA,0,NA,"C:/Data/corr_sacc/asc/JITT2.asc",0,0,6,30,468.5,911.1,763.9,45,39,21,NA
"3670",2,33,1,51,6025009,6025193,911.1,771.7,12,184,26,1,2,15,15,83,30,"completely",8,9,0,0,0,1,2429,0,6,45,0,NA,0,NA,"C:/Data/corr_sacc/asc/JITT2.asc",0,0,21,41,746,1099.4,768.5,45,24,30,NA
"3671",2,33,1,51,6025220,6025406,1099.4,768.9,13,186,26,1,2,17,17,94,41,"over.",1,11,0,0,0,1,2640,0,8,45,0,NA,0,NA,"C:/Data/corr_sacc/asc/JITT2.asc",0,0,30,43,911.1,1143.6,771.7,45,15,41,NA
"3672",2,33,1,51,6025430,6025497,1143.6,779.5,14,67,23,1,2,17,17,96,43,"over.",3,2,0,0,0,1,2850,0,8,45,0,NA,0,NA,"C:/Data/corr_sacc/asc/JITT2.asc",0,0,41,17,1099.4,667.6,768.9,45,4,43,NA
"3673",2,33,1,51,6025540,6025743,667.6,566.7,15,203,42,1,1,3,3,17,17,"temperature",8,26,0,0,0,1,2960,0,3,53,1,NA,0,NA,"C:/Data/corr_sacc/asc/JITT2.asc",0,0,43,11,1143.6,559.4,779.5,45,2,17,NA
"3674",2,33,1,51,6025768,6025903,559.4,557.9,16,135,24,1,1,3,3,11,11,"temperature",2,6,0,0,0,1,3188,0,3,53,1,NA,0,NA,"C:/Data/corr_sacc/asc/JITT2.asc",0,0,17,33,667.6,970.1,566.7,53,36,11,NA
"3675",2,33,1,51,6025946,6026089,970.1,538.4,17,143,42,1,1,6,6,33,33,"had",0,22,0,0,0,1,3366,0,6,53,1,NA,0,NA,"C:/Data/corr_sacc/asc/JITT2.asc",0,0,11,44,559.4,1156.1,557.9,53,42,33,NA
"3676",2,33,1,51,6026117,6026289,1156.1,538.5,18,172,27,1,1,8,8,44,44,"the",0,11,0,0,0,1,3537,0,8,53,1,NA,0,NA,"C:/Data/corr_sacc/asc/JITT2.asc",0,0,33,24,970.1,792.8,538.4,53,20,44,NA
"3677",2,33,1,51,6026341,6026397,792.8,685.6,19,56,51,1,2,15,15,77,24,"completely",2,20,0,0,0,1,3761,0,6,45,1,NA,0,NA,"C:/Data/corr_sacc/asc/JITT2.asc",NA,0,44,NA,1156.1,NA,538.5,53,9,24,NA
"3678",2,33,1,51,NA,NA,NA,NA,NA,NA,NA,1,1,1,NA,NA,NA,"The",NA,NA,NA,NA,NA,NA,NA,NA,1,NA,NA,NA,NA,NA,"C:/Data/corr_sacc/asc/JITT2.asc",NA,0,24,NA,792.8,NA,685.6,45,21,NA,NA
"3679",2,33,1,51,NA,NA,NA,NA,NA,NA,NA,1,1,4,NA,NA,NA,"last",NA,NA,NA,NA,NA,NA,NA,NA,4,NA,NA,NA,NA,NA,"C:/Data/corr_sacc/asc/JITT2.asc",NA,NA,NA,NA,NA,NA,NA,NA,NA,NA,NA
"3680",2,33,1,51,NA,NA,NA,NA,NA,NA,NA,1,2,10,NA,NA,NA,"pipe",NA,NA,NA,NA,NA,NA,NA,NA,1,NA,NA,NA,NA,NA,"C:/Data/corr_sacc/asc/JITT2.asc",NA,NA,NA,NA,NA,NA,NA,NA,NA,NA,NA
"3681",2,33,1,51,NA,NA,NA,NA,NA,NA,NA,1,2,16,NA,NA,NA,"freeze",NA,NA,NA,NA,NA,NA,NA,NA,7,NA,NA,NA,NA,NA,"C:/Data/corr_sacc/asc/JITT2.asc",0,NA,NA,NA,NA,NA,NA,NA,NA,NA,NA
"3682",2,1,2,52,6031920,6032045,523.9,529,1,125,29,1,1,3,3,11,11,"musicians",1,NA,0,0,0,1,913,0,3,54,0,NA,0,NA,"C:/Data/corr_sacc/asc/JITT2.asc",0,0,NA,8,NA,469.7,NA,NA,NA,11,NA
"3683",2,1,2,52,6032063,6032209,469.7,536.4,2,146,17,1,1,2,2,8,8,"three",4,3,0,0,0,1,1056,0,2,54,1,NA,0,NA,"C:/Data/corr_sacc/asc/JITT2.asc",0,0,11,25,523.9,772.5,529,54,43,8,NA
"3684",2,1,2,52,6032255,6032412,772.5,540.3,3,157,45,1,1,4,4,25,25,"organised",5,17,0,0,0,1,1248,0,4,54,0,NA,0,NA,"C:/Data/corr_sacc/asc/JITT2.asc",0,0,8,29,469.7,855.7,536.4,54,46,25,NA
"3685",2,1,2,52,6032437,6032538,855.7,533.2,4,101,24,1,1,4,4,29,29,"organised",9,4,0,0,0,1,1430,0,4,54,0,NA,0,NA,"C:/Data/corr_sacc/asc/JITT2.asc",0,0,25,36,772.5,971.3,540.3,54,29,29,NA
"3686",2,1,2,52,6032564,6032843,971.3,531.4,5,279,25,1,1,6,6,36,36,"tour",4,7,0,0,0,1,1557,0,6,54,0,NA,0,NA,"C:/Data/corr_sacc/asc/JITT2.asc",0,0,29,48,855.7,1193.6,533.2,54,25,36,NA
"3687",2,1,2,52,6032880,6033046,1193.6,544.3,6,166,36,1,1,9,9,48,48,"to",1,12,0,0,0,1,1873,0,9,54,0,NA,0,NA,"C:/Data/corr_sacc/asc/JITT2.asc",0,0,36,52,971.3,1267.4,531.4,54,18,48,NA
"3688",2,1,2,52,6033070,6033193,1267.4,557.1,7,123,23,1,1,10,10,52,52,"meet",2,4,0,0,0,1,2063,0,10,54,0,NA,0,NA,"C:/Data/corr_sacc/asc/JITT2.asc",1,0,48,10,1193.6,504.6,544.3,54,6,52,NA
"3689",2,1,2,52,6033246,6033357,504.6,739.8,8,111,52,1,2,12,12,64,10,"fans",4,42,0,0,0,1,2239,0,2,63,0,NA,1,"undersweep","C:/Data/corr_sacc/asc/JITT2.asc",0,0,52,4,1267.4,394,557.1,54,2,10,1
"3690",2,1,2,52,6033383,6033523,394,757.2,9,140,25,1,2,11,11,58,4,"their",4,6,0,0,0,1,2376,0,1,63,1,NA,0,NA,"C:/Data/corr_sacc/asc/JITT2.asc",0,1,10,1,504.6,343.7,739.8,63,53,4,NA
"3691",2,1,2,52,6033545,6033688,343.7,758.4,10,143,21,1,2,11,11,55,1,"their",1,3,0,0,0,1,2538,0,1,63,1,NA,0,NA,"C:/Data/corr_sacc/asc/JITT2.asc",0,0,4,18,394,649.5,757.2,63,59,1,NA
"3692",2,1,2,52,6033733,6033931,649.5,752,11,198,44,1,2,14,14,72,18,"celebrate",3,17,0,0,0,1,2726,0,4,63,0,NA,0,NA,"C:/Data/corr_sacc/asc/JITT2.asc",0,0,1,30,343.7,867.4,758.4,63,62,18,NA
"3693",2,1,2,52,6033962,6034155,867.4,752.8,12,193,30,1,2,16,16,84,30,"release",1,12,0,0,0,1,2955,0,6,63,0,NA,0,NA,"C:/Data/corr_sacc/asc/JITT2.asc",0,0,18,47,649.5,1175,752,63,45,30,NA
"3694",2,1,2,52,6034193,6034313,1175,756,13,120,37,1,2,19,19,101,47,"new",1,17,0,0,0,1,3186,0,9,63,0,NA,0,NA,"C:/Data/corr_sacc/asc/JITT2.asc",0,0,30,53,867.4,1284.2,752.8,63,33,47,NA
"3695",2,1,2,52,6034337,6034498,1284.2,768.5,14,161,23,1,2,20,20,107,53,"studio",3,6,0,0,0,1,3330,0,10,63,0,NA,0,NA,"C:/Data/corr_sacc/asc/JITT2.asc",0,0,47,42,1175,1080.3,756,63,16,53,NA
"3696",2,1,2,52,6034530,6034711,1080.3,736,15,181,31,1,2,18,18,96,42,"their",2,11,0,0,0,1,3523,0,8,63,1,NA,0,NA,"C:/Data/corr_sacc/asc/JITT2.asc",0,0,53,52,1284.2,1270.9,768.5,63,10,42,NA
"3697",2,1,2,52,6034742,6034863,1270.9,746.3,16,121,30,1,2,20,20,106,52,"studio",2,10,0,0,0,1,3735,0,10,63,1,NA,0,NA,"C:/Data/corr_sacc/asc/JITT2.asc",0,0,42,25,1080.3,771.2,736,63,21,52,NA
"3698",2,1,2,52,6034909,6035090,771.2,545.8,17,181,45,1,1,4,4,25,25,"organised",5,27,0,0,0,1,3902,0,4,54,1,NA,0,NA,"C:/Data/corr_sacc/asc/JITT2.asc",0,0,52,16,1270.9,621.1,746.3,63,11,25,NA
"3699",2,1,2,52,6035114,6035262,621.1,509.2,18,148,23,1,1,3,3,16,16,"musicians",6,9,0,0,0,1,4107,0,3,54,1,NA,0,NA,"C:/Data/corr_sacc/asc/JITT2.asc",0,0,25,11,771.2,530.9,545.8,54,29,16,NA
"3700",2,1,2,52,6035286,6035394,530.9,512.3,19,108,23,1,1,3,3,11,11,"musicians",1,5,0,0,0,1,4279,0,3,54,1,NA,0,NA,"C:/Data/corr_sacc/asc/JITT2.asc",NA,0,16,NA,621.1,NA,509.2,54,38,11,NA
"3701",2,1,2,52,NA,NA,NA,NA,NA,NA,NA,1,1,1,NA,NA,NA,"The",NA,NA,NA,NA,NA,NA,NA,NA,1,NA,NA,NA,NA,NA,"C:/Data/corr_sacc/asc/JITT2.asc",NA,0,11,NA,530.9,NA,512.3,54,43,NA,NA
"3702",2,1,2,52,NA,NA,NA,NA,NA,NA,NA,1,1,5,NA,NA,NA,"a",NA,NA,NA,NA,NA,NA,NA,NA,5,NA,NA,NA,NA,NA,"C:/Data/corr_sacc/asc/JITT2.asc",NA,NA,NA,NA,NA,NA,NA,NA,NA,NA,NA
"3703",2,1,2,52,NA,NA,NA,NA,NA,NA,NA,1,1,7,NA,NA,NA,"last",NA,NA,NA,NA,NA,NA,NA,NA,7,NA,NA,NA,NA,NA,"C:/Data/corr_sacc/asc/JITT2.asc",NA,NA,NA,NA,NA,NA,NA,NA,NA,NA,NA
"3704",2,1,2,52,NA,NA,NA,NA,NA,NA,NA,1,1,8,NA,NA,NA,"year",NA,NA,NA,NA,NA,NA,NA,NA,8,NA,NA,NA,NA,NA,"C:/Data/corr_sacc/asc/JITT2.asc",NA,NA,NA,NA,NA,NA,NA,NA,NA,NA,NA
"3705",2,1,2,52,NA,NA,NA,NA,NA,NA,NA,1,2,13,NA,NA,NA,"and",NA,NA,NA,NA,NA,NA,NA,NA,3,NA,NA,NA,NA,NA,"C:/Data/corr_sacc/asc/JITT2.asc",NA,NA,NA,NA,NA,NA,NA,NA,NA,NA,NA
"3706",2,1,2,52,NA,NA,NA,NA,NA,NA,NA,1,2,15,NA,NA,NA,"the",NA,NA,NA,NA,NA,NA,NA,NA,5,NA,NA,NA,NA,NA,"C:/Data/corr_sacc/asc/JITT2.asc",NA,NA,NA,NA,NA,NA,NA,NA,NA,NA,NA
"3707",2,1,2,52,NA,NA,NA,NA,NA,NA,NA,1,2,17,NA,NA,NA,"of",NA,NA,NA,NA,NA,NA,NA,NA,7,NA,NA,NA,NA,NA,"C:/Data/corr_sacc/asc/JITT2.asc",NA,NA,NA,NA,NA,NA,NA,NA,NA,NA,NA
"3708",2,1,2,52,NA,NA,NA,NA,NA,NA,NA,1,2,21,NA,NA,NA,"album.",NA,NA,NA,NA,NA,NA,NA,NA,11,NA,NA,NA,NA,NA,"C:/Data/corr_sacc/asc/JITT2.asc",0,NA,NA,NA,NA,NA,NA,NA,NA,NA,NA
"3709",2,39,1,53,6040569,6040715,404,488.2,1,146,38,1,1,3,3,12,12,"was",2,NA,0,0,0,1,595,0,3,54,0,NA,0,NA,"C:/Data/corr_sacc/asc/JITT2.asc",0,0,NA,8,NA,337,NA,NA,NA,12,NA
"3710",2,39,1,53,6040735,6040866,337,497.8,2,131,19,1,1,2,2,8,8,"bride",4,4,0,0,0,1,761,0,2,54,1,NA,0,NA,"C:/Data/corr_sacc/asc/JITT2.asc",0,0,12,16,404,474.6,488.2,54,42,8,NA
"3711",2,39,1,53,6040892,6041011,474.6,495.5,3,119,25,1,1,4,4,16,16,"told",2,8,0,0,0,1,918,0,4,54,0,NA,0,NA,"C:/Data/corr_sacc/asc/JITT2.asc",0,0,8,24,337,618.7,497.8,54,46,16,NA
"3712",2,39,1,53,6041036,6041258,618.7,489.9,4,222,24,1,1,6,6,24,24,"had",1,8,0,0,0,1,1062,0,6,54,0,NA,0,NA,"C:/Data/corr_sacc/asc/JITT2.asc",0,0,16,33,474.6,785.8,495.5,54,38,24,NA
"3713",2,39,1,53,6041283,6041491,785.8,502.1,5,208,24,1,1,7,7,33,33,"inherited",6,9,0,0,0,1,1309,0,7,54,0,NA,0,NA,"C:/Data/corr_sacc/asc/JITT2.asc",0,0,24,43,618.7,967.9,489.9,54,30,33,NA
"3714",2,39,1,53,6041519,6041740,967.9,509.9,6,221,27,1,1,9,9,43,43,"large",4,10,0,0,0,1,1545,0,9,54,0,NA,0,NA,"C:/Data/corr_sacc/asc/JITT2.asc",0,0,33,51,785.8,1117.6,502.1,54,21,43,NA
"3715",2,39,1,53,6041766,6041891,1117.6,514.7,7,125,25,1,1,10,10,51,51,"amount",6,8,0,0,0,1,1792,0,10,54,0,NA,0,NA,"C:/Data/corr_sacc/asc/JITT2.asc",1,0,43,10,967.9,383.6,509.9,54,11,51,NA
"3716",2,39,1,53,6041958,6042049,383.6,711.3,8,91,66,1,2,14,14,64,10,"a",0,41,0,0,0,1,1984,0,3,45,0,NA,1,"undersweep","C:/Data/corr_sacc/asc/JITT2.asc",0,0,51,5,1117.6,290.7,514.7,54,3,10,1
"3717",2,39,1,53,6042073,6042295,290.7,719.9,9,222,23,1,2,12,12,59,5,"money",5,5,0,0,0,1,2099,0,1,45,1,NA,0,NA,"C:/Data/corr_sacc/asc/JITT2.asc",0,1,10,15,383.6,469.1,711.3,45,35,5,NA
"3718",2,39,1,53,6042331,6042527,469.1,718.9,10,196,35,1,2,15,15,69,15,"big",3,10,0,0,0,1,2357,0,4,45,0,NA,0,NA,"C:/Data/corr_sacc/asc/JITT2.asc",0,0,5,26,290.7,667.4,719.9,45,40,15,NA
"3719",2,39,1,53,6042556,6042808,667.4,727,11,252,28,1,2,17,17,80,26,"from",2,11,0,0,0,1,2582,0,6,45,0,NA,0,NA,"C:/Data/corr_sacc/asc/JITT2.asc",0,0,15,22,469.1,585.4,718.9,45,30,26,NA
"3720",2,39,1,53,6042830,6043001,585.4,720.7,12,171,21,1,2,16,16,76,22,"mansion",6,4,0,0,0,1,2856,0,5,45,1,NA,0,NA,"C:/Data/corr_sacc/asc/JITT2.asc",0,0,26,35,667.4,820.9,727,45,19,22,NA
"3721",2,39,1,53,6043035,6043299,820.9,723,13,264,33,1,2,19,19,89,35,"late",2,13,0,0,0,1,3061,0,8,45,0,NA,0,NA,"C:/Data/corr_sacc/asc/JITT2.asc",0,0,22,29,585.4,709.7,720.7,45,23,35,NA
"3722",2,39,1,53,6043323,6043438,709.7,728,14,115,23,1,2,18,18,83,29,"her",0,6,0,0,0,1,3349,0,7,45,1,NA,0,NA,"C:/Data/corr_sacc/asc/JITT2.asc",0,0,35,13,820.9,428.6,723,45,10,29,NA
"3723",2,39,1,53,6043631,6043798,428.6,538.5,15,167,192,1,1,3,3,13,13,"was",3,16,1,0,0,1,3657,0,3,54,NA,NA,0,NA,"C:/Data/corr_sacc/asc/JITT2.asc",0,0,29,9,709.7,353.3,728,45,16,13,NA
"3724",2,39,1,53,6043821,6043986,353.3,529.8,16,165,22,1,1,2,2,9,9,"bride",5,4,0,0,0,1,3847,0,2,54,1,NA,0,NA,"C:/Data/corr_sacc/asc/JITT2.asc",0,0,13,42,428.6,960.3,538.5,54,41,9,NA
"3725",2,39,1,53,6044045,6044199,960.3,522.9,17,154,58,1,1,9,9,42,42,"large",3,33,0,0,0,1,4071,0,9,54,1,NA,0,NA,"C:/Data/corr_sacc/asc/JITT2.asc",0,0,9,48,353.3,1060.3,529.8,54,45,42,NA
"3726",2,39,1,53,6044227,6044369,1060.3,549.9,18,142,27,1,1,10,10,48,48,"amount",3,6,0,0,0,1,4253,0,10,54,1,NA,0,NA,"C:/Data/corr_sacc/asc/JITT2.asc",0,0,42,20,960.3,556.6,522.9,54,12,48,NA
"3727",2,39,1,53,6044424,6044573,556.6,736.3,19,149,54,1,2,16,16,74,20,"mansion",4,28,0,0,0,1,4450,0,5,45,1,NA,0,NA,"C:/Data/corr_sacc/asc/JITT2.asc",0,0,48,13,1060.3,436.7,549.9,54,6,20,NA
"3728",2,39,1,53,6044599,6044854,436.7,737.5,20,255,25,1,2,15,15,67,13,"big",1,7,0,0,0,1,4625,0,4,45,1,NA,0,NA,"C:/Data/corr_sacc/asc/JITT2.asc",0,0,20,7,556.6,321.3,736.3,45,25,13,NA
"3729",2,39,1,53,6044878,6045001,321.3,730.7,21,123,23,1,2,13,13,61,7,"and",1,6,0,0,0,1,4904,0,2,45,1,NA,0,NA,"C:/Data/corr_sacc/asc/JITT2.asc",0,0,13,33,436.7,785,737.5,45,32,7,NA
"3730",2,39,1,53,6045053,6045236,785,726.7,22,183,51,1,2,19,19,87,33,"late",0,26,0,0,0,1,5079,0,8,45,1,NA,0,NA,"C:/Data/corr_sacc/asc/JITT2.asc",NA,0,7,NA,321.3,NA,730.7,45,38,33,NA
"3731",2,39,1,53,NA,NA,NA,NA,NA,NA,NA,1,1,1,NA,NA,NA,"The",NA,NA,NA,NA,NA,NA,NA,NA,1,NA,NA,NA,NA,NA,"C:/Data/corr_sacc/asc/JITT2.asc",NA,0,33,NA,785,NA,726.7,45,12,NA,NA
"3732",2,39,1,53,NA,NA,NA,NA,NA,NA,NA,1,1,5,NA,NA,NA,"she",NA,NA,NA,NA,NA,NA,NA,NA,5,NA,NA,NA,NA,NA,"C:/Data/corr_sacc/asc/JITT2.asc",NA,NA,NA,NA,NA,NA,NA,NA,NA,NA,NA
"3733",2,39,1,53,NA,NA,NA,NA,NA,NA,NA,1,1,8,NA,NA,NA,"a",NA,NA,NA,NA,NA,NA,NA,NA,8,NA,NA,NA,NA,NA,"C:/Data/corr_sacc/asc/JITT2.asc",NA,NA,NA,NA,NA,NA,NA,NA,NA,NA,NA
"3734",2,39,1,53,NA,NA,NA,NA,NA,NA,NA,1,1,11,NA,NA,NA,"of",NA,NA,NA,NA,NA,NA,NA,NA,11,NA,NA,NA,NA,NA,"C:/Data/corr_sacc/asc/JITT2.asc",NA,NA,NA,NA,NA,NA,NA,NA,NA,NA,NA
"3735",2,39,1,53,NA,NA,NA,NA,NA,NA,NA,1,2,20,NA,NA,NA,"mother.",NA,NA,NA,NA,NA,NA,NA,NA,9,NA,NA,NA,NA,NA,"C:/Data/corr_sacc/asc/JITT2.asc",0,NA,NA,NA,NA,NA,NA,NA,NA,NA,NA
"3736",2,60,1,54,6063113,6063270,375.5,527.7,1,157,25,1,1,2,2,10,10,"guests",6,NA,0,0,0,1,656,0,2,58,0,NA,0,NA,"C:/Data/corr_sacc/asc/JITT2.asc",0,0,NA,19,NA,534.8,NA,NA,NA,10,NA
"3737",2,60,1,54,6063296,6063464,534.8,516.7,2,168,25,1,1,4,4,19,19,"invited",3,9,0,0,0,1,839,0,4,58,0,NA,0,NA,"C:/Data/corr_sacc/asc/JITT2.asc",0,0,10,31,375.5,751.3,527.7,58,48,19,NA
"3738",2,60,1,54,6063495,6063604,751.3,521.6,3,109,30,1,1,7,7,31,31,"luxurious",2,12,0,0,0,1,1038,0,7,58,0,NA,0,NA,"C:/Data/corr_sacc/asc/JITT2.asc",0,0,19,36,534.8,842,516.7,58,39,31,NA
"3739",2,60,1,54,6063749,6063817,842,520.8,4,68,144,1,1,7,7,36,36,"luxurious",7,5,1,0,0,1,1292,0,7,58,NA,NA,0,NA,"C:/Data/corr_sacc/asc/JITT2.asc",0,0,31,43,751.3,973.1,521.6,58,27,36,NA
"3740",2,60,1,54,6063844,6064010,973.1,536.7,5,166,26,1,1,8,8,43,43,"ballroom,",4,7,0,0,0,1,1387,0,8,58,0,NA,0,NA,"C:/Data/corr_sacc/asc/JITT2.asc",0,0,36,52,842,1143,520.8,58,22,43,NA
"3741",2,60,1,54,6064039,6064216,1143,532,6,177,28,1,1,9,9,52,52,"which",3,9,0,0,0,1,1582,0,9,58,0,NA,0,NA,"C:/Data/corr_sacc/asc/JITT2.asc",1,0,43,11,973.1,402.8,536.7,58,15,52,NA
"3742",2,60,1,54,6064281,6064388,402.8,700.8,7,107,64,1,2,12,12,69,11,"decoration",0,41,0,0,0,1,1824,0,2,46,0,NA,1,"undersweep","C:/Data/corr_sacc/asc/JITT2.asc",0,0,52,6,1143,308.8,532,58,6,11,1
"3743",2,60,1,54,6064413,6064607,308.8,714.5,8,194,24,1,2,11,11,64,6,"tremendous",6,5,0,0,0,1,1956,0,1,46,1,NA,0,NA,"C:/Data/corr_sacc/asc/JITT2.asc",0,1,11,16,402.8,491.9,700.8,46,35,6,NA
"3744",2,60,1,54,6064636,6064725,491.9,713.8,9,89,28,1,2,12,12,74,16,"decoration",5,10,0,0,0,1,2179,0,2,46,1,NA,0,NA,"C:/Data/corr_sacc/asc/JITT2.asc",0,0,6,22,308.8,604.1,714.5,46,40,16,NA
"3745",2,60,1,54,6064882,6064968,604.1,714.1,10,86,156,1,2,13,13,80,22,"and",0,6,1,0,0,1,2425,0,3,46,NA,NA,0,NA,"C:/Data/corr_sacc/asc/JITT2.asc",0,0,16,32,491.9,769,713.8,46,30,22,NA
"3746",2,60,1,54,6064996,6065196,769,715.1,11,200,27,1,2,15,15,90,32,"large",4,10,0,0,0,1,2539,0,5,46,0,NA,0,NA,"C:/Data/corr_sacc/asc/JITT2.asc",0,0,22,38,604.1,891,714.1,46,24,32,NA
"3747",2,60,1,54,6065220,6065354,891,710,12,134,23,1,2,16,16,96,38,"dance",4,6,0,0,0,1,2763,0,6,46,0,NA,0,NA,"C:/Data/corr_sacc/asc/JITT2.asc",0,0,32,41,769,944,715.1,46,14,38,NA
"3748",2,60,1,54,6065376,6065594,944,695.4,13,218,21,1,2,17,17,99,41,"floor.",1,3,0,0,0,1,2919,0,7,46,0,NA,0,NA,"C:/Data/corr_sacc/asc/JITT2.asc",0,0,38,34,891,804.1,710,46,8,41,NA
"3749",2,60,1,54,6065620,6065733,804.1,694.4,14,113,25,1,2,16,16,92,34,"dance",0,7,0,0,0,1,3163,0,6,46,1,NA,0,NA,"C:/Data/corr_sacc/asc/JITT2.asc",0,0,41,27,944,691.8,695.4,46,5,34,NA
"3750",2,60,1,54,6065758,6066116,691.8,694.5,15,358,24,1,2,14,14,85,27,"a",1,7,0,0,0,1,3301,0,4,46,1,NA,0,NA,"C:/Data/corr_sacc/asc/JITT2.asc",0,0,34,36,804.1,846.9,694.4,46,12,27,NA
"3751",2,60,1,54,6066144,6066267,846.9,695.3,16,123,27,1,2,16,16,94,36,"dance",2,9,0,0,0,1,3687,0,6,46,1,NA,0,NA,"C:/Data/corr_sacc/asc/JITT2.asc",0,0,27,40,691.8,924.6,694.5,46,19,36,NA
"3752",2,60,1,54,6066287,6066403,924.6,707.5,17,116,19,1,2,17,17,98,40,"floor.",0,4,0,0,0,1,3830,0,7,46,1,NA,0,NA,"C:/Data/corr_sacc/asc/JITT2.asc",0,0,36,36,846.9,850.2,695.3,46,10,40,NA
"3753",2,60,1,54,6066444,6066684,850.2,518.5,18,240,40,1,1,7,7,36,36,"luxurious",7,4,0,0,0,1,3987,0,7,58,1,NA,0,NA,"C:/Data/corr_sacc/asc/JITT2.asc",0,0,40,14,924.6,457.1,707.5,46,6,36,NA
"3754",2,60,1,54,6066737,6066847,457.1,483.3,19,110,52,1,1,3,3,14,14,"were",3,22,0,0,0,1,4280,0,3,58,1,NA,0,NA,"C:/Data/corr_sacc/asc/JITT2.asc",0,0,36,8,850.2,348.3,518.5,58,22,14,NA
"3755",2,60,1,54,6066872,6066997,348.3,497.9,20,125,24,1,1,2,2,8,8,"guests",4,6,0,0,0,1,4415,0,2,58,1,NA,0,NA,"C:/Data/corr_sacc/asc/JITT2.asc",0,0,14,22,457.1,596,483.3,58,44,8,NA
"3756",2,60,1,54,6067030,6067196,596,513.4,21,166,32,1,1,4,4,22,22,"invited",6,14,0,0,0,1,4573,0,4,58,1,NA,0,NA,"C:/Data/corr_sacc/asc/JITT2.asc",0,0,8,52,348.3,1140.3,497.9,58,50,22,NA
"3757",2,60,1,54,6067241,6067377,1140.3,509,22,136,44,1,1,9,9,52,52,"which",3,30,0,0,0,1,4784,0,9,58,1,NA,0,NA,"C:/Data/corr_sacc/asc/JITT2.asc",0,0,22,54,596,1172.3,513.4,58,36,52,NA
"3758",2,60,1,54,6067401,6067502,1172.3,522.7,23,101,23,1,1,9,9,54,54,"which",5,2,0,0,0,1,4944,0,9,58,1,NA,0,NA,"C:/Data/corr_sacc/asc/JITT2.asc",0,0,52,37,1140.3,858.3,509,58,6,54,NA
"3759",2,60,1,54,6067552,6067725,858.3,698,24,173,49,1,2,16,16,95,37,"dance",3,17,0,0,0,1,5095,0,6,46,1,NA,0,NA,"C:/Data/corr_sacc/asc/JITT2.asc",NA,0,54,NA,1172.3,NA,522.7,58,4,37,NA
"3760",2,60,1,54,NA,NA,NA,NA,NA,NA,NA,1,1,1,NA,NA,NA,"The",NA,NA,NA,NA,NA,NA,NA,NA,1,NA,NA,NA,NA,NA,"C:/Data/corr_sacc/asc/JITT2.asc",NA,0,37,NA,858.3,NA,698,46,9,NA,NA
"3761",2,60,1,54,NA,NA,NA,NA,NA,NA,NA,1,1,5,NA,NA,NA,"to",NA,NA,NA,NA,NA,NA,NA,NA,5,NA,NA,NA,NA,NA,"C:/Data/corr_sacc/asc/JITT2.asc",NA,NA,NA,NA,NA,NA,NA,NA,NA,NA,NA
"3762",2,60,1,54,NA,NA,NA,NA,NA,NA,NA,1,1,6,NA,NA,NA,"a",NA,NA,NA,NA,NA,NA,NA,NA,6,NA,NA,NA,NA,NA,"C:/Data/corr_sacc/asc/JITT2.asc",NA,NA,NA,NA,NA,NA,NA,NA,NA,NA,NA
"3763",2,60,1,54,NA,NA,NA,NA,NA,NA,NA,1,1,10,NA,NA,NA,"had",NA,NA,NA,NA,NA,NA,NA,NA,10,NA,NA,NA,NA,NA,"C:/Data/corr_sacc/asc/JITT2.asc",0,NA,NA,NA,NA,NA,NA,NA,NA,NA,NA
"3764",2,67,2,55,6077270,6077410,559.5,515.4,1,140,33,1,1,4,4,16,16,"witness",1,NA,0,0,0,1,536,0,4,54,0,NA,0,NA,"C:/Data/corr_sacc/asc/JITT2.asc",0,0,NA,19,NA,625.2,NA,NA,NA,16,NA
"3765",2,67,2,55,6077433,6077578,625.2,521.6,2,145,22,1,1,4,4,19,19,"witness",4,3,0,0,0,1,699,0,4,54,0,NA,0,NA,"C:/Data/corr_sacc/asc/JITT2.asc",0,0,16,12,559.5,485.8,515.4,54,38,19,NA
"3766",2,67,2,55,6077603,6077812,485.8,513.5,3,209,24,1,1,3,3,12,12,"expert",4,7,0,0,0,1,869,0,3,54,1,NA,0,NA,"C:/Data/corr_sacc/asc/JITT2.asc",0,0,19,31,625.2,837.6,521.6,54,35,12,NA
"3767",2,67,2,55,6077851,6078048,837.6,513.3,4,197,38,1,1,6,6,31,31,"well",4,19,0,0,0,1,1117,0,6,54,0,NA,0,NA,"C:/Data/corr_sacc/asc/JITT2.asc",0,0,12,24,485.8,707.6,513.5,54,42,31,NA
"3768",2,67,2,55,6078073,6078133,707.6,504.2,5,60,24,1,1,5,5,24,24,"was",1,7,0,0,0,1,1339,0,5,54,1,NA,0,NA,"C:/Data/corr_sacc/asc/JITT2.asc",0,0,31,11,837.6,465.2,513.3,54,23,24,NA
"3769",2,67,2,55,6078176,6078448,465.2,492.6,6,272,42,1,1,3,3,11,11,"expert",3,13,0,0,0,1,1442,0,3,54,1,NA,0,NA,"C:/Data/corr_sacc/asc/JITT2.asc",0,0,24,7,707.6,392.8,504.2,54,30,11,NA
"3770",2,67,2,55,6078468,6078692,392.8,504.6,7,224,19,1,1,2,2,7,7,"old",3,4,0,0,0,1,1734,0,2,54,1,NA,0,NA,"C:/Data/corr_sacc/asc/JITT2.asc",0,0,11,18,465.2,608.1,492.6,54,43,7,NA
"3771",2,67,2,55,6078726,6078919,608.1,517,8,193,33,1,1,4,4,18,18,"witness",3,11,0,0,0,1,1992,0,4,54,1,NA,0,NA,"C:/Data/corr_sacc/asc/JITT2.asc",0,0,7,28,392.8,780.5,504.6,54,47,18,NA
"3772",2,67,2,55,6078946,6079306,780.5,513.2,9,360,26,1,1,6,6,28,28,"well",1,10,0,0,0,1,2212,0,6,54,1,NA,0,NA,"C:/Data/corr_sacc/asc/JITT2.asc",0,0,18,27,608.1,754.1,517,54,36,28,NA
"3773",2,67,2,55,6079315,6079428,754.1,520.6,10,113,8,1,1,6,6,27,27,"well",0,1,0,0,0,1,2581,0,6,54,1,NA,0,NA,"C:/Data/corr_sacc/asc/JITT2.asc",0,0,28,38,780.5,968.4,513.2,54,26,27,NA
"3774",2,67,2,55,6079460,6079699,968.4,516.2,11,239,31,1,1,8,8,38,38,"around",0,11,0,0,0,1,2726,0,8,54,0,NA,0,NA,"C:/Data/corr_sacc/asc/JITT2.asc",0,0,27,45,754.1,1089.2,520.6,54,27,38,NA
"3775",2,67,2,55,6079726,6079762,1089.2,520.1,12,36,26,1,1,9,9,45,45,"the",0,7,0,0,0,1,2992,0,9,54,0,NA,0,NA,"C:/Data/corr_sacc/asc/JITT2.asc",0,0,38,51,968.4,1197.2,516.2,54,16,45,NA
"3776",2,67,2,55,6079786,6080037,1197.2,517.8,13,251,23,1,1,10,10,51,51,"world",2,6,0,0,0,1,3052,0,10,54,0,NA,0,NA,"C:/Data/corr_sacc/asc/JITT2.asc",0,0,45,25,1089.2,723.1,520.1,54,9,51,NA
"3777",2,67,2,55,6080085,6080108,723.1,543.6,14,23,47,1,1,5,5,25,25,"was",2,26,0,0,0,1,3351,0,5,54,1,NA,0,NA,"C:/Data/corr_sacc/asc/JITT2.asc",0,0,51,15,1197.2,545.5,517.8,54,3,25,NA
"3778",2,67,2,55,6080140,6080414,545.5,529.5,15,274,31,1,1,4,4,15,15,"witness",0,10,0,0,0,1,3406,0,4,54,1,NA,0,NA,"C:/Data/corr_sacc/asc/JITT2.asc",0,0,25,18,723.1,596.7,543.6,54,29,15,NA
"3779",2,67,2,55,6080438,6080679,596.7,519.4,16,241,23,1,1,4,4,18,18,"witness",3,3,0,0,0,1,3704,0,4,54,1,NA,0,NA,"C:/Data/corr_sacc/asc/JITT2.asc",0,0,15,11,545.5,478.9,529.5,54,39,18,NA
"3780",2,67,2,55,6080704,6081004,478.9,521.1,17,300,24,1,1,3,3,11,11,"expert",3,7,0,0,0,1,3970,0,3,54,1,NA,0,NA,"C:/Data/corr_sacc/asc/JITT2.asc",0,0,18,7,596.7,403,519.4,54,36,11,NA
"3781",2,67,2,55,6081027,6081177,403,531.8,18,150,22,1,1,2,2,7,7,"old",3,4,0,0,0,1,4293,0,2,54,1,NA,0,NA,"C:/Data/corr_sacc/asc/JITT2.asc",0,0,11,15,478.9,543.9,521.1,54,43,7,NA
"3782",2,67,2,55,6081204,6081400,543.9,523.6,19,196,26,1,1,4,4,15,15,"witness",0,8,0,0,0,1,4470,0,4,54,1,NA,0,NA,"C:/Data/corr_sacc/asc/JITT2.asc",0,0,7,13,403,503.4,531.8,54,47,15,NA
"3783",2,67,2,55,6081413,6081583,503.4,525,20,170,12,1,1,3,3,13,13,"expert",5,2,0,0,0,1,4679,0,3,54,1,NA,0,NA,"C:/Data/corr_sacc/asc/JITT2.asc",0,0,15,28,543.9,774.7,523.6,54,39,13,NA
"3784",2,67,2,55,6081621,6081817,774.7,513.5,21,196,37,1,1,6,6,28,28,"well",1,15,0,0,0,1,4887,0,6,54,1,NA,0,NA,"C:/Data/corr_sacc/asc/JITT2.asc",0,0,13,41,503.4,1018.7,525,54,41,28,NA
"3785",2,67,2,55,6081853,6082034,1018.7,506.3,22,181,35,1,1,8,8,41,41,"around",3,13,0,0,0,1,5119,0,8,54,1,NA,0,NA,"C:/Data/corr_sacc/asc/JITT2.asc",0,0,28,35,774.7,910,513.5,54,26,41,NA
"3786",2,67,2,55,6082059,6082226,910,500,23,167,24,1,1,7,7,35,35,"known",3,6,0,0,0,1,5325,0,7,54,1,NA,0,NA,"C:/Data/corr_sacc/asc/JITT2.asc",0,0,41,50,1018.7,1175.8,506.3,54,13,35,NA
"3787",2,67,2,55,6082260,6082435,1175.8,495.2,24,175,33,1,1,10,10,50,50,"world",1,15,0,0,0,1,5526,0,10,54,1,NA,0,NA,"C:/Data/corr_sacc/asc/JITT2.asc",1,0,35,10,910,446.5,500,54,19,50,NA
"3788",2,67,2,55,6082502,6082615,446.5,725.6,25,113,66,1,2,13,13,64,10,"great",2,40,0,0,0,1,5768,1,3,45,0,NA,1,"undersweep","C:/Data/corr_sacc/asc/JITT2.asc",0,0,50,5,1175.8,356.9,495.2,54,4,10,1
"3789",2,67,2,55,6082640,6082883,356.9,741.1,26,243,24,1,2,12,12,59,5,"her",1,5,0,0,0,1,5906,0,2,45,1,NA,0,NA,"C:/Data/corr_sacc/asc/JITT2.asc",0,1,10,3,446.5,321.3,725.6,45,35,5,NA
"3790",2,67,2,55,6082904,6083066,321.3,746.1,27,162,20,1,2,11,11,57,3,"for",3,2,0,0,0,1,6170,0,1,45,1,NA,0,NA,"C:/Data/corr_sacc/asc/JITT2.asc",0,0,5,14,356.9,533.7,741.1,45,40,3,NA
"3791",2,67,2,55,6083104,6083341,533.7,736.1,28,237,37,1,2,14,14,68,14,"expertise",0,11,0,0,0,1,6370,0,4,45,0,NA,0,NA,"C:/Data/corr_sacc/asc/JITT2.asc",0,0,3,27,321.3,756.2,746.1,45,42,14,NA
"3792",2,67,2,55,6083370,6083623,756.2,742.9,29,253,28,1,2,16,16,81,27,"forensic",0,13,0,0,0,1,6636,0,6,45,0,NA,0,NA,"C:/Data/corr_sacc/asc/JITT2.asc",0,0,14,36,533.7,928.2,736.1,45,31,27,NA
"3793",2,67,2,55,6083649,6083858,928.2,745,30,209,25,1,2,17,17,90,36,"medicine.",0,9,0,0,0,1,6915,0,7,45,0,NA,0,NA,"C:/Data/corr_sacc/asc/JITT2.asc",0,0,27,25,756.2,727.4,742.9,45,18,36,NA
"3794",2,67,2,55,6083889,6084125,727.4,736.7,31,236,30,1,2,15,15,79,25,"in",1,11,0,0,0,1,7155,0,5,45,1,NA,0,NA,"C:/Data/corr_sacc/asc/JITT2.asc",0,0,36,25,928.2,718.4,745,45,9,25,NA
"3795",2,67,2,55,6084152,6084320,718.4,515.7,32,168,26,1,1,5,5,25,25,"was",2,0,0,0,0,1,7418,0,5,54,1,NA,0,NA,"C:/Data/corr_sacc/asc/JITT2.asc",0,0,25,17,727.4,578,736.7,45,20,25,NA
"3796",2,67,2,55,6084348,6084466,578,513.1,33,118,27,1,1,4,4,17,17,"witness",2,8,0,0,0,1,7614,0,4,54,1,NA,0,NA,"C:/Data/corr_sacc/asc/JITT2.asc",NA,0,25,NA,718.4,NA,515.7,54,29,17,NA
"3797",2,67,2,55,NA,NA,NA,NA,NA,NA,NA,1,1,1,NA,NA,NA,"The",NA,NA,NA,NA,NA,NA,NA,NA,1,NA,NA,NA,NA,NA,"C:/Data/corr_sacc/asc/JITT2.asc",0,0,17,NA,578,NA,513.1,54,37,NA,NA
"3798",2,34,2,56,6086844,6086981,242,493.9,1,137,23,NA,1,NA,NA,NA,NA,NA,NA,NA,0,0,1,1,417,NA,NA,66,NA,NA,0,NA,"C:/Data/corr_sacc/asc/JITT2.asc",0,0,NA,6,NA,356.6,NA,NA,NA,1,NA
"3799",2,34,2,56,6087006,6087167,356.6,502.4,2,161,24,1,1,2,2,6,6,"disease",2,NA,0,0,0,1,579,0,2,66,0,NA,0,NA,"C:/Data/corr_sacc/asc/JITT2.asc",0,0,NA,4,242,310.5,493.9,66,NA,6,NA
"3800",2,34,2,56,6087184,6087949,310.5,515,3,765,16,1,1,2,2,4,4,"disease",0,2,0,0,0,1,757,0,2,66,0,NA,0,NA,"C:/Data/corr_sacc/asc/JITT2.asc",0,0,6,2,356.6,285.1,502.4,66,60,4,NA
"3801",2,34,2,56,6087961,6088208,285.1,517.1,4,247,11,1,1,1,1,2,2,"The",2,2,0,0,0,1,1534,0,1,66,1,NA,0,NA,"C:/Data/corr_sacc/asc/JITT2.asc",0,0,4,6,310.5,353.7,515,66,62,2,NA
"3802",2,34,2,56,6088228,6088650,353.7,528.3,5,422,19,1,1,2,2,6,6,"disease",2,4,0,0,0,1,1801,0,2,66,1,NA,0,NA,"C:/Data/corr_sacc/asc/JITT2.asc",0,0,2,10,285.1,432.3,517.1,66,64,6,NA
"3803",2,34,2,56,6088672,6089104,432.3,542,6,432,21,1,1,2,2,10,10,"disease",6,4,0,0,0,1,2245,0,2,66,1,NA,0,NA,"C:/Data/corr_sacc/asc/JITT2.asc",0,0,6,15,353.7,515.6,528.3,66,60,10,NA
"3804",2,34,2,56,6089126,6089312,515.6,542.3,7,186,21,1,1,3,3,15,15,"was",3,5,0,0,0,1,2699,0,3,66,0,NA,0,NA,"C:/Data/corr_sacc/asc/JITT2.asc",0,0,10,21,432.3,626.9,542,66,56,15,NA
"3805",2,34,2,56,6089336,6089680,626.9,525.7,8,344,23,1,1,5,5,21,21,"virulent",0,6,0,0,0,1,2909,0,5,66,0,NA,0,NA,"C:/Data/corr_sacc/asc/JITT2.asc",0,0,15,26,515.6,710.6,542.3,66,51,21,NA
"3806",2,34,2,56,6089702,6089939,710.6,521.8,9,237,21,1,1,5,5,26,26,"virulent",5,5,0,0,0,1,3275,0,5,66,0,NA,0,NA,"C:/Data/corr_sacc/asc/JITT2.asc",0,0,21,23,626.9,655.7,525.7,66,45,26,NA
"3807",2,34,2,56,6089957,6090307,655.7,516.9,10,350,17,1,1,5,5,23,23,"virulent",2,3,0,0,0,1,3530,0,5,66,0,NA,0,NA,"C:/Data/corr_sacc/asc/JITT2.asc",0,0,26,37,710.6,906.8,521.8,66,40,23,NA
"3808",2,34,2,56,6090345,6090566,906.8,514.9,11,221,37,1,1,8,8,37,37,"affected",0,14,0,0,0,1,3918,0,8,66,0,NA,0,NA,"C:/Data/corr_sacc/asc/JITT2.asc",0,0,23,34,655.7,865.7,516.9,66,43,37,NA
"3809",2,34,2,56,6090579,6090720,865.7,505.6,12,141,12,1,1,7,7,34,34,"it",0,3,0,0,0,1,4152,0,7,66,1,NA,0,NA,"C:/Data/corr_sacc/asc/JITT2.asc",0,0,37,49,906.8,1119.6,514.9,66,29,34,NA
"3810",2,34,2,56,6090754,6090979,1119.6,479.7,13,225,33,1,1,9,9,49,49,"many",3,15,0,0,0,1,4327,0,9,66,0,NA,0,NA,"C:/Data/corr_sacc/asc/JITT2.asc",0,0,34,57,865.7,1265,505.6,66,32,49,NA
"3811",2,34,2,56,6091004,6091309,1265,485.8,14,305,24,1,1,11,11,57,57,"the",3,8,0,0,0,1,4577,0,11,66,0,NA,0,NA,"C:/Data/corr_sacc/asc/JITT2.asc",1,0,49,11,1119.6,451.6,479.7,66,17,57,NA
"3812",2,34,2,56,6091375,6091448,451.6,666.9,15,73,65,1,2,15,15,77,11,"visiting",2,46,0,0,0,1,4948,0,3,55,0,NA,1,"undersweep","C:/Data/corr_sacc/asc/JITT2.asc",0,0,57,5,1265,334.8,485.8,66,9,11,1
"3813",2,34,2,56,6091479,6091593,334.8,706.7,16,114,30,1,2,14,14,71,5,"were",1,6,0,0,0,1,5052,0,2,55,1,NA,0,NA,"C:/Data/corr_sacc/asc/JITT2.asc",0,1,11,2,451.6,286.7,666.9,55,44,5,NA
"3814",2,34,2,56,6091613,6091811,286.7,716.6,17,198,19,1,2,13,13,68,2,"who",2,3,0,0,0,1,5186,0,1,55,1,NA,0,NA,"C:/Data/corr_sacc/asc/JITT2.asc",0,0,5,20,334.8,603.3,706.7,55,50,2,NA
"3815",2,34,2,56,6091846,6092113,603.3,731.3,18,267,34,1,2,16,16,86,20,"the",2,18,0,0,0,1,5419,0,4,55,0,NA,0,NA,"C:/Data/corr_sacc/asc/JITT2.asc",0,0,2,28,286.7,747.6,716.6,55,53,20,NA
"3816",2,34,2,56,6092140,6092223,747.6,742.8,19,83,26,1,2,18,18,94,28,"day",1,8,0,0,0,1,5713,0,6,55,0,NA,0,NA,"C:/Data/corr_sacc/asc/JITT2.asc",0,0,20,37,603.3,909.4,731.3,55,35,28,NA
"3817",2,34,2,56,6092251,6092441,909.4,729.5,20,190,27,1,2,20,20,103,37,"centre",1,9,0,0,0,1,5824,0,8,55,0,NA,0,NA,"C:/Data/corr_sacc/asc/JITT2.asc",0,0,28,32,747.6,823.1,742.8,55,27,37,NA
"3818",2,34,2,56,6092464,6092717,823.1,728.6,21,253,22,1,2,19,19,98,32,"care",1,5,0,0,0,1,6037,0,7,55,1,NA,0,NA,"C:/Data/corr_sacc/asc/JITT2.asc",0,0,37,27,909.4,728.4,729.5,55,18,32,NA
"3819",2,34,2,56,6092740,6092865,728.4,739.2,22,125,22,1,2,18,18,93,27,"day",0,5,0,0,0,1,6313,0,6,55,1,NA,0,NA,"C:/Data/corr_sacc/asc/JITT2.asc",0,0,32,24,823.1,682.8,728.6,55,23,27,NA
"3820",2,34,2,56,6093029,6093126,682.8,710.6,23,97,163,1,2,17,17,90,24,"same",2,3,1,0,0,1,6602,0,5,55,NA,NA,0,NA,"C:/Data/corr_sacc/asc/JITT2.asc",0,0,27,31,728.4,797.6,739.2,55,28,24,NA
"3821",2,34,2,56,6093152,6093408,797.6,713.2,24,256,25,1,2,19,19,97,31,"care",0,7,0,0,0,1,6725,0,7,55,1,NA,0,NA,"C:/Data/corr_sacc/asc/JITT2.asc",0,0,24,37,682.8,907.4,710.6,55,31,31,NA
"3822",2,34,2,56,6093431,6093590,907.4,721.7,25,159,22,1,2,20,20,103,37,"centre",1,6,0,0,0,1,7004,0,8,55,1,NA,0,NA,"C:/Data/corr_sacc/asc/JITT2.asc",0,0,31,44,797.6,1036.8,713.2,55,24,37,NA
"3823",2,34,2,56,6093615,6093981,1036.8,734,26,366,24,1,2,21,21,110,44,"in",1,7,0,0,0,1,7188,0,9,55,0,NA,0,NA,"C:/Data/corr_sacc/asc/JITT2.asc",0,0,37,9,907.4,399.6,721.7,55,18,44,NA
"3824",2,34,2,56,6094041,6094139,399.6,543,27,98,59,1,1,2,2,9,9,"disease",5,35,0,0,0,1,7614,0,2,66,1,NA,0,NA,"C:/Data/corr_sacc/asc/JITT2.asc",0,0,44,3,1036.8,308.9,734,55,11,9,NA
"3825",2,34,2,56,6094162,6094358,308.9,530.8,28,196,22,1,1,1,1,3,3,"The",3,6,0,0,0,1,7735,0,1,66,1,NA,0,NA,"C:/Data/corr_sacc/asc/JITT2.asc",0,0,9,13,399.6,484.6,543,66,57,3,NA
"3826",2,34,2,56,6094386,6094584,484.6,529.9,29,198,27,1,1,3,3,13,13,"was",1,10,0,0,0,1,7959,0,3,66,1,NA,0,NA,"C:/Data/corr_sacc/asc/JITT2.asc",0,0,3,11,308.9,445.2,530.8,66,63,13,NA
"3827",2,34,2,56,6094604,6094685,445.2,531.2,30,81,19,1,1,2,2,11,11,"disease",7,2,0,0,0,1,8177,0,2,66,1,NA,0,NA,"C:/Data/corr_sacc/asc/JITT2.asc",0,0,13,23,484.6,659.5,529.9,66,53,11,NA
"3828",2,34,2,56,6094716,6095001,659.5,530.2,31,285,30,1,1,5,5,23,23,"virulent",2,12,0,0,0,1,8289,0,5,66,1,NA,0,NA,"C:/Data/corr_sacc/asc/JITT2.asc",0,0,11,21,445.2,627.7,531.2,66,55,23,NA
"3829",2,34,2,56,6095016,6095262,627.7,527.1,32,246,14,1,1,5,5,21,21,"virulent",0,2,0,0,0,1,8589,0,5,66,1,NA,0,NA,"C:/Data/corr_sacc/asc/JITT2.asc",0,0,23,31,659.5,809.9,530.2,66,43,21,NA
"3830",2,34,2,56,6095294,6095412,809.9,541.1,33,118,31,1,1,6,6,31,31,"and",1,10,0,0,0,1,8867,0,6,66,1,NA,0,NA,"C:/Data/corr_sacc/asc/JITT2.asc",0,0,21,36,627.7,891.5,527.1,66,45,31,NA
"3831",2,34,2,56,6095438,6095710,891.5,548.2,34,272,25,1,1,7,7,36,36,"it",2,5,0,0,0,1,9011,0,7,66,1,NA,0,NA,"C:/Data/corr_sacc/asc/JITT2.asc",0,0,31,46,809.9,1067,541.1,66,35,36,NA
"3832",2,34,2,56,6095738,6095962,1067,558,35,224,27,1,1,9,9,46,46,"many",0,10,0,0,0,1,9311,0,9,66,1,NA,0,NA,"C:/Data/corr_sacc/asc/JITT2.asc",0,0,36,53,891.5,1201.9,548.2,66,30,46,NA
"3833",2,34,2,56,6095987,6096123,1201.9,558.3,36,136,24,1,1,10,10,53,53,"of",2,7,0,0,0,1,9560,0,10,66,1,NA,0,NA,"C:/Data/corr_sacc/asc/JITT2.asc",0,0,46,57,1067,1277.2,558,66,20,53,NA
"3834",2,34,2,56,6096144,6096288,1277.2,559.4,37,144,20,1,1,11,11,57,57,"the",3,4,0,0,0,1,9717,0,11,66,1,NA,0,NA,"C:/Data/corr_sacc/asc/JITT2.asc",0,0,53,5,1201.9,330.6,558.3,66,13,57,NA
"3835",2,34,2,56,6096361,6096499,330.6,732.7,38,138,72,1,2,14,14,71,5,"were",1,52,0,0,0,1,9934,0,2,55,1,NA,0,NA,"C:/Data/corr_sacc/asc/JITT2.asc",0,0,57,1,1277.2,260.2,559.4,66,9,5,NA
"3836",2,34,2,56,6096523,6096699,260.2,746.7,39,176,23,1,2,13,13,67,1,"who",1,4,0,0,0,1,10096,0,1,55,1,NA,0,NA,"C:/Data/corr_sacc/asc/JITT2.asc",0,0,5,18,330.6,563.2,732.7,55,50,1,NA
"3837",2,34,2,56,6096735,6097058,563.2,750.6,40,323,35,1,2,16,16,84,18,"the",0,17,0,0,0,1,10308,0,4,55,1,NA,0,NA,"C:/Data/corr_sacc/asc/JITT2.asc",0,0,1,27,260.2,725.9,746.7,55,54,18,NA
"3838",2,34,2,56,6097086,6097245,725.9,753.9,41,159,27,1,2,18,18,93,27,"day",0,9,0,0,0,1,10659,0,6,55,1,NA,0,NA,"C:/Data/corr_sacc/asc/JITT2.asc",0,0,18,36,563.2,886,750.6,55,37,27,NA
"3839",2,34,2,56,6097273,6097484,886,755.6,42,211,27,1,2,20,20,102,36,"centre",0,9,0,0,0,1,10846,0,8,55,1,NA,0,NA,"C:/Data/corr_sacc/asc/JITT2.asc",0,0,27,45,725.9,1057.9,753.9,55,28,36,NA
"3840",2,34,2,56,6097509,6097594,1057.9,755.1,43,85,24,1,2,21,21,111,45,"in",2,9,0,0,0,1,11082,0,9,55,1,NA,0,NA,"C:/Data/corr_sacc/asc/JITT2.asc",NA,0,36,NA,886,NA,755.6,55,19,45,NA
"3841",2,34,2,56,NA,NA,NA,NA,NA,NA,NA,1,1,4,NA,NA,NA,"very",NA,NA,NA,NA,NA,NA,NA,NA,4,NA,NA,NA,NA,NA,"C:/Data/corr_sacc/asc/JITT2.asc",NA,0,45,NA,1057.9,NA,755.1,55,10,NA,NA
"3842",2,34,2,56,NA,NA,NA,NA,NA,NA,NA,1,1,12,NA,NA,NA,"children",NA,NA,NA,NA,NA,NA,NA,NA,12,NA,NA,NA,NA,NA,"C:/Data/corr_sacc/asc/JITT2.asc",NA,NA,NA,NA,NA,NA,NA,NA,NA,NA,NA
"3843",2,34,2,56,NA,NA,NA,NA,NA,NA,NA,1,2,22,NA,NA,NA,"the",NA,NA,NA,NA,NA,NA,NA,NA,10,NA,NA,NA,NA,NA,"C:/Data/corr_sacc/asc/JITT2.asc",NA,NA,NA,NA,NA,NA,NA,NA,NA,NA,NA
"3844",2,34,2,56,NA,NA,NA,NA,NA,NA,NA,1,2,23,NA,NA,NA,"city.",NA,NA,NA,NA,NA,NA,NA,NA,11,NA,NA,NA,NA,NA,"C:/Data/corr_sacc/asc/JITT2.asc",0,NA,NA,NA,NA,NA,NA,NA,NA,NA,NA
"3845",2,20,3,57,6103778,6103984,329.4,475.2,1,206,24,1,1,2,2,7,7,"new",3,NA,0,0,0,1,828,0,2,66,0,NA,0,NA,"C:/Data/corr_sacc/asc/JITT2.asc",0,0,NA,17,NA,509.4,NA,NA,NA,7,NA
"3846",2,20,3,57,6104009,6104216,509.4,496.1,2,207,24,1,1,4,4,17,17,"executive",2,10,0,0,0,1,1059,0,4,66,0,NA,0,NA,"C:/Data/corr_sacc/asc/JITT2.asc",0,0,7,26,329.4,672.2,475.2,66,59,17,NA
"3847",2,20,3,57,6104248,6104493,672.2,510.1,3,245,31,1,1,5,5,26,26,"worked",1,9,0,0,0,1,1298,0,5,66,0,NA,0,NA,"C:/Data/corr_sacc/asc/JITT2.asc",0,0,17,36,509.4,860.1,496.1,66,49,26,NA
"3848",2,20,3,57,6104523,6104737,860.1,522.2,4,214,29,1,1,6,6,36,36,"extremely",4,10,0,0,0,1,1573,0,6,66,0,NA,0,NA,"C:/Data/corr_sacc/asc/JITT2.asc",0,0,26,23,672.2,622.7,510.1,66,40,36,NA
"3849",2,20,3,57,6104781,6105011,622.7,502.4,5,230,43,1,1,4,4,23,23,"executive",8,13,0,0,0,1,1831,0,4,66,1,NA,0,NA,"C:/Data/corr_sacc/asc/JITT2.asc",0,0,36,33,860.1,800.2,522.2,66,30,23,NA
"3850",2,20,3,57,6105043,6105200,800.2,509.1,6,157,31,1,1,6,6,33,33,"extremely",1,10,0,0,0,1,2093,0,6,66,1,NA,0,NA,"C:/Data/corr_sacc/asc/JITT2.asc",0,0,23,39,622.7,921.1,502.4,66,43,33,NA
"3851",2,20,3,57,6105225,6105351,921.1,520,7,126,24,1,1,6,6,39,39,"extremely",7,6,0,0,0,1,2275,0,6,66,1,NA,0,NA,"C:/Data/corr_sacc/asc/JITT2.asc",0,0,33,49,800.2,1088.5,509.1,66,33,39,NA
"3852",2,20,3,57,6105381,6105552,1088.5,528.3,8,171,29,1,1,8,8,49,49,"this",2,10,0,0,0,1,2431,0,8,66,0,NA,0,NA,"C:/Data/corr_sacc/asc/JITT2.asc",0,0,39,55,921.1,1197.2,520,66,27,49,NA
"3853",2,20,3,57,6105575,6105747,1197.2,524.7,9,172,22,1,1,9,9,55,55,"quarter,",3,6,0,0,0,1,2625,0,9,66,0,NA,0,NA,"C:/Data/corr_sacc/asc/JITT2.asc",0,0,49,50,1088.5,1117,528.3,66,17,55,NA
"3854",2,20,3,57,6105770,6105978,1117,520.5,10,208,22,1,1,8,8,50,50,"this",3,5,0,0,0,1,2820,0,8,66,1,NA,0,NA,"C:/Data/corr_sacc/asc/JITT2.asc",0,0,55,62,1197.2,1329.6,524.7,66,11,50,NA
"3855",2,20,3,57,6106012,6106101,1329.6,530.5,11,89,33,1,1,10,10,62,62,"which",1,12,0,0,0,1,3062,0,10,66,0,NA,0,NA,"C:/Data/corr_sacc/asc/JITT2.asc",0,0,50,64,1117,1359,520.5,66,16,62,NA
"3856",2,20,3,57,6106121,6106190,1359,532.7,12,69,19,1,1,10,10,64,64,"which",3,2,0,0,0,1,3171,0,10,66,0,NA,0,NA,"C:/Data/corr_sacc/asc/JITT2.asc",1,0,62,7,1329.6,338.3,530.5,66,4,64,NA
"3857",2,20,3,57,6106266,6106458,338.3,716.3,13,192,75,1,2,13,13,73,7,"a",0,57,0,0,0,1,3316,0,3,37,0,NA,1,"accurate","C:/Data/corr_sacc/asc/JITT2.asc",0,0,64,16,1359,504.6,532.7,66,2,7,0
"3858",2,20,3,57,6106496,6106709,504.6,717.3,14,213,37,1,2,14,14,82,16,"dramatic",7,9,0,0,0,1,3546,0,4,37,0,NA,0,NA,"C:/Data/corr_sacc/asc/JITT2.asc",0,1,7,23,338.3,629.8,716.3,37,30,16,NA
"3859",2,20,3,57,6106743,6106900,629.8,721.6,15,157,33,1,2,16,16,89,23,"in",0,7,0,0,0,1,3793,0,6,37,0,NA,0,NA,"C:/Data/corr_sacc/asc/JITT2.asc",0,0,16,31,504.6,775.1,717.3,37,21,23,NA
"3860",2,20,3,57,6106927,6107171,775.1,726.7,16,244,26,1,2,18,18,97,31,"salary.",1,8,0,0,0,1,3977,0,8,37,0,NA,0,NA,"C:/Data/corr_sacc/asc/JITT2.asc",0,0,23,28,629.8,709.8,721.6,37,14,31,NA
"3861",2,20,3,57,6107192,6107307,709.8,730.2,17,115,20,1,2,17,17,94,28,"her",2,3,0,0,0,1,4242,0,7,37,1,NA,0,NA,"C:/Data/corr_sacc/asc/JITT2.asc",0,0,31,10,775.1,393.3,726.7,37,6,28,NA
"3862",2,20,3,57,6107354,6107609,393.3,727.4,18,255,46,1,2,14,14,76,10,"dramatic",1,18,0,0,0,1,4404,0,4,37,1,NA,0,NA,"C:/Data/corr_sacc/asc/JITT2.asc",0,0,28,53,709.8,1164.1,730.2,37,9,10,NA
"3863",2,20,3,57,6107665,6107762,1164.1,522.5,19,97,55,1,1,9,9,53,53,"quarter,",1,43,0,0,0,1,4715,0,9,66,1,NA,0,NA,"C:/Data/corr_sacc/asc/JITT2.asc",NA,0,10,NA,393.3,NA,727.4,37,27,53,NA
"3864",2,20,3,57,NA,NA,NA,NA,NA,NA,NA,1,1,1,NA,NA,NA,"The",NA,NA,NA,NA,NA,NA,NA,NA,1,NA,NA,NA,NA,NA,"C:/Data/corr_sacc/asc/JITT2.asc",NA,0,53,NA,1164.1,NA,522.5,66,13,NA,NA
"3865",2,20,3,57,NA,NA,NA,NA,NA,NA,NA,1,1,3,NA,NA,NA,"female",NA,NA,NA,NA,NA,NA,NA,NA,3,NA,NA,NA,NA,NA,"C:/Data/corr_sacc/asc/JITT2.asc",NA,NA,NA,NA,NA,NA,NA,NA,NA,NA,NA
"3866",2,20,3,57,NA,NA,NA,NA,NA,NA,NA,1,1,7,NA,NA,NA,"hard",NA,NA,NA,NA,NA,NA,NA,NA,7,NA,NA,NA,NA,NA,"C:/Data/corr_sacc/asc/JITT2.asc",NA,NA,NA,NA,NA,NA,NA,NA,NA,NA,NA
"3867",2,20,3,57,NA,NA,NA,NA,NA,NA,NA,1,2,11,NA,NA,NA,"led",NA,NA,NA,NA,NA,NA,NA,NA,1,NA,NA,NA,NA,NA,"C:/Data/corr_sacc/asc/JITT2.asc",NA,NA,NA,NA,NA,NA,NA,NA,NA,NA,NA
"3868",2,20,3,57,NA,NA,NA,NA,NA,NA,NA,1,2,12,NA,NA,NA,"to",NA,NA,NA,NA,NA,NA,NA,NA,2,NA,NA,NA,NA,NA,"C:/Data/corr_sacc/asc/JITT2.asc",NA,NA,NA,NA,NA,NA,NA,NA,NA,NA,NA
"3869",2,20,3,57,NA,NA,NA,NA,NA,NA,NA,1,2,15,NA,NA,NA,"rise",NA,NA,NA,NA,NA,NA,NA,NA,5,NA,NA,NA,NA,NA,"C:/Data/corr_sacc/asc/JITT2.asc",0,NA,NA,NA,NA,NA,NA,NA,NA,NA,NA
"3870",2,21,1,58,6133516,6133644,398.9,515.4,1,128,24,1,1,2,2,8,8,"dark",4,NA,0,0,0,1,460,0,2,54,0,NA,0,NA,"C:/Data/corr_sacc/asc/JITT2.asc",0,0,NA,5,NA,335.4,NA,NA,NA,8,NA
"3871",2,21,1,58,6133665,6133805,335.4,518.6,2,140,20,1,1,2,2,5,5,"dark",1,3,0,0,0,1,609,0,2,54,0,NA,0,NA,"C:/Data/corr_sacc/asc/JITT2.asc",0,0,8,16,398.9,539.1,515.4,54,46,5,NA
"3872",2,21,1,58,6133836,6133936,539.1,508.8,3,100,30,1,1,4,4,16,16,"eyes",2,11,0,0,0,1,780,0,4,54,0,NA,0,NA,"C:/Data/corr_sacc/asc/JITT2.asc",0,0,5,26,335.4,720.3,518.6,54,49,16,NA
"3873",2,21,1,58,6134080,6134289,720.3,530,4,209,143,1,1,5,5,26,26,"gleamed",7,10,1,0,0,1,1024,0,5,54,NA,NA,0,NA,"C:/Data/corr_sacc/asc/JITT2.asc",0,0,16,33,539.1,841.7,508.8,54,38,26,NA
"3874",2,21,1,58,6134314,6134500,841.7,527.6,5,186,24,1,1,7,7,33,33,"joy,",1,7,0,0,0,1,1258,0,7,54,0,NA,0,NA,"C:/Data/corr_sacc/asc/JITT2.asc",0,0,26,44,720.3,1045.8,530,54,28,33,NA
"3875",2,21,1,58,6134531,6134680,1045.8,535.5,6,149,30,1,1,9,9,44,44,"his",3,11,0,0,0,1,1475,0,9,54,0,NA,0,NA,"C:/Data/corr_sacc/asc/JITT2.asc",0,0,33,49,841.7,1135.1,527.6,54,21,44,NA
"3876",2,21,1,58,6134705,6134860,1135.1,541.2,7,155,24,1,1,10,10,49,49,"pale",4,5,0,0,0,1,1649,0,10,54,0,NA,0,NA,"C:/Data/corr_sacc/asc/JITT2.asc",0,0,44,50,1045.8,1156.6,535.5,54,10,49,NA
"3877",2,21,1,58,6134878,6135092,1156.6,539.2,8,214,17,1,1,11,11,50,50,"face",0,1,0,0,0,1,1822,0,11,54,0,NA,0,NA,"C:/Data/corr_sacc/asc/JITT2.asc",1,0,49,11,1135.1,452.8,541.2,54,5,50,NA
"3878",2,21,1,58,6135145,6135239,452.8,719.9,9,94,52,1,2,14,14,65,11,"flushed",3,39,0,0,0,1,2089,0,3,39,0,NA,1,"undersweep","C:/Data/corr_sacc/asc/JITT2.asc",0,0,50,5,1156.6,343.7,539.2,54,4,11,1
"3879",2,21,1,58,6135265,6135512,343.7,737.7,10,247,25,1,2,13,13,59,5,"now",1,6,0,0,0,1,2209,0,2,39,1,NA,0,NA,"C:/Data/corr_sacc/asc/JITT2.asc",0,1,11,22,452.8,644,719.9,39,28,5,NA
"3880",2,21,1,58,6135557,6135799,644,746,11,242,44,1,2,16,16,76,22,"unusually",2,17,0,0,0,1,2501,0,5,39,0,NA,0,NA,"C:/Data/corr_sacc/asc/JITT2.asc",0,0,5,32,343.7,826.5,737.7,39,34,22,NA
"3881",2,21,1,58,6135827,6135968,826.5,731.7,12,141,27,1,2,17,17,86,32,"animated.",2,10,0,0,0,1,2771,0,6,39,0,NA,0,NA,"C:/Data/corr_sacc/asc/JITT2.asc",0,0,22,34,644,865.5,746,39,17,32,NA
"3882",2,21,1,58,6135992,6136192,865.5,724.5,13,200,23,1,2,17,17,88,34,"animated.",4,2,0,0,0,1,2936,0,6,39,0,NA,0,NA,"C:/Data/corr_sacc/asc/JITT2.asc",NA,0,32,NA,826.5,NA,731.7,39,7,34,NA
"3883",2,21,1,58,NA,NA,NA,NA,NA,NA,NA,1,1,1,NA,NA,NA,"His",NA,NA,NA,NA,NA,NA,NA,NA,1,NA,NA,NA,NA,NA,"C:/Data/corr_sacc/asc/JITT2.asc",NA,0,34,NA,865.5,NA,724.5,39,5,NA,NA
"3884",2,21,1,58,NA,NA,NA,NA,NA,NA,NA,1,1,3,NA,NA,NA,"blue",NA,NA,NA,NA,NA,NA,NA,NA,3,NA,NA,NA,NA,NA,"C:/Data/corr_sacc/asc/JITT2.asc",NA,NA,NA,NA,NA,NA,NA,NA,NA,NA,NA
"3885",2,21,1,58,NA,NA,NA,NA,NA,NA,NA,1,1,6,NA,NA,NA,"with",NA,NA,NA,NA,NA,NA,NA,NA,6,NA,NA,NA,NA,NA,"C:/Data/corr_sacc/asc/JITT2.asc",NA,NA,NA,NA,NA,NA,NA,NA,NA,NA,NA
"3886",2,21,1,58,NA,NA,NA,NA,NA,NA,NA,1,1,8,NA,NA,NA,"and",NA,NA,NA,NA,NA,NA,NA,NA,8,NA,NA,NA,NA,NA,"C:/Data/corr_sacc/asc/JITT2.asc",NA,NA,NA,NA,NA,NA,NA,NA,NA,NA,NA
"3887",2,21,1,58,NA,NA,NA,NA,NA,NA,NA,1,2,12,NA,NA,NA,"was",NA,NA,NA,NA,NA,NA,NA,NA,1,NA,NA,NA,NA,NA,"C:/Data/corr_sacc/asc/JITT2.asc",NA,NA,NA,NA,NA,NA,NA,NA,NA,NA,NA
"3888",2,21,1,58,NA,NA,NA,NA,NA,NA,NA,1,2,15,NA,NA,NA,"and",NA,NA,NA,NA,NA,NA,NA,NA,4,NA,NA,NA,NA,NA,"C:/Data/corr_sacc/asc/JITT2.asc",0,NA,NA,NA,NA,NA,NA,NA,NA,NA,NA
"3889",2,56,3,59,6141918,6142058,403,479.9,1,140,26,1,1,3,3,8,8,"middle-sized",1,NA,0,0,0,1,922,0,3,53,0,NA,0,NA,"C:/Data/corr_sacc/asc/JITT2.asc",0,0,NA,17,NA,560.7,NA,NA,NA,8,NA
"3890",2,56,3,59,6142084,6142230,560.7,469,2,146,25,1,1,3,3,17,17,"middle-sized",10,9,0,0,0,1,1088,0,3,53,0,NA,0,NA,"C:/Data/corr_sacc/asc/JITT2.asc",0,0,8,19,403,600.3,479.9,53,45,17,NA
"3891",2,56,3,59,6142248,6142438,600.3,467,3,190,17,1,1,3,3,19,19,"middle-sized",12,2,0,0,0,1,1252,0,3,53,0,NA,0,NA,"C:/Data/corr_sacc/asc/JITT2.asc",0,0,17,15,560.7,529.1,469,53,36,19,NA
"3892",2,56,3,59,6142461,6142719,529.1,472.9,4,258,22,1,1,3,3,15,15,"middle-sized",8,4,0,0,0,1,1465,0,3,53,0,NA,0,NA,"C:/Data/corr_sacc/asc/JITT2.asc",0,0,19,10,600.3,436.4,467,53,34,15,NA
"3893",2,56,3,59,6142742,6142897,436.4,477,5,155,22,1,1,3,3,10,10,"middle-sized",3,5,0,0,0,1,1746,0,3,53,0,NA,0,NA,"C:/Data/corr_sacc/asc/JITT2.asc",0,0,15,30,529.1,794.3,472.9,53,38,10,NA
"3894",2,56,3,59,6142944,6143142,794.3,475.7,6,198,46,1,1,5,5,30,30,"numerous",4,20,0,0,0,1,1948,0,5,53,0,NA,0,NA,"C:/Data/corr_sacc/asc/JITT2.asc",0,0,10,38,436.4,926.7,477,53,43,30,NA
"3895",2,56,3,59,6143167,6143420,926.7,492.8,7,253,24,1,1,6,6,38,38,"local",3,8,0,0,0,1,2171,0,6,53,0,NA,0,NA,"C:/Data/corr_sacc/asc/JITT2.asc",0,0,30,43,794.3,1027.1,475.7,53,23,38,NA
"3896",2,56,3,59,6143444,6143663,1027.1,507,8,219,23,1,1,7,7,43,43,"cafes",2,5,0,0,0,1,2448,0,7,53,0,NA,0,NA,"C:/Data/corr_sacc/asc/JITT2.asc",0,0,38,45,926.7,1054.1,492.8,53,15,43,NA
"3897",2,56,3,59,6143681,6143774,1054.1,523.3,9,93,17,1,1,7,7,45,45,"cafes",4,2,0,0,0,1,2685,0,7,53,0,NA,0,NA,"C:/Data/corr_sacc/asc/JITT2.asc",0,0,43,51,1027.1,1160.6,507,53,10,45,NA
"3898",2,56,3,59,6143800,6143961,1160.6,521.4,10,161,25,1,1,8,8,51,51,"serve",4,6,0,0,0,1,2804,0,8,53,0,NA,0,NA,"C:/Data/corr_sacc/asc/JITT2.asc",1,0,45,9,1054.1,404.1,523.3,53,8,51,NA
"3899",2,56,3,59,6144014,6144146,404.1,704.6,11,132,52,1,2,11,11,62,9,"pastries",0,42,0,0,0,1,3018,0,2,41,0,NA,1,"undersweep","C:/Data/corr_sacc/asc/JITT2.asc",0,0,51,5,1160.6,342.7,521.4,53,2,9,1
"3900",2,56,3,59,6144170,6144250,342.7,722.1,12,80,23,1,2,10,10,58,5,"fabulous",5,4,0,0,0,1,3174,0,1,41,1,NA,0,NA,"C:/Data/corr_sacc/asc/JITT2.asc",0,1,9,14,404.1,503.3,704.6,41,32,5,NA
"3901",2,56,3,59,6144281,6144510,503.3,725.5,13,229,30,1,2,11,11,67,14,"pastries",5,9,0,0,0,1,3285,0,2,41,1,NA,0,NA,"C:/Data/corr_sacc/asc/JITT2.asc",0,0,5,28,342.7,748,722.1,41,36,14,NA
"3902",2,56,3,59,6144545,6144714,748,720.9,14,169,34,1,2,13,13,81,28,"freshly",6,14,0,0,0,1,3549,0,4,41,0,NA,0,NA,"C:/Data/corr_sacc/asc/JITT2.asc",0,0,14,36,503.3,898,725.5,41,27,28,NA
"3903",2,56,3,59,6144741,6144947,898,718.4,15,206,26,1,2,14,14,89,36,"brewed",6,8,0,0,0,1,3745,0,5,41,0,NA,0,NA,"C:/Data/corr_sacc/asc/JITT2.asc",0,0,28,32,748,821.2,720.9,41,13,36,NA
"3904",2,56,3,59,6144968,6145122,821.2,710.3,16,154,20,1,2,14,14,85,32,"brewed",2,4,0,0,0,1,3972,0,5,41,0,NA,0,NA,"C:/Data/corr_sacc/asc/JITT2.asc",0,0,36,37,898,922.2,718.4,41,5,32,NA
"3905",2,56,3,59,6145146,6145253,922.2,701.4,17,107,23,1,2,15,15,90,37,"tea.",0,5,0,0,0,1,4150,0,6,41,0,NA,0,NA,"C:/Data/corr_sacc/asc/JITT2.asc",NA,0,32,NA,821.2,NA,710.3,41,9,37,NA
"3906",2,56,3,59,NA,NA,NA,NA,NA,NA,NA,1,1,1,NA,NA,NA,"In",NA,NA,NA,NA,NA,NA,NA,NA,1,NA,NA,NA,NA,NA,"C:/Data/corr_sacc/asc/JITT2.asc",NA,0,37,NA,922.2,NA,701.4,41,4,NA,NA
"3907",2,56,3,59,NA,NA,NA,NA,NA,NA,NA,1,1,2,NA,NA,NA,"our",NA,NA,NA,NA,NA,NA,NA,NA,2,NA,NA,NA,NA,NA,"C:/Data/corr_sacc/asc/JITT2.asc",NA,NA,NA,NA,NA,NA,NA,NA,NA,NA,NA
"3908",2,56,3,59,NA,NA,NA,NA,NA,NA,NA,1,1,4,NA,NA,NA,"city,",NA,NA,NA,NA,NA,NA,NA,NA,4,NA,NA,NA,NA,NA,"C:/Data/corr_sacc/asc/JITT2.asc",NA,NA,NA,NA,NA,NA,NA,NA,NA,NA,NA
"3909",2,56,3,59,NA,NA,NA,NA,NA,NA,NA,1,2,9,NA,NA,NA,"fabulous",NA,NA,NA,NA,NA,NA,NA,NA,1,NA,NA,NA,NA,NA,"C:/Data/corr_sacc/asc/JITT2.asc",NA,NA,NA,NA,NA,NA,NA,NA,NA,NA,NA
"3910",2,56,3,59,NA,NA,NA,NA,NA,NA,NA,1,2,12,NA,NA,NA,"freshly",NA,NA,NA,NA,NA,NA,NA,NA,4,NA,NA,NA,NA,NA,"C:/Data/corr_sacc/asc/JITT2.asc",0,NA,NA,NA,NA,NA,NA,NA,NA,NA,NA
"3911",2,68,3,60,6164619,6164726,324.7,494.8,1,107,25,1,1,2,2,7,7,"CEO",3,NA,0,0,0,1,460,0,2,67,0,NA,0,NA,"C:/Data/corr_sacc/asc/JITT2.asc",0,0,NA,4,NA,276.4,NA,NA,NA,7,NA
"3912",2,68,3,60,6164745,6164808,276.4,505.9,2,63,18,1,1,2,2,4,4,"CEO",0,3,0,0,0,1,586,0,2,67,0,NA,0,NA,"C:/Data/corr_sacc/asc/JITT2.asc",0,0,7,18,324.7,521.5,494.8,67,60,4,NA
"3913",2,68,3,60,6164966,6165090,521.5,498.4,3,124,157,1,1,5,5,18,18,"urgent",0,14,1,0,0,1,807,0,5,67,NA,NA,0,NA,"C:/Data/corr_sacc/asc/JITT2.asc",0,0,4,11,276.4,406.1,505.9,67,63,18,NA
"3914",2,68,3,60,6165114,6165374,406.1,495.8,4,260,23,1,1,3,3,11,11,"hosted",3,7,0,0,0,1,955,0,3,67,0,NA,0,NA,"C:/Data/corr_sacc/asc/JITT2.asc",0,0,18,21,521.5,582.3,498.4,67,49,11,NA
"3915",2,68,3,60,6165403,6165615,582.3,499.4,5,212,28,1,1,5,5,21,21,"urgent",3,10,0,0,0,1,1244,0,5,67,0,NA,0,NA,"C:/Data/corr_sacc/asc/JITT2.asc",0,0,11,30,406.1,743.4,495.8,67,56,21,NA
"3916",2,68,3,60,6165642,6165806,743.4,511.2,6,164,26,1,1,6,6,30,30,"meeting",5,9,0,0,0,1,1483,0,6,67,0,NA,0,NA,"C:/Data/corr_sacc/asc/JITT2.asc",0,0,21,27,582.3,690,499.4,67,46,30,NA
"3917",2,68,3,60,6165827,6165943,690,510.7,7,116,20,1,1,6,6,27,27,"meeting",2,3,0,0,0,1,1668,0,6,67,0,NA,0,NA,"C:/Data/corr_sacc/asc/JITT2.asc",0,0,30,20,743.4,569.8,511.2,67,37,27,NA
"3918",2,68,3,60,6165968,6166092,569.8,503.3,8,124,24,1,1,5,5,20,20,"urgent",2,7,0,0,0,1,1809,0,5,67,1,NA,0,NA,"C:/Data/corr_sacc/asc/JITT2.asc",0,0,27,39,690,909.1,510.7,67,40,20,NA
"3919",2,68,3,60,6166139,6166299,909.1,510.4,9,160,46,1,1,8,8,39,39,"approve",3,19,0,0,0,1,1980,0,8,67,0,NA,0,NA,"C:/Data/corr_sacc/asc/JITT2.asc",0,0,20,35,569.8,832.9,503.3,67,47,39,NA
"3920",2,68,3,60,6166323,6166444,832.9,501.8,10,121,23,1,1,7,7,35,35,"to",2,4,0,0,0,1,2164,0,7,67,1,NA,0,NA,"C:/Data/corr_sacc/asc/JITT2.asc",0,0,39,49,909.1,1089.6,510.4,67,28,35,NA
"3921",2,68,3,60,6166486,6166851,1089.6,512.5,11,365,41,1,1,10,10,49,49,"new",1,14,0,0,0,1,2327,0,10,67,0,NA,0,NA,"C:/Data/corr_sacc/asc/JITT2.asc",0,0,35,55,832.9,1200.2,501.8,67,32,49,NA
"3922",2,68,3,60,6166876,6167165,1200.2,522.1,12,289,24,1,1,11,11,55,55,"budget",3,6,0,0,0,1,2717,0,11,67,0,NA,0,NA,"C:/Data/corr_sacc/asc/JITT2.asc",0,0,49,62,1089.6,1326.1,512.5,67,18,55,NA
"3923",2,68,3,60,6167192,6167332,1326.1,514.9,13,140,26,1,1,12,12,62,62,"for",3,7,0,0,0,1,3033,0,12,67,0,NA,0,NA,"C:/Data/corr_sacc/asc/JITT2.asc",0,0,55,65,1200.2,1379.4,522.1,67,12,62,NA
"3924",2,68,3,60,6167352,6167480,1379.4,519.1,14,128,19,1,1,13,13,65,65,"next",2,3,0,0,0,1,3193,0,13,67,0,NA,0,NA,"C:/Data/corr_sacc/asc/JITT2.asc",1,0,62,9,1326.1,375,514.9,67,5,65,NA
"3925",2,68,3,60,6167554,6167673,375,710.2,15,119,73,1,2,16,16,76,9,"order",1,56,0,0,0,1,3395,0,3,59,0,NA,1,"undersweep","C:/Data/corr_sacc/asc/JITT2.asc",0,0,65,5,1379.4,289.6,519.1,67,2,9,1
"3926",2,68,3,60,6167698,6167863,289.6,712.9,16,165,24,1,2,15,15,72,5,"in",0,4,0,0,0,1,3539,0,2,59,1,NA,0,NA,"C:/Data/corr_sacc/asc/JITT2.asc",0,1,9,12,375,418.2,710.2,59,50,5,NA
"3927",2,68,3,60,6167900,6168071,418.2,702,17,171,36,1,2,16,16,79,12,"order",4,7,0,0,0,1,3741,0,3,59,1,NA,0,NA,"C:/Data/corr_sacc/asc/JITT2.asc",0,0,5,10,289.6,380.8,712.9,59,54,12,NA
"3928",2,68,3,60,6168088,6168216,380.8,706.9,18,128,16,1,2,16,16,77,10,"order",2,2,0,0,0,1,3929,0,3,59,1,NA,0,NA,"C:/Data/corr_sacc/asc/JITT2.asc",0,0,12,22,418.2,599.1,702,59,47,10,NA
"3929",2,68,3,60,6168258,6168461,599.1,705.7,19,203,41,1,2,18,18,89,22,"increase",5,12,0,0,0,1,4099,0,5,59,0,NA,0,NA,"C:/Data/corr_sacc/asc/JITT2.asc",0,0,10,20,380.8,559.3,706.9,59,49,22,NA
"3930",2,68,3,60,6168477,6168576,559.3,699.8,20,99,15,1,2,18,18,87,20,"increase",3,2,0,0,0,1,4318,0,5,59,0,NA,0,NA,"C:/Data/corr_sacc/asc/JITT2.asc",0,0,22,33,599.1,794.5,705.7,59,37,20,NA
"3931",2,68,3,60,6168620,6168886,794.5,704.6,21,266,43,1,2,19,19,100,33,"confidence",7,13,0,0,0,1,4461,0,6,59,0,NA,0,NA,"C:/Data/corr_sacc/asc/JITT2.asc",0,0,20,44,559.3,988,699.8,59,39,33,NA
"3932",2,68,3,60,6168916,6169161,988,710.3,22,245,29,1,2,21,21,111,44,"their",1,11,0,0,0,1,4757,0,8,59,0,NA,0,NA,"C:/Data/corr_sacc/asc/JITT2.asc",0,0,33,50,794.5,1109.2,704.6,59,26,44,NA
"3933",2,68,3,60,6169186,6169313,1109.2,711.7,23,127,24,1,2,22,22,117,50,"investors.",1,6,0,0,0,1,5027,0,9,59,0,NA,0,NA,"C:/Data/corr_sacc/asc/JITT2.asc",0,0,44,55,988,1188,710.3,59,15,50,NA
"3934",2,68,3,60,6169335,6169498,1188,716.1,24,163,21,1,2,22,22,122,55,"investors.",6,5,0,0,0,1,5176,0,9,59,0,NA,0,NA,"C:/Data/corr_sacc/asc/JITT2.asc",0,0,50,28,1109.2,703.8,711.7,59,9,55,NA
"3935",2,68,3,60,6169557,6169606,703.8,542.5,25,49,58,1,1,6,6,28,28,"meeting",3,27,0,0,0,1,5398,0,6,67,1,NA,0,NA,"C:/Data/corr_sacc/asc/JITT2.asc",0,0,55,19,1188,548.5,716.1,59,4,28,NA
"3936",2,68,3,60,6169634,6169792,548.5,453.1,26,158,27,1,1,5,5,19,19,"urgent",1,9,0,0,0,1,5475,0,5,67,1,NA,0,NA,"C:/Data/corr_sacc/asc/JITT2.asc",NA,0,28,NA,703.8,NA,542.5,67,39,19,NA
"3937",2,68,3,60,NA,NA,NA,NA,NA,NA,NA,1,1,1,NA,NA,NA,"The",NA,NA,NA,NA,NA,NA,NA,NA,1,NA,NA,NA,NA,NA,"C:/Data/corr_sacc/asc/JITT2.asc",NA,0,19,NA,548.5,NA,453.1,67,48,NA,NA
"3938",2,68,3,60,NA,NA,NA,NA,NA,NA,NA,1,1,4,NA,NA,NA,"an",NA,NA,NA,NA,NA,NA,NA,NA,4,NA,NA,NA,NA,NA,"C:/Data/corr_sacc/asc/JITT2.asc",NA,NA,NA,NA,NA,NA,NA,NA,NA,NA,NA
"3939",2,68,3,60,NA,NA,NA,NA,NA,NA,NA,1,1,9,NA,NA,NA,"the",NA,NA,NA,NA,NA,NA,NA,NA,9,NA,NA,NA,NA,NA,"C:/Data/corr_sacc/asc/JITT2.asc",NA,NA,NA,NA,NA,NA,NA,NA,NA,NA,NA
"3940",2,68,3,60,NA,NA,NA,NA,NA,NA,NA,1,2,14,NA,NA,NA,"year",NA,NA,NA,NA,NA,NA,NA,NA,1,NA,NA,NA,NA,NA,"C:/Data/corr_sacc/asc/JITT2.asc",NA,NA,NA,NA,NA,NA,NA,NA,NA,NA,NA
"3941",2,68,3,60,NA,NA,NA,NA,NA,NA,NA,1,2,17,NA,NA,NA,"to",NA,NA,NA,NA,NA,NA,NA,NA,4,NA,NA,NA,NA,NA,"C:/Data/corr_sacc/asc/JITT2.asc",NA,NA,NA,NA,NA,NA,NA,NA,NA,NA,NA
"3942",2,68,3,60,NA,NA,NA,NA,NA,NA,NA,1,2,20,NA,NA,NA,"among",NA,NA,NA,NA,NA,NA,NA,NA,7,NA,NA,NA,NA,NA,"C:/Data/corr_sacc/asc/JITT2.asc",0,NA,NA,NA,NA,NA,NA,NA,NA,NA,NA
"3943",2,35,3,61,6342793,6342990,411.2,502.1,1,197,35,1,1,3,3,11,11,"was",1,NA,0,0,0,1,560,0,3,54,0,NA,0,NA,"C:/Data/corr_sacc/asc/JITT2.asc",0,0,NA,19,NA,558.7,NA,NA,NA,11,NA
"3944",2,35,3,61,6343017,6343244,558.7,495.9,2,227,26,1,1,4,4,19,19,"rising",5,8,0,0,0,1,784,0,4,54,0,NA,0,NA,"C:/Data/corr_sacc/asc/JITT2.asc",0,0,11,29,411.2,735.6,502.1,54,43,19,NA
"3945",2,35,3,61,6343272,6343442,735.6,513.7,3,170,27,1,1,6,6,29,29,"quickly",3,10,0,0,0,1,1039,0,6,54,0,NA,0,NA,"C:/Data/corr_sacc/asc/JITT2.asc",0,0,19,43,558.7,991.1,495.9,54,35,29,NA
"3946",2,35,3,61,6343479,6343678,991.1,520.5,4,199,36,1,1,9,9,43,43,"four",1,14,0,0,0,1,1246,0,9,54,0,NA,0,NA,"C:/Data/corr_sacc/asc/JITT2.asc",0,0,29,48,735.6,1078.6,513.7,54,25,43,NA
"3947",2,35,3,61,6343703,6343928,1078.6,515.2,5,225,24,1,1,10,10,48,48,"friends",1,5,0,0,0,1,1470,0,10,54,0,NA,0,NA,"C:/Data/corr_sacc/asc/JITT2.asc",1,0,43,14,991.1,470.5,520.5,54,11,48,NA
"3948",2,35,3,61,6343991,6344067,470.5,697.1,6,76,62,1,2,13,13,68,14,"the",0,34,0,0,0,1,1758,0,3,51,0,NA,1,"undersweep","C:/Data/corr_sacc/asc/JITT2.asc",0,0,48,7,1078.6,350.1,515.2,54,6,14,1
"3949",2,35,3,61,6344094,6344304,350.1,710.9,7,210,26,1,2,12,12,61,7,"inside",0,7,0,0,0,1,1861,0,2,51,1,NA,0,NA,"C:/Data/corr_sacc/asc/JITT2.asc",0,1,14,20,470.5,581.6,697.1,51,37,7,NA
"3950",2,35,3,61,6344337,6344481,581.6,715.7,8,144,32,1,2,14,14,74,20,"lifeboat",2,13,0,0,0,1,2104,0,4,51,0,NA,0,NA,"C:/Data/corr_sacc/asc/JITT2.asc",0,0,7,28,350.1,723.5,710.9,51,44,20,NA
"3951",2,35,3,61,6344509,6344717,723.5,716.1,9,208,27,1,2,15,15,82,28,"with",1,8,0,0,0,1,2276,0,5,51,0,NA,0,NA,"C:/Data/corr_sacc/asc/JITT2.asc",0,0,20,43,581.6,988.5,715.7,51,31,28,NA
"3952",2,35,3,61,6344752,6345013,988.5,702.3,10,261,34,1,2,19,19,97,43,"urgency.",0,15,0,0,0,1,2519,0,9,51,0,NA,0,NA,"C:/Data/corr_sacc/asc/JITT2.asc",0,0,28,48,723.5,1075.7,716.1,51,23,43,NA
"3953",2,35,3,61,6345038,6345176,1075.7,708.2,11,138,24,1,2,19,19,102,48,"urgency.",5,5,0,0,0,1,2805,0,9,51,0,NA,0,NA,"C:/Data/corr_sacc/asc/JITT2.asc",0,0,43,37,988.5,883.6,702.3,51,8,48,NA
"3954",2,35,3,61,6345209,6345367,883.6,681.9,12,158,32,1,2,17,17,91,37,"sense",3,11,0,0,0,1,2976,0,7,51,1,NA,0,NA,"C:/Data/corr_sacc/asc/JITT2.asc",0,0,48,32,1075.7,785.7,708.2,51,3,37,NA
"3955",2,35,3,61,6345404,6345469,785.7,524.5,13,65,36,1,1,6,6,32,32,"quickly",6,5,0,0,0,1,3171,0,6,54,1,NA,0,NA,"C:/Data/corr_sacc/asc/JITT2.asc",NA,0,37,NA,883.6,NA,681.9,51,14,32,NA
"3956",2,35,3,61,NA,NA,NA,NA,NA,NA,NA,1,1,1,NA,NA,NA,"The",NA,NA,NA,NA,NA,NA,NA,NA,1,NA,NA,NA,NA,NA,"C:/Data/corr_sacc/asc/JITT2.asc",NA,0,32,NA,785.7,NA,524.5,54,22,NA,NA
"3957",2,35,3,61,NA,NA,NA,NA,NA,NA,NA,1,1,2,NA,NA,NA,"water",NA,NA,NA,NA,NA,NA,NA,NA,2,NA,NA,NA,NA,NA,"C:/Data/corr_sacc/asc/JITT2.asc",NA,NA,NA,NA,NA,NA,NA,NA,NA,NA,NA
"3958",2,35,3,61,NA,NA,NA,NA,NA,NA,NA,1,1,5,NA,NA,NA,"very",NA,NA,NA,NA,NA,NA,NA,NA,5,NA,NA,NA,NA,NA,"C:/Data/corr_sacc/asc/JITT2.asc",NA,NA,NA,NA,NA,NA,NA,NA,NA,NA,NA
"3959",2,35,3,61,NA,NA,NA,NA,NA,NA,NA,1,1,7,NA,NA,NA,"and",NA,NA,NA,NA,NA,NA,NA,NA,7,NA,NA,NA,NA,NA,"C:/Data/corr_sacc/asc/JITT2.asc",NA,NA,NA,NA,NA,NA,NA,NA,NA,NA,NA
"3960",2,35,3,61,NA,NA,NA,NA,NA,NA,NA,1,1,8,NA,NA,NA,"the",NA,NA,NA,NA,NA,NA,NA,NA,8,NA,NA,NA,NA,NA,"C:/Data/corr_sacc/asc/JITT2.asc",NA,NA,NA,NA,NA,NA,NA,NA,NA,NA,NA
"3961",2,35,3,61,NA,NA,NA,NA,NA,NA,NA,1,2,11,NA,NA,NA,"jumped",NA,NA,NA,NA,NA,NA,NA,NA,1,NA,NA,NA,NA,NA,"C:/Data/corr_sacc/asc/JITT2.asc",NA,NA,NA,NA,NA,NA,NA,NA,NA,NA,NA
"3962",2,35,3,61,NA,NA,NA,NA,NA,NA,NA,1,2,16,NA,NA,NA,"a",NA,NA,NA,NA,NA,NA,NA,NA,6,NA,NA,NA,NA,NA,"C:/Data/corr_sacc/asc/JITT2.asc",NA,NA,NA,NA,NA,NA,NA,NA,NA,NA,NA
"3963",2,35,3,61,NA,NA,NA,NA,NA,NA,NA,1,2,18,NA,NA,NA,"of",NA,NA,NA,NA,NA,NA,NA,NA,8,NA,NA,NA,NA,NA,"C:/Data/corr_sacc/asc/JITT2.asc",0,NA,NA,NA,NA,NA,NA,NA,NA,NA,NA
"3964",2,58,2,62,6353640,6353756,492.8,511.6,1,116,36,1,1,2,2,9,9,"struggles",6,NA,0,0,0,1,2300,0,2,47,0,NA,0,NA,"C:/Data/corr_sacc/asc/JITT2.asc",0,0,NA,6,NA,429.7,NA,NA,NA,9,NA
"3965",2,58,2,62,6353780,6353906,429.7,493.1,2,126,23,1,1,2,2,6,6,"struggles",3,3,0,0,0,1,2440,0,2,47,0,NA,0,NA,"C:/Data/corr_sacc/asc/JITT2.asc",0,0,9,16,492.8,605.7,511.6,47,38,6,NA
"3966",2,58,2,62,6353934,6354160,605.7,489.9,3,226,27,1,1,4,4,16,16,"do",0,10,0,0,0,1,2594,0,4,47,0,NA,0,NA,"C:/Data/corr_sacc/asc/JITT2.asc",0,0,6,25,429.7,773.4,493.1,47,41,16,NA
"3967",2,58,2,62,6354186,6354413,773.4,514.1,4,227,25,1,1,6,6,25,25,"presentation",2,9,0,0,0,1,2846,0,6,47,0,NA,0,NA,"C:/Data/corr_sacc/asc/JITT2.asc",0,0,16,39,605.7,1032.3,489.9,47,31,25,NA
"3968",2,58,2,62,6354448,6354658,1032.3,529.1,5,210,34,1,1,7,7,39,39,"because",3,14,0,0,0,1,3108,0,7,47,0,NA,0,NA,"C:/Data/corr_sacc/asc/JITT2.asc",0,0,25,45,773.4,1125.3,514.1,47,22,39,NA
"3969",2,58,2,62,6354680,6354793,1125.3,540.5,6,113,21,1,1,8,8,45,45,"the",1,6,0,0,0,1,3340,0,8,47,0,NA,0,NA,"C:/Data/corr_sacc/asc/JITT2.asc",1,0,39,14,1032.3,574.3,529.1,47,8,45,NA
"3970",2,58,2,62,6354851,6354930,574.3,694.5,7,79,57,1,2,10,10,61,14,"disrupts",5,31,0,0,0,1,3511,0,2,32,0,NA,1,"undersweep","C:/Data/corr_sacc/asc/JITT2.asc",0,0,45,7,1125.3,444.9,540.5,47,2,14,1
"3971",2,58,2,62,6354956,6355077,444.9,712.7,8,121,25,1,2,9,9,54,7,"internet",7,7,0,0,0,1,3616,0,1,32,1,NA,0,NA,"C:/Data/corr_sacc/asc/JITT2.asc",0,1,14,2,574.3,353.3,694.5,32,18,7,NA
"3972",2,58,2,62,6355101,6355328,353.3,716.2,9,227,23,1,2,9,9,49,2,"internet",2,5,0,0,0,1,3761,0,1,32,1,NA,0,NA,"C:/Data/corr_sacc/asc/JITT2.asc",0,0,7,10,444.9,498.3,712.7,32,25,2,NA
"3973",2,58,2,62,6355355,6355521,498.3,723.2,10,166,26,1,2,10,10,57,10,"disrupts",1,8,0,0,0,1,4015,0,2,32,1,NA,0,NA,"C:/Data/corr_sacc/asc/JITT2.asc",0,0,2,1,353.3,343.9,716.2,32,30,10,NA
"3974",2,58,2,62,6355548,6355813,343.9,714.2,11,265,26,1,2,9,9,48,1,"internet",1,9,0,0,0,1,4208,0,1,32,1,NA,0,NA,"C:/Data/corr_sacc/asc/JITT2.asc",0,0,10,11,498.3,514.8,723.2,32,22,1,NA
"3975",2,58,2,62,6355841,6356016,514.8,726.8,12,175,27,1,2,10,10,58,11,"disrupts",2,10,0,0,0,1,4501,0,2,32,1,NA,0,NA,"C:/Data/corr_sacc/asc/JITT2.asc",0,0,1,21,343.9,695.4,714.2,32,31,11,NA
"3976",2,58,2,62,6356047,6356195,695.4,741.9,13,148,30,1,2,11,11,68,21,"his",3,10,0,0,0,1,4707,0,3,32,0,NA,0,NA,"C:/Data/corr_sacc/asc/JITT2.asc",0,0,11,17,514.8,627.9,726.8,32,21,21,NA
"3977",2,58,2,62,6356217,6356395,627.9,735.3,14,178,21,1,2,10,10,64,17,"disrupts",8,4,0,0,0,1,4877,0,2,32,1,NA,0,NA,"C:/Data/corr_sacc/asc/JITT2.asc",0,0,21,37,695.4,980.3,741.9,32,11,17,NA
"3978",2,58,2,62,6356530,6356770,980.3,514.8,15,240,134,1,1,7,7,37,37,"because",1,20,1,0,0,1,5190,0,7,47,NA,NA,0,NA,"C:/Data/corr_sacc/asc/JITT2.asc",0,0,17,40,627.9,1034.4,735.3,32,15,37,NA
"3979",2,58,2,62,6356794,6356918,1034.4,526.9,16,124,23,1,1,7,7,40,40,"because",4,3,0,0,0,1,5454,0,7,47,1,NA,0,NA,"C:/Data/corr_sacc/asc/JITT2.asc",NA,0,37,NA,980.3,NA,514.8,47,10,40,NA
"3980",2,58,2,62,NA,NA,NA,NA,NA,NA,NA,1,1,1,NA,NA,NA,"He",NA,NA,NA,NA,NA,NA,NA,NA,1,NA,NA,NA,NA,NA,"C:/Data/corr_sacc/asc/JITT2.asc",NA,0,40,NA,1034.4,NA,526.9,47,7,NA,NA
"3981",2,58,2,62,NA,NA,NA,NA,NA,NA,NA,1,1,3,NA,NA,NA,"to",NA,NA,NA,NA,NA,NA,NA,NA,3,NA,NA,NA,NA,NA,"C:/Data/corr_sacc/asc/JITT2.asc",NA,NA,NA,NA,NA,NA,NA,NA,NA,NA,NA
"3982",2,58,2,62,NA,NA,NA,NA,NA,NA,NA,1,1,5,NA,NA,NA,"his",NA,NA,NA,NA,NA,NA,NA,NA,5,NA,NA,NA,NA,NA,"C:/Data/corr_sacc/asc/JITT2.asc",NA,NA,NA,NA,NA,NA,NA,NA,NA,NA,NA
"3983",2,58,2,62,NA,NA,NA,NA,NA,NA,NA,1,2,12,NA,NA,NA,"attention.",NA,NA,NA,NA,NA,NA,NA,NA,4,NA,NA,NA,NA,NA,"C:/Data/corr_sacc/asc/JITT2.asc",0,NA,NA,NA,NA,NA,NA,NA,NA,NA,NA
"3984",2,80,3,63,6363741,6363864,581.4,499,1,123,45,1,1,4,4,18,18,"younger",3,NA,0,0,0,1,757,0,4,65,0,NA,0,NA,"C:/Data/corr_sacc/asc/JITT2.asc",0,0,NA,12,NA,470.8,NA,NA,NA,18,NA
"3985",2,80,3,63,6363889,6364017,470.8,477.8,2,128,24,1,1,3,3,12,12,"two",1,6,0,0,0,1,905,0,3,65,1,NA,0,NA,"C:/Data/corr_sacc/asc/JITT2.asc",0,0,18,8,581.4,396.1,499,65,47,12,NA
"3986",2,80,3,63,6364039,6364258,396.1,471.8,3,219,21,1,1,2,2,8,8,"her",1,4,0,0,0,1,1055,0,2,65,1,NA,0,NA,"C:/Data/corr_sacc/asc/JITT2.asc",0,0,12,36,470.8,905.6,477.8,65,53,8,NA
"3987",2,80,3,63,6364314,6364405,905.6,504.2,4,91,55,1,1,6,6,36,36,"Phillipa",4,28,0,0,0,1,1330,0,6,65,0,NA,0,NA,"C:/Data/corr_sacc/asc/JITT2.asc",0,0,8,41,396.1,995.2,471.8,65,57,36,NA
"3988",2,80,3,63,6364549,6364698,995.2,492.7,5,149,143,1,1,7,7,41,41,"is",0,5,1,0,0,1,1565,0,7,65,NA,NA,0,NA,"C:/Data/corr_sacc/asc/JITT2.asc",0,0,36,50,905.6,1153.8,504.2,65,29,41,NA
"3989",2,80,3,63,6364726,6364911,1153.8,510.9,6,185,27,1,1,9,9,50,50,"open",1,9,0,0,0,1,1742,0,9,65,0,NA,0,NA,"C:/Data/corr_sacc/asc/JITT2.asc",0,0,41,47,995.2,1104.1,492.7,65,24,50,NA
"3990",2,80,3,63,6364934,6365106,1104.1,504,7,172,22,1,1,8,8,47,47,"more",3,3,0,0,0,1,1950,0,8,65,1,NA,0,NA,"C:/Data/corr_sacc/asc/JITT2.asc",0,0,50,42,1153.8,1021.3,510.9,65,15,47,NA
"3991",2,80,3,63,6365131,6365280,1021.3,500.6,8,149,24,1,1,7,7,42,42,"is",1,5,0,0,0,1,2147,0,7,65,1,NA,0,NA,"C:/Data/corr_sacc/asc/JITT2.asc",0,0,47,50,1104.1,1153.2,504,65,18,42,NA
"3992",2,80,3,63,6365308,6365430,1153.2,511,9,122,27,1,1,9,9,50,50,"open",1,8,0,0,0,1,2324,0,9,65,1,NA,0,NA,"C:/Data/corr_sacc/asc/JITT2.asc",0,0,42,59,1021.3,1327.6,500.6,65,23,50,NA
"3993",2,80,3,63,6365456,6365591,1327.6,509.1,10,135,25,1,1,11,11,59,59,"relaxed",1,9,0,0,0,1,2472,0,11,65,0,NA,0,NA,"C:/Data/corr_sacc/asc/JITT2.asc",0,0,50,63,1153.2,1400.5,511,65,15,59,NA
"3994",2,80,3,63,6365614,6365881,1400.5,517.9,11,267,22,1,1,11,11,63,63,"relaxed",5,4,0,0,0,1,2630,0,11,65,0,NA,0,NA,"C:/Data/corr_sacc/asc/JITT2.asc",0,0,59,55,1327.6,1255.6,509.1,65,6,63,NA
"3995",2,80,3,63,6365906,6366053,1255.6,519.2,12,147,24,1,1,10,10,55,55,"and",1,8,0,0,0,1,2922,0,10,65,1,NA,0,NA,"C:/Data/corr_sacc/asc/JITT2.asc",0,0,63,63,1400.5,1393.9,517.9,65,2,55,NA
"3996",2,80,3,63,6366078,6366219,1393.9,530.3,13,141,24,1,1,11,11,63,63,"relaxed",5,8,0,0,0,1,3094,0,11,65,1,NA,0,NA,"C:/Data/corr_sacc/asc/JITT2.asc",1,0,55,14,1255.6,508.2,519.2,65,10,63,NA
"3997",2,80,3,63,6366289,6366359,508.2,776.1,14,70,69,1,2,15,15,79,14,"around",2,49,0,0,0,1,3305,0,4,37,0,NA,1,"undersweep","C:/Data/corr_sacc/asc/JITT2.asc",0,0,63,8,1393.9,402.9,530.3,65,2,14,1
"3998",2,80,3,63,6366384,6366529,402.9,759.6,15,145,24,1,2,13,13,73,8,"she",3,6,0,0,0,1,3400,0,2,37,1,NA,0,NA,"C:/Data/corr_sacc/asc/JITT2.asc",0,1,14,17,508.2,562.4,776.1,37,23,8,NA
"3999",2,80,3,63,6366555,6366735,562.4,736.4,16,180,25,1,2,15,15,82,17,"around",5,9,0,0,0,1,3571,0,4,37,1,NA,0,NA,"C:/Data/corr_sacc/asc/JITT2.asc",0,0,8,30,402.9,796.4,759.6,37,29,17,NA
"4000",2,80,3,63,6366767,6367035,796.4,737.4,17,268,31,1,2,17,17,95,30,"people.",0,13,0,0,0,1,3783,0,6,37,0,NA,0,NA,"C:/Data/corr_sacc/asc/JITT2.asc",0,0,17,18,562.4,588,736.4,37,20,30,NA
"4001",2,80,3,63,6367072,6367182,588,712.1,18,110,36,1,2,15,15,83,18,"around",6,12,0,0,0,1,4088,0,4,37,1,NA,0,NA,"C:/Data/corr_sacc/asc/JITT2.asc",0,0,30,21,796.4,642.4,737.4,37,7,18,NA
"4002",2,80,3,63,6367349,6367501,642.4,530.1,19,152,166,1,1,4,4,21,21,"younger",6,3,1,0,0,1,4365,0,4,65,NA,NA,0,NA,"C:/Data/corr_sacc/asc/JITT2.asc",0,0,18,13,588,496.7,712.1,37,19,21,NA
"4003",2,80,3,63,6367529,6367708,496.7,517.4,20,179,27,1,1,3,3,13,13,"two",2,8,0,0,0,1,4545,0,3,65,1,NA,0,NA,"C:/Data/corr_sacc/asc/JITT2.asc",0,0,21,14,642.4,513.8,530.1,65,44,13,NA
"4004",2,80,3,63,6367746,6367854,513.8,694.7,21,108,37,1,2,15,15,79,14,"around",2,1,0,0,0,1,4762,0,4,37,1,NA,0,NA,"C:/Data/corr_sacc/asc/JITT2.asc",0,0,13,9,496.7,417.6,517.4,65,52,14,NA
"4005",2,80,3,63,6367877,6368061,417.6,739.7,22,184,22,1,2,14,14,74,9,"is",0,5,0,0,0,1,4893,0,3,37,1,NA,0,NA,"C:/Data/corr_sacc/asc/JITT2.asc",0,0,14,18,513.8,588,694.7,37,23,9,NA
"4006",2,80,3,63,6368090,6368181,588,760.3,23,91,28,1,2,15,15,83,18,"around",6,9,0,0,0,1,5106,0,4,37,1,NA,0,NA,"C:/Data/corr_sacc/asc/JITT2.asc",0,0,9,33,417.6,845.9,739.7,37,28,18,NA
"4007",2,80,3,63,6368215,6368360,845.9,752.2,24,145,33,1,2,17,17,98,33,"people.",3,15,0,0,0,1,5231,0,6,37,1,NA,0,NA,"C:/Data/corr_sacc/asc/JITT2.asc",NA,0,18,NA,588,NA,760.3,37,19,33,NA
"4008",2,80,3,63,NA,NA,NA,NA,NA,NA,NA,1,1,1,NA,NA,NA,"Unlike",NA,NA,NA,NA,NA,NA,NA,NA,1,NA,NA,NA,NA,NA,"C:/Data/corr_sacc/asc/JITT2.asc",NA,0,33,NA,845.9,NA,752.2,37,4,NA,NA
"4009",2,80,3,63,NA,NA,NA,NA,NA,NA,NA,1,1,5,NA,NA,NA,"sisters,",NA,NA,NA,NA,NA,NA,NA,NA,5,NA,NA,NA,NA,NA,"C:/Data/corr_sacc/asc/JITT2.asc",NA,NA,NA,NA,NA,NA,NA,NA,NA,NA,NA
"4010",2,80,3,63,NA,NA,NA,NA,NA,NA,NA,1,2,12,NA,NA,NA,"when",NA,NA,NA,NA,NA,NA,NA,NA,1,NA,NA,NA,NA,NA,"C:/Data/corr_sacc/asc/JITT2.asc",NA,NA,NA,NA,NA,NA,NA,NA,NA,NA,NA
"4011",2,80,3,63,NA,NA,NA,NA,NA,NA,NA,1,2,16,NA,NA,NA,"unfamiliar",NA,NA,NA,NA,NA,NA,NA,NA,5,NA,NA,NA,NA,NA,"C:/Data/corr_sacc/asc/JITT2.asc",0,NA,NA,NA,NA,NA,NA,NA,NA,NA,NA
"4012",2,49,2,64,6378230,6378359,446.1,472.6,1,129,37,1,1,2,2,11,11,"chats",5,NA,0,0,0,1,2451,0,2,41,0,NA,0,NA,"C:/Data/corr_sacc/asc/JITT2.asc",0,0,NA,9,NA,411.5,NA,NA,NA,11,NA
"4013",2,49,2,64,6378371,6378498,411.5,471.5,2,127,11,1,1,2,2,9,9,"chats",3,2,0,0,0,1,2592,0,2,41,0,NA,0,NA,"C:/Data/corr_sacc/asc/JITT2.asc",0,0,11,7,446.1,365.4,472.6,41,30,9,NA
"4014",2,49,2,64,6378514,6378658,365.4,469,3,144,15,1,1,2,2,7,7,"chats",1,2,0,0,0,1,2735,0,2,41,0,NA,0,NA,"C:/Data/corr_sacc/asc/JITT2.asc",0,0,9,22,411.5,645.4,471.5,41,32,7,NA
"4015",2,49,2,64,6378695,6378867,645.4,469,4,172,36,1,1,5,5,22,22,"water",3,15,0,0,0,1,2916,0,5,41,0,NA,0,NA,"C:/Data/corr_sacc/asc/JITT2.asc",0,0,7,19,365.4,590.2,469,41,34,22,NA
"4016",2,49,2,64,6378887,6379027,590.2,464.6,5,140,19,1,1,5,5,19,19,"water",0,3,0,0,0,1,3108,0,5,41,0,NA,0,NA,"C:/Data/corr_sacc/asc/JITT2.asc",0,0,22,33,645.4,835.2,469,41,19,19,NA
"4017",2,49,2,64,6379058,6379251,835.2,490.2,6,193,30,1,1,7,7,33,33,"can",1,14,0,0,0,1,3279,0,7,41,0,NA,0,NA,"C:/Data/corr_sacc/asc/JITT2.asc",0,0,19,31,590.2,794.7,464.6,41,22,33,NA
"4018",2,49,2,64,6379274,6379391,794.7,490.8,7,117,22,1,1,6,6,31,31,"cooler",6,2,0,0,0,1,3495,0,6,41,1,NA,0,NA,"C:/Data/corr_sacc/asc/JITT2.asc",0,0,33,36,835.2,896.6,490.2,41,8,31,NA
"4019",2,49,2,64,6379415,6379515,896.6,500.5,8,100,23,1,1,8,8,36,36,"often",0,5,0,0,0,1,3636,0,8,41,0,NA,0,NA,"C:/Data/corr_sacc/asc/JITT2.asc",1,0,31,10,794.7,418.4,490.8,41,10,36,NA
"4020",2,49,2,64,6379570,6379680,418.4,689.9,9,110,54,1,2,10,10,51,10,"valuable",1,26,0,0,0,1,3791,0,2,56,0,NA,1,"undersweep","C:/Data/corr_sacc/asc/JITT2.asc",0,0,36,3,896.6,307.3,500.5,41,5,10,1
"4021",2,49,2,64,6379704,6379900,307.3,693,10,196,23,1,2,9,9,44,3,"generate",3,7,0,0,0,1,3925,0,1,56,1,NA,0,NA,"C:/Data/corr_sacc/asc/JITT2.asc",0,1,10,19,418.4,593.1,689.9,56,46,3,NA
"4022",2,49,2,64,6379945,6380171,593.1,699.2,11,226,44,1,2,11,11,60,19,"ideas",1,16,0,0,0,1,4166,0,3,56,0,NA,0,NA,"C:/Data/corr_sacc/asc/JITT2.asc",0,0,3,35,307.3,881.7,693,56,53,19,NA
"4023",2,49,2,64,6380203,6380442,881.7,694.7,12,239,31,1,2,14,14,76,35,"your",2,16,0,0,0,1,4424,0,6,56,0,NA,0,NA,"C:/Data/corr_sacc/asc/JITT2.asc",0,0,19,43,593.1,1024,699.2,56,37,35,NA
"4024",2,49,2,64,6380469,6380650,1024,691.8,13,181,26,1,2,16,16,84,43,"achieve",0,8,0,0,0,1,4690,0,8,56,0,NA,0,NA,"C:/Data/corr_sacc/asc/JITT2.asc",NA,0,35,NA,881.7,NA,694.7,56,21,43,NA
"4025",2,49,2,64,NA,NA,NA,NA,NA,NA,NA,1,1,1,NA,NA,NA,"Quick",NA,NA,NA,NA,NA,NA,NA,NA,1,NA,NA,NA,NA,NA,"C:/Data/corr_sacc/asc/JITT2.asc",NA,0,43,NA,1024,NA,691.8,56,13,NA,NA
"4026",2,49,2,64,NA,NA,NA,NA,NA,NA,NA,1,1,3,NA,NA,NA,"by",NA,NA,NA,NA,NA,NA,NA,NA,3,NA,NA,NA,NA,NA,"C:/Data/corr_sacc/asc/JITT2.asc",NA,NA,NA,NA,NA,NA,NA,NA,NA,NA,NA
"4027",2,49,2,64,NA,NA,NA,NA,NA,NA,NA,1,1,4,NA,NA,NA,"the",NA,NA,NA,NA,NA,NA,NA,NA,4,NA,NA,NA,NA,NA,"C:/Data/corr_sacc/asc/JITT2.asc",NA,NA,NA,NA,NA,NA,NA,NA,NA,NA,NA
"4028",2,49,2,64,NA,NA,NA,NA,NA,NA,NA,1,2,12,NA,NA,NA,"and",NA,NA,NA,NA,NA,NA,NA,NA,4,NA,NA,NA,NA,NA,"C:/Data/corr_sacc/asc/JITT2.asc",NA,NA,NA,NA,NA,NA,NA,NA,NA,NA,NA
"4029",2,49,2,64,NA,NA,NA,NA,NA,NA,NA,1,2,13,NA,NA,NA,"help",NA,NA,NA,NA,NA,NA,NA,NA,5,NA,NA,NA,NA,NA,"C:/Data/corr_sacc/asc/JITT2.asc",NA,NA,NA,NA,NA,NA,NA,NA,NA,NA,NA
"4030",2,49,2,64,NA,NA,NA,NA,NA,NA,NA,1,2,15,NA,NA,NA,"team",NA,NA,NA,NA,NA,NA,NA,NA,7,NA,NA,NA,NA,NA,"C:/Data/corr_sacc/asc/JITT2.asc",NA,NA,NA,NA,NA,NA,NA,NA,NA,NA,NA
"4031",2,49,2,64,NA,NA,NA,NA,NA,NA,NA,1,2,17,NA,NA,NA,"more.",NA,NA,NA,NA,NA,NA,NA,NA,9,NA,NA,NA,NA,NA,"C:/Data/corr_sacc/asc/JITT2.asc",0,NA,NA,NA,NA,NA,NA,NA,NA,NA,NA
"4032",2,43,2,65,6400166,6400420,408.1,507.8,1,254,26,1,1,2,2,11,11,"company",7,NA,0,0,0,1,533,0,2,52,0,NA,0,NA,"C:/Data/corr_sacc/asc/JITT2.asc",0,0,NA,17,NA,509.3,NA,NA,NA,11,NA
"4033",2,43,2,65,6400444,6400639,509.3,527.3,2,195,23,1,1,3,3,17,17,"banquet",5,6,0,0,0,1,811,0,3,52,0,NA,0,NA,"C:/Data/corr_sacc/asc/JITT2.asc",0,0,11,25,408.1,652.9,507.8,52,41,17,NA
"4034",2,43,2,65,6400674,6400886,652.9,541.3,3,212,34,1,1,4,4,25,25,"yesterday",5,8,0,0,0,1,1041,0,4,52,0,NA,0,NA,"C:/Data/corr_sacc/asc/JITT2.asc",0,0,17,36,509.3,842.5,527.3,52,35,25,NA
"4035",2,43,2,65,6400916,6401102,842.5,530.4,4,186,29,1,1,5,5,36,36,"offered",6,11,0,0,0,1,1283,1,5,52,0,NA,0,NA,"C:/Data/corr_sacc/asc/JITT2.asc",0,0,25,43,652.9,969,541.3,52,27,36,NA
"4036",2,43,2,65,6401128,6401368,969,539.6,5,240,25,1,1,7,7,43,43,"selection",3,7,0,0,0,1,1495,0,7,52,0,NA,0,NA,"C:/Data/corr_sacc/asc/JITT2.asc",0,0,36,49,842.5,1088.9,530.4,52,16,43,NA
"4037",2,43,2,65,6401394,6401526,1088.9,552.2,6,132,25,1,1,7,7,49,49,"selection",9,6,0,0,0,1,1761,0,7,52,0,NA,0,NA,"C:/Data/corr_sacc/asc/JITT2.asc",1,0,43,11,969,402.9,539.6,52,9,49,NA
"4038",2,43,2,65,6401595,6401702,402.9,764.9,7,107,68,1,2,10,10,63,11,"cocktails",1,38,0,0,0,1,1962,0,2,43,0,NA,1,"undersweep","C:/Data/corr_sacc/asc/JITT2.asc",0,0,49,5,1088.9,288.9,552.2,52,3,11,1
"4039",2,43,2,65,6401726,6402074,288.9,760.3,8,348,23,1,2,9,9,57,5,"expensive",5,6,0,0,0,1,2093,0,1,43,1,NA,0,NA,"C:/Data/corr_sacc/asc/JITT2.asc",0,1,11,22,402.9,590.6,764.9,43,32,5,NA
"4040",2,43,2,65,6402129,6402308,590.6,773.9,9,179,54,1,2,11,11,74,22,"and",2,17,0,0,0,1,2496,0,3,43,0,NA,0,NA,"C:/Data/corr_sacc/asc/JITT2.asc",0,0,5,31,288.9,757.4,760.3,43,38,22,NA
"4041",2,43,2,65,6402338,6402481,757.4,791.1,10,143,29,1,2,12,12,83,31,"delicious",7,9,0,0,0,1,2705,0,4,43,0,NA,0,NA,"C:/Data/corr_sacc/asc/JITT2.asc",0,0,22,35,590.6,832.6,773.9,43,21,31,NA
"4042",2,43,2,65,6402504,6402658,832.6,793.1,11,154,22,1,2,13,13,87,35,"desserts.",1,4,0,0,0,1,2871,0,5,43,0,NA,0,NA,"C:/Data/corr_sacc/asc/JITT2.asc",0,0,31,25,757.4,661.4,791.1,43,12,35,NA
"4043",2,43,2,65,6402691,6402820,661.4,783,12,129,32,1,2,12,12,77,25,"delicious",1,10,0,0,0,1,3058,0,4,43,1,NA,0,NA,"C:/Data/corr_sacc/asc/JITT2.asc",0,0,35,11,832.6,399.2,793.1,43,8,25,NA
"4044",2,43,2,65,6402864,6403028,399.2,542.8,13,164,43,1,1,2,2,11,11,"company",7,14,0,0,0,1,3231,0,2,52,1,NA,0,NA,"C:/Data/corr_sacc/asc/JITT2.asc",0,0,25,6,661.4,302.7,783,43,18,11,NA
"4045",2,43,2,65,6403051,6403221,302.7,524.4,14,170,22,1,1,2,2,6,6,"company",2,5,0,0,0,1,3418,0,2,52,1,NA,0,NA,"C:/Data/corr_sacc/asc/JITT2.asc",0,0,11,23,399.2,620.9,542.8,52,41,6,NA
"4046",2,43,2,65,6403255,6403491,620.9,530.2,15,236,33,1,1,4,4,23,23,"yesterday",3,17,0,0,0,1,3622,0,4,52,1,NA,0,NA,"C:/Data/corr_sacc/asc/JITT2.asc",0,0,6,13,302.7,436.8,524.4,52,46,23,NA
"4047",2,43,2,65,6403519,6403711,436.8,520.8,16,192,27,1,1,3,3,13,13,"banquet",1,10,0,0,0,1,3886,0,3,52,1,NA,0,NA,"C:/Data/corr_sacc/asc/JITT2.asc",0,0,23,6,620.9,319.2,530.2,52,29,13,NA
"4048",2,43,2,65,6403735,6404007,319.2,513.5,17,272,23,1,1,2,2,6,6,"company",2,7,0,0,0,1,4102,0,2,52,1,NA,0,NA,"C:/Data/corr_sacc/asc/JITT2.asc",0,0,13,16,436.8,492.2,520.8,52,39,6,NA
"4049",2,43,2,65,6404033,6404174,492.2,520.1,18,141,25,1,1,3,3,16,16,"banquet",4,10,0,0,0,1,4400,0,3,52,1,NA,0,NA,"C:/Data/corr_sacc/asc/JITT2.asc",0,0,6,23,319.2,621.4,513.5,52,46,16,NA
"4050",2,43,2,65,6404199,6404417,621.4,527.3,19,218,24,1,1,4,4,23,23,"yesterday",3,7,0,0,0,1,4566,0,4,52,1,NA,0,NA,"C:/Data/corr_sacc/asc/JITT2.asc",0,0,16,31,492.2,760.2,520.1,52,36,23,NA
"4051",2,43,2,65,6404443,6404636,760.2,540.8,20,193,25,1,1,5,5,31,31,"offered",1,8,0,0,0,1,4810,0,5,52,1,NA,0,NA,"C:/Data/corr_sacc/asc/JITT2.asc",0,0,23,39,621.4,898.9,527.3,52,29,31,NA
"4052",2,43,2,65,6404661,6404819,898.9,561.8,21,158,24,1,1,6,6,39,39,"a",1,8,0,0,0,1,5028,0,6,52,1,NA,0,NA,"C:/Data/corr_sacc/asc/JITT2.asc",0,0,31,44,760.2,991.9,540.8,52,21,39,NA
"4053",2,43,2,65,6404844,6405063,991.9,565.8,22,219,24,1,1,7,7,44,44,"selection",4,5,0,0,0,1,5211,0,7,52,1,NA,0,NA,"C:/Data/corr_sacc/asc/JITT2.asc",0,0,39,10,898.9,386.1,561.8,52,13,44,NA
"4054",2,43,2,65,6405115,6405230,386.1,726.7,23,115,51,1,2,10,10,62,10,"cocktails",0,34,0,0,0,1,5482,0,2,43,1,NA,0,NA,"C:/Data/corr_sacc/asc/JITT2.asc",0,0,44,4,991.9,280.7,565.8,52,8,10,NA
"4055",2,43,2,65,6405255,6405504,280.7,746.9,24,249,24,1,2,9,9,56,4,"expensive",4,6,0,0,0,1,5622,0,1,43,1,NA,0,NA,"C:/Data/corr_sacc/asc/JITT2.asc",0,0,10,13,386.1,435,726.7,43,33,4,NA
"4056",2,43,2,65,6405531,6405666,435,765.5,25,135,26,1,2,10,10,65,13,"cocktails",3,9,0,0,0,1,5898,0,2,43,1,NA,0,NA,"C:/Data/corr_sacc/asc/JITT2.asc",0,0,4,24,280.7,626.7,746.9,43,39,13,NA
"4057",2,43,2,65,6405695,6405876,626.7,783.6,26,181,28,1,2,12,12,76,24,"delicious",0,11,0,0,0,1,6062,0,4,43,1,NA,0,NA,"C:/Data/corr_sacc/asc/JITT2.asc",0,0,13,33,435,804.3,765.5,43,30,24,NA
"4058",2,43,2,65,6405907,6406061,804.3,786.5,27,154,30,1,2,12,12,85,33,"delicious",9,9,0,0,0,1,6274,0,4,43,1,NA,0,NA,"C:/Data/corr_sacc/asc/JITT2.asc",NA,0,24,NA,626.7,NA,783.6,43,19,33,NA
"4059",2,43,2,65,NA,NA,NA,NA,NA,NA,NA,1,1,1,NA,NA,NA,"The",NA,NA,NA,NA,NA,NA,NA,NA,1,NA,NA,NA,NA,NA,"C:/Data/corr_sacc/asc/JITT2.asc",NA,0,33,NA,804.3,NA,786.5,43,10,NA,NA
"4060",2,43,2,65,NA,NA,NA,NA,NA,NA,NA,1,1,8,NA,NA,NA,"of",NA,NA,NA,NA,NA,NA,NA,NA,8,NA,NA,NA,NA,NA,"C:/Data/corr_sacc/asc/JITT2.asc",0,NA,NA,NA,NA,NA,NA,NA,NA,NA,NA
"4061",2,23,3,66,6412564,6412720,456.5,518.3,1,156,27,1,1,4,4,12,12,"aware",1,NA,0,0,0,1,528,0,4,54,0,NA,0,NA,"C:/Data/corr_sacc/asc/JITT2.asc",0,0,NA,8,NA,378.4,NA,NA,NA,12,NA
"4062",2,23,3,66,6412742,6412886,378.4,522.8,2,144,21,1,1,3,3,8,8,"not",1,4,0,0,0,1,706,0,3,54,1,NA,0,NA,"C:/Data/corr_sacc/asc/JITT2.asc",0,0,12,21,456.5,608.9,518.3,54,42,8,NA
"4063",2,23,3,66,6412915,6413051,608.9,543.7,3,136,28,1,1,6,6,21,21,"the",1,13,0,0,0,1,879,0,6,54,0,NA,0,NA,"C:/Data/corr_sacc/asc/JITT2.asc",0,0,8,31,378.4,804.1,522.8,54,46,21,NA
"4064",2,23,3,66,6413200,6413361,804.1,575,4,161,148,1,1,8,8,31,31,"that",2,10,1,0,0,1,1164,0,8,54,NA,NA,0,NA,"C:/Data/corr_sacc/asc/JITT2.asc",0,0,21,40,608.9,959.3,543.7,54,33,31,NA
"4065",2,23,3,66,6413389,6413647,959.3,577.2,5,258,27,1,1,10,10,40,40,"was",3,9,0,0,0,1,1353,0,10,54,0,NA,0,NA,"C:/Data/corr_sacc/asc/JITT2.asc",0,0,31,47,804.1,1092.8,575,54,23,40,NA
"4066",2,23,3,66,6413671,6413864,1092.8,580.3,6,193,23,1,1,11,11,47,47,"adopted",6,7,0,0,0,1,1635,0,11,54,0,NA,0,NA,"C:/Data/corr_sacc/asc/JITT2.asc",0,0,40,54,959.3,1207.1,577.2,54,14,47,NA
"4067",2,23,3,66,6413889,6414062,1207.1,571.3,7,173,24,1,1,12,12,54,54,"until",5,7,0,0,0,1,1853,0,12,54,0,NA,0,NA,"C:/Data/corr_sacc/asc/JITT2.asc",0,0,47,44,1092.8,1031.5,580.3,54,7,54,NA
"4068",2,23,3,66,6414092,6414346,1031.5,554.9,8,254,29,1,1,11,11,44,44,"adopted",3,10,0,0,0,1,2056,0,11,54,1,NA,0,NA,"C:/Data/corr_sacc/asc/JITT2.asc",0,0,54,50,1207.1,1139.6,571.3,54,0,44,NA
"4069",2,23,3,66,6414371,6414463,1139.6,563.5,9,92,24,1,1,12,12,50,50,"until",1,6,0,0,0,1,2335,0,12,54,1,NA,0,NA,"C:/Data/corr_sacc/asc/JITT2.asc",0,0,44,NA,1031.5,1237.3,554.9,54,10,50,NA
"4070",2,23,3,66,6414488,6414674,1237.3,571.5,10,186,24,NA,1,NA,NA,NA,NA,NA,NA,NA,0,0,1,1,2452,NA,NA,54,NA,NA,0,NA,"C:/Data/corr_sacc/asc/JITT2.asc",1,0,50,15,1139.6,505.3,563.5,54,4,57,NA
"4071",2,23,3,66,6414739,6414840,505.3,772.4,11,101,64,1,2,16,16,69,15,"biological",4,NA,0,0,0,1,2703,0,4,46,0,NA,1,"undersweep","C:/Data/corr_sacc/asc/JITT2.asc",0,0,NA,9,1237.3,395.3,571.5,54,NA,15,1
"4072",2,23,3,66,6414865,6415021,395.3,764.1,12,156,24,1,2,15,15,63,9,"his",2,6,0,0,0,1,2829,0,3,46,1,NA,0,NA,"C:/Data/corr_sacc/asc/JITT2.asc",0,1,15,21,505.3,623.6,772.4,46,31,9,NA
"4073",2,23,3,66,6415054,6415210,623.6,764.8,13,156,32,1,2,16,16,75,21,"biological",10,12,0,0,0,1,3018,0,4,46,1,NA,0,NA,"C:/Data/corr_sacc/asc/JITT2.asc",0,0,9,36,395.3,879.4,764.1,46,37,21,NA
"4074",2,23,3,66,6415242,6415415,879.4,773.8,14,173,31,1,2,19,19,90,36,"years",2,15,0,0,0,1,3206,0,7,46,0,NA,0,NA,"C:/Data/corr_sacc/asc/JITT2.asc",0,0,21,43,623.6,1011.5,764.8,46,25,36,NA
"4075",2,23,3,66,6415439,6415612,1011.5,775.7,15,173,23,1,2,20,20,97,43,"later.",3,7,0,0,0,1,3403,0,8,46,0,NA,0,NA,"C:/Data/corr_sacc/asc/JITT2.asc",0,0,36,33,879.4,838,773.8,46,10,43,NA
"4076",2,23,3,66,6415642,6415688,838,758,16,46,29,1,2,18,18,87,33,"many",4,10,0,0,0,1,3606,0,6,46,1,NA,0,NA,"C:/Data/corr_sacc/asc/JITT2.asc",NA,0,43,NA,1011.5,NA,775.7,46,3,33,NA
"4077",2,23,3,66,NA,NA,NA,NA,NA,NA,NA,1,1,1,NA,NA,NA,"He",NA,NA,NA,NA,NA,NA,NA,NA,1,NA,NA,NA,NA,NA,"C:/Data/corr_sacc/asc/JITT2.asc",NA,0,33,NA,838,NA,758,46,13,NA,NA
"4078",2,23,3,66,NA,NA,NA,NA,NA,NA,NA,1,1,2,NA,NA,NA,"was",NA,NA,NA,NA,NA,NA,NA,NA,2,NA,NA,NA,NA,NA,"C:/Data/corr_sacc/asc/JITT2.asc",NA,NA,NA,NA,NA,NA,NA,NA,NA,NA,NA
"4079",2,23,3,66,NA,NA,NA,NA,NA,NA,NA,1,1,5,NA,NA,NA,"of",NA,NA,NA,NA,NA,NA,NA,NA,5,NA,NA,NA,NA,NA,"C:/Data/corr_sacc/asc/JITT2.asc",NA,NA,NA,NA,NA,NA,NA,NA,NA,NA,NA
"4080",2,23,3,66,NA,NA,NA,NA,NA,NA,NA,1,1,7,NA,NA,NA,"fact",NA,NA,NA,NA,NA,NA,NA,NA,7,NA,NA,NA,NA,NA,"C:/Data/corr_sacc/asc/JITT2.asc",NA,NA,NA,NA,NA,NA,NA,NA,NA,NA,NA
"4081",2,23,3,66,NA,NA,NA,NA,NA,NA,NA,1,1,9,NA,NA,NA,"he",NA,NA,NA,NA,NA,NA,NA,NA,9,NA,NA,NA,NA,NA,"C:/Data/corr_sacc/asc/JITT2.asc",NA,NA,NA,NA,NA,NA,NA,NA,NA,NA,NA
"4082",2,23,3,66,NA,NA,NA,NA,NA,NA,NA,1,2,13,NA,NA,NA,"he",NA,NA,NA,NA,NA,NA,NA,NA,1,NA,NA,NA,NA,NA,"C:/Data/corr_sacc/asc/JITT2.asc",NA,NA,NA,NA,NA,NA,NA,NA,NA,NA,NA
"4083",2,23,3,66,NA,NA,NA,NA,NA,NA,NA,1,2,14,NA,NA,NA,"met",NA,NA,NA,NA,NA,NA,NA,NA,2,NA,NA,NA,NA,NA,"C:/Data/corr_sacc/asc/JITT2.asc",NA,NA,NA,NA,NA,NA,NA,NA,NA,NA,NA
"4084",2,23,3,66,NA,NA,NA,NA,NA,NA,NA,1,2,17,NA,NA,NA,"mother",NA,NA,NA,NA,NA,NA,NA,NA,5,NA,NA,NA,NA,NA,"C:/Data/corr_sacc/asc/JITT2.asc",0,NA,NA,NA,NA,NA,NA,NA,NA,NA,NA
"4085",2,64,2,67,6421383,6421529,490.3,533.8,1,146,31,1,1,4,4,14,14,"intuitively",0,NA,0,0,0,1,649,0,4,66,0,NA,0,NA,"C:/Data/corr_sacc/asc/JITT2.asc",0,0,NA,10,NA,414.5,NA,NA,NA,14,NA
"4086",2,64,2,67,6421552,6421773,414.5,524.4,2,221,22,1,1,3,3,10,10,"bird",1,4,0,0,0,1,818,0,3,66,1,NA,0,NA,"C:/Data/corr_sacc/asc/JITT2.asc",0,0,14,7,490.3,375.2,533.8,66,52,10,NA
"4087",2,64,2,67,6421794,6421942,375.2,517.6,3,148,20,1,1,2,2,7,7,"mother",5,3,0,0,0,1,1060,0,2,66,1,NA,0,NA,"C:/Data/corr_sacc/asc/JITT2.asc",0,0,10,14,414.5,488.8,524.4,66,56,7,NA
"4088",2,64,2,67,6421967,6422060,488.8,523.3,4,93,24,1,1,4,4,14,14,"intuitively",0,7,0,0,0,1,1233,0,4,66,1,NA,0,NA,"C:/Data/corr_sacc/asc/JITT2.asc",0,0,7,13,375.2,484.9,517.6,66,59,14,NA
"4089",2,64,2,67,6422203,6422348,484.9,491.5,5,145,142,1,1,3,3,13,13,"bird",4,1,1,0,0,1,1469,0,3,66,NA,NA,0,NA,"C:/Data/corr_sacc/asc/JITT2.asc",0,0,14,7,488.8,374.5,523.3,66,52,13,NA
"4090",2,64,2,67,6422372,6422614,374.5,492.4,6,242,23,1,1,2,2,7,7,"mother",5,6,0,0,0,1,1638,0,2,66,1,NA,0,NA,"C:/Data/corr_sacc/asc/JITT2.asc",0,0,13,13,484.9,473.3,491.5,66,53,7,NA
"4091",2,64,2,67,6422639,6422800,473.3,509.3,7,161,24,1,1,3,3,13,13,"bird",4,6,0,0,0,1,1905,0,3,66,1,NA,0,NA,"C:/Data/corr_sacc/asc/JITT2.asc",0,0,7,22,374.5,634.1,492.4,66,59,13,NA
"4092",2,64,2,67,6422828,6423075,634.1,532.3,8,247,27,1,1,4,4,22,22,"intuitively",8,9,0,0,0,1,2094,0,4,66,1,NA,0,NA,"C:/Data/corr_sacc/asc/JITT2.asc",0,0,13,32,473.3,811.4,509.3,66,53,22,NA
"4093",2,64,2,67,6423102,6423323,811.4,544.7,9,221,26,1,1,6,6,32,32,"that",0,10,0,0,0,1,2368,0,6,66,0,NA,0,NA,"C:/Data/corr_sacc/asc/JITT2.asc",0,0,22,40,634.1,958.5,532.3,66,44,32,NA
"4094",2,64,2,67,6423353,6423609,958.5,551.5,10,256,29,1,1,7,7,40,40,"she",3,8,0,0,0,1,2619,0,7,66,0,NA,0,NA,"C:/Data/corr_sacc/asc/JITT2.asc",0,0,32,47,811.4,1089.3,544.7,66,34,40,NA
"4095",2,64,2,67,6423633,6423899,1089.3,552.1,11,266,23,1,1,9,9,47,47,"to",2,7,0,0,0,1,2899,0,9,66,0,NA,0,NA,"C:/Data/corr_sacc/asc/JITT2.asc",0,0,40,51,958.5,1163.2,551.5,66,26,47,NA
"4096",2,64,2,67,6423922,6424087,1163.2,550.6,12,165,22,1,1,10,10,51,51,"feed",3,4,0,0,0,1,3188,0,10,66,0,NA,0,NA,"C:/Data/corr_sacc/asc/JITT2.asc",0,0,47,58,1089.3,1287.9,552.1,66,19,51,NA
"4097",2,64,2,67,6424114,6424262,1287.9,550.6,13,148,26,1,1,12,12,58,58,"offspring",1,7,0,0,0,1,3380,0,12,66,0,NA,0,NA,"C:/Data/corr_sacc/asc/JITT2.asc",0,0,51,62,1163.2,1357.5,550.6,66,15,58,NA
"4098",2,64,2,67,6424283,6424477,1357.5,559.9,14,194,20,1,1,12,12,62,62,"offspring",5,4,0,0,0,1,3549,0,12,66,0,NA,0,NA,"C:/Data/corr_sacc/asc/JITT2.asc",1,0,58,8,1287.9,392.6,550.6,66,8,62,NA
"4099",2,64,2,67,6424550,6424655,392.6,749.4,15,105,72,1,2,14,14,74,8,"protect",4,54,0,0,0,1,3816,0,2,51,0,NA,1,"undersweep","C:/Data/corr_sacc/asc/JITT2.asc",0,0,62,3,1357.5,295.6,559.9,66,4,8,1
"4100",2,64,2,67,6424680,6424856,295.6,755.3,16,176,24,1,2,13,13,69,3,"and",3,5,0,0,0,1,3946,0,1,51,1,NA,0,NA,"C:/Data/corr_sacc/asc/JITT2.asc",0,1,8,16,392.6,539.4,749.4,51,43,3,NA
"4101",2,64,2,67,6424898,6425122,539.4,767.9,17,224,41,1,2,15,15,82,16,"them",4,13,0,0,0,1,4164,0,3,51,0,NA,0,NA,"C:/Data/corr_sacc/asc/JITT2.asc",0,0,3,26,295.6,718.5,755.3,51,48,16,NA
"4102",2,64,2,67,6425147,6425365,718.5,776.7,18,218,24,1,2,17,17,92,26,"different",4,10,0,0,0,1,4413,0,5,51,0,NA,0,NA,"C:/Data/corr_sacc/asc/JITT2.asc",0,0,16,39,539.4,953,767.9,51,35,26,NA
"4103",2,64,2,67,6425399,6425540,953,774.1,19,141,33,1,2,19,19,105,39,"of",1,13,0,0,0,1,4665,0,7,51,0,NA,0,NA,"C:/Data/corr_sacc/asc/JITT2.asc",0,0,26,43,718.5,1021.7,776.7,51,25,39,NA
"4104",2,64,2,67,6425566,6425666,1021.7,774.7,20,100,25,1,2,20,20,109,43,"predators.",2,4,0,0,0,1,4832,0,8,51,0,NA,0,NA,"C:/Data/corr_sacc/asc/JITT2.asc",0,0,39,41,953,984.9,774.1,51,12,43,NA
"4105",2,64,2,67,6425835,6426046,984.9,763,21,211,168,1,2,20,20,107,41,"predators.",0,2,1,0,0,1,5101,0,8,51,NA,NA,0,NA,"C:/Data/corr_sacc/asc/JITT2.asc",0,0,43,45,1021.7,1055.8,774.7,51,8,41,NA
"4106",2,64,2,67,6426085,6426197,1055.8,626.5,22,112,38,1,2,20,20,111,45,"predators.",4,4,0,0,0,1,5351,0,8,51,0,NA,0,NA,"C:/Data/corr_sacc/asc/JITT2.asc",NA,0,41,NA,984.9,NA,763,51,10,45,NA
"4107",2,64,2,67,NA,NA,NA,NA,NA,NA,NA,1,1,1,NA,NA,NA,"A",NA,NA,NA,NA,NA,NA,NA,NA,1,NA,NA,NA,NA,NA,"C:/Data/corr_sacc/asc/JITT2.asc",NA,0,45,NA,1055.8,NA,626.5,51,6,NA,NA
"4108",2,64,2,67,NA,NA,NA,NA,NA,NA,NA,1,1,5,NA,NA,NA,"knows",NA,NA,NA,NA,NA,NA,NA,NA,5,NA,NA,NA,NA,NA,"C:/Data/corr_sacc/asc/JITT2.asc",NA,NA,NA,NA,NA,NA,NA,NA,NA,NA,NA
"4109",2,64,2,67,NA,NA,NA,NA,NA,NA,NA,1,1,8,NA,NA,NA,"has",NA,NA,NA,NA,NA,NA,NA,NA,8,NA,NA,NA,NA,NA,"C:/Data/corr_sacc/asc/JITT2.asc",NA,NA,NA,NA,NA,NA,NA,NA,NA,NA,NA
"4110",2,64,2,67,NA,NA,NA,NA,NA,NA,NA,1,1,11,NA,NA,NA,"her",NA,NA,NA,NA,NA,NA,NA,NA,11,NA,NA,NA,NA,NA,"C:/Data/corr_sacc/asc/JITT2.asc",NA,NA,NA,NA,NA,NA,NA,NA,NA,NA,NA
"4111",2,64,2,67,NA,NA,NA,NA,NA,NA,NA,1,2,16,NA,NA,NA,"from",NA,NA,NA,NA,NA,NA,NA,NA,4,NA,NA,NA,NA,NA,"C:/Data/corr_sacc/asc/JITT2.asc",NA,NA,NA,NA,NA,NA,NA,NA,NA,NA,NA
"4112",2,64,2,67,NA,NA,NA,NA,NA,NA,NA,1,2,18,NA,NA,NA,"types",NA,NA,NA,NA,NA,NA,NA,NA,6,NA,NA,NA,NA,NA,"C:/Data/corr_sacc/asc/JITT2.asc",0,NA,NA,NA,NA,NA,NA,NA,NA,NA,NA
"4113",2,37,2,68,6442011,6442132,440.4,505.7,1,121,26,1,1,3,3,10,10,"yellow",3,NA,0,0,0,1,492,0,3,55,0,NA,0,NA,"C:/Data/corr_sacc/asc/JITT2.asc",0,0,NA,5,NA,361.5,NA,NA,NA,10,NA
"4114",2,37,2,68,6442156,6442288,361.5,506.3,2,132,23,1,1,2,2,5,5,"the",2,5,0,0,0,1,637,0,2,55,1,NA,0,NA,"C:/Data/corr_sacc/asc/JITT2.asc",0,0,10,19,440.4,612.3,505.7,55,45,5,NA
"4115",2,37,2,68,6442325,6442467,612.3,521.3,3,142,36,1,1,4,4,19,19,"hunting",5,14,0,0,0,1,806,0,4,55,0,NA,0,NA,"C:/Data/corr_sacc/asc/JITT2.asc",0,0,5,18,361.5,592.2,506.3,55,50,19,NA
"4116",2,37,2,68,6442608,6442804,592.2,497.2,4,196,140,1,1,4,4,18,18,"hunting",4,1,1,0,0,1,1089,0,4,55,NA,NA,0,NA,"C:/Data/corr_sacc/asc/JITT2.asc",0,0,19,24,612.3,696.9,521.3,55,36,18,NA
"4117",2,37,2,68,6442830,6442981,696.9,522.5,5,151,25,1,1,5,5,24,24,"cabin,",2,6,0,0,0,1,1311,0,5,55,0,NA,0,NA,"C:/Data/corr_sacc/asc/JITT2.asc",0,0,18,35,592.2,889,497.2,55,37,24,NA
"4118",2,37,2,68,6443011,6443284,889,536.3,6,273,29,1,1,7,7,35,35,"sound",2,11,0,0,0,1,1492,0,7,55,0,NA,0,NA,"C:/Data/corr_sacc/asc/JITT2.asc",0,0,24,44,696.9,1052,522.5,55,31,35,NA
"4119",2,37,2,68,6443312,6443433,1052,544.7,7,121,27,1,1,9,9,44,44,"wood",2,9,0,0,0,1,1793,0,9,55,0,NA,0,NA,"C:/Data/corr_sacc/asc/JITT2.asc",0,0,35,47,889,1114.5,536.3,55,20,44,NA
"4120",2,37,2,68,6443456,6443654,1114.5,537.7,8,198,22,1,1,10,10,47,47,"chopping",0,3,0,0,0,1,1937,0,10,55,0,NA,0,NA,"C:/Data/corr_sacc/asc/JITT2.asc",1,0,44,6,1052,378.5,544.7,55,11,47,NA
"4121",2,37,2,68,6443717,6443857,378.5,718.4,9,140,62,1,2,12,12,61,6,"be",0,41,0,0,0,1,2198,0,2,49,0,NA,1,"undersweep","C:/Data/corr_sacc/asc/JITT2.asc",0,0,47,2,1114.5,292.6,537.7,55,8,6,1
"4122",2,37,2,68,6443882,6444033,292.6,718.2,10,151,24,1,2,11,11,57,2,"could",2,4,0,0,0,1,2363,0,1,49,1,NA,0,NA,"C:/Data/corr_sacc/asc/JITT2.asc",0,1,6,16,378.5,547,718.4,49,43,2,NA
"4123",2,37,2,68,6444066,6444248,547,723.3,11,182,32,1,2,14,14,71,16,"from",1,14,0,0,0,1,2547,0,4,49,0,NA,0,NA,"C:/Data/corr_sacc/asc/JITT2.asc",0,0,2,11,292.6,459.9,718.2,49,47,16,NA
"4124",2,37,2,68,6444272,6444376,459.9,715.3,12,104,23,1,2,13,13,66,11,"heard",2,5,0,0,0,1,2753,0,3,49,1,NA,0,NA,"C:/Data/corr_sacc/asc/JITT2.asc",0,0,16,30,547,810.3,723.3,49,33,11,NA
"4125",2,37,2,68,6444425,6444592,810.3,735.4,13,167,48,1,2,16,16,85,30,"in",2,19,0,0,0,1,2906,0,6,49,0,NA,0,NA,"C:/Data/corr_sacc/asc/JITT2.asc",0,0,11,26,459.9,725.5,715.3,49,38,30,NA
"4126",2,37,2,68,6444614,6444825,725.5,739.3,14,211,21,1,2,15,15,81,26,"workers",6,4,0,0,0,1,3095,0,5,49,1,NA,0,NA,"C:/Data/corr_sacc/asc/JITT2.asc",0,0,30,36,810.3,918.5,735.4,49,19,26,NA
"4127",2,37,2,68,6444856,6445136,918.5,734.8,15,280,30,1,2,18,18,91,36,"nearby",1,10,0,0,0,1,3337,0,8,49,0,NA,0,NA,"C:/Data/corr_sacc/asc/JITT2.asc",0,0,26,12,725.5,472,739.3,49,23,36,NA
"4128",2,37,2,68,6445186,6445272,472,527.8,16,86,49,1,1,3,3,12,12,"yellow",5,24,0,0,0,1,3667,0,3,55,1,NA,0,NA,"C:/Data/corr_sacc/asc/JITT2.asc",0,0,36,8,918.5,404.6,734.8,49,13,12,NA
"4129",2,37,2,68,6445295,6445433,404.6,475.3,17,138,22,1,1,3,3,8,8,"yellow",1,4,0,0,0,1,3776,0,3,55,1,NA,0,NA,"C:/Data/corr_sacc/asc/JITT2.asc",0,0,12,29,472,780.8,527.8,55,43,8,NA
"4130",2,37,2,68,6445482,6445621,780.8,501.2,18,139,48,1,1,6,6,29,29,"the",0,21,0,0,0,1,3963,0,6,55,1,NA,0,NA,"C:/Data/corr_sacc/asc/JITT2.asc",NA,0,8,NA,404.6,NA,475.3,55,47,29,NA
"4131",2,37,2,68,NA,NA,NA,NA,NA,NA,NA,1,1,1,NA,NA,NA,"In",NA,NA,NA,NA,NA,NA,NA,NA,1,NA,NA,NA,NA,NA,"C:/Data/corr_sacc/asc/JITT2.asc",NA,0,29,NA,780.8,NA,501.2,55,26,NA,NA
"4132",2,37,2,68,NA,NA,NA,NA,NA,NA,NA,1,1,8,NA,NA,NA,"of",NA,NA,NA,NA,NA,NA,NA,NA,8,NA,NA,NA,NA,NA,"C:/Data/corr_sacc/asc/JITT2.asc",NA,NA,NA,NA,NA,NA,NA,NA,NA,NA,NA
"4133",2,37,2,68,NA,NA,NA,NA,NA,NA,NA,1,2,17,NA,NA,NA,"the",NA,NA,NA,NA,NA,NA,NA,NA,7,NA,NA,NA,NA,NA,"C:/Data/corr_sacc/asc/JITT2.asc",NA,NA,NA,NA,NA,NA,NA,NA,NA,NA,NA
"4134",2,37,2,68,NA,NA,NA,NA,NA,NA,NA,1,2,19,NA,NA,NA,"forest.",NA,NA,NA,NA,NA,NA,NA,NA,9,NA,NA,NA,NA,NA,"C:/Data/corr_sacc/asc/JITT2.asc",0,NA,NA,NA,NA,NA,NA,NA,NA,NA,NA
"4135",2,36,1,69,6450347,6450587,573.8,501.2,1,240,27,1,1,4,4,13,13,"the",3,NA,0,0,0,1,527,0,4,65,0,NA,0,NA,"C:/Data/corr_sacc/asc/JITT2.asc",0,0,NA,24,NA,781.5,NA,NA,NA,13,NA
"4136",2,36,1,69,6450615,6450775,781.5,516.7,2,160,27,1,1,6,6,24,24,"behind",5,11,0,0,0,1,795,0,6,65,0,NA,0,NA,"C:/Data/corr_sacc/asc/JITT2.asc",0,0,13,39,573.8,1045.4,501.2,65,52,24,NA
"4137",2,36,1,69,6450904,6451108,1045.4,507.8,3,204,128,1,1,9,9,39,39,"trees,",1,15,1,0,0,1,1084,0,9,65,NA,NA,0,NA,"C:/Data/corr_sacc/asc/JITT2.asc",0,0,24,53,781.5,1290.8,516.7,65,41,39,NA
"4138",2,36,1,69,6451146,6451337,1290.8,521.1,4,191,37,1,1,11,11,53,53,"were",2,14,0,0,0,1,1326,0,11,65,0,NA,0,NA,"C:/Data/corr_sacc/asc/JITT2.asc",0,0,39,60,1045.4,1421.8,507.8,65,26,53,NA
"4139",2,36,1,69,6451361,6451504,1421.8,544.2,5,143,23,1,1,12,12,60,60,"many",4,7,0,0,0,1,1541,0,12,65,0,NA,0,NA,"C:/Data/corr_sacc/asc/JITT2.asc",0,0,53,62,1290.8,1454.3,521.1,65,12,60,NA
"4140",2,36,1,69,6451524,6451640,1454.3,555.1,6,116,19,1,1,13,13,62,62,"huts",1,2,0,0,0,1,1704,0,13,65,0,NA,0,NA,"C:/Data/corr_sacc/asc/JITT2.asc",1,0,60,11,1421.8,542.9,544.2,65,5,62,NA
"4141",2,36,1,69,6451716,6451828,542.9,741.2,7,112,75,1,2,14,14,76,11,"overlooking",11,51,0,0,0,1,1896,0,1,52,0,NA,1,"undersweep","C:/Data/corr_sacc/asc/JITT2.asc",0,0,62,5,1454.3,432,555.1,65,3,11,1
"4142",2,36,1,69,6451852,6452012,432,729.7,8,160,23,1,2,14,14,70,5,"overlooking",5,6,0,0,0,1,2032,0,1,52,0,NA,0,NA,"C:/Data/corr_sacc/asc/JITT2.asc",0,1,11,18,542.9,676,741.2,52,41,5,NA
"4143",2,36,1,69,6452056,6452236,676,755.4,9,180,43,1,2,16,16,83,18,"beautiful",2,13,0,0,0,1,2236,0,3,52,0,NA,0,NA,"C:/Data/corr_sacc/asc/JITT2.asc",0,0,5,41,432,1086.6,729.7,52,47,18,NA
"4144",2,36,1,69,6452279,6452399,1086.6,733.3,10,120,42,1,2,20,20,106,41,"Indian",2,23,0,0,0,1,2459,0,7,52,0,NA,0,NA,"C:/Data/corr_sacc/asc/JITT2.asc",0,0,18,46,676,1165.7,755.4,52,34,41,NA
"4145",2,36,1,69,6452425,6452550,1165.7,739.7,11,125,25,1,2,21,21,111,46,"Ocean.",0,5,0,0,0,1,2605,0,8,52,0,NA,0,NA,"C:/Data/corr_sacc/asc/JITT2.asc",0,0,41,32,1086.6,926.4,733.3,52,11,46,NA
"4146",2,36,1,69,6452582,6452720,926.4,724.8,12,138,31,1,2,18,18,97,32,"in",0,14,0,0,0,1,2762,0,5,52,1,NA,0,NA,"C:/Data/corr_sacc/asc/JITT2.asc",0,0,46,29,1165.7,863.6,739.7,52,6,32,NA
"4147",2,36,1,69,6452745,6452872,863.6,724.1,13,127,24,1,2,17,17,94,29,"beach",3,3,0,0,0,1,2925,0,4,52,1,NA,0,NA,"C:/Data/corr_sacc/asc/JITT2.asc",0,0,32,33,926.4,947.4,724.8,52,20,29,NA
"4148",2,36,1,69,6452905,6453166,947.4,517.8,14,261,32,1,1,8,8,33,33,"coconut",3,4,0,0,0,1,3085,0,8,65,1,NA,0,NA,"C:/Data/corr_sacc/asc/JITT2.asc",NA,0,29,NA,863.6,NA,724.1,52,23,33,NA
"4149",2,36,1,69,NA,NA,NA,NA,NA,NA,NA,1,1,1,NA,NA,NA,"On",NA,NA,NA,NA,NA,NA,NA,NA,1,NA,NA,NA,NA,NA,"C:/Data/corr_sacc/asc/JITT2.asc",NA,0,33,NA,947.4,NA,517.8,65,32,NA,NA
"4150",2,36,1,69,NA,NA,NA,NA,NA,NA,NA,1,1,2,NA,NA,NA,"top",NA,NA,NA,NA,NA,NA,NA,NA,2,NA,NA,NA,NA,NA,"C:/Data/corr_sacc/asc/JITT2.asc",NA,NA,NA,NA,NA,NA,NA,NA,NA,NA,NA
"4151",2,36,1,69,NA,NA,NA,NA,NA,NA,NA,1,1,3,NA,NA,NA,"of",NA,NA,NA,NA,NA,NA,NA,NA,3,NA,NA,NA,NA,NA,"C:/Data/corr_sacc/asc/JITT2.asc",NA,NA,NA,NA,NA,NA,NA,NA,NA,NA,NA
"4152",2,36,1,69,NA,NA,NA,NA,NA,NA,NA,1,1,5,NA,NA,NA,"hill",NA,NA,NA,NA,NA,NA,NA,NA,5,NA,NA,NA,NA,NA,"C:/Data/corr_sacc/asc/JITT2.asc",NA,NA,NA,NA,NA,NA,NA,NA,NA,NA,NA
"4153",2,36,1,69,NA,NA,NA,NA,NA,NA,NA,1,1,7,NA,NA,NA,"the",NA,NA,NA,NA,NA,NA,NA,NA,7,NA,NA,NA,NA,NA,"C:/Data/corr_sacc/asc/JITT2.asc",NA,NA,NA,NA,NA,NA,NA,NA,NA,NA,NA
"4154",2,36,1,69,NA,NA,NA,NA,NA,NA,NA,1,1,10,NA,NA,NA,"there",NA,NA,NA,NA,NA,NA,NA,NA,10,NA,NA,NA,NA,NA,"C:/Data/corr_sacc/asc/JITT2.asc",NA,NA,NA,NA,NA,NA,NA,NA,NA,NA,NA
"4155",2,36,1,69,NA,NA,NA,NA,NA,NA,NA,1,2,15,NA,NA,NA,"the",NA,NA,NA,NA,NA,NA,NA,NA,2,NA,NA,NA,NA,NA,"C:/Data/corr_sacc/asc/JITT2.asc",NA,NA,NA,NA,NA,NA,NA,NA,NA,NA,NA
"4156",2,36,1,69,NA,NA,NA,NA,NA,NA,NA,1,2,19,NA,NA,NA,"the",NA,NA,NA,NA,NA,NA,NA,NA,6,NA,NA,NA,NA,NA,"C:/Data/corr_sacc/asc/JITT2.asc",0,NA,NA,NA,NA,NA,NA,NA,NA,NA,NA
"4157",2,89,3,70,6490671,6490887,394.2,485.7,1,216,25,1,1,2,2,9,9,"shameless",5,NA,0,0,0,1,942,0,2,54,0,NA,0,NA,"C:/Data/corr_sacc/asc/JITT2.asc",0,0,NA,20,NA,605.1,NA,NA,NA,9,NA
"4158",2,89,3,70,6490916,6491133,605.1,499,2,217,28,1,1,4,4,20,20,"man",0,11,0,0,0,1,1187,0,4,54,0,NA,0,NA,"C:/Data/corr_sacc/asc/JITT2.asc",0,0,9,33,394.2,838.5,485.7,54,45,20,NA
"4159",2,89,3,70,6491164,6491374,838.5,511.6,3,210,30,1,1,7,7,33,33,"patience",2,13,0,0,0,1,1435,0,7,54,0,NA,0,NA,"C:/Data/corr_sacc/asc/JITT2.asc",0,0,20,30,605.1,775.4,499,54,34,33,NA
"4160",2,89,3,70,6491395,6491522,775.4,508.9,4,127,20,1,1,6,6,30,30,"no",2,3,0,0,0,1,1666,0,6,54,1,NA,0,NA,"C:/Data/corr_sacc/asc/JITT2.asc",0,0,33,46,838.5,1073.5,511.6,54,21,30,NA
"4161",2,89,3,70,6491561,6491723,1073.5,507.3,5,162,38,1,1,9,9,46,46,"the",1,16,0,0,0,1,1832,0,9,54,0,NA,0,NA,"C:/Data/corr_sacc/asc/JITT2.asc",0,0,30,50,775.4,1132.5,508.9,54,24,46,NA
"4162",2,89,3,70,6491747,6491914,1132.5,502.6,6,167,23,1,1,10,10,50,50,"woman",1,4,0,0,0,1,2018,0,10,54,0,NA,0,NA,"C:/Data/corr_sacc/asc/JITT2.asc",1,0,46,13,1073.5,476.3,507.3,54,8,50,NA
"4163",2,89,3,70,6491963,6492119,476.3,681.8,7,156,48,1,2,13,13,67,13,"accidentally",5,37,0,0,0,1,2234,0,3,44,0,NA,1,"undersweep","C:/Data/corr_sacc/asc/JITT2.asc",0,0,50,9,1132.5,401.8,502.6,54,4,13,1
"4164",2,89,3,70,6492144,6492244,401.8,692,8,100,24,1,2,13,13,63,9,"accidentally",1,4,0,0,0,1,2415,0,3,44,0,NA,0,NA,"C:/Data/corr_sacc/asc/JITT2.asc",0,1,13,25,476.3,681.9,681.8,44,31,9,NA
"4165",2,89,3,70,6492276,6492391,681.9,724.6,9,115,31,1,2,14,14,79,25,"fallen",4,16,0,0,0,1,2547,0,4,44,0,NA,0,NA,"C:/Data/corr_sacc/asc/JITT2.asc",0,0,9,33,401.8,827.3,692,44,35,25,NA
"4166",2,89,3,70,6492426,6492593,827.3,725,10,167,34,1,2,16,16,87,33,"the",2,8,0,0,0,1,2697,0,6,44,0,NA,0,NA,"C:/Data/corr_sacc/asc/JITT2.asc",0,0,25,32,681.9,808.6,724.6,44,19,33,NA
"4167",2,89,3,70,6492616,6492637,808.6,721.5,11,21,22,1,2,16,16,86,32,"the",1,1,0,0,0,1,2887,0,6,44,0,NA,0,NA,"C:/Data/corr_sacc/asc/JITT2.asc",0,0,33,40,827.3,959.4,725,44,11,32,NA
"4168",2,89,3,70,6492671,6492811,959.4,713.8,12,140,33,1,2,18,18,94,40,"road.",1,8,0,0,0,1,2942,0,8,44,0,NA,0,NA,"C:/Data/corr_sacc/asc/JITT2.asc",0,0,32,43,808.6,1018,721.5,44,12,40,NA
"4169",2,89,3,70,6492835,6492976,1018,718.2,13,141,23,1,2,18,18,97,43,"road.",4,3,0,0,0,1,3106,0,8,44,0,NA,0,NA,"C:/Data/corr_sacc/asc/JITT2.asc",0,0,40,33,959.4,840.3,713.8,44,4,43,NA
"4170",2,89,3,70,6493005,6493253,840.3,711,14,248,28,1,2,16,16,87,33,"the",2,10,0,0,0,1,3276,0,6,44,1,NA,0,NA,"C:/Data/corr_sacc/asc/JITT2.asc",0,0,43,23,1018,655.6,718.2,44,1,33,NA
"4171",2,89,3,70,6493285,6493413,655.6,693.8,15,128,31,1,2,14,14,77,23,"fallen",2,10,0,0,0,1,3556,0,4,44,1,NA,0,NA,"C:/Data/corr_sacc/asc/JITT2.asc",0,0,33,39,840.3,939.8,711,44,11,23,NA
"4172",2,89,3,70,6493452,6493650,939.8,712.7,16,198,38,1,2,18,18,93,39,"road.",0,16,0,0,0,1,3723,0,8,44,1,NA,0,NA,"C:/Data/corr_sacc/asc/JITT2.asc",NA,0,23,NA,655.6,NA,693.8,44,21,39,NA
"4173",2,89,3,70,NA,NA,NA,NA,NA,NA,NA,1,1,1,NA,NA,NA,"The",NA,NA,NA,NA,NA,NA,NA,NA,1,NA,NA,NA,NA,NA,"C:/Data/corr_sacc/asc/JITT2.asc",NA,0,39,NA,939.8,NA,712.7,44,5,NA,NA
"4174",2,89,3,70,NA,NA,NA,NA,NA,NA,NA,1,1,3,NA,NA,NA,"young",NA,NA,NA,NA,NA,NA,NA,NA,3,NA,NA,NA,NA,NA,"C:/Data/corr_sacc/asc/JITT2.asc",NA,NA,NA,NA,NA,NA,NA,NA,NA,NA,NA
"4175",2,89,3,70,NA,NA,NA,NA,NA,NA,NA,1,1,5,NA,NA,NA,"had",NA,NA,NA,NA,NA,NA,NA,NA,5,NA,NA,NA,NA,NA,"C:/Data/corr_sacc/asc/JITT2.asc",NA,NA,NA,NA,NA,NA,NA,NA,NA,NA,NA
"4176",2,89,3,70,NA,NA,NA,NA,NA,NA,NA,1,1,8,NA,NA,NA,"with",NA,NA,NA,NA,NA,NA,NA,NA,8,NA,NA,NA,NA,NA,"C:/Data/corr_sacc/asc/JITT2.asc",NA,NA,NA,NA,NA,NA,NA,NA,NA,NA,NA
"4177",2,89,3,70,NA,NA,NA,NA,NA,NA,NA,1,2,11,NA,NA,NA,"who",NA,NA,NA,NA,NA,NA,NA,NA,1,NA,NA,NA,NA,NA,"C:/Data/corr_sacc/asc/JITT2.asc",NA,NA,NA,NA,NA,NA,NA,NA,NA,NA,NA
"4178",2,89,3,70,NA,NA,NA,NA,NA,NA,NA,1,2,12,NA,NA,NA,"had",NA,NA,NA,NA,NA,NA,NA,NA,2,NA,NA,NA,NA,NA,"C:/Data/corr_sacc/asc/JITT2.asc",NA,NA,NA,NA,NA,NA,NA,NA,NA,NA,NA
"4179",2,89,3,70,NA,NA,NA,NA,NA,NA,NA,1,2,15,NA,NA,NA,"on",NA,NA,NA,NA,NA,NA,NA,NA,5,NA,NA,NA,NA,NA,"C:/Data/corr_sacc/asc/JITT2.asc",NA,NA,NA,NA,NA,NA,NA,NA,NA,NA,NA
"4180",2,89,3,70,NA,NA,NA,NA,NA,NA,NA,1,2,17,NA,NA,NA,"icy",NA,NA,NA,NA,NA,NA,NA,NA,7,NA,NA,NA,NA,NA,"C:/Data/corr_sacc/asc/JITT2.asc",0,NA,NA,NA,NA,NA,NA,NA,NA,NA,NA
"4181",2,52,2,71,6496759,6496910,510.8,471.9,1,151,32,1,1,4,4,18,18,"town",0,NA,0,0,0,1,644,0,4,61,0,NA,0,NA,"C:/Data/corr_sacc/asc/JITT2.asc",0,0,NA,13,NA,436.3,NA,NA,NA,18,NA
"4182",2,52,2,71,6496935,6497139,436.3,457.1,2,204,24,1,1,3,3,13,13,"seaside",3,5,0,0,0,1,820,0,3,61,1,NA,0,NA,"C:/Data/corr_sacc/asc/JITT2.asc",1,0,18,40,510.8,911.9,471.9,61,43,13,NA
"4183",2,52,2,71,6497193,6497357,911.9,667.4,3,164,53,1,2,17,17,101,40,"demolish",3,27,0,0,0,1,1078,0,6,58,0,NA,1,"undersweep","C:/Data/corr_sacc/asc/JITT2.asc",0,0,13,20,436.3,553.3,457.1,61,48,40,1
"4184",2,52,2,71,6497438,6497611,553.3,473.9,4,173,80,1,1,4,4,20,20,"town",2,20,0,0,0,1,1323,0,4,61,1,NA,0,NA,"C:/Data/corr_sacc/asc/JITT2.asc",0,1,40,26,911.9,671.4,667.4,58,18,20,NA
"4185",2,52,2,71,6497636,6497789,671.4,485.6,5,153,24,1,1,5,5,26,26,"had",3,6,0,0,0,1,1521,0,5,61,1,NA,0,NA,"C:/Data/corr_sacc/asc/JITT2.asc",0,0,20,33,553.3,791.8,473.9,61,41,26,NA
"4186",2,52,2,71,6497814,6497967,791.8,502.8,6,153,24,1,1,8,8,33,33,"evacuated",0,7,0,0,0,1,1699,0,8,61,1,NA,0,NA,"C:/Data/corr_sacc/asc/JITT2.asc",0,0,26,48,671.4,1065,485.6,61,35,33,NA
"4187",2,52,2,71,6498095,6498264,1065,509.2,7,169,127,1,1,9,9,48,48,"because",5,15,1,0,0,1,1980,0,9,61,NA,NA,0,NA,"C:/Data/corr_sacc/asc/JITT2.asc",0,0,33,46,791.8,1031,502.8,61,28,48,NA
"4188",2,52,2,71,6498276,6498321,1031,501.5,8,45,11,1,1,9,9,46,46,"because",3,2,0,0,0,1,2161,0,9,61,1,NA,0,NA,"C:/Data/corr_sacc/asc/JITT2.asc",0,0,48,55,1065,1186.4,509.2,61,13,46,NA
"4189",2,52,2,71,6498351,6498534,1186.4,495.5,9,183,29,1,1,10,10,55,55,"there",4,9,0,0,0,1,2236,0,10,61,1,NA,0,NA,"C:/Data/corr_sacc/asc/JITT2.asc",0,0,46,6,1031,305.3,501.5,61,15,55,NA
"4190",2,52,2,71,6498602,6498717,305.3,662.6,10,115,67,1,2,12,12,67,6,"powerful",6,49,0,0,0,1,2487,0,1,58,1,NA,0,NA,"C:/Data/corr_sacc/asc/JITT2.asc",0,0,55,2,1186.4,223.8,495.5,61,6,6,NA
"4191",2,52,2,71,6498742,6498867,223.8,677.7,11,125,24,1,2,12,12,63,2,"powerful",2,4,0,0,0,1,2627,0,1,58,1,NA,0,NA,"C:/Data/corr_sacc/asc/JITT2.asc",0,0,6,10,305.3,378.4,662.6,58,52,2,NA
"4192",2,52,2,71,6498902,6499078,378.4,693.1,12,176,34,1,2,13,13,71,10,"typhoons",1,8,0,0,0,1,2787,0,2,58,1,NA,0,NA,"C:/Data/corr_sacc/asc/JITT2.asc",0,0,2,23,223.8,608.2,677.7,58,56,10,NA
"4193",2,52,2,71,6499107,6499355,608.2,720.9,13,248,28,1,2,15,15,84,23,"threatened",0,13,0,0,0,1,2992,0,4,58,1,NA,0,NA,"C:/Data/corr_sacc/asc/JITT2.asc",0,0,10,38,378.4,876.6,693.1,58,48,23,NA
"4194",2,52,2,71,6499390,6499513,876.6,719.6,14,123,34,1,2,17,17,99,38,"demolish",1,15,0,0,0,1,3275,0,6,58,1,NA,0,NA,"C:/Data/corr_sacc/asc/JITT2.asc",0,0,23,38,608.2,879.6,720.9,58,35,38,NA
"4195",2,52,2,71,6499656,6499760,879.6,688.2,15,104,142,1,2,17,17,99,38,"demolish",1,0,1,0,0,1,3541,0,6,58,NA,NA,0,NA,"C:/Data/corr_sacc/asc/JITT2.asc",0,0,38,49,876.6,1077,719.6,58,20,38,NA
"4196",2,52,2,71,6499792,6499945,1077,677.9,16,153,31,1,2,18,18,110,49,"many",3,11,0,0,0,1,3677,0,7,58,0,NA,0,NA,"C:/Data/corr_sacc/asc/JITT2.asc",0,0,38,52,879.6,1134.4,688.2,58,20,49,NA
"4197",2,52,2,71,6499967,6500154,1134.4,687.6,17,187,21,1,2,19,19,113,52,"houses.",1,3,0,0,0,1,3852,0,8,58,0,NA,0,NA,"C:/Data/corr_sacc/asc/JITT2.asc",0,0,49,21,1077,577.4,677.9,58,9,52,NA
"4198",2,52,2,71,6500214,6500334,577.4,484.8,18,120,59,1,1,4,4,21,21,"town",3,31,0,0,0,1,4099,0,4,61,1,NA,0,NA,"C:/Data/corr_sacc/asc/JITT2.asc",NA,0,52,NA,1134.4,NA,687.6,58,6,21,NA
"4199",2,52,2,71,NA,NA,NA,NA,NA,NA,NA,1,1,1,NA,NA,NA,"The",NA,NA,NA,NA,NA,NA,NA,NA,1,NA,NA,NA,NA,NA,"C:/Data/corr_sacc/asc/JITT2.asc",NA,0,21,NA,577.4,NA,484.8,61,40,NA,NA
"4200",2,52,2,71,NA,NA,NA,NA,NA,NA,NA,1,1,2,NA,NA,NA,"whole",NA,NA,NA,NA,NA,NA,NA,NA,2,NA,NA,NA,NA,NA,"C:/Data/corr_sacc/asc/JITT2.asc",NA,NA,NA,NA,NA,NA,NA,NA,NA,NA,NA
"4201",2,52,2,71,NA,NA,NA,NA,NA,NA,NA,1,1,6,NA,NA,NA,"to",NA,NA,NA,NA,NA,NA,NA,NA,6,NA,NA,NA,NA,NA,"C:/Data/corr_sacc/asc/JITT2.asc",NA,NA,NA,NA,NA,NA,NA,NA,NA,NA,NA
"4202",2,52,2,71,NA,NA,NA,NA,NA,NA,NA,1,1,7,NA,NA,NA,"be",NA,NA,NA,NA,NA,NA,NA,NA,7,NA,NA,NA,NA,NA,"C:/Data/corr_sacc/asc/JITT2.asc",NA,NA,NA,NA,NA,NA,NA,NA,NA,NA,NA
"4203",2,52,2,71,NA,NA,NA,NA,NA,NA,NA,1,1,11,NA,NA,NA,"were",NA,NA,NA,NA,NA,NA,NA,NA,11,NA,NA,NA,NA,NA,"C:/Data/corr_sacc/asc/JITT2.asc",NA,NA,NA,NA,NA,NA,NA,NA,NA,NA,NA
"4204",2,52,2,71,NA,NA,NA,NA,NA,NA,NA,1,2,14,NA,NA,NA,"that",NA,NA,NA,NA,NA,NA,NA,NA,3,NA,NA,NA,NA,NA,"C:/Data/corr_sacc/asc/JITT2.asc",NA,NA,NA,NA,NA,NA,NA,NA,NA,NA,NA
"4205",2,52,2,71,NA,NA,NA,NA,NA,NA,NA,1,2,16,NA,NA,NA,"to",NA,NA,NA,NA,NA,NA,NA,NA,5,NA,NA,NA,NA,NA,"C:/Data/corr_sacc/asc/JITT2.asc",0,NA,NA,NA,NA,NA,NA,NA,NA,NA,NA
"4206",2,40,2,72,6548000,6548139,367.3,489.8,1,139,26,1,1,2,2,10,10,"visited",6,NA,0,0,0,1,471,0,2,65,0,NA,0,NA,"C:/Data/corr_sacc/asc/JITT2.asc",0,0,NA,19,NA,537.3,NA,NA,NA,10,NA
"4207",2,40,2,72,6548171,6548375,537.3,496.7,2,204,31,1,1,4,4,19,19,"beautiful",3,9,0,0,0,1,642,0,4,65,0,NA,0,NA,"C:/Data/corr_sacc/asc/JITT2.asc",0,0,10,31,367.3,748.7,489.8,65,55,19,NA
"4208",2,40,2,72,6548405,6548603,748.7,495.7,3,198,29,1,1,5,5,31,31,"beach",5,12,0,0,0,1,876,0,5,65,0,NA,0,NA,"C:/Data/corr_sacc/asc/JITT2.asc",0,0,19,39,537.3,889.8,496.7,65,46,31,NA
"4209",2,40,2,72,6548629,6548751,889.8,496.7,4,122,25,1,1,7,7,39,39,"Wednesday",4,8,0,0,0,1,1100,0,7,65,0,NA,0,NA,"C:/Data/corr_sacc/asc/JITT2.asc",0,0,31,52,748.7,1127.7,495.7,65,34,39,NA
"4210",2,40,2,72,6548788,6548934,1127.7,496.7,5,146,36,1,1,9,9,52,52,"her",2,13,0,0,0,1,1259,0,9,65,0,NA,0,NA,"C:/Data/corr_sacc/asc/JITT2.asc",0,0,39,59,889.8,1252.3,496.7,65,26,52,NA
"4211",2,40,2,72,6548959,6549103,1252.3,505.7,6,144,24,1,1,11,11,59,59,"friend",0,7,0,0,0,1,1430,0,11,65,0,NA,0,NA,"C:/Data/corr_sacc/asc/JITT2.asc",0,0,52,61,1127.7,1288.3,496.7,65,13,59,NA
"4212",2,40,2,72,6549122,6549201,1288.3,517.2,7,79,18,1,1,11,11,61,61,"friend",2,2,0,0,0,1,1593,0,11,65,0,NA,0,NA,"C:/Data/corr_sacc/asc/JITT2.asc",1,0,59,11,1252.3,396.2,505.7,65,6,61,NA
"4213",2,40,2,72,6549265,6549374,396.2,723.8,8,109,63,1,2,13,13,76,11,"another",6,50,0,0,0,1,1736,0,2,32,0,NA,1,"undersweep","C:/Data/corr_sacc/asc/JITT2.asc",0,0,61,4,1288.3,263,517.2,65,4,11,1
"4214",2,40,2,72,6549399,6549554,263,731.4,9,155,24,1,2,12,12,69,4,"from",4,7,0,0,0,1,1870,0,1,32,1,NA,0,NA,"C:/Data/corr_sacc/asc/JITT2.asc",0,1,11,1,396.2,201.6,723.8,32,21,4,NA
"4215",2,40,2,72,6549576,6549661,201.6,735.4,10,85,21,1,2,12,12,66,1,"from",1,3,0,0,0,1,2047,0,1,32,1,NA,0,NA,"C:/Data/corr_sacc/asc/JITT2.asc",0,0,4,20,263,556.1,731.4,32,28,1,NA
"4216",2,40,2,72,6549710,6549990,556.1,757.6,11,280,48,1,2,14,14,85,20,"college",7,19,0,0,0,1,2181,0,3,32,0,NA,0,NA,"C:/Data/corr_sacc/asc/JITT2.asc",0,0,1,23,201.6,604.5,735.4,32,31,20,NA
"4217",2,40,2,72,6550032,6550202,604.5,569.5,12,170,41,1,1,4,4,23,23,"beautiful",7,3,0,0,0,1,2503,0,4,65,1,NA,0,NA,"C:/Data/corr_sacc/asc/JITT2.asc",0,0,20,29,556.1,715.8,757.6,32,12,23,NA
"4218",2,40,2,72,6550224,6550467,715.8,511.1,13,243,21,1,1,5,5,29,29,"beach",3,6,0,0,0,1,2695,0,5,65,1,NA,0,NA,"C:/Data/corr_sacc/asc/JITT2.asc",NA,0,23,NA,604.5,NA,569.5,65,42,29,NA
"4219",2,40,2,72,NA,NA,NA,NA,NA,NA,NA,1,1,1,NA,NA,NA,"She",NA,NA,NA,NA,NA,NA,NA,NA,1,NA,NA,NA,NA,NA,"C:/Data/corr_sacc/asc/JITT2.asc",NA,0,29,NA,715.8,NA,511.1,65,36,NA,NA
"4220",2,40,2,72,NA,NA,NA,NA,NA,NA,NA,1,1,3,NA,NA,NA,"the",NA,NA,NA,NA,NA,NA,NA,NA,3,NA,NA,NA,NA,NA,"C:/Data/corr_sacc/asc/JITT2.asc",NA,NA,NA,NA,NA,NA,NA,NA,NA,NA,NA
"4221",2,40,2,72,NA,NA,NA,NA,NA,NA,NA,1,1,6,NA,NA,NA,"on",NA,NA,NA,NA,NA,NA,NA,NA,6,NA,NA,NA,NA,NA,"C:/Data/corr_sacc/asc/JITT2.asc",NA,NA,NA,NA,NA,NA,NA,NA,NA,NA,NA
"4222",2,40,2,72,NA,NA,NA,NA,NA,NA,NA,1,1,8,NA,NA,NA,"with",NA,NA,NA,NA,NA,NA,NA,NA,8,NA,NA,NA,NA,NA,"C:/Data/corr_sacc/asc/JITT2.asc",NA,NA,NA,NA,NA,NA,NA,NA,NA,NA,NA
"4223",2,40,2,72,NA,NA,NA,NA,NA,NA,NA,1,1,10,NA,NA,NA,"best",NA,NA,NA,NA,NA,NA,NA,NA,10,NA,NA,NA,NA,NA,"C:/Data/corr_sacc/asc/JITT2.asc",NA,NA,NA,NA,NA,NA,NA,NA,NA,NA,NA
"4224",2,40,2,72,NA,NA,NA,NA,NA,NA,NA,1,2,15,NA,NA,NA,"in",NA,NA,NA,NA,NA,NA,NA,NA,4,NA,NA,NA,NA,NA,"C:/Data/corr_sacc/asc/JITT2.asc",NA,NA,NA,NA,NA,NA,NA,NA,NA,NA,NA
"4225",2,40,2,72,NA,NA,NA,NA,NA,NA,NA,1,2,16,NA,NA,NA,"England.",NA,NA,NA,NA,NA,NA,NA,NA,5,NA,NA,NA,NA,NA,"C:/Data/corr_sacc/asc/JITT2.asc",0,NA,NA,NA,NA,NA,NA,NA,NA,NA,NA
"4226",2,29,3,73,6560527,6560668,601,514.8,1,141,32,1,1,3,3,12,12,"the",2,NA,0,0,0,1,1061,0,3,53,0,NA,0,NA,"C:/Data/corr_sacc/asc/JITT2.asc",0,0,NA,21,NA,753.4,NA,NA,NA,12,NA
"4227",2,29,3,73,6560693,6560839,753.4,535.8,2,146,24,1,1,5,5,21,21,"usually",2,9,0,0,0,1,1227,0,5,53,0,NA,0,NA,"C:/Data/corr_sacc/asc/JITT2.asc",0,0,12,28,601,888.6,514.8,53,41,21,NA
"4228",2,29,3,73,6560869,6561014,888.6,535,3,145,29,1,1,6,6,28,28,"avoided",1,7,0,0,0,1,1403,0,6,53,0,NA,0,NA,"C:/Data/corr_sacc/asc/JITT2.asc",0,0,21,41,753.4,1105.5,535.8,53,32,28,NA
"4229",2,29,3,73,6561052,6561296,1105.5,544.1,4,244,37,1,1,8,8,41,41,"mountain",2,13,0,0,0,1,1586,0,8,53,0,NA,0,NA,"C:/Data/corr_sacc/asc/JITT2.asc",0,0,28,31,888.6,934.6,535,53,25,41,NA
"4230",2,29,3,73,6561323,6561372,934.6,525,5,49,26,1,1,6,6,31,31,"avoided",4,10,0,0,0,1,1857,0,6,53,1,NA,0,NA,"C:/Data/corr_sacc/asc/JITT2.asc",0,0,41,12,1105.5,586.9,544.1,53,12,31,NA
"4231",2,29,3,73,6561408,6561506,586.9,498.7,6,98,35,1,1,3,3,12,12,"the",2,19,0,0,0,1,1942,0,3,53,1,NA,0,NA,"C:/Data/corr_sacc/asc/JITT2.asc",0,0,31,6,934.6,490.2,525,53,22,12,NA
"4232",2,29,3,73,6561532,6561751,490.2,505,7,219,25,1,1,1,1,6,6,"People",6,6,0,0,0,1,2066,0,1,53,1,NA,0,NA,"C:/Data/corr_sacc/asc/JITT2.asc",0,0,12,13,586.9,617.9,498.7,53,41,6,NA
"4233",2,29,3,73,6561777,6561948,617.9,529.9,8,171,25,1,1,3,3,13,13,"the",3,7,0,0,0,1,2311,0,3,53,1,NA,0,NA,"C:/Data/corr_sacc/asc/JITT2.asc",0,0,6,23,490.2,786.3,505,53,47,13,NA
"4234",2,29,3,73,6561976,6562217,786.3,528.2,9,241,27,1,1,5,5,23,23,"usually",4,10,0,0,0,1,2510,0,5,53,1,NA,0,NA,"C:/Data/corr_sacc/asc/JITT2.asc",0,0,13,32,617.9,949.6,529.9,53,40,23,NA
"4235",2,29,3,73,6562245,6562485,949.6,521.2,10,240,27,1,1,6,6,32,32,"avoided",5,9,0,0,0,1,2779,0,6,53,1,NA,0,NA,"C:/Data/corr_sacc/asc/JITT2.asc",0,0,23,44,786.3,1160.5,528.2,53,30,32,NA
"4236",2,29,3,73,6562513,6562856,1160.5,541.7,11,343,27,1,1,8,8,44,44,"mountain",5,12,0,0,0,1,3047,0,8,53,1,NA,0,NA,"C:/Data/corr_sacc/asc/JITT2.asc",0,0,32,51,949.6,1288.8,521.2,53,21,44,NA
"4237",2,29,3,73,6562879,6563269,1288.8,555.1,12,390,22,1,1,9,9,51,51,"trail",3,7,0,0,0,1,3413,0,9,53,0,NA,0,NA,"C:/Data/corr_sacc/asc/JITT2.asc",1,0,44,14,1160.5,634.8,541.7,53,9,51,NA
"4238",2,29,3,73,6563322,6563409,634.8,688.1,13,87,52,1,2,12,12,67,14,"the",2,37,0,0,0,1,3856,0,3,68,0,NA,1,"undersweep","C:/Data/corr_sacc/asc/JITT2.asc",0,0,51,9,1288.8,541.2,555.1,53,2,14,1
"4239",2,29,3,73,6563434,6563648,541.2,719,14,214,24,1,2,11,11,62,9,"all",1,5,0,0,0,1,3968,0,2,68,1,NA,0,NA,"C:/Data/corr_sacc/asc/JITT2.asc",0,1,14,20,634.8,734.6,688.1,68,54,9,NA
"4240",2,29,3,73,6563677,6563823,734.6,744.9,15,146,28,1,2,13,13,73,20,"signs",4,11,0,0,0,1,4211,0,4,68,0,NA,0,NA,"C:/Data/corr_sacc/asc/JITT2.asc",0,0,9,16,541.2,665.1,719,68,59,20,NA
"4241",2,29,3,73,6563846,6564069,665.1,736.5,16,223,22,1,2,13,13,69,16,"signs",0,4,0,0,0,1,4380,0,4,68,0,NA,0,NA,"C:/Data/corr_sacc/asc/JITT2.asc",0,0,20,32,734.6,950.2,744.9,68,48,16,NA
"4242",2,29,3,73,6564103,6564335,950.2,758.1,17,232,33,1,2,16,16,85,32,"away",0,16,0,0,0,1,4637,0,7,68,0,NA,0,NA,"C:/Data/corr_sacc/asc/JITT2.asc",0,0,16,41,665.1,1119.3,736.5,68,52,32,NA
"4243",2,29,3,73,6564377,6564530,1119.3,773.1,18,153,41,1,2,18,18,94,41,"to",0,9,0,0,0,1,4911,0,9,68,0,NA,0,NA,"C:/Data/corr_sacc/asc/JITT2.asc",0,0,32,54,950.2,1340.9,758.1,68,36,41,NA
"4244",2,29,3,73,6564566,6564699,1340.9,779.6,19,133,35,1,2,21,21,107,54,"of",1,13,0,0,0,1,5100,0,12,68,0,NA,0,NA,"C:/Data/corr_sacc/asc/JITT2.asc",0,0,41,61,1119.3,1481.2,773.1,68,27,54,NA
"4245",2,29,3,73,6564726,6564985,1481.2,782.2,20,259,26,1,2,22,22,114,61,"maintenance.",5,7,0,0,0,1,5260,0,13,68,0,NA,0,NA,"C:/Data/corr_sacc/asc/JITT2.asc",0,0,54,46,1340.9,1213.2,779.6,68,14,61,NA
"4246",2,29,3,73,6565021,6565104,1213.2,769.2,21,83,35,1,2,19,19,99,46,"the",2,15,0,0,0,1,5555,0,10,68,1,NA,0,NA,"C:/Data/corr_sacc/asc/JITT2.asc",0,0,61,23,1481.2,786.5,782.2,68,7,46,NA
"4247",2,29,3,73,6565273,6565450,786.5,530.1,22,177,168,1,1,5,5,23,23,"usually",4,23,1,0,0,1,5807,0,5,53,NA,NA,0,NA,"C:/Data/corr_sacc/asc/JITT2.asc",0,0,46,13,1213.2,605,769.2,68,22,23,NA
"4248",2,29,3,73,6565485,6565639,605,514.8,23,154,34,1,1,3,3,13,13,"the",3,10,0,0,0,1,6019,0,3,53,1,NA,0,NA,"C:/Data/corr_sacc/asc/JITT2.asc",0,0,23,32,786.5,947.6,530.1,53,30,13,NA
"4249",2,29,3,73,6565689,6565861,947.6,564,24,172,49,1,1,6,6,32,32,"avoided",5,19,0,0,0,1,6223,0,6,53,1,NA,0,NA,"C:/Data/corr_sacc/asc/JITT2.asc",NA,0,13,NA,605,NA,514.8,53,40,32,NA
"4250",2,29,3,73,NA,NA,NA,NA,NA,NA,NA,1,1,2,NA,NA,NA,"in",NA,NA,NA,NA,NA,NA,NA,NA,2,NA,NA,NA,NA,NA,"C:/Data/corr_sacc/asc/JITT2.asc",NA,0,32,NA,947.6,NA,564,53,21,NA,NA
"4251",2,29,3,73,NA,NA,NA,NA,NA,NA,NA,1,1,4,NA,NA,NA,"area",NA,NA,NA,NA,NA,NA,NA,NA,4,NA,NA,NA,NA,NA,"C:/Data/corr_sacc/asc/JITT2.asc",NA,NA,NA,NA,NA,NA,NA,NA,NA,NA,NA
"4252",2,29,3,73,NA,NA,NA,NA,NA,NA,NA,1,1,7,NA,NA,NA,"the",NA,NA,NA,NA,NA,NA,NA,NA,7,NA,NA,NA,NA,NA,"C:/Data/corr_sacc/asc/JITT2.asc",NA,NA,NA,NA,NA,NA,NA,NA,NA,NA,NA
"4253",2,29,3,73,NA,NA,NA,NA,NA,NA,NA,1,2,10,NA,NA,NA,"because",NA,NA,NA,NA,NA,NA,NA,NA,1,NA,NA,NA,NA,NA,"C:/Data/corr_sacc/asc/JITT2.asc",NA,NA,NA,NA,NA,NA,NA,NA,NA,NA,NA
"4254",2,29,3,73,NA,NA,NA,NA,NA,NA,NA,1,2,14,NA,NA,NA,"had",NA,NA,NA,NA,NA,NA,NA,NA,5,NA,NA,NA,NA,NA,"C:/Data/corr_sacc/asc/JITT2.asc",NA,NA,NA,NA,NA,NA,NA,NA,NA,NA,NA
"4255",2,29,3,73,NA,NA,NA,NA,NA,NA,NA,1,2,15,NA,NA,NA,"faded",NA,NA,NA,NA,NA,NA,NA,NA,6,NA,NA,NA,NA,NA,"C:/Data/corr_sacc/asc/JITT2.asc",NA,NA,NA,NA,NA,NA,NA,NA,NA,NA,NA
"4256",2,29,3,73,NA,NA,NA,NA,NA,NA,NA,1,2,17,NA,NA,NA,"due",NA,NA,NA,NA,NA,NA,NA,NA,8,NA,NA,NA,NA,NA,"C:/Data/corr_sacc/asc/JITT2.asc",NA,NA,NA,NA,NA,NA,NA,NA,NA,NA,NA
"4257",2,29,3,73,NA,NA,NA,NA,NA,NA,NA,1,2,20,NA,NA,NA,"lack",NA,NA,NA,NA,NA,NA,NA,NA,11,NA,NA,NA,NA,NA,"C:/Data/corr_sacc/asc/JITT2.asc",0,NA,NA,NA,NA,NA,NA,NA,NA,NA,NA
"4258",2,46,2,74,6585338,6585557,362,516.6,1,219,27,1,1,2,2,9,9,"normally",1,NA,0,0,0,1,456,0,2,57,0,NA,0,NA,"C:/Data/corr_sacc/asc/JITT2.asc",0,0,NA,21,NA,579.4,NA,NA,NA,9,NA
"4259",2,46,2,74,6585586,6585757,579.4,527.3,2,171,28,1,1,3,3,21,21,"feeling",4,12,0,0,0,1,704,0,3,57,0,NA,0,NA,"C:/Data/corr_sacc/asc/JITT2.asc",0,0,9,20,362,550.9,516.6,57,48,21,NA
"4260",2,46,2,74,6585769,6585874,550.9,521.7,3,105,11,1,1,3,3,20,20,"feeling",3,1,0,0,0,1,887,0,3,57,0,NA,0,NA,"C:/Data/corr_sacc/asc/JITT2.asc",0,0,21,31,579.4,756.1,527.3,57,36,20,NA
"4261",2,46,2,74,6585904,6586083,756.1,521,4,179,29,1,1,5,5,31,31,"shy",1,11,0,0,0,1,1022,0,5,57,0,NA,0,NA,"C:/Data/corr_sacc/asc/JITT2.asc",0,0,20,41,550.9,923.4,521.7,57,37,31,NA
"4262",2,46,2,74,6586111,6586320,923.4,516.4,5,209,27,1,1,7,7,41,41,"classes",4,10,0,0,0,1,1229,0,7,57,0,NA,0,NA,"C:/Data/corr_sacc/asc/JITT2.asc",0,0,31,50,756.1,1091.1,521,57,26,41,NA
"4263",2,46,2,74,6586345,6586438,1091.1,542.7,6,93,24,1,1,9,9,50,50,"school,",2,9,0,0,0,1,1463,0,9,57,0,NA,0,NA,"C:/Data/corr_sacc/asc/JITT2.asc",0,0,41,53,923.4,1151.8,516.4,57,16,50,NA
"4264",2,46,2,74,6586461,6586549,1151.8,559.8,7,88,22,1,1,9,9,53,53,"school,",5,3,0,0,0,1,1579,0,9,57,0,NA,0,NA,"C:/Data/corr_sacc/asc/JITT2.asc",1,0,50,10,1091.1,373.5,542.7,57,7,53,NA
"4265",2,46,2,74,6586608,6586723,373.5,744.4,8,115,58,1,2,12,12,67,10,"juvenile",1,43,0,0,0,1,1726,0,2,51,0,NA,1,"undersweep","C:/Data/corr_sacc/asc/JITT2.asc",0,0,53,4,1151.8,268.7,559.8,57,4,10,1
"4266",2,46,2,74,6586746,6586861,268.7,749.6,9,115,22,1,2,11,11,61,4,"fearless",4,6,0,0,0,1,1864,0,1,51,1,NA,0,NA,"C:/Data/corr_sacc/asc/JITT2.asc",0,1,10,1,373.5,212.9,744.4,51,41,4,NA
"4267",2,46,2,74,6586880,6587040,212.9,739.9,10,160,18,1,2,11,11,58,1,"fearless",1,3,0,0,0,1,1998,0,1,51,1,NA,0,NA,"C:/Data/corr_sacc/asc/JITT2.asc",0,0,4,20,268.7,551.1,749.6,51,47,1,NA
"4268",2,46,2,74,6587075,6587377,551.1,740.3,11,302,34,1,2,13,13,77,20,"raised",2,19,0,0,0,1,2193,0,3,51,0,NA,0,NA,"C:/Data/corr_sacc/asc/JITT2.asc",0,0,1,28,212.9,700.8,739.9,51,50,20,NA
"4269",2,46,2,74,6587412,6587556,700.8,751.6,12,144,34,1,2,14,14,85,28,"their",3,8,0,0,0,1,2530,0,4,51,0,NA,0,NA,"C:/Data/corr_sacc/asc/JITT2.asc",0,0,20,38,551.1,886.1,740.3,51,31,28,NA
"4270",2,46,2,74,6587586,6587907,886.1,764.2,13,321,29,1,2,16,16,95,38,"for",2,10,0,0,0,1,2704,0,6,51,0,NA,0,NA,"C:/Data/corr_sacc/asc/JITT2.asc",0,0,28,18,700.8,518.9,751.6,51,23,38,NA
"4271",2,46,2,74,6587948,6588098,518.9,730.6,14,150,40,1,2,13,13,75,18,"raised",0,20,0,0,0,1,3066,0,3,51,1,NA,0,NA,"C:/Data/corr_sacc/asc/JITT2.asc",0,0,38,13,886.1,420.4,764.2,51,13,18,NA
"4272",2,46,2,74,6588122,6588275,420.4,736.4,15,153,23,1,2,12,12,70,13,"juvenile",4,5,0,0,0,1,3240,0,2,51,1,NA,0,NA,"C:/Data/corr_sacc/asc/JITT2.asc",NA,0,18,NA,518.9,NA,730.6,51,33,13,NA
"4273",2,46,2,74,NA,NA,NA,NA,NA,NA,NA,1,1,1,NA,NA,NA,"Despite",NA,NA,NA,NA,NA,NA,NA,NA,1,NA,NA,NA,NA,NA,"C:/Data/corr_sacc/asc/JITT2.asc",NA,0,13,NA,420.4,NA,736.4,51,38,NA,NA
"4274",2,46,2,74,NA,NA,NA,NA,NA,NA,NA,1,1,4,NA,NA,NA,"very",NA,NA,NA,NA,NA,NA,NA,NA,4,NA,NA,NA,NA,NA,"C:/Data/corr_sacc/asc/JITT2.asc",NA,NA,NA,NA,NA,NA,NA,NA,NA,NA,NA
"4275",2,46,2,74,NA,NA,NA,NA,NA,NA,NA,1,1,6,NA,NA,NA,"in",NA,NA,NA,NA,NA,NA,NA,NA,6,NA,NA,NA,NA,NA,"C:/Data/corr_sacc/asc/JITT2.asc",NA,NA,NA,NA,NA,NA,NA,NA,NA,NA,NA
"4276",2,46,2,74,NA,NA,NA,NA,NA,NA,NA,1,1,8,NA,NA,NA,"at",NA,NA,NA,NA,NA,NA,NA,NA,8,NA,NA,NA,NA,NA,"C:/Data/corr_sacc/asc/JITT2.asc",NA,NA,NA,NA,NA,NA,NA,NA,NA,NA,NA
"4277",2,46,2,74,NA,NA,NA,NA,NA,NA,NA,1,1,10,NA,NA,NA,"a",NA,NA,NA,NA,NA,NA,NA,NA,10,NA,NA,NA,NA,NA,"C:/Data/corr_sacc/asc/JITT2.asc",NA,NA,NA,NA,NA,NA,NA,NA,NA,NA,NA
"4278",2,46,2,74,NA,NA,NA,NA,NA,NA,NA,1,2,15,NA,NA,NA,"hand",NA,NA,NA,NA,NA,NA,NA,NA,5,NA,NA,NA,NA,NA,"C:/Data/corr_sacc/asc/JITT2.asc",NA,NA,NA,NA,NA,NA,NA,NA,NA,NA,NA
"4279",2,46,2,74,NA,NA,NA,NA,NA,NA,NA,1,2,17,NA,NA,NA,"a",NA,NA,NA,NA,NA,NA,NA,NA,7,NA,NA,NA,NA,NA,"C:/Data/corr_sacc/asc/JITT2.asc",NA,NA,NA,NA,NA,NA,NA,NA,NA,NA,NA
"4280",2,46,2,74,NA,NA,NA,NA,NA,NA,NA,1,2,18,NA,NA,NA,"question.",NA,NA,NA,NA,NA,NA,NA,NA,8,NA,NA,NA,NA,NA,"C:/Data/corr_sacc/asc/JITT2.asc",0,NA,NA,NA,NA,NA,NA,NA,NA,NA,NA
"4281",2,54,1,75,6593197,6593344,487.2,502.1,1,147,27,1,1,2,2,9,9,"detective",5,NA,0,0,0,1,484,0,2,56,0,NA,0,NA,"C:/Data/corr_sacc/asc/JITT2.asc",0,0,NA,7,NA,442,NA,NA,NA,9,NA
"4282",2,54,1,75,6593362,6593448,442,503.9,2,86,17,1,1,2,2,7,7,"detective",3,2,0,0,0,1,649,0,2,56,0,NA,0,NA,"C:/Data/corr_sacc/asc/JITT2.asc",0,0,9,20,487.2,682.1,502.1,56,47,7,NA
"4283",2,54,1,75,6593481,6593708,682.1,529.9,3,227,32,1,1,3,3,20,20,"discovered",6,13,0,0,0,1,768,0,3,56,0,NA,0,NA,"C:/Data/corr_sacc/asc/JITT2.asc",0,0,7,32,442,894.9,503.9,56,49,20,NA
"4284",2,54,1,75,6593739,6593874,894.9,518.9,4,135,30,1,1,5,5,32,32,"the",2,12,0,0,0,1,1026,0,5,56,0,NA,0,NA,"C:/Data/corr_sacc/asc/JITT2.asc",0,0,20,28,682.1,833.3,529.9,56,36,32,NA
"4285",2,54,1,75,6593895,6594013,833.3,535.4,5,118,20,1,1,4,4,28,28,"that",3,4,0,0,0,1,1182,0,4,56,1,NA,0,NA,"C:/Data/corr_sacc/asc/JITT2.asc",0,0,32,41,894.9,1051.6,518.9,56,24,28,NA
"4286",2,54,1,75,6594047,6594254,1051.6,536.1,6,207,33,1,1,7,7,41,41,"was",0,13,0,0,0,1,1334,0,7,56,0,NA,0,NA,"C:/Data/corr_sacc/asc/JITT2.asc",0,0,28,46,833.3,1152.5,535.4,56,28,41,NA
"4287",2,54,1,75,6594279,6594414,1152.5,550,7,135,24,1,1,8,8,46,46,"killed",1,5,0,0,0,1,1566,0,8,56,0,NA,0,NA,"C:/Data/corr_sacc/asc/JITT2.asc",0,0,41,55,1051.6,1307.2,536.1,56,15,46,NA
"4288",2,54,1,75,6594537,6594663,1307.2,560.7,8,126,122,1,1,10,10,55,55,"a",0,9,1,0,0,1,1824,0,10,56,NA,NA,0,NA,"C:/Data/corr_sacc/asc/JITT2.asc",1,0,46,10,1152.5,493,550,56,10,55,NA
"4289",2,54,1,75,6594731,6594838,493,732.6,9,107,67,1,2,12,12,66,10,"substance",0,45,0,0,0,1,2018,0,2,52,0,NA,1,"undersweep","C:/Data/corr_sacc/asc/JITT2.asc",0,0,55,5,1307.2,409.2,560.7,56,1,10,1
"4290",2,54,1,75,6594864,6595077,409.2,758.2,10,213,25,1,2,11,11,61,5,"poisonous",5,5,0,0,0,1,2151,0,1,52,1,NA,0,NA,"C:/Data/corr_sacc/asc/JITT2.asc",0,1,10,16,493,608.9,732.6,52,42,5,NA
"4291",2,54,1,75,6595107,6595327,608.9,774.1,11,220,29,1,2,12,12,72,16,"substance",6,11,0,0,0,1,2394,0,2,52,1,NA,0,NA,"C:/Data/corr_sacc/asc/JITT2.asc",0,0,5,29,409.2,847.6,758.2,52,47,16,NA
"4292",2,54,1,75,6595362,6595586,847.6,778.4,12,224,34,1,2,14,14,85,29,"ingested",4,13,0,0,0,1,2649,0,4,52,0,NA,0,NA,"C:/Data/corr_sacc/asc/JITT2.asc",0,0,16,28,608.9,816.9,774.1,52,36,29,NA
"4293",2,54,1,75,6595600,6595748,816.9,784.3,13,148,13,1,2,14,14,84,28,"ingested",3,1,0,0,0,1,2887,0,4,52,0,NA,0,NA,"C:/Data/corr_sacc/asc/JITT2.asc",0,0,29,39,847.6,1021,778.4,52,23,28,NA
"4294",2,54,1,75,6595783,6595962,1021,767.2,14,179,34,1,2,15,15,95,39,"during",5,11,0,0,0,1,3070,0,5,52,0,NA,0,NA,"C:/Data/corr_sacc/asc/JITT2.asc",0,0,28,47,816.9,1158.3,784.3,52,24,39,NA
"4295",2,54,1,75,6595988,6596133,1158.3,785.7,15,145,25,1,2,17,17,103,47,"dinner.",2,8,0,0,0,1,3275,0,7,52,0,NA,0,NA,"C:/Data/corr_sacc/asc/JITT2.asc",0,0,39,29,1021,837.4,767.2,52,13,47,NA
"4296",2,54,1,75,6596266,6596354,837.4,776.5,16,88,132,1,2,14,14,85,29,"ingested",4,18,1,0,0,1,3553,0,4,52,NA,NA,0,NA,"C:/Data/corr_sacc/asc/JITT2.asc",0,0,47,26,1158.3,797,785.7,52,5,29,NA
"4297",2,54,1,75,6596506,6596667,797,545.9,17,161,151,1,1,4,4,26,26,"that",1,3,1,0,0,1,3793,0,4,56,NA,NA,0,NA,"C:/Data/corr_sacc/asc/JITT2.asc",0,0,29,18,837.4,635.7,776.5,52,23,26,NA
"4298",2,54,1,75,6596695,6596795,635.7,551.7,18,100,27,1,1,3,3,18,18,"discovered",4,8,0,0,0,1,3982,0,3,56,1,NA,0,NA,"C:/Data/corr_sacc/asc/JITT2.asc",0,0,26,10,797,498.4,545.9,56,30,18,NA
"4299",2,54,1,75,6596822,6597018,498.4,549.2,19,196,26,1,1,2,2,10,10,"detective",6,8,0,0,0,1,4109,0,2,56,1,NA,0,NA,"C:/Data/corr_sacc/asc/JITT2.asc",0,0,18,29,635.7,839.3,551.7,56,38,10,NA
"4300",2,54,1,75,6597065,6597184,839.3,572.4,20,119,46,1,1,4,4,29,29,"that",4,19,0,0,0,1,4352,0,4,56,1,NA,0,NA,"C:/Data/corr_sacc/asc/JITT2.asc",0,0,10,40,498.4,1032.5,549.2,56,46,29,NA
"4301",2,54,1,75,6597213,6597412,1032.5,593,21,199,28,1,1,6,6,40,40,"victim",6,11,0,0,0,1,4500,0,6,56,1,NA,0,NA,"C:/Data/corr_sacc/asc/JITT2.asc",0,0,29,47,839.3,1173.8,572.4,56,27,40,NA
"4302",2,54,1,75,6597437,6597526,1173.8,579.4,22,89,24,1,1,8,8,47,47,"killed",2,7,0,0,0,1,4724,0,8,56,1,NA,0,NA,"C:/Data/corr_sacc/asc/JITT2.asc",0,0,40,51,1032.5,1245.5,593,56,16,47,NA
"4303",2,54,1,75,6597551,6597659,1245.5,577.3,23,108,24,1,1,8,8,51,51,"killed",6,4,0,0,0,1,4838,0,8,56,1,NA,0,NA,"C:/Data/corr_sacc/asc/JITT2.asc",0,0,47,14,1173.8,574.4,579.4,56,9,51,NA
"4304",2,54,1,75,6597706,6597862,574.4,785.7,24,156,46,1,2,12,12,70,14,"substance",4,37,0,0,0,1,4993,0,2,52,1,NA,0,NA,"C:/Data/corr_sacc/asc/JITT2.asc",0,0,51,8,1245.5,455.8,577.3,56,5,14,NA
"4305",2,54,1,75,6597887,6598050,455.8,782.5,25,163,24,1,2,11,11,64,8,"poisonous",8,6,0,0,0,1,5174,0,1,52,1,NA,0,NA,"C:/Data/corr_sacc/asc/JITT2.asc",0,0,14,22,574.4,720.5,785.7,52,38,8,NA
"4306",2,54,1,75,6598083,6598273,720.5,801.1,26,190,32,1,2,13,13,78,22,"they",2,14,0,0,0,1,5370,0,3,52,1,NA,0,NA,"C:/Data/corr_sacc/asc/JITT2.asc",0,0,8,30,455.8,863,782.5,52,44,22,NA
"4307",2,54,1,75,6598300,6598408,863,797.7,27,108,26,1,2,14,14,86,30,"ingested",5,8,0,0,0,1,5587,0,4,52,1,NA,0,NA,"C:/Data/corr_sacc/asc/JITT2.asc",0,0,22,43,720.5,1089.6,801.1,52,30,30,NA
"4308",2,54,1,75,6598441,6598503,1089.6,812.7,28,62,32,1,2,16,16,99,43,"the",2,13,0,0,0,1,5728,0,6,52,1,NA,0,NA,"C:/Data/corr_sacc/asc/JITT2.asc",NA,0,30,NA,863,NA,797.7,52,22,43,NA
"4309",2,54,1,75,NA,NA,NA,NA,NA,NA,NA,1,1,1,NA,NA,NA,"The",NA,NA,NA,NA,NA,NA,NA,NA,1,NA,NA,NA,NA,NA,"C:/Data/corr_sacc/asc/JITT2.asc",NA,0,43,NA,1089.6,NA,812.7,52,9,NA,NA
"4310",2,54,1,75,NA,NA,NA,NA,NA,NA,NA,1,1,9,NA,NA,NA,"by",NA,NA,NA,NA,NA,NA,NA,NA,9,NA,NA,NA,NA,NA,"C:/Data/corr_sacc/asc/JITT2.asc",0,NA,NA,NA,NA,NA,NA,NA,NA,NA,NA
"4311",2,62,3,76,6637049,6637169,406.4,493.6,1,120,32,1,1,3,3,10,10,"that",0,NA,0,0,0,1,461,0,3,67,0,NA,0,NA,"C:/Data/corr_sacc/asc/JITT2.asc",0,0,NA,6,NA,343,NA,NA,NA,10,NA
"4312",2,62,3,76,6637193,6637326,343,496.7,2,133,23,1,1,2,2,6,6,"light",2,4,0,0,0,1,605,0,2,67,1,NA,0,NA,"C:/Data/corr_sacc/asc/JITT2.asc",0,0,10,15,406.4,499.3,493.6,67,57,6,NA
"4313",2,62,3,76,6637356,6637437,499.3,518.9,3,81,29,1,1,4,4,15,15,"shone",0,9,0,0,0,1,768,0,4,67,0,NA,0,NA,"C:/Data/corr_sacc/asc/JITT2.asc",0,0,6,18,343,551.8,496.7,67,61,15,NA
"4314",2,62,3,76,6637561,6637659,551.8,497.2,4,98,123,1,1,4,4,18,18,"shone",3,3,0,0,0,1,973,0,4,67,0,NA,0,NA,"C:/Data/corr_sacc/asc/JITT2.asc",0,0,15,14,499.3,481.9,518.9,67,52,18,NA
"4315",2,62,3,76,6637682,6637862,481.9,500.3,5,180,22,1,1,3,3,14,14,"that",4,4,0,0,0,1,1094,0,3,67,1,NA,0,NA,"C:/Data/corr_sacc/asc/JITT2.asc",0,0,18,26,551.8,687.9,497.2,67,49,14,NA
"4316",2,62,3,76,6637892,6638047,687.9,530.8,6,155,29,1,1,5,5,26,26,"faintly",5,12,0,0,0,1,1304,0,5,67,0,NA,0,NA,"C:/Data/corr_sacc/asc/JITT2.asc",0,0,14,20,481.9,579.4,500.3,67,53,26,NA
"4317",2,62,3,76,6638073,6638447,579.4,534.3,7,374,25,1,1,4,4,20,20,"shone",5,6,0,0,0,1,1485,0,4,67,1,NA,0,NA,"C:/Data/corr_sacc/asc/JITT2.asc",0,0,26,29,687.9,743.2,530.8,67,41,20,NA
"4318",2,62,3,76,6638474,6638676,743.2,528.6,8,202,26,1,1,6,6,29,29,"near",0,9,0,0,0,1,1886,0,6,67,0,NA,0,NA,"C:/Data/corr_sacc/asc/JITT2.asc",0,0,20,34,579.4,831.7,534.3,67,47,29,NA
"4319",2,62,3,76,6638701,6638908,831.7,516.9,9,207,24,1,1,7,7,34,34,"the",0,5,0,0,0,1,2113,0,7,67,0,NA,0,NA,"C:/Data/corr_sacc/asc/JITT2.asc",0,0,29,40,743.2,944,528.6,67,38,34,NA
"4320",2,62,3,76,6638936,6639181,944,522.4,10,245,27,1,1,8,8,40,40,"old",2,6,0,0,0,1,2348,0,8,67,0,NA,0,NA,"C:/Data/corr_sacc/asc/JITT2.asc",0,0,34,47,831.7,1065.2,516.9,67,33,40,NA
"4321",2,62,3,76,6639208,6639436,1065.2,510.5,11,228,26,1,1,10,10,47,47,"could",0,7,0,0,0,1,2620,0,10,67,0,NA,0,NA,"C:/Data/corr_sacc/asc/JITT2.asc",0,0,40,54,944,1201.4,522.4,67,27,47,NA
"4322",2,62,3,76,6639463,6639715,1201.4,497.3,12,252,26,1,1,11,11,54,54,"still",1,7,0,0,0,1,2875,0,11,67,0,NA,0,NA,"C:/Data/corr_sacc/asc/JITT2.asc",0,0,47,60,1065.2,1316.4,510.5,67,20,54,NA
"4323",2,62,3,76,6639738,6639844,1316.4,510.5,13,106,22,1,1,12,12,60,60,"be",1,6,0,0,0,1,3150,0,12,67,0,NA,0,NA,"C:/Data/corr_sacc/asc/JITT2.asc",0,0,54,64,1201.4,1382.1,497.3,67,13,60,NA
"4324",2,62,3,76,6639865,6640062,1382.1,519.8,14,197,20,1,1,13,13,64,64,"seen,",2,4,0,0,0,1,3277,0,13,67,0,NA,0,NA,"C:/Data/corr_sacc/asc/JITT2.asc",1,0,60,10,1316.4,408.7,510.5,67,7,64,NA
"4325",2,62,3,76,6640137,6640377,408.7,742.7,15,240,74,1,2,15,15,77,10,"the",3,54,0,0,0,1,3549,0,2,37,0,NA,1,"accurate","C:/Data/corr_sacc/asc/JITT2.asc",0,0,64,16,1382.1,518.5,519.8,67,3,10,0
"4326",2,62,3,76,6640410,6640584,518.5,746.9,16,174,32,1,2,17,17,83,16,"had",0,6,0,0,0,1,3822,0,4,37,0,NA,0,NA,"C:/Data/corr_sacc/asc/JITT2.asc",0,1,10,9,408.7,390.2,742.7,37,27,16,NA
"4327",2,62,3,76,6640610,6640813,390.2,752.8,17,203,25,1,2,15,15,76,9,"the",2,7,0,0,0,1,4022,0,2,37,1,NA,0,NA,"C:/Data/corr_sacc/asc/JITT2.asc",0,0,16,17,518.5,532.1,746.9,37,21,9,NA
"4328",2,62,3,76,6640850,6640987,532.1,774,18,137,36,1,2,17,17,84,17,"had",1,8,0,0,0,1,4262,0,4,37,1,NA,0,NA,"C:/Data/corr_sacc/asc/JITT2.asc",0,0,9,26,390.2,696.1,752.8,37,28,17,NA
"4329",2,62,3,76,6641018,6641225,696.1,784.8,19,207,30,1,2,18,18,93,26,"already",6,9,0,0,0,1,4430,0,5,37,0,NA,0,NA,"C:/Data/corr_sacc/asc/JITT2.asc",0,0,17,37,532.1,885.9,774,37,20,26,NA
"4330",2,62,3,76,6641367,6641659,885.9,771.5,20,292,141,1,2,19,19,104,37,"departed.",9,11,1,0,0,1,4779,0,6,37,NA,NA,0,NA,"C:/Data/corr_sacc/asc/JITT2.asc",NA,0,26,NA,696.1,NA,784.8,37,11,37,NA
"4331",2,62,3,76,NA,NA,NA,NA,NA,NA,NA,1,1,1,NA,NA,NA,"The",NA,NA,NA,NA,NA,NA,NA,NA,1,NA,NA,NA,NA,NA,"C:/Data/corr_sacc/asc/JITT2.asc",NA,0,37,NA,885.9,NA,771.5,37,0,NA,NA
"4332",2,62,3,76,NA,NA,NA,NA,NA,NA,NA,1,1,9,NA,NA,NA,"tree",NA,NA,NA,NA,NA,NA,NA,NA,9,NA,NA,NA,NA,NA,"C:/Data/corr_sacc/asc/JITT2.asc",NA,NA,NA,NA,NA,NA,NA,NA,NA,NA,NA
"4333",2,62,3,76,NA,NA,NA,NA,NA,NA,NA,1,2,14,NA,NA,NA,"though",NA,NA,NA,NA,NA,NA,NA,NA,1,NA,NA,NA,NA,NA,"C:/Data/corr_sacc/asc/JITT2.asc",NA,NA,NA,NA,NA,NA,NA,NA,NA,NA,NA
"4334",2,62,3,76,NA,NA,NA,NA,NA,NA,NA,1,2,16,NA,NA,NA,"ship",NA,NA,NA,NA,NA,NA,NA,NA,3,NA,NA,NA,NA,NA,"C:/Data/corr_sacc/asc/JITT2.asc",0,NA,NA,NA,NA,NA,NA,NA,NA,NA,NA
"4335",2,16,2,77,6647361,6647505,408.5,532.6,1,144,28,1,1,3,3,12,12,"woke",3,NA,0,0,0,1,477,0,3,67,0,NA,0,NA,"C:/Data/corr_sacc/asc/JITT2.asc",0,0,NA,8,NA,334.4,NA,NA,NA,12,NA
"4336",2,16,2,77,6647530,6647705,334.4,539.5,2,175,24,1,1,2,2,8,8,"she",3,4,0,0,0,1,646,0,2,67,1,NA,0,NA,"C:/Data/corr_sacc/asc/JITT2.asc",0,0,12,22,408.5,585.1,532.6,67,55,8,NA
"4337",2,16,2,77,6647737,6647892,585.1,534.4,3,155,31,1,1,6,6,22,22,"early",0,14,0,0,0,1,853,0,6,67,0,NA,0,NA,"C:/Data/corr_sacc/asc/JITT2.asc",0,0,8,19,334.4,531.2,539.5,67,59,22,NA
"4338",2,16,2,77,6647917,6648041,531.2,529.5,4,124,24,1,1,5,5,19,19,"very",2,3,0,0,0,1,1033,0,5,67,1,NA,0,NA,"C:/Data/corr_sacc/asc/JITT2.asc",0,0,22,32,585.1,764.8,534.4,67,45,19,NA
"4339",2,16,2,77,6648072,6648167,764.8,529.7,5,95,30,1,1,8,8,32,32,"the",1,13,0,0,0,1,1188,0,8,67,0,NA,0,NA,"C:/Data/corr_sacc/asc/JITT2.asc",0,0,19,32,531.2,765.3,529.5,67,48,32,NA
"4340",2,16,2,77,6648306,6648563,765.3,550.1,6,257,138,1,1,8,8,32,32,"the",1,0,1,0,0,1,1422,0,8,67,NA,NA,0,NA,"C:/Data/corr_sacc/asc/JITT2.asc",0,0,32,44,764.8,985.7,529.7,67,35,32,NA
"4341",2,16,2,77,6648594,6648726,985.7,549.5,7,132,30,1,1,10,10,44,44,"feeling",1,12,0,0,0,1,1710,0,10,67,0,NA,0,NA,"C:/Data/corr_sacc/asc/JITT2.asc",0,0,32,50,765.3,1100.5,550.1,67,35,44,NA
"4342",2,16,2,77,6648751,6649008,1100.5,567.7,8,257,24,1,1,10,10,50,50,"feeling",7,6,0,0,0,1,1867,0,10,67,0,NA,0,NA,"C:/Data/corr_sacc/asc/JITT2.asc",0,0,44,59,985.7,1257.5,549.5,67,23,50,NA
"4343",2,16,2,77,6649033,6649171,1257.5,540.3,9,138,24,1,1,12,12,59,59,"Sally",2,9,0,0,0,1,2149,0,12,67,0,NA,0,NA,"C:/Data/corr_sacc/asc/JITT2.asc",0,0,50,63,1100.5,1320.9,567.7,67,17,59,NA
"4344",2,16,2,77,6649190,6649425,1320.9,534.3,10,235,18,1,1,13,13,63,63,"knew",0,4,0,0,0,1,2306,0,13,67,0,NA,0,NA,"C:/Data/corr_sacc/asc/JITT2.asc",0,0,59,59,1257.5,1258.2,540.3,67,8,63,NA
"4345",2,16,2,77,6649445,6649579,1258.2,542.8,11,134,19,1,1,12,12,59,59,"Sally",2,4,0,0,0,1,2561,0,12,67,1,NA,0,NA,"C:/Data/corr_sacc/asc/JITT2.asc",1,0,63,10,1320.9,372.4,534.3,67,4,59,NA
"4346",2,16,2,77,6649638,6649744,372.4,738,12,106,58,1,2,15,15,77,10,"probably",6,49,0,0,0,1,2754,0,2,67,0,NA,1,"undersweep","C:/Data/corr_sacc/asc/JITT2.asc",0,0,59,4,1258.2,262.7,542.8,67,8,10,1
"4347",2,16,2,77,6649767,6649924,262.7,737.3,13,157,22,1,2,15,15,71,4,"probably",0,6,0,0,0,1,2883,0,2,67,0,NA,0,NA,"C:/Data/corr_sacc/asc/JITT2.asc",0,1,10,NA,372.4,202.1,738,67,57,4,NA
"4348",2,16,2,77,6649940,6650003,202.1,735.2,14,63,15,NA,2,NA,NA,NA,NA,NA,NA,NA,0,0,1,1,3056,NA,NA,67,NA,NA,0,NA,"C:/Data/corr_sacc/asc/JITT2.asc",0,0,4,15,262.7,468,737.3,67,63,-1,NA
"4349",2,16,2,77,6650045,6650347,468,762.2,15,302,41,1,2,16,16,82,15,"had",2,NA,0,0,0,1,3161,0,3,67,0,NA,0,NA,"C:/Data/corr_sacc/asc/JITT2.asc",0,0,NA,12,202.1,402.4,735.2,67,NA,15,NA
"4350",2,16,2,77,6650365,6650454,402.4,756.5,16,89,17,1,2,15,15,79,12,"probably",8,3,0,0,0,1,3481,0,2,67,1,NA,0,NA,"C:/Data/corr_sacc/asc/JITT2.asc",0,0,15,31,468,761.2,762.2,67,52,12,NA
"4351",2,16,2,77,6650492,6650682,761.2,767.6,17,190,37,1,2,18,18,98,31,"poisoning",9,19,0,0,0,1,3608,0,5,67,0,NA,0,NA,"C:/Data/corr_sacc/asc/JITT2.asc",0,0,12,40,402.4,919.7,756.5,67,55,31,NA
"4352",2,16,2,77,6650710,6650870,919.7,759.2,18,160,27,1,2,20,20,107,40,"the",3,9,0,0,0,1,3826,0,7,67,0,NA,0,NA,"C:/Data/corr_sacc/asc/JITT2.asc",0,0,31,52,761.2,1132.8,767.6,67,36,40,NA
"4353",2,16,2,77,6650904,6651099,1132.8,762.8,19,195,33,1,2,23,23,119,52,"previous",0,12,0,0,0,1,4020,0,10,67,0,NA,0,NA,"C:/Data/corr_sacc/asc/JITT2.asc",0,0,40,57,919.7,1218,759.2,67,27,52,NA
"4354",2,16,2,77,6651123,6651330,1218,770.2,20,207,23,1,2,23,23,124,57,"previous",5,5,0,0,0,1,4239,0,10,67,0,NA,0,NA,"C:/Data/corr_sacc/asc/JITT2.asc",0,0,52,47,1132.8,1038.1,762.8,67,15,57,NA
"4355",2,16,2,77,6651362,6651487,1038.1,760.5,21,125,31,1,2,21,21,114,47,"dinner",6,10,0,0,0,1,4478,0,8,67,1,NA,0,NA,"C:/Data/corr_sacc/asc/JITT2.asc",NA,0,57,NA,1218,NA,770.2,67,10,47,NA
"4356",2,16,2,77,NA,NA,NA,NA,NA,NA,NA,1,1,1,NA,NA,NA,"When",NA,NA,NA,NA,NA,NA,NA,NA,1,NA,NA,NA,NA,NA,"C:/Data/corr_sacc/asc/JITT2.asc",NA,0,47,NA,1038.1,NA,760.5,67,20,NA,NA
"4357",2,16,2,77,NA,NA,NA,NA,NA,NA,NA,1,1,4,NA,NA,NA,"up",NA,NA,NA,NA,NA,NA,NA,NA,4,NA,NA,NA,NA,NA,"C:/Data/corr_sacc/asc/JITT2.asc",NA,NA,NA,NA,NA,NA,NA,NA,NA,NA,NA
"4358",2,16,2,77,NA,NA,NA,NA,NA,NA,NA,1,1,7,NA,NA,NA,"in",NA,NA,NA,NA,NA,NA,NA,NA,7,NA,NA,NA,NA,NA,"C:/Data/corr_sacc/asc/JITT2.asc",NA,NA,NA,NA,NA,NA,NA,NA,NA,NA,NA
"4359",2,16,2,77,NA,NA,NA,NA,NA,NA,NA,1,1,9,NA,NA,NA,"morning",NA,NA,NA,NA,NA,NA,NA,NA,9,NA,NA,NA,NA,NA,"C:/Data/corr_sacc/asc/JITT2.asc",NA,NA,NA,NA,NA,NA,NA,NA,NA,NA,NA
"4360",2,16,2,77,NA,NA,NA,NA,NA,NA,NA,1,1,11,NA,NA,NA,"sick,",NA,NA,NA,NA,NA,NA,NA,NA,11,NA,NA,NA,NA,NA,"C:/Data/corr_sacc/asc/JITT2.asc",NA,NA,NA,NA,NA,NA,NA,NA,NA,NA,NA
"4361",2,16,2,77,NA,NA,NA,NA,NA,NA,NA,1,2,14,NA,NA,NA,"she",NA,NA,NA,NA,NA,NA,NA,NA,1,NA,NA,NA,NA,NA,"C:/Data/corr_sacc/asc/JITT2.asc",NA,NA,NA,NA,NA,NA,NA,NA,NA,NA,NA
"4362",2,16,2,77,NA,NA,NA,NA,NA,NA,NA,1,2,17,NA,NA,NA,"food",NA,NA,NA,NA,NA,NA,NA,NA,4,NA,NA,NA,NA,NA,"C:/Data/corr_sacc/asc/JITT2.asc",NA,NA,NA,NA,NA,NA,NA,NA,NA,NA,NA
"4363",2,16,2,77,NA,NA,NA,NA,NA,NA,NA,1,2,19,NA,NA,NA,"from",NA,NA,NA,NA,NA,NA,NA,NA,6,NA,NA,NA,NA,NA,"C:/Data/corr_sacc/asc/JITT2.asc",NA,NA,NA,NA,NA,NA,NA,NA,NA,NA,NA
"4364",2,16,2,77,NA,NA,NA,NA,NA,NA,NA,1,2,22,NA,NA,NA,"the",NA,NA,NA,NA,NA,NA,NA,NA,9,NA,NA,NA,NA,NA,"C:/Data/corr_sacc/asc/JITT2.asc",NA,NA,NA,NA,NA,NA,NA,NA,NA,NA,NA
"4365",2,16,2,77,NA,NA,NA,NA,NA,NA,NA,1,2,24,NA,NA,NA,"night.",NA,NA,NA,NA,NA,NA,NA,NA,11,NA,NA,NA,NA,NA,"C:/Data/corr_sacc/asc/JITT2.asc",0,NA,NA,NA,NA,NA,NA,NA,NA,NA,NA
"4366",2,14,3,78,6723559,6723745,569.3,508.7,1,186,29,1,1,3,3,11,11,"guard",1,NA,0,0,0,1,707,0,3,65,0,NA,0,NA,"C:/Data/corr_sacc/asc/JITT2.asc",0,0,NA,8,NA,518.5,NA,NA,NA,11,NA
"4367",2,14,3,78,6723767,6723951,518.5,498.2,2,184,21,1,1,2,2,8,8,"the",2,3,0,0,0,1,915,0,2,65,1,NA,0,NA,"C:/Data/corr_sacc/asc/JITT2.asc",0,0,11,22,569.3,771.2,508.7,65,54,8,NA
"4368",2,14,3,78,6723987,6724190,771.2,506.4,3,203,35,1,1,5,5,22,22,"covered",2,14,0,0,0,1,1135,0,5,65,0,NA,0,NA,"C:/Data/corr_sacc/asc/JITT2.asc",0,0,8,18,518.5,693.5,498.2,65,57,22,NA
"4369",2,14,3,78,6724213,6724309,693.5,509.9,4,96,22,1,1,4,4,18,18,"who",2,4,0,0,0,1,1361,0,4,65,1,NA,0,NA,"C:/Data/corr_sacc/asc/JITT2.asc",0,0,22,9,771.2,537.2,506.4,65,43,18,NA
"4370",2,14,3,78,6724333,6724602,537.2,516.7,5,269,23,1,1,2,2,9,9,"the",3,9,0,0,0,1,1481,0,2,65,1,NA,0,NA,"C:/Data/corr_sacc/asc/JITT2.asc",0,0,18,18,693.5,693.8,509.9,65,47,9,NA
"4371",2,14,3,78,6724631,6724750,693.8,530.9,6,119,28,1,1,4,4,18,18,"who",2,9,0,0,0,1,1779,0,4,65,1,NA,0,NA,"C:/Data/corr_sacc/asc/JITT2.asc",0,0,9,24,537.2,804.5,516.7,65,56,18,NA
"4372",2,14,3,78,6724776,6724942,804.5,542.5,7,166,25,1,1,5,5,24,24,"covered",4,6,0,0,0,1,1924,0,5,65,1,NA,0,NA,"C:/Data/corr_sacc/asc/JITT2.asc",0,0,18,35,693.8,1007.8,530.9,65,47,24,NA
"4373",2,14,3,78,6724972,6725168,1007.8,528.5,8,196,29,1,1,8,8,35,35,"colleague,",1,11,0,0,0,1,2120,0,8,65,0,NA,0,NA,"C:/Data/corr_sacc/asc/JITT2.asc",0,0,24,33,804.5,961.3,542.5,65,41,35,NA
"4374",2,14,3,78,6725189,6725448,961.3,529.6,9,259,20,1,1,7,7,33,33,"a",1,2,0,0,0,1,2337,0,7,65,1,NA,0,NA,"C:/Data/corr_sacc/asc/JITT2.asc",0,0,35,26,1007.8,842.3,528.5,65,30,33,NA
"4375",2,14,3,78,6725475,6725634,842.3,522.9,10,159,26,1,1,5,5,26,26,"covered",6,7,0,0,0,1,2623,0,5,65,1,NA,0,NA,"C:/Data/corr_sacc/asc/JITT2.asc",0,0,33,53,961.3,1322.9,529.6,65,32,26,NA
"4376",2,14,3,78,6725688,6725873,1322.9,528,11,185,53,1,1,10,10,53,53,"the",2,27,0,0,0,1,2836,0,10,65,0,NA,0,NA,"C:/Data/corr_sacc/asc/JITT2.asc",0,0,26,60,842.3,1444.3,522.9,65,39,53,NA
"4377",2,14,3,78,6725898,6726028,1444.3,529.3,12,130,24,1,1,11,11,60,60,"small",5,7,0,0,0,1,3046,0,11,65,0,NA,0,NA,"C:/Data/corr_sacc/asc/JITT2.asc",0,0,53,62,1322.9,1481,528,65,12,60,NA
"4378",2,14,3,78,6726051,6726097,1481,534.6,13,46,22,1,1,12,12,62,62,"baby",1,2,0,0,0,1,3199,0,12,65,0,NA,0,NA,"C:/Data/corr_sacc/asc/JITT2.asc",1,0,60,13,1444.3,600.4,529.3,65,5,62,NA
"4379",2,14,3,78,6726312,6726380,600.4,754.9,14,68,214,1,2,16,16,78,13,"abandoned",0,49,1,0,0,1,3460,0,4,56,NA,NA,1,"undersweep","C:/Data/corr_sacc/asc/JITT2.asc",0,0,62,6,1481,473.3,534.6,65,3,13,1
"4380",2,14,3,78,6726412,6726539,473.3,766.8,15,127,31,1,2,14,14,71,6,"had",2,7,0,0,0,1,3560,0,2,56,0,NA,0,NA,"C:/Data/corr_sacc/asc/JITT2.asc",0,1,13,20,600.4,727.4,754.9,56,43,6,NA
"4381",2,14,3,78,6726571,6726827,727.4,754.7,16,256,31,1,2,16,16,85,20,"abandoned",7,14,0,0,0,1,3719,0,4,56,0,NA,0,NA,"C:/Data/corr_sacc/asc/JITT2.asc",0,0,6,36,473.3,1021.3,766.8,56,50,20,NA
"4382",2,14,3,78,6726874,6727029,1021.3,764.5,17,155,46,1,2,19,19,101,36,"middle",6,16,0,0,0,1,4022,0,7,56,0,NA,0,NA,"C:/Data/corr_sacc/asc/JITT2.asc",0,0,20,33,727.4,970.5,754.7,56,36,36,NA
"4383",2,14,3,78,6727053,6727147,970.5,758.1,18,94,23,1,2,19,19,98,33,"middle",3,3,0,0,0,1,4201,0,7,56,0,NA,0,NA,"C:/Data/corr_sacc/asc/JITT2.asc",0,0,36,50,1021.3,1279.4,764.5,56,20,33,NA
"4384",2,14,3,78,6727192,6727311,1279.4,768.1,19,119,44,1,2,22,22,115,50,"parking",6,17,0,0,0,1,4340,0,10,56,0,NA,0,NA,"C:/Data/corr_sacc/asc/JITT2.asc",0,0,33,56,970.5,1377.6,758.1,56,23,50,NA
"4385",2,14,3,78,6727337,6727498,1377.6,778,20,161,25,1,2,23,23,121,56,"lot.",4,6,0,0,0,1,4485,0,11,56,0,NA,0,NA,"C:/Data/corr_sacc/asc/JITT2.asc",0,0,50,21,1279.4,747.4,768.1,56,6,56,NA
"4386",2,14,3,78,6727549,6727641,747.4,565.4,21,92,50,1,1,5,5,21,21,"covered",1,35,0,0,0,1,4697,0,5,65,1,NA,0,NA,"C:/Data/corr_sacc/asc/JITT2.asc",0,0,56,14,1377.6,621,778,56,0,21,NA
"4387",2,14,3,78,6727666,6727912,621,518.5,22,246,24,1,1,3,3,14,14,"guard",4,7,0,0,0,1,4814,0,3,65,1,NA,0,NA,"C:/Data/corr_sacc/asc/JITT2.asc",0,0,21,26,747.4,836.4,565.4,65,44,14,NA
"4388",2,14,3,78,6727943,6728054,836.4,523.7,23,111,30,1,1,5,5,26,26,"covered",6,12,0,0,0,1,5091,0,5,65,1,NA,0,NA,"C:/Data/corr_sacc/asc/JITT2.asc",0,0,14,37,621,1046.9,518.5,65,51,26,NA
"4389",2,14,3,78,6728250,6728384,1046.9,507.2,24,134,195,1,1,8,8,37,37,"colleague,",3,11,1,0,0,1,5398,0,8,65,NA,NA,0,NA,"C:/Data/corr_sacc/asc/JITT2.asc",0,0,26,40,836.4,1084.6,523.7,65,39,37,NA
"4390",2,14,3,78,6728548,6728670,1084.6,493.3,25,122,163,1,1,8,8,40,40,"colleague,",6,3,1,0,0,1,5696,0,8,65,NA,NA,0,NA,"C:/Data/corr_sacc/asc/JITT2.asc",0,0,37,56,1046.9,1385.2,507.2,65,28,40,NA
"4391",2,14,3,78,6728714,6728949,1385.2,497.3,26,235,43,1,1,11,11,56,56,"small",1,16,0,0,0,1,5862,0,11,65,1,NA,0,NA,"C:/Data/corr_sacc/asc/JITT2.asc",0,0,40,62,1084.6,1497.3,493.3,65,25,56,NA
"4392",2,14,3,78,6728970,6729136,1497.3,504.2,27,166,20,1,1,12,12,62,62,"baby",1,6,0,0,0,1,6118,0,12,65,1,NA,0,NA,"C:/Data/corr_sacc/asc/JITT2.asc",0,0,56,21,1385.2,748.7,497.3,65,9,62,NA
"4393",2,14,3,78,6729187,6729281,748.7,685.6,28,94,50,1,2,16,16,86,21,"abandoned",8,41,0,0,0,1,6335,0,4,56,1,NA,0,NA,"C:/Data/corr_sacc/asc/JITT2.asc",0,0,62,10,1497.3,554.8,504.2,65,3,21,NA
"4394",2,14,3,78,6729307,6729554,554.8,707.5,29,247,25,1,2,15,15,75,10,"been",2,11,0,0,0,1,6455,0,3,56,1,NA,0,NA,"C:/Data/corr_sacc/asc/JITT2.asc",0,0,21,33,748.7,960,685.6,56,35,10,NA
"4395",2,14,3,78,6729604,6729696,960,713,30,92,49,1,2,19,19,98,33,"middle",3,23,0,0,0,1,6752,0,7,56,1,NA,0,NA,"C:/Data/corr_sacc/asc/JITT2.asc",0,0,10,48,554.8,1242.5,707.5,56,46,33,NA
"4396",2,14,3,78,6729728,6729768,1242.5,721.9,31,40,31,1,2,22,22,113,48,"parking",4,15,0,0,0,1,6876,0,10,56,1,NA,0,NA,"C:/Data/corr_sacc/asc/JITT2.asc",NA,0,33,NA,960,NA,713,56,23,48,NA
"4397",2,14,3,78,NA,NA,NA,NA,NA,NA,NA,1,1,1,NA,NA,NA,"Gary,",NA,NA,NA,NA,NA,NA,NA,NA,1,NA,NA,NA,NA,NA,"C:/Data/corr_sacc/asc/JITT2.asc",NA,0,48,NA,1242.5,NA,721.9,56,8,NA,NA
"4398",2,14,3,78,NA,NA,NA,NA,NA,NA,NA,1,1,6,NA,NA,NA,"for",NA,NA,NA,NA,NA,NA,NA,NA,6,NA,NA,NA,NA,NA,"C:/Data/corr_sacc/asc/JITT2.asc",NA,NA,NA,NA,NA,NA,NA,NA,NA,NA,NA
"4399",2,14,3,78,NA,NA,NA,NA,NA,NA,NA,1,1,9,NA,NA,NA,"found",NA,NA,NA,NA,NA,NA,NA,NA,9,NA,NA,NA,NA,NA,"C:/Data/corr_sacc/asc/JITT2.asc",NA,NA,NA,NA,NA,NA,NA,NA,NA,NA,NA
"4400",2,14,3,78,NA,NA,NA,NA,NA,NA,NA,1,2,13,NA,NA,NA,"who",NA,NA,NA,NA,NA,NA,NA,NA,1,NA,NA,NA,NA,NA,"C:/Data/corr_sacc/asc/JITT2.asc",NA,NA,NA,NA,NA,NA,NA,NA,NA,NA,NA
"4401",2,14,3,78,NA,NA,NA,NA,NA,NA,NA,1,2,17,NA,NA,NA,"in",NA,NA,NA,NA,NA,NA,NA,NA,5,NA,NA,NA,NA,NA,"C:/Data/corr_sacc/asc/JITT2.asc",NA,NA,NA,NA,NA,NA,NA,NA,NA,NA,NA
"4402",2,14,3,78,NA,NA,NA,NA,NA,NA,NA,1,2,18,NA,NA,NA,"the",NA,NA,NA,NA,NA,NA,NA,NA,6,NA,NA,NA,NA,NA,"C:/Data/corr_sacc/asc/JITT2.asc",NA,NA,NA,NA,NA,NA,NA,NA,NA,NA,NA
"4403",2,14,3,78,NA,NA,NA,NA,NA,NA,NA,1,2,20,NA,NA,NA,"of",NA,NA,NA,NA,NA,NA,NA,NA,8,NA,NA,NA,NA,NA,"C:/Data/corr_sacc/asc/JITT2.asc",NA,NA,NA,NA,NA,NA,NA,NA,NA,NA,NA
"4404",2,14,3,78,NA,NA,NA,NA,NA,NA,NA,1,2,21,NA,NA,NA,"the",NA,NA,NA,NA,NA,NA,NA,NA,9,NA,NA,NA,NA,NA,"C:/Data/corr_sacc/asc/JITT2.asc",0,NA,NA,NA,NA,NA,NA,NA,NA,NA,NA
"4405",2,45,1,79,6736525,6736622,417.9,495.2,1,97,16,1,1,1,1,4,4,"Police",4,NA,0,0,0,1,523,0,1,66,0,NA,0,NA,"C:/Data/corr_sacc/asc/JITT2.asc",0,0,NA,15,NA,612.7,NA,NA,NA,4,NA
"4406",2,45,1,79,6736775,6736824,612.7,543.3,2,49,152,1,1,3,3,15,15,"appealing",4,11,1,0,0,1,773,0,3,66,NA,NA,0,NA,"C:/Data/corr_sacc/asc/JITT2.asc",0,0,4,24,417.9,791.2,495.2,66,62,15,NA
"4407",2,45,1,79,6737050,6737293,791.2,527.7,3,243,225,1,1,4,4,24,24,"for",3,9,1,0,0,1,1048,0,4,66,NA,NA,0,NA,"C:/Data/corr_sacc/asc/JITT2.asc",0,0,15,39,612.7,1048.5,543.3,66,51,24,NA
"4408",2,45,1,79,6737328,6737498,1048.5,520.4,4,170,34,1,1,6,6,39,39,"following",2,15,0,0,0,1,1326,0,6,66,0,NA,0,NA,"C:/Data/corr_sacc/asc/JITT2.asc",0,0,24,34,791.2,969.1,527.7,66,42,39,NA
"4409",2,45,1,79,6737522,6737718,969.1,529.4,5,196,23,1,1,5,5,34,34,"information",9,5,0,0,0,1,1520,0,5,66,1,NA,0,NA,"C:/Data/corr_sacc/asc/JITT2.asc",0,0,39,50,1048.5,1254.8,520.4,66,27,34,NA
"4410",2,45,1,79,6737755,6737944,1254.8,522.5,6,189,36,1,1,8,8,50,50,"bank",1,16,0,0,0,1,1753,0,8,66,0,NA,0,NA,"C:/Data/corr_sacc/asc/JITT2.asc",0,0,34,46,969.1,1174.7,529.4,66,32,50,NA
"4411",2,45,1,79,6737967,6738100,1174.7,513.4,7,133,22,1,1,6,6,46,46,"following",9,4,0,0,0,1,1965,0,6,66,1,NA,0,NA,"C:/Data/corr_sacc/asc/JITT2.asc",0,0,50,56,1254.8,1367.5,522.5,66,16,46,NA
"4412",2,45,1,79,6738133,6738354,1367.5,531.8,8,221,32,1,1,9,9,56,56,"robbery",2,10,0,0,0,1,2131,0,9,66,0,NA,0,NA,"C:/Data/corr_sacc/asc/JITT2.asc",0,0,46,65,1174.7,1513.7,513.4,66,20,56,NA
"4413",2,45,1,79,6738377,6738518,1513.7,556.4,9,141,22,1,1,11,11,65,65,"a",0,9,0,0,0,1,2375,0,11,66,0,NA,0,NA,"C:/Data/corr_sacc/asc/JITT2.asc",1,0,56,13,1367.5,582.3,531.8,66,10,65,NA
"4414",2,45,1,79,6738590,6738679,582.3,721.9,10,89,71,1,2,13,13,79,13,"burglar",5,52,0,0,0,1,2588,0,2,54,0,NA,1,"undersweep","C:/Data/corr_sacc/asc/JITT2.asc",0,0,65,6,1513.7,465.9,556.4,66,1,13,1
"4415",2,45,1,79,6738705,6738954,465.9,739.4,11,249,25,1,2,12,12,72,6,"devious",6,7,0,0,0,1,2703,0,1,54,1,NA,0,NA,"C:/Data/corr_sacc/asc/JITT2.asc",0,1,13,28,582.3,853,721.9,54,41,6,NA
"4416",2,45,1,79,6739002,6739187,853,735.2,12,185,47,1,2,16,16,94,28,"place",1,22,0,0,0,1,3000,0,5,54,0,NA,0,NA,"C:/Data/corr_sacc/asc/JITT2.asc",0,0,6,44,465.9,1152.1,739.4,54,48,28,NA
"4417",2,45,1,79,6739236,6739410,1152.1,755.5,13,174,48,1,2,19,19,110,44,"last",4,16,0,0,0,1,3234,0,8,54,0,NA,0,NA,"C:/Data/corr_sacc/asc/JITT2.asc",0,0,28,30,853,896.2,735.2,54,26,44,NA
"4418",2,45,1,79,6739442,6739568,896.2,736.6,14,126,31,1,2,16,16,96,30,"place",3,14,0,0,0,1,3440,0,5,54,1,NA,0,NA,"C:/Data/corr_sacc/asc/JITT2.asc",0,0,44,23,1152.1,766.4,755.5,54,10,30,NA
"4419",2,45,1,79,6739593,6739759,766.4,735,15,166,24,1,2,15,15,89,23,"took",1,7,0,0,0,1,3591,0,4,54,1,NA,0,NA,"C:/Data/corr_sacc/asc/JITT2.asc",0,0,30,19,896.2,696.9,736.6,54,24,23,NA
"4420",2,45,1,79,6739783,6739871,696.9,732.9,16,88,23,1,2,14,14,85,19,"which",3,4,0,0,0,1,3781,0,3,54,1,NA,0,NA,"C:/Data/corr_sacc/asc/JITT2.asc",0,0,23,38,766.4,1044.3,735,54,31,19,NA
"4421",2,45,1,79,6740065,6740233,1044.3,742.3,17,168,193,1,2,18,18,104,38,"9PM",2,19,1,0,0,1,4063,0,7,54,NA,NA,0,NA,"C:/Data/corr_sacc/asc/JITT2.asc",0,0,19,7,696.9,472.2,732.9,54,35,38,NA
"4422",2,45,1,79,6740297,6740343,472.2,633.7,18,46,63,1,2,12,12,73,7,"devious",7,31,0,0,0,1,4295,0,1,54,1,NA,0,NA,"C:/Data/corr_sacc/asc/JITT2.asc",0,0,38,7,1044.3,471.9,742.3,54,16,7,NA
"4423",2,45,1,79,6740370,6740580,471.9,520.9,19,210,26,1,1,2,2,7,7,"are",0,0,0,0,0,1,4368,0,2,66,1,NA,0,NA,"C:/Data/corr_sacc/asc/JITT2.asc",0,0,7,16,472.2,643.2,633.7,54,47,7,NA
"4424",2,45,1,79,6740606,6740774,643.2,517.2,20,168,25,1,1,3,3,16,16,"appealing",5,9,0,0,0,1,4604,0,3,66,1,NA,0,NA,"C:/Data/corr_sacc/asc/JITT2.asc",0,0,7,28,471.9,860,520.9,66,59,16,NA
"4425",2,45,1,79,6740804,6740968,860,514.2,21,164,29,1,1,5,5,28,28,"information",3,12,0,0,0,1,4802,0,5,66,1,NA,0,NA,"C:/Data/corr_sacc/asc/JITT2.asc",0,0,16,25,643.2,809,517.2,66,50,28,NA
"4426",2,45,1,79,6740991,6741049,809,507.1,22,58,22,1,1,5,5,25,25,"information",0,3,0,0,0,1,4989,0,5,66,1,NA,0,NA,"C:/Data/corr_sacc/asc/JITT2.asc",0,0,28,47,860,1201,514.2,66,38,25,NA
"4427",2,45,1,79,6741222,6741382,1201,501.6,23,160,172,1,1,7,7,47,47,"a",0,22,1,0,0,1,5220,0,7,66,NA,NA,0,NA,"C:/Data/corr_sacc/asc/JITT2.asc",0,0,25,44,809,1148.1,507.1,66,41,47,NA
"4428",2,45,1,79,6741403,6741513,1148.1,499,24,110,20,1,1,6,6,44,44,"following",7,3,0,0,0,1,5401,0,6,66,1,NA,0,NA,"C:/Data/corr_sacc/asc/JITT2.asc",0,0,47,52,1201,1291.8,501.6,66,19,44,NA
"4429",2,45,1,79,6741539,6741735,1291.8,509.5,25,196,25,1,1,8,8,52,52,"bank",3,8,0,0,0,1,5537,0,8,66,1,NA,0,NA,"C:/Data/corr_sacc/asc/JITT2.asc",0,0,44,63,1148.1,1488.1,499,66,22,52,NA
"4430",2,45,1,79,6741765,6741888,1488.1,511.1,26,123,29,1,1,10,10,63,63,"by",1,11,0,0,0,1,5763,0,10,66,1,NA,0,NA,"C:/Data/corr_sacc/asc/JITT2.asc",0,0,52,66,1291.8,1537.7,509.5,66,14,63,NA
"4431",2,45,1,79,6741910,6742065,1537.7,514.8,27,155,21,1,1,11,11,66,66,"a",1,3,0,0,0,1,5908,0,11,66,1,NA,0,NA,"C:/Data/corr_sacc/asc/JITT2.asc",0,0,63,12,1488.1,567.4,511.1,66,3,66,NA
"4432",2,45,1,79,6742141,6742240,567.4,706.5,28,99,75,1,2,13,13,78,12,"burglar",4,54,0,0,0,1,6139,0,2,54,1,NA,0,NA,"C:/Data/corr_sacc/asc/JITT2.asc",0,0,66,6,1537.7,459,514.8,66,0,12,NA
"4433",2,45,1,79,6742268,6742471,459,730,29,203,27,1,2,12,12,72,6,"devious",6,6,0,0,0,1,6266,0,1,54,1,NA,0,NA,"C:/Data/corr_sacc/asc/JITT2.asc",0,0,12,22,567.4,750.5,706.5,54,42,6,NA
"4434",2,45,1,79,6742507,6742700,750.5,738.6,30,193,35,1,2,15,15,88,22,"took",0,16,0,0,0,1,6505,0,4,54,1,NA,0,NA,"C:/Data/corr_sacc/asc/JITT2.asc",0,0,6,11,459,549.5,730,54,48,22,NA
"4435",2,45,1,79,6742745,6742958,549.5,722.3,31,213,44,1,2,13,13,77,11,"burglar",3,11,0,0,0,1,6743,0,2,54,1,NA,0,NA,"C:/Data/corr_sacc/asc/JITT2.asc",0,0,22,24,750.5,784.6,738.6,54,32,11,NA
"4436",2,45,1,79,6743001,6743195,784.6,745.7,32,194,42,1,2,15,15,90,24,"took",2,13,0,0,0,1,6999,0,4,54,1,NA,0,NA,"C:/Data/corr_sacc/asc/JITT2.asc",0,0,11,37,549.5,1010.6,722.3,54,43,24,NA
"4437",2,45,1,79,6743398,6743599,1010.6,743.1,33,201,202,1,2,18,18,103,37,"9PM",1,13,1,0,0,1,7396,0,7,54,NA,NA,0,NA,"C:/Data/corr_sacc/asc/JITT2.asc",0,0,24,42,784.6,1115.7,745.7,54,30,37,NA
"4438",2,45,1,79,6743624,6743727,1115.7,749.8,34,103,24,1,2,19,19,108,42,"last",2,5,0,0,0,1,7622,0,8,54,1,NA,0,NA,"C:/Data/corr_sacc/asc/JITT2.asc",0,0,37,48,1010.6,1220.5,743.1,54,17,42,NA
"4439",2,45,1,79,6743754,6743943,1220.5,761.7,35,189,26,1,2,20,20,114,48,"Saturday.",3,6,0,0,0,1,7752,0,9,54,0,NA,0,NA,"C:/Data/corr_sacc/asc/JITT2.asc",0,0,42,12,1115.7,571,749.8,54,12,48,NA
"4440",2,45,1,79,6743996,6744190,571,736.1,36,194,52,1,2,13,13,78,12,"burglar",4,36,0,0,0,1,7994,0,2,54,1,NA,0,NA,"C:/Data/corr_sacc/asc/JITT2.asc",0,0,48,9,1220.5,507.9,761.7,54,6,12,NA
"4441",2,45,1,79,6744210,6744339,507.9,750.3,37,129,19,1,2,13,13,75,9,"burglar",1,3,0,0,0,1,8208,0,2,54,1,NA,0,NA,"C:/Data/corr_sacc/asc/JITT2.asc",0,0,12,6,571,451.8,736.1,54,42,9,NA
"4442",2,45,1,79,6744362,6744484,451.8,754.8,38,122,22,1,2,12,12,72,6,"devious",6,3,0,0,0,1,8360,0,1,54,1,NA,0,NA,"C:/Data/corr_sacc/asc/JITT2.asc",0,0,9,NA,507.9,1548.7,750.3,54,45,6,NA
"4443",2,45,1,79,6744552,6744646,1548.7,540.7,39,94,67,NA,1,NA,11,NA,NA,NA,NA,NA,0,0,1,1,8550,NA,NA,66,NA,NA,0,NA,"C:/Data/corr_sacc/asc/JITT2.asc",0,0,6,NA,451.8,1606.3,754.8,54,48,74,NA
"4444",2,45,1,79,6744678,6744864,1606.3,538.1,40,186,31,NA,1,NA,NA,NA,NA,NA,NA,NA,0,0,1,1,8676,NA,NA,66,NA,NA,0,NA,"C:/Data/corr_sacc/asc/JITT2.asc",0,0,NA,11,1548.7,553.9,540.7,66,NA,77,NA
"4445",2,45,1,79,6744943,6745105,553.9,732.8,41,162,78,1,2,13,13,77,11,"burglar",3,NA,0,0,0,1,8941,0,2,54,1,NA,0,NA,"C:/Data/corr_sacc/asc/JITT2.asc",0,0,NA,6,1606.3,462.7,538.1,66,NA,11,NA
"4446",2,45,1,79,6745131,6745344,462.7,734.9,42,213,25,1,2,12,12,72,6,"devious",6,5,0,0,0,1,9129,0,1,54,1,NA,0,NA,"C:/Data/corr_sacc/asc/JITT2.asc",0,0,11,19,553.9,684.9,732.8,54,43,6,NA
"4447",2,45,1,79,6745376,6745675,684.9,750.1,43,299,31,1,2,14,14,85,19,"which",3,13,0,0,0,1,9374,0,3,54,1,NA,0,NA,"C:/Data/corr_sacc/asc/JITT2.asc",0,0,6,14,462.7,596.8,734.9,54,48,19,NA
"4448",2,45,1,79,6745698,6745881,596.8,740,44,183,22,1,2,13,13,80,14,"burglar",6,5,0,0,0,1,9696,0,2,54,1,NA,0,NA,"C:/Data/corr_sacc/asc/JITT2.asc",0,0,19,24,684.9,778.3,750.1,54,35,14,NA
"4449",2,45,1,79,6745913,6746166,778.3,762.2,45,253,31,1,2,15,15,90,24,"took",2,10,0,0,0,1,9911,0,4,54,1,NA,0,NA,"C:/Data/corr_sacc/asc/JITT2.asc",0,0,14,34,596.8,962.5,740,54,40,24,NA
"4450",2,45,1,79,6746192,6746342,962.5,765.5,46,150,25,1,2,17,17,100,34,"at",1,10,0,0,0,1,10190,0,6,54,1,NA,0,NA,"C:/Data/corr_sacc/asc/JITT2.asc",0,0,24,43,778.3,1118.5,762.2,54,30,34,NA
"4451",2,45,1,79,6746372,6746556,1118.5,765.4,47,184,29,1,2,19,19,109,43,"last",3,9,0,0,0,1,10370,0,8,54,1,NA,0,NA,"C:/Data/corr_sacc/asc/JITT2.asc",0,0,34,48,962.5,1220.6,765.5,54,20,43,NA
"4452",2,45,1,79,6746580,6746692,1220.6,762.4,48,112,23,1,2,20,20,114,48,"Saturday.",3,5,0,0,0,1,10578,0,9,54,1,NA,0,NA,"C:/Data/corr_sacc/asc/JITT2.asc",0,0,43,23,1118.5,763,765.4,54,11,48,NA
"4453",2,45,1,79,6746740,6746901,763,512.9,49,161,47,1,1,4,4,23,23,"for",2,25,0,0,0,1,10738,0,4,66,1,NA,0,NA,"C:/Data/corr_sacc/asc/JITT2.asc",0,0,48,15,1220.6,613.9,762.4,54,6,23,NA
"4454",2,45,1,79,6746927,6747086,613.9,503,50,159,25,1,1,3,3,15,15,"appealing",4,8,0,0,0,1,10925,0,3,66,1,NA,0,NA,"C:/Data/corr_sacc/asc/JITT2.asc",0,0,23,NA,763,NA,512.9,66,43,15,NA
"4455",2,55,2,80,6759897,6760025,442.8,501.3,1,128,25,1,1,3,3,11,11,"bookstore",0,NA,0,0,0,1,632,0,3,51,0,NA,0,NA,"C:/Data/corr_sacc/asc/JITT2.asc",0,0,NA,20,NA,611.6,NA,NA,NA,11,NA
"4456",2,55,2,80,6760051,6760162,611.6,499.6,2,111,25,1,1,3,3,20,20,"bookstore",9,9,0,0,0,1,786,0,3,51,0,NA,0,NA,"C:/Data/corr_sacc/asc/JITT2.asc",0,0,11,26,442.8,725.4,501.3,51,40,20,NA
"4457",2,55,2,80,6760312,6760506,725.4,483.6,3,194,149,1,1,4,4,26,26,"downtown",5,6,1,0,0,1,1047,0,4,51,NA,NA,0,NA,"C:/Data/corr_sacc/asc/JITT2.asc",0,0,20,36,611.6,895.4,499.6,51,31,26,NA
"4458",2,55,2,80,6760536,6760749,895.4,508.6,4,213,29,1,1,5,5,36,36,"offers",6,10,0,0,0,1,1271,0,5,51,0,NA,0,NA,"C:/Data/corr_sacc/asc/JITT2.asc",0,0,26,29,725.4,771.4,483.6,51,25,36,NA
"4459",2,55,2,80,6760776,6760892,771.4,496.5,5,116,26,1,1,4,4,29,29,"downtown",8,7,0,0,0,1,1511,0,4,51,1,NA,0,NA,"C:/Data/corr_sacc/asc/JITT2.asc",0,0,36,22,895.4,649.3,508.6,51,15,29,NA
"4460",2,55,2,80,6760920,6761122,649.3,495.4,6,202,27,1,1,4,4,22,22,"downtown",1,7,0,0,0,1,1655,0,4,51,1,NA,0,NA,"C:/Data/corr_sacc/asc/JITT2.asc",0,0,29,10,771.4,435.1,496.5,51,22,22,NA
"4461",2,55,2,80,6761156,6761348,435.1,493.5,7,192,33,1,1,2,2,10,10,"modern",6,12,0,0,0,1,1891,0,2,51,1,NA,0,NA,"C:/Data/corr_sacc/asc/JITT2.asc",0,0,22,4,649.3,322,495.4,51,29,10,NA
"4462",2,55,2,80,6761376,6761570,322,493.1,8,194,27,1,1,2,2,4,4,"modern",0,6,0,0,0,1,2111,0,2,51,1,NA,0,NA,"C:/Data/corr_sacc/asc/JITT2.asc",0,0,10,7,435.1,381.4,493.5,51,41,4,NA
"4463",2,55,2,80,6761588,6761642,381.4,502,9,54,17,1,1,2,2,7,7,"modern",3,3,0,0,0,1,2323,0,2,51,1,NA,0,NA,"C:/Data/corr_sacc/asc/JITT2.asc",0,0,4,16,322,542.5,493.1,51,47,7,NA
"4464",2,55,2,80,6761787,6761893,542.5,492.6,10,106,144,1,1,3,3,16,16,"bookstore",5,9,1,0,0,1,2522,0,3,51,NA,NA,0,NA,"C:/Data/corr_sacc/asc/JITT2.asc",0,0,7,25,381.4,706.1,502,51,44,16,NA
"4465",2,55,2,80,6761920,6762147,706.1,504,11,227,26,1,1,4,4,25,25,"downtown",4,9,0,0,0,1,2655,0,4,51,1,NA,0,NA,"C:/Data/corr_sacc/asc/JITT2.asc",0,0,16,32,542.5,831.3,492.6,51,35,25,NA
"4466",2,55,2,80,6762175,6762653,831.3,538.3,12,478,27,1,1,5,5,32,32,"offers",2,7,0,0,0,1,2910,0,5,51,1,NA,0,NA,"C:/Data/corr_sacc/asc/JITT2.asc",0,0,25,40,706.1,979.9,504,51,26,32,NA
"4467",2,55,2,80,6762681,6762793,979.9,550.2,13,112,27,1,1,7,7,40,40,"selection",1,8,0,0,0,1,3416,0,7,51,0,NA,0,NA,"C:/Data/corr_sacc/asc/JITT2.asc",0,0,32,45,831.3,1054.2,538.3,51,19,40,NA
"4468",2,55,2,80,6762817,6762957,1054.2,551.3,14,140,23,1,1,7,7,45,45,"selection",6,5,0,0,0,1,3552,0,7,51,0,NA,0,NA,"C:/Data/corr_sacc/asc/JITT2.asc",1,0,40,7,979.9,375.9,550.2,51,11,45,NA
"4469",2,55,2,80,6763018,6763132,375.9,703.3,15,114,60,1,2,9,9,58,7,"intriguing",7,38,0,0,0,1,3753,0,1,45,0,NA,1,"undersweep","C:/Data/corr_sacc/asc/JITT2.asc",0,0,45,1,1054.2,270.4,551.3,51,6,7,1
"4470",2,55,2,80,6763154,6763449,270.4,709.5,16,295,21,1,2,9,9,52,1,"intriguing",1,6,0,0,0,1,3889,0,1,45,0,NA,0,NA,"C:/Data/corr_sacc/asc/JITT2.asc",0,1,7,12,375.9,464,703.3,45,38,1,NA
"4471",2,55,2,80,6763478,6763729,464,728.4,17,251,28,1,2,10,10,63,12,"literature",1,11,0,0,0,1,4213,0,2,45,0,NA,0,NA,"C:/Data/corr_sacc/asc/JITT2.asc",0,0,1,23,270.4,664,709.5,45,44,12,NA
"4472",2,55,2,80,6763771,6763946,664,728.1,18,175,41,1,2,11,11,74,23,"and",1,11,0,0,0,1,4506,0,3,45,0,NA,0,NA,"C:/Data/corr_sacc/asc/JITT2.asc",0,0,12,31,464,809.7,728.4,45,33,23,NA
"4473",2,55,2,80,6763972,6764209,809.7,730.9,19,237,25,1,2,13,13,82,31,"new",0,8,0,0,0,1,4707,0,5,45,0,NA,0,NA,"C:/Data/corr_sacc/asc/JITT2.asc",NA,0,23,NA,664,NA,728.1,45,22,31,NA
"4474",2,55,2,80,NA,NA,NA,NA,NA,NA,NA,1,1,1,NA,NA,NA,"The",NA,NA,NA,NA,NA,NA,NA,NA,1,NA,NA,NA,NA,NA,"C:/Data/corr_sacc/asc/JITT2.asc",NA,0,31,NA,809.7,NA,730.9,45,14,NA,NA
"4475",2,55,2,80,NA,NA,NA,NA,NA,NA,NA,1,1,6,NA,NA,NA,"a",NA,NA,NA,NA,NA,NA,NA,NA,6,NA,NA,NA,NA,NA,"C:/Data/corr_sacc/asc/JITT2.asc",NA,NA,NA,NA,NA,NA,NA,NA,NA,NA,NA
"4476",2,55,2,80,NA,NA,NA,NA,NA,NA,NA,1,1,8,NA,NA,NA,"of",NA,NA,NA,NA,NA,NA,NA,NA,8,NA,NA,NA,NA,NA,"C:/Data/corr_sacc/asc/JITT2.asc",NA,NA,NA,NA,NA,NA,NA,NA,NA,NA,NA
"4477",2,55,2,80,NA,NA,NA,NA,NA,NA,NA,1,2,12,NA,NA,NA,"some",NA,NA,NA,NA,NA,NA,NA,NA,4,NA,NA,NA,NA,NA,"C:/Data/corr_sacc/asc/JITT2.asc",NA,NA,NA,NA,NA,NA,NA,NA,NA,NA,NA
"4478",2,55,2,80,NA,NA,NA,NA,NA,NA,NA,1,2,14,NA,NA,NA,"magazines.",NA,NA,NA,NA,NA,NA,NA,NA,6,NA,NA,NA,NA,NA,"C:/Data/corr_sacc/asc/JITT2.asc",0,NA,NA,NA,NA,NA,NA,NA,NA,NA,NA
"4479",2,59,3,81,6769332,6769436,396.8,493.9,1,104,23,1,1,2,2,6,6,"food",2,NA,0,0,0,1,486,0,2,49,0,NA,0,NA,"C:/Data/corr_sacc/asc/JITT2.asc",0,0,NA,14,NA,532.7,NA,NA,NA,6,NA
"4480",2,59,3,81,6769461,6769604,532.7,493.2,2,143,24,1,1,4,4,14,14,"the",2,8,0,0,0,1,615,0,4,49,0,NA,0,NA,"C:/Data/corr_sacc/asc/JITT2.asc",0,0,6,19,396.8,617.7,493.9,49,43,14,NA
"4481",2,59,3,81,6769627,6769746,617.7,506.8,3,119,22,1,1,5,5,19,19,"cafe",3,5,0,0,0,1,781,0,5,49,0,NA,0,NA,"C:/Data/corr_sacc/asc/JITT2.asc",0,0,14,27,532.7,777.3,493.2,49,35,19,NA
"4482",2,59,3,81,6769908,6770037,777.3,502.5,4,129,161,1,1,7,7,27,27,"okay,",2,8,1,0,0,1,1062,0,7,49,NA,NA,0,NA,"C:/Data/corr_sacc/asc/JITT2.asc",0,0,19,36,617.7,935.6,506.8,49,30,27,NA
"4483",2,59,3,81,6770065,6770168,935.6,512.1,5,103,27,1,1,9,9,36,36,"the",1,9,0,0,0,1,1219,0,9,49,0,NA,0,NA,"C:/Data/corr_sacc/asc/JITT2.asc",0,0,27,42,777.3,1044.6,502.5,49,22,36,NA
"4484",2,59,3,81,6770195,6770400,1044.6,514.6,6,205,26,1,1,10,10,42,42,"coffee",3,6,0,0,0,1,1349,0,10,49,0,NA,0,NA,"C:/Data/corr_sacc/asc/JITT2.asc",0,0,36,48,935.6,1141.7,512.1,49,13,42,NA
"4485",2,59,3,81,6770421,6770593,1141.7,545.4,7,172,20,1,1,11,11,48,48,"was",2,6,0,0,0,1,1575,0,11,49,0,NA,0,NA,"C:/Data/corr_sacc/asc/JITT2.asc",0,0,42,40,1044.6,1003.5,514.6,49,7,48,NA
"4486",2,59,3,81,6770620,6770832,1003.5,535.7,8,212,26,1,1,10,10,40,40,"coffee",1,8,0,0,0,1,1774,0,10,49,1,NA,0,NA,"C:/Data/corr_sacc/asc/JITT2.asc",1,0,48,10,1141.7,457.8,545.4,49,1,40,NA
"4487",2,59,3,81,6770890,6770996,457.8,678.6,9,106,57,1,2,13,13,59,10,"delicious,",0,30,0,0,0,1,2044,0,2,39,0,NA,1,"undersweep","C:/Data/corr_sacc/asc/JITT2.asc",0,0,40,6,1003.5,401.1,535.7,49,9,10,1
"4488",2,59,3,81,6771021,6771087,401.1,713.8,10,66,24,1,2,12,12,55,6,"extremely",6,4,0,0,0,1,2175,0,1,39,1,NA,0,NA,"C:/Data/corr_sacc/asc/JITT2.asc",0,1,10,17,457.8,595.7,678.6,39,29,6,NA
"4489",2,59,3,81,6771125,6771356,595.7,736.2,11,231,37,1,2,13,13,66,17,"delicious,",7,11,0,0,0,1,2279,0,2,39,1,NA,0,NA,"C:/Data/corr_sacc/asc/JITT2.asc",0,0,6,33,401.1,872.3,713.8,39,33,17,NA
"4490",2,59,3,81,6771389,6771645,872.3,732.6,12,256,32,1,2,16,16,82,33,"be",2,16,0,0,0,1,2543,0,5,39,0,NA,0,NA,"C:/Data/corr_sacc/asc/JITT2.asc",0,0,17,35,595.7,923.4,736.2,39,22,33,NA
"4491",2,59,3,81,6771668,6771825,923.4,739.3,13,157,22,1,2,17,17,84,35,"back.",1,2,0,0,0,1,2822,0,6,39,0,NA,0,NA,"C:/Data/corr_sacc/asc/JITT2.asc",0,0,33,28,872.3,786.8,732.6,39,6,35,NA
"4492",2,59,3,81,6771851,6771943,786.8,739.9,14,92,25,1,2,15,15,77,28,"she'll",4,7,0,0,0,1,3005,0,4,39,1,NA,0,NA,"C:/Data/corr_sacc/asc/JITT2.asc",0,0,35,29,923.4,799.5,739.3,39,4,28,NA
"4493",2,59,3,81,6772283,6772436,799.5,533.2,15,153,339,1,1,7,7,29,29,"okay,",4,1,1,0,0,1,3437,0,7,49,NA,NA,0,NA,"C:/Data/corr_sacc/asc/JITT2.asc",0,0,28,19,786.8,629.8,739.9,39,11,29,NA
"4494",2,59,3,81,6772461,6772725,629.8,518.1,16,264,24,1,1,5,5,19,19,"cafe",3,10,0,0,0,1,3615,0,5,49,1,NA,0,NA,"C:/Data/corr_sacc/asc/JITT2.asc",NA,0,29,NA,799.5,NA,533.2,49,20,19,NA
"4495",2,59,3,81,NA,NA,NA,NA,NA,NA,NA,1,1,1,NA,NA,NA,"The",NA,NA,NA,NA,NA,NA,NA,NA,1,NA,NA,NA,NA,NA,"C:/Data/corr_sacc/asc/JITT2.asc",NA,0,19,NA,629.8,NA,518.1,49,30,NA,NA
"4496",2,59,3,81,NA,NA,NA,NA,NA,NA,NA,1,1,3,NA,NA,NA,"at",NA,NA,NA,NA,NA,NA,NA,NA,3,NA,NA,NA,NA,NA,"C:/Data/corr_sacc/asc/JITT2.asc",NA,NA,NA,NA,NA,NA,NA,NA,NA,NA,NA
"4497",2,59,3,81,NA,NA,NA,NA,NA,NA,NA,1,1,6,NA,NA,NA,"was",NA,NA,NA,NA,NA,NA,NA,NA,6,NA,NA,NA,NA,NA,"C:/Data/corr_sacc/asc/JITT2.asc",NA,NA,NA,NA,NA,NA,NA,NA,NA,NA,NA
"4498",2,59,3,81,NA,NA,NA,NA,NA,NA,NA,1,1,8,NA,NA,NA,"but",NA,NA,NA,NA,NA,NA,NA,NA,8,NA,NA,NA,NA,NA,"C:/Data/corr_sacc/asc/JITT2.asc",NA,NA,NA,NA,NA,NA,NA,NA,NA,NA,NA
"4499",2,59,3,81,NA,NA,NA,NA,NA,NA,NA,1,2,14,NA,NA,NA,"so",NA,NA,NA,NA,NA,NA,NA,NA,3,NA,NA,NA,NA,NA,"C:/Data/corr_sacc/asc/JITT2.asc",0,NA,NA,NA,NA,NA,NA,NA,NA,NA,NA
"4500",2,73,2,82,6785169,6785304,535.4,484.7,1,135,23,1,1,2,2,8,8,"businessman",4,NA,0,0,0,1,683,0,2,53,0,NA,0,NA,"C:/Data/corr_sacc/asc/JITT2.asc",0,0,NA,20,NA,748.8,NA,NA,NA,8,NA
"4501",2,73,2,82,6785344,6785432,748.8,495.3,2,88,39,1,1,3,3,20,20,"brought",4,12,0,0,0,1,858,0,3,53,0,NA,0,NA,"C:/Data/corr_sacc/asc/JITT2.asc",0,0,8,26,535.4,859.1,484.7,53,45,20,NA
"4502",2,73,2,82,6785577,6785772,859.1,485.3,3,195,144,1,1,4,4,26,26,"some",2,6,1,0,0,1,1091,0,4,53,NA,NA,0,NA,"C:/Data/corr_sacc/asc/JITT2.asc",0,0,20,16,748.8,672,495.3,53,33,26,NA
"4503",2,73,2,82,6785802,6786053,672,479.6,4,251,29,1,1,3,3,16,16,"brought",0,10,0,0,0,1,1316,0,3,53,0,NA,0,NA,"C:/Data/corr_sacc/asc/JITT2.asc",0,0,26,24,859.1,821,485.3,53,27,16,NA
"4504",2,73,2,82,6786081,6786240,821,491.3,5,159,27,1,1,4,4,24,24,"some",0,8,0,0,0,1,1595,0,4,53,0,NA,0,NA,"C:/Data/corr_sacc/asc/JITT2.asc",0,0,16,32,672,958,479.6,53,37,24,NA
"4505",2,73,2,82,6786265,6786427,958,480.2,6,162,24,1,1,5,5,32,32,"yellow",3,8,0,0,0,1,1779,0,5,53,0,NA,0,NA,"C:/Data/corr_sacc/asc/JITT2.asc",0,0,24,40,821,1099.8,491.3,53,29,32,NA
"4506",2,73,2,82,6786452,6786586,1099.8,477.4,7,134,24,1,1,6,6,40,40,"coloured",4,8,0,0,0,1,1966,0,6,53,0,NA,0,NA,"C:/Data/corr_sacc/asc/JITT2.asc",0,0,32,47,958,1234.3,480.2,53,21,40,NA
"4507",2,73,2,82,6786721,6786995,1234.3,466.8,8,274,134,1,1,7,7,47,47,"dominoes",2,7,1,0,0,1,2235,0,7,53,NA,NA,0,NA,"C:/Data/corr_sacc/asc/JITT2.asc",1,0,40,8,1099.8,525,477.4,53,13,47,NA
"4508",2,73,2,82,6787057,6787172,525,617.1,9,115,61,1,2,10,2,61,8,"playing",0,39,0,0,0,1,2571,1,3,42,0,NA,1,"undersweep","C:/Data/corr_sacc/asc/JITT2.asc",0,0,47,2,1234.3,420.6,466.8,53,6,8,1
"4509",2,73,2,82,6787196,6787414,420.6,645.3,10,218,23,1,2,8,8,55,2,"and",2,6,0,0,0,1,2710,0,1,42,1,NA,0,NA,"C:/Data/corr_sacc/asc/JITT2.asc",0,1,8,16,525,665.8,617.1,42,34,2,NA
"4510",2,73,2,82,6787446,6787721,665.8,649.4,11,275,31,1,2,11,11,69,16,"with",0,14,0,0,0,1,2960,0,4,42,0,NA,0,NA,"C:/Data/corr_sacc/asc/JITT2.asc",0,0,2,24,420.6,825.1,645.3,42,40,16,NA
"4511",2,73,2,82,6787748,6787954,825.1,655.3,12,206,26,1,2,12,12,77,24,"them",3,8,0,0,0,1,3262,0,5,42,0,NA,0,NA,"C:/Data/corr_sacc/asc/JITT2.asc",0,0,16,22,665.8,785.1,649.4,42,26,24,NA
"4512",2,73,2,82,6787974,6788150,785.1,659.8,13,176,19,1,2,12,12,75,22,"them",1,2,0,0,0,1,3488,0,5,42,0,NA,0,NA,"C:/Data/corr_sacc/asc/JITT2.asc",0,0,24,33,825.1,976.7,655.3,42,18,22,NA
"4513",2,73,2,82,6788180,6788335,976.7,681.8,14,155,29,1,2,13,13,86,33,"absent-mindedly.",7,11,0,0,0,1,3694,0,6,42,0,NA,0,NA,"C:/Data/corr_sacc/asc/JITT2.asc",0,0,22,29,785.1,900.7,659.8,42,20,33,NA
"4514",2,73,2,82,6788359,6788548,900.7,674.1,15,189,23,1,2,13,13,82,29,"absent-mindedly.",3,4,0,0,0,1,3873,0,6,42,0,NA,0,NA,"C:/Data/corr_sacc/asc/JITT2.asc",0,0,33,35,976.7,1010.2,681.8,42,9,29,NA
"4515",2,73,2,82,6788574,6788706,1010.2,697.2,16,132,25,1,2,13,13,88,35,"absent-mindedly.",9,6,0,0,0,1,4088,0,6,42,0,NA,0,NA,"C:/Data/corr_sacc/asc/JITT2.asc",0,0,29,26,900.7,850.5,674.1,42,13,35,NA
"4516",2,73,2,82,6788734,6788981,850.5,676.6,17,247,27,1,2,13,13,79,26,"absent-mindedly.",0,9,0,0,0,1,4248,0,6,42,0,NA,0,NA,"C:/Data/corr_sacc/asc/JITT2.asc",0,0,35,35,1010.2,1008.7,697.2,42,7,26,NA
"4517",2,73,2,82,6789010,6789228,1008.7,689.8,18,218,28,1,2,13,13,88,35,"absent-mindedly.",9,9,0,0,0,1,4524,0,6,42,0,NA,0,NA,"C:/Data/corr_sacc/asc/JITT2.asc",0,0,26,30,850.5,928.4,676.6,42,16,35,NA
"4518",2,73,2,82,6789251,6789411,928.4,679.5,19,160,22,1,2,13,13,83,30,"absent-mindedly.",4,5,0,0,0,1,4765,0,6,42,0,NA,0,NA,"C:/Data/corr_sacc/asc/JITT2.asc",0,0,35,37,1008.7,1061.1,689.8,42,7,30,NA
"4519",2,73,2,82,6789437,6789539,1061.1,692.1,20,102,25,1,2,13,13,90,37,"absent-mindedly.",11,7,0,0,0,1,4951,0,6,42,0,NA,0,NA,"C:/Data/corr_sacc/asc/JITT2.asc",NA,0,30,NA,928.4,NA,679.5,42,12,37,NA
"4520",2,73,2,82,NA,NA,NA,NA,NA,NA,NA,1,1,1,NA,NA,NA,"The",NA,NA,NA,NA,NA,NA,NA,NA,1,NA,NA,NA,NA,NA,"C:/Data/corr_sacc/asc/JITT2.asc",NA,0,37,NA,1061.1,NA,692.1,42,5,NA,NA
"4521",2,73,2,82,NA,NA,NA,NA,NA,NA,NA,1,2,9,NA,NA,NA,"was",NA,NA,NA,NA,NA,NA,NA,NA,2,NA,NA,NA,NA,NA,"C:/Data/corr_sacc/asc/JITT2.asc",0,NA,NA,NA,NA,NA,NA,NA,NA,NA,NA
"4522",2,78,1,83,6806057,6806190,423.7,479.6,1,133,24,1,1,2,2,5,5,"the",2,NA,0,0,0,1,449,0,2,66,0,NA,0,NA,"C:/Data/corr_sacc/asc/JITT2.asc",0,0,NA,3,NA,375.3,NA,NA,NA,5,NA
"4523",2,78,1,83,6806212,6806363,375.3,489.3,2,151,21,1,1,2,2,3,3,"the",0,2,0,0,0,1,604,0,2,66,0,NA,0,NA,"C:/Data/corr_sacc/asc/JITT2.asc",0,0,5,16,423.7,616.1,479.6,66,61,3,NA
"4524",2,78,1,83,6806403,6806549,616.1,501.8,3,146,39,1,1,3,3,16,16,"seventeenth",9,13,0,0,0,1,795,0,3,66,0,NA,0,NA,"C:/Data/corr_sacc/asc/JITT2.asc",0,0,3,25,375.3,772.4,489.3,66,63,16,NA
"4525",2,78,1,83,6806676,6806732,772.4,504.5,4,56,126,1,1,4,4,25,25,"annual",6,9,1,0,0,1,1068,0,4,66,NA,NA,0,NA,"C:/Data/corr_sacc/asc/JITT2.asc",0,0,16,16,616.1,621.8,501.8,66,50,25,NA
"4526",2,78,1,83,6806902,6807078,621.8,501.4,5,176,169,1,1,3,3,16,16,"seventeenth",9,9,1,0,0,1,1294,0,3,66,NA,NA,0,NA,"C:/Data/corr_sacc/asc/JITT2.asc",0,0,25,25,772.4,770.7,504.5,66,41,16,NA
"4527",2,78,1,83,6807105,6807461,770.7,507.8,6,356,26,1,1,4,4,25,25,"annual",6,9,0,0,0,1,1497,0,4,66,0,NA,0,NA,"C:/Data/corr_sacc/asc/JITT2.asc",0,0,16,30,621.8,874.2,501.4,66,50,25,NA
"4528",2,78,1,83,6807487,6807630,874.2,514.9,7,143,25,1,1,5,5,30,30,"music",4,5,0,0,0,1,1879,0,5,66,0,NA,0,NA,"C:/Data/corr_sacc/asc/JITT2.asc",0,0,25,37,770.7,988.8,507.8,66,41,30,NA
"4529",2,78,1,83,6807652,6807873,988.8,527,8,221,21,1,1,6,6,37,37,"festival,",5,7,0,0,0,1,2044,0,6,66,0,NA,0,NA,"C:/Data/corr_sacc/asc/JITT2.asc",0,0,30,48,874.2,1192.8,514.9,66,36,37,NA
"4530",2,78,1,83,6807902,6808196,1192.8,521.9,9,294,28,1,1,8,8,48,48,"will",2,11,0,0,0,1,2294,0,8,66,0,NA,0,NA,"C:/Data/corr_sacc/asc/JITT2.asc",0,0,37,57,988.8,1358.3,527,66,29,48,NA
"4531",2,78,1,83,6808226,6808475,1358.3,534.2,10,249,29,1,1,10,10,57,57,"performing",3,9,0,0,0,1,2618,0,10,66,0,NA,0,NA,"C:/Data/corr_sacc/asc/JITT2.asc",0,0,48,54,1192.8,1305,521.9,66,18,57,NA
"4532",2,78,1,83,6808496,6808596,1305,533.7,11,100,20,1,1,10,10,54,54,"performing",0,3,0,0,0,1,2888,0,10,66,0,NA,0,NA,"C:/Data/corr_sacc/asc/JITT2.asc",0,0,57,64,1358.3,1478.4,534.2,66,9,54,NA
"4533",2,78,1,83,6808624,6808759,1478.4,542.8,12,135,27,1,1,10,10,64,64,"performing",10,10,0,0,0,1,3016,0,10,66,0,NA,0,NA,"C:/Data/corr_sacc/asc/JITT2.asc",1,0,54,12,1305,546.5,533.7,66,12,64,NA
"4534",2,78,1,83,6808819,6808929,546.5,699.3,13,110,59,1,2,14,14,78,12,"to",1,52,0,0,0,1,3211,0,3,38,0,NA,1,"undersweep","C:/Data/corr_sacc/asc/JITT2.asc",0,0,64,5,1478.4,418.3,542.8,66,2,12,1
"4535",2,78,1,83,6808954,6809139,418.3,727,14,185,24,1,2,12,12,71,5,"piano",5,7,0,0,0,1,3346,0,1,38,1,NA,0,NA,"C:/Data/corr_sacc/asc/JITT2.asc",0,1,12,4,546.5,391.4,699.3,38,26,5,NA
"4536",2,78,1,83,6809157,6809294,391.4,723.8,15,137,17,1,2,12,12,70,4,"piano",4,1,0,0,0,1,3549,0,1,38,1,NA,0,NA,"C:/Data/corr_sacc/asc/JITT2.asc",0,0,5,11,418.3,527.5,727,38,33,4,NA
"4537",2,78,1,83,6809320,6809482,527.5,719,16,162,25,1,2,14,14,77,11,"to",0,7,0,0,0,1,3712,0,3,38,1,NA,0,NA,"C:/Data/corr_sacc/asc/JITT2.asc",0,0,4,18,391.4,659.4,723.8,38,34,11,NA
"4538",2,78,1,83,6809517,6809723,659.4,716.6,17,206,34,1,2,15,15,84,18,"raise",4,7,0,0,0,1,3909,0,4,38,0,NA,0,NA,"C:/Data/corr_sacc/asc/JITT2.asc",0,0,11,15,527.5,596.2,719,38,27,18,NA
"4539",2,78,1,83,6809746,6809875,596.2,712.4,18,129,22,1,2,15,15,81,15,"raise",1,3,0,0,0,1,4138,0,4,38,0,NA,0,NA,"C:/Data/corr_sacc/asc/JITT2.asc",0,0,18,29,659.4,846.7,716.6,38,20,15,NA
"4540",2,78,1,83,6809914,6810044,846.7,718.4,19,130,38,1,2,17,17,95,29,"for",3,14,0,0,0,1,4306,0,6,38,0,NA,0,NA,"C:/Data/corr_sacc/asc/JITT2.asc",0,0,15,33,596.2,914.6,712.4,38,23,29,NA
"4541",2,78,1,83,6810069,6810156,914.6,717.3,20,87,24,1,2,18,18,99,33,"charity.",3,4,0,0,0,1,4461,0,7,38,0,NA,0,NA,"C:/Data/corr_sacc/asc/JITT2.asc",0,0,29,8,846.7,475.6,718.4,38,9,33,NA
"4542",2,78,1,83,6810294,6810444,475.6,499.5,21,150,137,1,1,3,3,8,8,"seventeenth",1,25,1,0,0,1,4686,0,3,66,NA,NA,0,NA,"C:/Data/corr_sacc/asc/JITT2.asc",0,0,33,4,914.6,407.3,717.3,38,5,8,NA
"4543",2,78,1,83,6810468,6810629,407.3,510.7,22,161,23,1,1,2,2,4,4,"the",1,4,0,0,0,1,4860,0,2,66,1,NA,0,NA,"C:/Data/corr_sacc/asc/JITT2.asc",0,0,8,3,475.6,373.6,499.5,66,58,4,NA
"4544",2,78,1,83,6810645,6810793,373.6,522.2,23,148,15,1,1,2,2,3,3,"the",0,1,0,0,0,1,5037,0,2,66,1,NA,0,NA,"C:/Data/corr_sacc/asc/JITT2.asc",0,0,4,16,407.3,621.9,510.7,66,62,3,NA
"4545",2,78,1,83,6810827,6810993,621.9,534.2,24,166,33,1,1,3,3,16,16,"seventeenth",9,13,0,0,0,1,5219,0,3,66,1,NA,0,NA,"C:/Data/corr_sacc/asc/JITT2.asc",0,0,3,4,373.6,405.6,522.2,66,63,16,NA
"4546",2,78,1,83,6811028,6811307,405.6,534.5,25,279,34,1,1,2,2,4,4,"the",1,12,0,0,0,1,5420,0,2,66,1,NA,0,NA,"C:/Data/corr_sacc/asc/JITT2.asc",0,0,16,20,621.9,683.9,534.2,66,50,4,NA
"4547",2,78,1,83,6811344,6811443,683.9,522.1,26,99,36,1,1,4,4,20,20,"annual",1,16,0,0,0,1,5736,0,4,66,1,NA,0,NA,"C:/Data/corr_sacc/asc/JITT2.asc",0,0,4,27,405.6,807.7,534.5,66,62,20,NA
"4548",2,78,1,83,6811627,6811788,807.7,523.6,27,161,183,1,1,5,5,27,27,"music",1,7,1,0,0,1,6019,0,5,66,NA,NA,0,NA,"C:/Data/corr_sacc/asc/JITT2.asc",0,0,20,33,683.9,920.9,522.1,66,46,27,NA
"4549",2,78,1,83,6811815,6811974,920.9,520.2,28,159,26,1,1,6,6,33,33,"festival,",1,6,0,0,0,1,6207,0,6,66,1,NA,0,NA,"C:/Data/corr_sacc/asc/JITT2.asc",0,0,27,30,807.7,869.3,523.6,66,39,33,NA
"4550",2,78,1,83,6811995,6812141,869.3,523.5,29,146,20,1,1,5,5,30,30,"music",4,3,0,0,0,1,6387,0,5,66,1,NA,0,NA,"C:/Data/corr_sacc/asc/JITT2.asc",0,0,33,39,920.9,1023.7,520.2,66,33,30,NA
"4551",2,78,1,83,6812168,6812344,1023.7,517,30,176,26,1,1,6,6,39,39,"festival,",7,9,0,0,0,1,6560,0,6,66,1,NA,0,NA,"C:/Data/corr_sacc/asc/JITT2.asc",0,0,30,48,869.3,1186.5,523.5,66,36,39,NA
"4552",2,78,1,83,6812372,6812649,1186.5,523.6,31,277,27,1,1,8,8,48,48,"will",2,9,0,0,0,1,6764,0,8,66,1,NA,0,NA,"C:/Data/corr_sacc/asc/JITT2.asc",0,0,39,58,1023.7,1369.1,517,66,27,48,NA
"4553",2,78,1,83,6812681,6812874,1369.1,522.6,32,193,31,1,1,10,10,58,58,"performing",4,10,0,0,0,1,7073,0,10,66,1,NA,0,NA,"C:/Data/corr_sacc/asc/JITT2.asc",0,0,48,65,1186.5,1494.6,523.6,66,18,58,NA
"4554",2,78,1,83,6812897,6812998,1494.6,537.5,33,101,22,1,1,11,11,65,65,"a",0,7,0,0,0,1,7289,0,11,66,1,NA,0,NA,"C:/Data/corr_sacc/asc/JITT2.asc",0,0,58,8,1369.1,476.8,522.6,66,8,65,NA
"4555",2,78,1,83,6813079,6813184,476.8,731.7,34,105,80,1,2,13,13,74,8,"solo",2,57,0,0,0,1,7471,0,2,38,1,NA,0,NA,"C:/Data/corr_sacc/asc/JITT2.asc",0,0,65,5,1494.6,408.1,537.5,66,1,8,NA
"4556",2,78,1,83,6813208,6813405,408.1,729.5,35,197,23,1,2,12,12,71,5,"piano",5,3,0,0,0,1,7600,0,1,38,1,NA,0,NA,"C:/Data/corr_sacc/asc/JITT2.asc",0,0,8,12,476.8,547.1,731.7,38,30,5,NA
"4557",2,78,1,83,6813432,6813744,547.1,727.5,36,312,26,1,2,14,14,78,12,"to",1,7,0,0,0,1,7824,0,3,38,1,NA,0,NA,"C:/Data/corr_sacc/asc/JITT2.asc",0,0,5,19,408.1,659.6,729.5,38,33,12,NA
"4558",2,78,1,83,6813770,6814049,659.6,726.9,37,279,25,1,2,15,15,85,19,"raise",5,7,0,0,0,1,8162,0,4,38,1,NA,0,NA,"C:/Data/corr_sacc/asc/JITT2.asc",0,0,12,29,547.1,850.5,727.5,38,26,19,NA
"4559",2,78,1,83,6814077,6814206,850.5,731.7,38,129,27,1,2,17,17,95,29,"for",3,10,0,0,0,1,8469,0,6,38,1,NA,0,NA,"C:/Data/corr_sacc/asc/JITT2.asc",0,0,19,33,659.6,929.3,726.9,38,19,29,NA
"4560",2,78,1,83,6814231,6814429,929.3,737.3,39,198,24,1,2,18,18,99,33,"charity.",3,4,0,0,0,1,8623,0,7,38,1,NA,0,NA,"C:/Data/corr_sacc/asc/JITT2.asc",0,0,29,20,850.5,685.7,731.7,38,9,33,NA
"4561",2,78,1,83,6814468,6814592,685.7,550.7,40,124,38,1,1,4,4,20,20,"annual",1,13,0,0,0,1,8860,0,4,66,1,NA,0,NA,"C:/Data/corr_sacc/asc/JITT2.asc",0,0,33,20,929.3,683.3,737.3,38,5,20,NA
"4562",2,78,1,83,6814755,6814810,683.3,467.8,41,55,162,1,1,4,4,20,20,"annual",1,0,1,0,0,1,9147,0,4,66,NA,NA,0,NA,"C:/Data/corr_sacc/asc/JITT2.asc",NA,0,20,NA,685.7,NA,550.7,66,46,20,NA
"4563",2,78,1,83,NA,NA,NA,NA,NA,NA,NA,1,1,1,NA,NA,NA,"At",NA,NA,NA,NA,NA,NA,NA,NA,1,NA,NA,NA,NA,NA,"C:/Data/corr_sacc/asc/JITT2.asc",NA,0,20,NA,683.3,NA,467.8,66,46,NA,NA
"4564",2,78,1,83,NA,NA,NA,NA,NA,NA,NA,1,1,7,NA,NA,NA,"Tom",NA,NA,NA,NA,NA,NA,NA,NA,7,NA,NA,NA,NA,NA,"C:/Data/corr_sacc/asc/JITT2.asc",NA,NA,NA,NA,NA,NA,NA,NA,NA,NA,NA
"4565",2,78,1,83,NA,NA,NA,NA,NA,NA,NA,1,1,9,NA,NA,NA,"be",NA,NA,NA,NA,NA,NA,NA,NA,9,NA,NA,NA,NA,NA,"C:/Data/corr_sacc/asc/JITT2.asc",NA,NA,NA,NA,NA,NA,NA,NA,NA,NA,NA
"4566",2,78,1,83,NA,NA,NA,NA,NA,NA,NA,1,2,16,NA,NA,NA,"money",NA,NA,NA,NA,NA,NA,NA,NA,5,NA,NA,NA,NA,NA,"C:/Data/corr_sacc/asc/JITT2.asc",0,NA,NA,NA,NA,NA,NA,NA,NA,NA,NA
"4567",2,85,2,84,6823508,6823838,510.6,505.6,1,330,29,1,1,2,2,11,11,"Sammy",4,NA,0,0,0,1,1228,0,2,55,0,NA,0,NA,"C:/Data/corr_sacc/asc/JITT2.asc",0,0,NA,23,NA,733.6,NA,NA,NA,11,NA
"4568",2,85,2,84,6823868,6824014,733.6,516.6,2,146,29,1,1,5,5,23,23,"delighted,",1,12,0,0,0,1,1588,0,5,55,0,NA,0,NA,"C:/Data/corr_sacc/asc/JITT2.asc",0,0,11,19,510.6,666.3,505.6,55,44,23,NA
"4569",2,85,2,84,6824039,6824182,666.3,514.6,3,143,24,1,1,4,4,19,19,"very",2,4,0,0,0,1,1759,0,4,55,1,NA,0,NA,"C:/Data/corr_sacc/asc/JITT2.asc",0,0,23,41,733.6,1057.7,516.6,55,32,19,NA
"4570",2,85,2,84,6824236,6824483,1057.7,534.3,4,247,53,1,1,8,8,41,41,"a",1,22,0,0,0,1,1956,0,8,55,0,NA,0,NA,"C:/Data/corr_sacc/asc/JITT2.asc",0,0,19,50,666.3,1220,514.6,55,36,41,NA
"4571",2,85,2,84,6824509,6824645,1220,546.8,5,136,25,1,1,10,10,50,50,"uneasy",1,9,0,0,0,1,2229,0,10,55,0,NA,0,NA,"C:/Data/corr_sacc/asc/JITT2.asc",0,0,41,54,1057.7,1292.1,534.3,55,14,50,NA
"4572",2,85,2,84,6824668,6824903,1292.1,552.2,6,235,22,1,1,10,10,54,54,"uneasy",5,4,0,0,0,1,2388,0,10,55,0,NA,0,NA,"C:/Data/corr_sacc/asc/JITT2.asc",1,0,50,13,1220,547.1,546.8,55,5,54,NA
"4573",2,85,2,84,6824972,6825073,547.1,744.8,7,101,68,1,2,14,14,68,13,"just",1,41,0,0,0,1,2692,0,4,49,0,NA,1,"undersweep","C:/Data/corr_sacc/asc/JITT2.asc",0,0,54,6,1292.1,427.8,552.2,55,1,13,1
"4574",2,85,2,84,6825098,6825294,427.8,753.5,8,196,24,1,2,12,12,61,6,"he",1,7,0,0,0,1,2818,0,2,49,1,NA,0,NA,"C:/Data/corr_sacc/asc/JITT2.asc",0,1,13,21,547.1,692.9,744.8,49,36,6,NA
"4575",2,85,2,84,6825324,6825542,692.9,759.9,9,218,29,1,2,15,15,76,21,"married",4,15,0,0,0,1,3044,0,5,49,0,NA,0,NA,"C:/Data/corr_sacc/asc/JITT2.asc",0,0,6,31,427.8,876,753.5,49,43,21,NA
"4576",2,85,2,84,6825571,6825767,876,765.7,10,196,28,1,2,17,17,86,31,"criminal's",2,10,0,0,0,1,3291,0,7,49,0,NA,0,NA,"C:/Data/corr_sacc/asc/JITT2.asc",0,0,21,17,692.9,626.8,759.9,49,28,31,NA
"4577",2,85,2,84,6825812,6826014,626.8,760.5,11,202,44,1,2,15,15,72,17,"married",0,14,0,0,0,1,3532,0,5,49,1,NA,0,NA,"C:/Data/corr_sacc/asc/JITT2.asc",0,0,31,28,876,816.3,765.7,49,18,17,NA
"4578",2,85,2,84,6826209,6826322,816.3,770,12,113,194,1,2,16,16,83,28,"the",3,11,1,0,0,1,3929,0,6,49,NA,NA,0,NA,"C:/Data/corr_sacc/asc/JITT2.asc",0,0,17,36,626.8,958.9,760.5,49,32,28,NA
"4579",2,85,2,84,6826351,6826491,958.9,781.8,13,140,28,1,2,17,17,91,36,"criminal's",7,8,0,0,0,1,4071,0,7,49,1,NA,0,NA,"C:/Data/corr_sacc/asc/JITT2.asc",0,0,28,43,816.3,1092.6,770,49,21,36,NA
"4580",2,85,2,84,6826517,6826764,1092.6,778.3,14,247,25,1,2,18,18,98,43,"daughter.",3,7,0,0,0,1,4237,0,8,49,0,NA,0,NA,"C:/Data/corr_sacc/asc/JITT2.asc",0,0,36,37,958.9,987.9,781.8,49,13,43,NA
"4581",2,85,2,84,6826792,6826914,987.9,591.8,15,122,27,1,1,7,7,37,37,"was",1,6,0,0,0,1,4512,0,7,55,1,NA,0,NA,"C:/Data/corr_sacc/asc/JITT2.asc",0,0,43,34,1092.6,939.4,778.3,49,6,37,NA
"4582",2,85,2,84,6826933,6827083,939.4,556.7,16,150,18,1,1,6,6,34,34,"he",1,3,0,0,0,1,4653,0,6,55,1,NA,0,NA,"C:/Data/corr_sacc/asc/JITT2.asc",0,0,37,41,987.9,1058.1,591.8,55,18,34,NA
"4583",2,85,2,84,6827107,6827335,1058.1,536,17,228,23,1,1,8,8,41,41,"a",1,7,0,0,0,1,4827,0,8,55,1,NA,0,NA,"C:/Data/corr_sacc/asc/JITT2.asc",0,0,34,49,939.4,1210.4,556.7,55,21,41,NA
"4584",2,85,2,84,6827361,6827527,1210.4,544.3,18,166,25,1,1,10,10,49,49,"uneasy",0,8,0,0,0,1,5081,0,10,55,1,NA,0,NA,"C:/Data/corr_sacc/asc/JITT2.asc",0,0,41,10,1058.1,501.2,536,55,14,49,NA
"4585",2,85,2,84,6827586,6827709,501.2,753.9,19,123,58,1,2,13,13,65,10,"had",2,39,0,0,0,1,5306,0,3,49,1,NA,0,NA,"C:/Data/corr_sacc/asc/JITT2.asc",0,0,49,4,1210.4,397.8,544.3,55,6,10,NA
"4586",2,85,2,84,6827733,6828001,397.8,745.6,20,268,23,1,2,11,11,59,4,"that",4,6,0,0,0,1,5453,0,1,49,1,NA,0,NA,"C:/Data/corr_sacc/asc/JITT2.asc",0,0,10,2,501.2,363.7,753.9,49,39,4,NA
"4587",2,85,2,84,6828016,6828122,363.7,741.3,21,106,14,1,2,11,11,57,2,"that",2,2,0,0,0,1,5736,0,1,49,1,NA,0,NA,"C:/Data/corr_sacc/asc/JITT2.asc",0,0,4,12,397.8,534.9,745.6,49,45,2,NA
"4588",2,85,2,84,6828152,6828337,534.9,747.6,22,185,29,1,2,14,14,67,12,"just",0,10,0,0,0,1,5872,0,4,49,1,NA,0,NA,"C:/Data/corr_sacc/asc/JITT2.asc",0,0,2,22,363.7,710.5,741.3,49,47,12,NA
"4589",2,85,2,84,6828364,6828538,710.5,744.2,23,174,26,1,2,15,15,77,22,"married",5,10,0,0,0,1,6084,0,5,49,1,NA,0,NA,"C:/Data/corr_sacc/asc/JITT2.asc",0,0,12,31,534.9,869.7,747.6,49,37,22,NA
"4590",2,85,2,84,6828565,6828727,869.7,745.4,24,162,26,1,2,17,17,86,31,"criminal's",2,9,0,0,0,1,6285,0,7,49,1,NA,0,NA,"C:/Data/corr_sacc/asc/JITT2.asc",0,0,22,22,710.5,723.1,744.2,49,27,31,NA
"4591",2,85,2,84,6828754,6828998,723.1,750.1,25,244,26,1,2,15,15,77,22,"married",5,9,0,0,0,1,6474,0,5,49,1,NA,0,NA,"C:/Data/corr_sacc/asc/JITT2.asc",0,0,31,28,869.7,818.2,745.4,49,18,22,NA
"4592",2,85,2,84,6829023,6829151,818.2,763.6,26,128,24,1,2,16,16,83,28,"the",3,6,0,0,0,1,6743,0,6,49,1,NA,0,NA,"C:/Data/corr_sacc/asc/JITT2.asc",0,0,22,36,723.1,969.1,750.1,49,27,28,NA
"4593",2,85,2,84,6829176,6829324,969.1,774.3,27,148,24,1,2,17,17,91,36,"criminal's",7,8,0,0,0,1,6896,0,7,49,1,NA,0,NA,"C:/Data/corr_sacc/asc/JITT2.asc",0,0,28,44,818.2,1107.9,763.6,49,21,36,NA
"4594",2,85,2,84,6829350,6829548,1107.9,778.7,28,198,25,1,2,18,18,99,44,"daughter.",4,8,0,0,0,1,7070,0,8,49,1,NA,0,NA,"C:/Data/corr_sacc/asc/JITT2.asc",0,0,36,10,969.1,502.4,774.3,49,13,44,NA
"4595",2,85,2,84,6829630,6829736,502.4,537.6,29,106,81,1,1,2,2,10,10,"Sammy",3,34,0,0,0,1,7350,0,2,55,1,NA,0,NA,"C:/Data/corr_sacc/asc/JITT2.asc",0,0,44,6,1107.9,427.2,778.7,49,5,10,NA
"4596",2,85,2,84,6829761,6830043,427.2,543,30,282,24,1,1,1,1,6,6,"Though",6,4,0,0,0,1,7481,0,1,55,1,NA,0,NA,"C:/Data/corr_sacc/asc/JITT2.asc",0,0,10,11,502.4,511.2,537.6,55,45,6,NA
"4597",2,85,2,84,6830067,6830166,511.2,537.5,31,99,23,1,1,2,2,11,11,"Sammy",4,5,0,0,0,1,7787,0,2,55,1,NA,0,NA,"C:/Data/corr_sacc/asc/JITT2.asc",0,0,6,21,427.2,695.7,543,55,49,11,NA
"4598",2,85,2,84,6830195,6830417,695.7,538.1,32,222,28,1,1,4,4,21,21,"very",4,10,0,0,0,1,7915,0,4,55,1,NA,0,NA,"C:/Data/corr_sacc/asc/JITT2.asc",0,0,11,17,511.2,631.4,537.5,55,44,21,NA
"4599",2,85,2,84,6830437,6830517,631.4,545.6,33,80,19,1,1,4,4,17,17,"very",0,4,0,0,0,1,8157,0,4,55,1,NA,0,NA,"C:/Data/corr_sacc/asc/JITT2.asc",0,0,21,38,695.7,1003.9,538.1,55,34,17,NA
"4600",2,85,2,84,6830558,6830696,1003.9,541.8,34,138,40,1,1,7,7,38,38,"was",2,21,0,0,0,1,8278,0,7,55,1,NA,0,NA,"C:/Data/corr_sacc/asc/JITT2.asc",0,0,17,45,631.4,1131.9,545.6,55,38,38,NA
"4601",2,85,2,84,6830723,6830925,1131.9,551,35,202,26,1,1,9,9,45,45,"little",3,7,0,0,0,1,8443,0,9,55,1,NA,0,NA,"C:/Data/corr_sacc/asc/JITT2.asc",0,0,38,17,1003.9,620.2,541.8,55,17,45,NA
"4602",2,85,2,84,6830974,6831146,620.2,717.9,36,172,48,1,2,15,15,72,17,"married",0,28,0,0,0,1,8694,0,5,49,1,NA,0,NA,"C:/Data/corr_sacc/asc/JITT2.asc",0,0,45,11,1131.9,523.8,551,55,10,17,NA
"4603",2,85,2,84,6831171,6831258,523.8,750.2,37,87,24,1,2,13,13,66,11,"had",3,6,0,0,0,1,8891,0,3,49,1,NA,0,NA,"C:/Data/corr_sacc/asc/JITT2.asc",0,0,17,4,620.2,399.5,717.9,49,32,11,NA
"4604",2,85,2,84,6831285,6831409,399.5,777,38,124,26,1,2,11,11,59,4,"that",4,7,0,0,0,1,9005,0,1,49,1,NA,0,NA,"C:/Data/corr_sacc/asc/JITT2.asc",NA,0,11,NA,523.8,NA,750.2,49,38,4,NA
"4605",2,85,2,84,NA,NA,NA,NA,NA,NA,NA,1,1,3,NA,NA,NA,"was",NA,NA,NA,NA,NA,NA,NA,NA,3,NA,NA,NA,NA,NA,"C:/Data/corr_sacc/asc/JITT2.asc",0,0,4,NA,399.5,NA,777,49,45,NA,NA
"4606",2,7,2,85,6854776,6854915,481,512.9,1,139,27,1,1,3,3,9,9,"closed",0,NA,0,0,0,1,505,0,3,54,0,NA,0,NA,"C:/Data/corr_sacc/asc/JITT2.asc",0,0,NA,14,NA,579,NA,NA,NA,9,NA
"4607",2,7,2,85,6854939,6855034,579,508.7,2,95,23,1,1,3,3,14,14,"closed",5,5,0,0,0,1,668,0,3,54,0,NA,0,NA,"C:/Data/corr_sacc/asc/JITT2.asc",0,0,9,31,481,877.4,512.9,54,45,14,NA
"4608",2,7,2,85,6855209,6855492,877.4,507.6,3,283,174,1,1,7,7,31,31,"room",1,17,1,0,0,1,938,0,7,54,NA,NA,0,NA,"C:/Data/corr_sacc/asc/JITT2.asc",0,0,14,42,579,1068.7,508.7,54,40,31,NA
"4609",2,7,2,85,6855522,6855702,1068.7,536.2,4,180,29,1,1,9,9,42,42,"dark",3,11,0,0,0,1,1251,0,9,54,0,NA,0,NA,"C:/Data/corr_sacc/asc/JITT2.asc",0,0,31,47,877.4,1167.7,507.6,54,23,42,NA
"4610",2,7,2,85,6855725,6855889,1167.7,545.4,5,164,22,1,1,10,10,47,47,"except",3,5,0,0,0,1,1454,0,10,54,0,NA,0,NA,"C:/Data/corr_sacc/asc/JITT2.asc",1,0,42,9,1068.7,475,536.2,54,12,47,NA
"4611",2,7,2,85,6855952,6856051,475,708.1,6,99,62,1,2,14,14,63,9,"light",1,38,0,0,0,1,1681,0,3,40,0,NA,1,"undersweep","C:/Data/corr_sacc/asc/JITT2.asc",0,0,47,2,1167.7,359.8,545.4,54,7,9,1
"4612",2,7,2,85,6856076,6856245,359.8,706.1,7,169,24,1,2,13,13,56,2,"small",0,7,0,0,0,1,1805,0,2,40,1,NA,0,NA,"C:/Data/corr_sacc/asc/JITT2.asc",0,1,9,22,475,720.4,708.1,40,31,2,NA
"4613",2,7,2,85,6856294,6856399,720.4,701.3,8,105,48,1,2,16,16,76,22,"from",1,20,0,0,0,1,2023,0,5,40,0,NA,0,NA,"C:/Data/corr_sacc/asc/JITT2.asc",0,0,2,28,359.8,826.9,706.1,40,38,22,NA
"4614",2,7,2,85,6856430,6856585,826.9,698.9,9,155,30,1,2,17,17,82,28,"the",2,6,0,0,0,1,2159,0,6,40,0,NA,0,NA,"C:/Data/corr_sacc/asc/JITT2.asc",0,0,22,19,720.4,655.2,701.3,40,18,28,NA
"4615",2,7,2,85,6856615,6856798,655.2,695.1,10,183,29,1,2,15,15,73,19,"coming",5,9,0,0,0,1,2344,0,4,40,1,NA,0,NA,"C:/Data/corr_sacc/asc/JITT2.asc",0,0,28,27,826.9,804.2,698.9,40,12,19,NA
"4616",2,7,2,85,6856825,6857049,804.2,691.4,11,224,26,1,2,17,17,81,27,"the",1,8,0,0,0,1,2554,0,6,40,1,NA,0,NA,"C:/Data/corr_sacc/asc/JITT2.asc",NA,0,19,NA,655.2,NA,695.1,40,21,27,NA
"4617",2,7,2,85,NA,NA,NA,NA,NA,NA,NA,1,1,1,NA,NA,NA,"After",NA,NA,NA,NA,NA,NA,NA,NA,1,NA,NA,NA,NA,NA,"C:/Data/corr_sacc/asc/JITT2.asc",NA,0,27,NA,804.2,NA,691.4,40,13,NA,NA
"4618",2,7,2,85,NA,NA,NA,NA,NA,NA,NA,1,1,2,NA,NA,NA,"he",NA,NA,NA,NA,NA,NA,NA,NA,2,NA,NA,NA,NA,NA,"C:/Data/corr_sacc/asc/JITT2.asc",NA,NA,NA,NA,NA,NA,NA,NA,NA,NA,NA
"4619",2,7,2,85,NA,NA,NA,NA,NA,NA,NA,1,1,4,NA,NA,NA,"the",NA,NA,NA,NA,NA,NA,NA,NA,4,NA,NA,NA,NA,NA,"C:/Data/corr_sacc/asc/JITT2.asc",NA,NA,NA,NA,NA,NA,NA,NA,NA,NA,NA
"4620",2,7,2,85,NA,NA,NA,NA,NA,NA,NA,1,1,5,NA,NA,NA,"door,",NA,NA,NA,NA,NA,NA,NA,NA,5,NA,NA,NA,NA,NA,"C:/Data/corr_sacc/asc/JITT2.asc",NA,NA,NA,NA,NA,NA,NA,NA,NA,NA,NA
"4621",2,7,2,85,NA,NA,NA,NA,NA,NA,NA,1,1,6,NA,NA,NA,"the",NA,NA,NA,NA,NA,NA,NA,NA,6,NA,NA,NA,NA,NA,"C:/Data/corr_sacc/asc/JITT2.asc",NA,NA,NA,NA,NA,NA,NA,NA,NA,NA,NA
"4622",2,7,2,85,NA,NA,NA,NA,NA,NA,NA,1,1,8,NA,NA,NA,"was",NA,NA,NA,NA,NA,NA,NA,NA,8,NA,NA,NA,NA,NA,"C:/Data/corr_sacc/asc/JITT2.asc",NA,NA,NA,NA,NA,NA,NA,NA,NA,NA,NA
"4623",2,7,2,85,NA,NA,NA,NA,NA,NA,NA,1,1,11,NA,NA,NA,"for",NA,NA,NA,NA,NA,NA,NA,NA,11,NA,NA,NA,NA,NA,"C:/Data/corr_sacc/asc/JITT2.asc",NA,NA,NA,NA,NA,NA,NA,NA,NA,NA,NA
"4624",2,7,2,85,NA,NA,NA,NA,NA,NA,NA,1,2,12,NA,NA,NA,"a",NA,NA,NA,NA,NA,NA,NA,NA,1,NA,NA,NA,NA,NA,"C:/Data/corr_sacc/asc/JITT2.asc",NA,NA,NA,NA,NA,NA,NA,NA,NA,NA,NA
"4625",2,7,2,85,NA,NA,NA,NA,NA,NA,NA,1,2,18,NA,NA,NA,"LED",NA,NA,NA,NA,NA,NA,NA,NA,7,NA,NA,NA,NA,NA,"C:/Data/corr_sacc/asc/JITT2.asc",NA,NA,NA,NA,NA,NA,NA,NA,NA,NA,NA
"4626",2,7,2,85,NA,NA,NA,NA,NA,NA,NA,1,2,19,NA,NA,NA,"clock.",NA,NA,NA,NA,NA,NA,NA,NA,8,NA,NA,NA,NA,NA,"C:/Data/corr_sacc/asc/JITT2.asc",0,NA,NA,NA,NA,NA,NA,NA,NA,NA,NA
"4627",2,38,3,86,6862035,6862204,474.6,476.5,1,169,26,1,1,3,3,10,10,"was",0,NA,0,0,0,1,467,0,3,66,0,NA,0,NA,"C:/Data/corr_sacc/asc/JITT2.asc",0,0,NA,19,NA,647.3,NA,NA,NA,10,NA
"4628",2,38,3,86,6862232,6862414,647.3,472.9,2,182,27,1,1,5,5,19,19,"more",2,9,0,0,0,1,664,0,5,66,0,NA,0,NA,"C:/Data/corr_sacc/asc/JITT2.asc",0,0,10,15,474.6,571.9,476.5,66,56,19,NA
"4629",2,38,3,86,6862435,6862645,571.9,463.7,3,210,20,1,1,4,4,15,15,"no",1,4,0,0,0,1,867,0,4,66,1,NA,0,NA,"C:/Data/corr_sacc/asc/JITT2.asc",0,0,19,28,647.3,807.4,472.9,66,47,15,NA
"4630",2,38,3,86,6862678,6862915,807.4,465.9,4,237,32,1,1,7,7,28,28,"five",1,13,0,0,0,1,1110,0,7,66,0,NA,0,NA,"C:/Data/corr_sacc/asc/JITT2.asc",0,0,15,27,571.9,780.1,463.7,66,51,28,NA
"4631",2,38,3,86,6862929,6863030,780.1,467.3,5,101,13,1,1,7,7,27,27,"five",0,1,0,0,0,1,1361,0,7,66,0,NA,0,NA,"C:/Data/corr_sacc/asc/JITT2.asc",0,0,28,39,807.4,1002.4,465.9,66,38,27,NA
"4632",2,38,3,86,6863061,6863173,1002.4,474.4,6,112,30,1,1,9,9,39,39,"and",1,12,0,0,0,1,1493,0,9,66,0,NA,0,NA,"C:/Data/corr_sacc/asc/JITT2.asc",0,0,27,44,780.1,1091.7,467.3,66,39,39,NA
"4633",2,38,3,86,6863199,6863284,1091.7,479.5,7,85,25,1,1,11,11,44,44,"half,",0,5,0,0,0,1,1631,0,11,66,0,NA,0,NA,"C:/Data/corr_sacc/asc/JITT2.asc",0,0,39,48,1002.4,1165.9,474.4,66,27,44,NA
"4634",2,38,3,86,6863444,6863535,1165.9,472,8,91,159,1,1,11,11,48,48,"half,",4,4,1,0,0,1,1876,0,11,66,NA,NA,0,NA,"C:/Data/corr_sacc/asc/JITT2.asc",0,0,44,58,1091.7,1338.4,479.5,66,22,48,NA
"4635",2,38,3,86,6863566,6863800,1338.4,481.7,9,234,30,1,1,14,14,58,58,"took",0,10,0,0,0,1,1998,0,14,66,0,NA,0,NA,"C:/Data/corr_sacc/asc/JITT2.asc",0,0,48,56,1165.9,1311.6,472,66,18,58,NA
"4636",2,38,3,86,6863813,6863873,1311.6,486,10,60,12,1,1,13,13,56,56,"mum",2,2,0,0,0,1,2245,0,13,66,1,NA,0,NA,"C:/Data/corr_sacc/asc/JITT2.asc",0,0,58,64,1338.4,1445,481.7,66,8,56,NA
"4637",2,38,3,86,6863899,6864039,1445,489.8,11,140,25,1,1,15,15,64,64,"her",1,8,0,0,0,1,2331,0,15,66,0,NA,0,NA,"C:/Data/corr_sacc/asc/JITT2.asc",1,0,56,8,1311.6,446.5,486,66,10,64,NA
"4638",2,38,3,86,6864112,6864286,446.5,674.4,12,174,72,1,2,18,18,74,8,"park",1,56,0,0,0,1,2544,0,3,49,0,NA,1,"undersweep","C:/Data/corr_sacc/asc/JITT2.asc",0,0,64,5,1445,381.3,489.8,66,2,8,1
"4639",2,38,3,86,6864310,6864371,381.3,681.8,13,61,23,1,2,17,17,71,5,"the",2,3,0,0,0,1,2742,0,2,49,1,NA,0,NA,"C:/Data/corr_sacc/asc/JITT2.asc",0,1,8,22,446.5,691,674.4,49,41,5,NA
"4640",2,38,3,86,6864525,6864688,691,654.8,14,163,153,1,2,20,20,88,22,"taught",6,17,1,0,0,1,2957,0,5,49,NA,NA,0,NA,"C:/Data/corr_sacc/asc/JITT2.asc",0,0,5,20,381.3,661.3,681.8,49,44,22,NA
"4641",2,38,3,86,6864709,6864838,661.3,669.4,15,129,20,1,2,20,20,86,20,"taught",4,2,0,0,0,1,3141,0,5,49,0,NA,0,NA,"C:/Data/corr_sacc/asc/JITT2.asc",0,0,22,31,691,857.9,654.8,49,27,20,NA
"4642",2,38,3,86,6864868,6865001,857.9,683.5,16,133,29,1,2,23,23,97,31,"to",0,11,0,0,0,1,3300,0,8,49,0,NA,0,NA,"C:/Data/corr_sacc/asc/JITT2.asc",0,0,20,37,661.3,956.5,669.4,49,29,31,NA
"4643",2,38,3,86,6865171,6865312,956.5,661.9,17,141,169,1,2,24,24,103,37,"ride",3,6,1,0,0,1,3603,0,9,49,NA,NA,0,NA,"C:/Data/corr_sacc/asc/JITT2.asc",0,0,31,43,857.9,1065.5,683.5,49,18,37,NA
"4644",2,38,3,86,6865337,6865620,1065.5,667.4,18,283,24,1,2,26,26,109,43,"bicycle.",2,6,0,0,0,1,3769,0,11,49,0,NA,0,NA,"C:/Data/corr_sacc/asc/JITT2.asc",0,0,37,46,956.5,1127.3,661.9,49,12,43,NA
"4645",2,38,3,86,6865795,6865909,1127.3,650.2,19,114,174,1,2,26,26,112,46,"bicycle.",5,3,1,0,0,1,4227,0,11,49,NA,NA,0,NA,"C:/Data/corr_sacc/asc/JITT2.asc",0,0,43,47,1065.5,1146.5,667.4,49,6,46,NA
"4646",2,38,3,86,6865928,6866140,1146.5,666.1,20,212,18,1,2,26,26,113,47,"bicycle.",6,1,0,0,0,1,4360,0,11,49,0,NA,0,NA,"C:/Data/corr_sacc/asc/JITT2.asc",0,0,46,21,1127.3,669.9,650.2,49,3,47,NA
"4647",2,38,3,86,6866229,6866355,669.9,459.5,21,126,88,1,1,5,5,21,21,"more",4,26,0,0,0,1,4661,0,5,66,1,NA,0,NA,"C:/Data/corr_sacc/asc/JITT2.asc",0,0,47,17,1146.5,600.2,666.1,49,2,21,NA
"4648",2,38,3,86,6866376,6866457,600.2,427.5,22,81,20,1,1,5,5,17,17,"more",0,4,0,0,0,1,4808,0,5,66,1,NA,0,NA,"C:/Data/corr_sacc/asc/JITT2.asc",NA,0,21,NA,669.9,NA,459.5,66,45,17,NA
"4649",2,38,3,86,NA,NA,NA,NA,NA,NA,NA,1,1,1,NA,NA,NA,"When",NA,NA,NA,NA,NA,NA,NA,NA,1,NA,NA,NA,NA,NA,"C:/Data/corr_sacc/asc/JITT2.asc",NA,0,17,NA,600.2,NA,427.5,66,49,NA,NA
"4650",2,38,3,86,NA,NA,NA,NA,NA,NA,NA,1,1,2,NA,NA,NA,"Jane",NA,NA,NA,NA,NA,NA,NA,NA,2,NA,NA,NA,NA,NA,"C:/Data/corr_sacc/asc/JITT2.asc",NA,NA,NA,NA,NA,NA,NA,NA,NA,NA,NA
"4651",2,38,3,86,NA,NA,NA,NA,NA,NA,NA,1,1,6,NA,NA,NA,"than",NA,NA,NA,NA,NA,NA,NA,NA,6,NA,NA,NA,NA,NA,"C:/Data/corr_sacc/asc/JITT2.asc",NA,NA,NA,NA,NA,NA,NA,NA,NA,NA,NA
"4652",2,38,3,86,NA,NA,NA,NA,NA,NA,NA,1,1,8,NA,NA,NA,"years",NA,NA,NA,NA,NA,NA,NA,NA,8,NA,NA,NA,NA,NA,"C:/Data/corr_sacc/asc/JITT2.asc",NA,NA,NA,NA,NA,NA,NA,NA,NA,NA,NA
"4653",2,38,3,86,NA,NA,NA,NA,NA,NA,NA,1,1,10,NA,NA,NA,"a",NA,NA,NA,NA,NA,NA,NA,NA,10,NA,NA,NA,NA,NA,"C:/Data/corr_sacc/asc/JITT2.asc",NA,NA,NA,NA,NA,NA,NA,NA,NA,NA,NA
"4654",2,38,3,86,NA,NA,NA,NA,NA,NA,NA,1,1,12,NA,NA,NA,"her",NA,NA,NA,NA,NA,NA,NA,NA,12,NA,NA,NA,NA,NA,"C:/Data/corr_sacc/asc/JITT2.asc",NA,NA,NA,NA,NA,NA,NA,NA,NA,NA,NA
"4655",2,38,3,86,NA,NA,NA,NA,NA,NA,NA,1,2,16,NA,NA,NA,"to",NA,NA,NA,NA,NA,NA,NA,NA,1,NA,NA,NA,NA,NA,"C:/Data/corr_sacc/asc/JITT2.asc",NA,NA,NA,NA,NA,NA,NA,NA,NA,NA,NA
"4656",2,38,3,86,NA,NA,NA,NA,NA,NA,NA,1,2,19,NA,NA,NA,"and",NA,NA,NA,NA,NA,NA,NA,NA,4,NA,NA,NA,NA,NA,"C:/Data/corr_sacc/asc/JITT2.asc",NA,NA,NA,NA,NA,NA,NA,NA,NA,NA,NA
"4657",2,38,3,86,NA,NA,NA,NA,NA,NA,NA,1,2,21,NA,NA,NA,"her",NA,NA,NA,NA,NA,NA,NA,NA,6,NA,NA,NA,NA,NA,"C:/Data/corr_sacc/asc/JITT2.asc",NA,NA,NA,NA,NA,NA,NA,NA,NA,NA,NA
"4658",2,38,3,86,NA,NA,NA,NA,NA,NA,NA,1,2,22,NA,NA,NA,"how",NA,NA,NA,NA,NA,NA,NA,NA,7,NA,NA,NA,NA,NA,"C:/Data/corr_sacc/asc/JITT2.asc",NA,NA,NA,NA,NA,NA,NA,NA,NA,NA,NA
"4659",2,38,3,86,NA,NA,NA,NA,NA,NA,NA,1,2,25,NA,NA,NA,"a",NA,NA,NA,NA,NA,NA,NA,NA,10,NA,NA,NA,NA,NA,"C:/Data/corr_sacc/asc/JITT2.asc",0,NA,NA,NA,NA,NA,NA,NA,NA,NA,NA
"4660",2,48,1,87,6910446,6910581,438.2,536.3,1,135,26,1,1,3,3,14,14,"project",3,NA,0,0,0,1,1640,0,3,47,0,NA,0,NA,"C:/Data/corr_sacc/asc/JITT2.asc",0,0,NA,6,NA,300.4,NA,NA,NA,14,NA
"4661",2,48,1,87,6910606,6910762,300.4,530.3,2,156,24,1,1,2,2,6,6,"team's",2,8,0,0,0,1,1800,0,2,47,1,NA,0,NA,"C:/Data/corr_sacc/asc/JITT2.asc",0,0,14,6,438.2,290.5,536.3,47,33,6,NA
"4662",2,48,1,87,6910778,6910876,290.5,536.4,3,98,15,1,1,2,2,6,6,"team's",2,0,0,0,0,1,1972,0,2,47,1,NA,0,NA,"C:/Data/corr_sacc/asc/JITT2.asc",0,0,6,21,300.4,561.7,530.3,47,41,6,NA
"4663",2,48,1,87,6910917,6911079,561.7,520.8,4,162,40,1,1,4,4,21,21,"launch",2,15,0,0,0,1,2111,0,4,47,0,NA,0,NA,"C:/Data/corr_sacc/asc/JITT2.asc",0,0,6,30,290.5,736.4,536.4,47,41,21,NA
"4664",2,48,1,87,6911106,6911262,736.4,513.9,5,156,26,1,1,6,6,30,30,"celebrated",0,9,0,0,0,1,2300,0,6,47,0,NA,0,NA,"C:/Data/corr_sacc/asc/JITT2.asc",0,0,21,36,561.7,834.3,520.8,47,26,30,NA
"4665",2,48,1,87,6911287,6911402,834.3,508.7,6,115,24,1,1,6,6,36,36,"celebrated",6,6,0,0,0,1,2481,0,6,47,0,NA,0,NA,"C:/Data/corr_sacc/asc/JITT2.asc",0,0,30,43,736.4,966.2,513.9,47,17,36,NA
"4666",2,48,1,87,6911427,6911579,966.2,505.8,7,152,24,1,1,7,7,43,43,"with",2,7,0,0,0,1,2621,0,7,47,0,NA,0,NA,"C:/Data/corr_sacc/asc/JITT2.asc",1,0,36,8,834.3,331.4,508.7,47,11,43,NA
"4667",2,48,1,87,6911640,6911748,331.4,660.6,8,108,60,1,2,9,9,55,8,"fantastic",8,35,0,0,0,1,2834,0,1,47,0,NA,1,"undersweep","C:/Data/corr_sacc/asc/JITT2.asc",0,0,43,4,966.2,254.3,505.8,47,4,8,1
"4668",2,48,1,87,6911772,6911921,254.3,685,9,149,23,1,2,9,9,51,4,"fantastic",4,4,0,0,0,1,2966,0,1,47,0,NA,0,NA,"C:/Data/corr_sacc/asc/JITT2.asc",0,1,8,15,331.4,466.2,660.6,47,39,4,NA
"4669",2,48,1,87,6911956,6912137,466.2,723.2,10,181,34,1,2,10,10,62,15,"reception",5,11,0,0,0,1,3150,0,2,47,0,NA,0,NA,"C:/Data/corr_sacc/asc/JITT2.asc",0,0,4,29,254.3,715.1,685,47,43,15,NA
"4670",2,48,1,87,6912182,6912342,715.1,736.6,11,160,44,1,2,13,13,76,29,"of",0,14,0,0,0,1,3376,0,5,47,0,NA,0,NA,"C:/Data/corr_sacc/asc/JITT2.asc",0,0,15,38,466.2,874.1,723.2,47,32,29,NA
"4671",2,48,1,87,6912370,6912605,874.1,734.9,12,235,27,1,2,15,15,85,38,"activities.",2,9,0,0,0,1,3564,0,7,47,0,NA,0,NA,"C:/Data/corr_sacc/asc/JITT2.asc",0,0,29,31,715.1,741.9,736.6,47,18,38,NA
"4672",2,48,1,87,6912632,6912735,741.9,729.6,13,103,26,1,2,13,13,78,31,"of",2,7,0,0,0,1,3826,0,5,47,1,NA,0,NA,"C:/Data/corr_sacc/asc/JITT2.asc",0,0,38,19,874.1,537.3,734.9,47,9,31,NA
"4673",2,48,1,87,6912780,6913002,537.3,500.2,14,222,44,1,1,4,4,19,19,"launch",0,12,0,0,0,1,3974,0,4,47,1,NA,0,NA,"C:/Data/corr_sacc/asc/JITT2.asc",NA,0,31,NA,741.9,NA,729.6,47,16,19,NA
"4674",2,48,1,87,NA,NA,NA,NA,NA,NA,NA,1,1,1,NA,NA,NA,"Our",NA,NA,NA,NA,NA,NA,NA,NA,1,NA,NA,NA,NA,NA,"C:/Data/corr_sacc/asc/JITT2.asc",NA,0,19,NA,537.3,NA,500.2,47,28,NA,NA
"4675",2,48,1,87,NA,NA,NA,NA,NA,NA,NA,1,1,5,NA,NA,NA,"was",NA,NA,NA,NA,NA,NA,NA,NA,5,NA,NA,NA,NA,NA,"C:/Data/corr_sacc/asc/JITT2.asc",NA,NA,NA,NA,NA,NA,NA,NA,NA,NA,NA
"4676",2,48,1,87,NA,NA,NA,NA,NA,NA,NA,1,1,8,NA,NA,NA,"a",NA,NA,NA,NA,NA,NA,NA,NA,8,NA,NA,NA,NA,NA,"C:/Data/corr_sacc/asc/JITT2.asc",NA,NA,NA,NA,NA,NA,NA,NA,NA,NA,NA
"4677",2,48,1,87,NA,NA,NA,NA,NA,NA,NA,1,2,11,NA,NA,NA,"and",NA,NA,NA,NA,NA,NA,NA,NA,3,NA,NA,NA,NA,NA,"C:/Data/corr_sacc/asc/JITT2.asc",NA,NA,NA,NA,NA,NA,NA,NA,NA,NA,NA
"4678",2,48,1,87,NA,NA,NA,NA,NA,NA,NA,1,2,12,NA,NA,NA,"lots",NA,NA,NA,NA,NA,NA,NA,NA,4,NA,NA,NA,NA,NA,"C:/Data/corr_sacc/asc/JITT2.asc",NA,NA,NA,NA,NA,NA,NA,NA,NA,NA,NA
"4679",2,48,1,87,NA,NA,NA,NA,NA,NA,NA,1,2,14,NA,NA,NA,"fun",NA,NA,NA,NA,NA,NA,NA,NA,6,NA,NA,NA,NA,NA,"C:/Data/corr_sacc/asc/JITT2.asc",0,NA,NA,NA,NA,NA,NA,NA,NA,NA,NA
"4680",2,76,2,88,6928991,6929151,446.1,541.8,1,160,26,1,1,2,2,8,8,"newly",4,NA,0,0,0,1,1592,0,2,65,0,NA,0,NA,"C:/Data/corr_sacc/asc/JITT2.asc",0,0,NA,7,NA,426.2,NA,NA,NA,8,NA
"4681",2,76,2,88,6929166,6929302,426.2,506.2,2,136,14,1,1,2,2,7,7,"newly",3,1,0,0,0,1,1767,0,2,65,0,NA,0,NA,"C:/Data/corr_sacc/asc/JITT2.asc",0,0,8,19,446.1,641.5,541.8,65,57,7,NA
"4682",2,76,2,88,6929330,6929527,641.5,521.7,3,197,27,1,1,4,4,19,19,"offices",3,12,1,0,0,1,1931,0,4,65,NA,NA,0,NA,"C:/Data/corr_sacc/asc/JITT2.asc",0,0,7,27,426.2,788.7,506.2,65,58,19,NA
"4683",2,76,2,88,6929560,6929697,788.7,526.8,4,137,32,1,1,6,6,27,27,"town",0,8,0,0,0,1,2161,0,6,65,0,NA,0,NA,"C:/Data/corr_sacc/asc/JITT2.asc",0,0,19,24,641.5,728.5,521.7,65,46,27,NA
"4684",2,76,2,88,6929718,6929842,728.5,513.4,5,124,20,1,1,5,5,24,24,"in",0,3,0,0,0,1,2319,0,5,65,1,NA,0,NA,"C:/Data/corr_sacc/asc/JITT2.asc",0,0,27,36,788.7,957.5,526.8,65,38,24,NA
"4685",2,76,2,88,6929875,6930123,957.5,523.1,6,248,32,1,1,7,7,36,36,"have",4,12,0,0,0,1,2476,0,7,65,0,NA,0,NA,"C:/Data/corr_sacc/asc/JITT2.asc",0,0,24,50,728.5,1200.5,513.4,65,41,36,NA
"4686",2,76,2,88,6930156,6930333,1200.5,543.4,7,177,32,1,1,10,10,50,50,"venetian",0,14,0,0,0,1,2757,0,10,65,0,NA,0,NA,"C:/Data/corr_sacc/asc/JITT2.asc",0,0,36,56,957.5,1307.3,523.1,65,29,50,NA
"4687",2,76,2,88,6930356,6930496,1307.3,548.6,8,140,22,1,1,10,10,56,56,"venetian",6,6,0,0,0,1,2957,0,10,65,0,NA,0,NA,"C:/Data/corr_sacc/asc/JITT2.asc",0,0,50,60,1200.5,1384,543.4,65,15,56,NA
"4688",2,76,2,88,6930517,6930755,1384,554,9,238,20,1,1,11,11,60,60,"blinds",1,4,0,0,0,1,3118,0,11,65,0,NA,0,NA,"C:/Data/corr_sacc/asc/JITT2.asc",1,0,56,14,1307.3,549.4,548.6,65,9,60,NA
"4689",2,76,2,88,6930822,6930929,549.4,676.6,10,107,66,1,2,14,14,79,14,"very",4,46,0,0,0,1,3423,0,3,45,0,NA,1,"undersweep","C:/Data/corr_sacc/asc/JITT2.asc",0,0,60,3,1384,365.1,554,65,5,14,1
"4690",2,76,2,88,6930956,6931287,365.1,726.6,11,331,26,1,2,12,12,68,3,"that",3,11,0,0,0,1,3557,0,1,45,1,NA,0,NA,"C:/Data/corr_sacc/asc/JITT2.asc",0,1,14,NA,549.4,307.7,676.6,45,31,3,NA
"4691",2,76,2,88,6931307,6931370,307.7,733.8,12,63,19,NA,2,NA,NA,NA,NA,NA,NA,NA,0,0,1,1,3908,NA,NA,45,NA,NA,0,NA,"C:/Data/corr_sacc/asc/JITT2.asc",0,0,3,49,365.1,1189.9,726.6,45,42,5,NA
"4692",2,76,2,88,6931432,6931565,1189.9,571,13,133,61,1,1,9,9,49,49,"with",4,NA,0,0,0,1,4033,0,9,65,1,NA,0,NA,"C:/Data/corr_sacc/asc/JITT2.asc",0,0,NA,53,307.7,1252.9,733.8,45,NA,49,NA
"4693",2,76,2,88,6931586,6931855,1252.9,554.5,14,269,20,1,1,10,10,53,53,"venetian",3,4,0,0,0,1,4187,0,10,65,1,NA,0,NA,"C:/Data/corr_sacc/asc/JITT2.asc",0,0,49,59,1189.9,1373,571,65,16,53,NA
"4694",2,76,2,88,6931880,6932100,1373,547.6,15,220,24,1,1,11,11,59,59,"blinds",0,6,0,0,0,1,4481,0,11,65,1,NA,0,NA,"C:/Data/corr_sacc/asc/JITT2.asc",0,0,53,5,1252.9,396.4,554.5,65,12,59,NA
"4695",2,76,2,88,6932190,6932284,396.4,787,16,94,89,1,2,13,13,70,5,"look",0,54,0,0,0,1,4791,0,2,45,1,NA,0,NA,"C:/Data/corr_sacc/asc/JITT2.asc",0,0,59,NA,1373,286.8,547.6,65,6,5,NA
"4696",2,76,2,88,6932306,6932468,286.8,760.4,17,162,21,NA,2,NA,NA,NA,NA,NA,NA,NA,0,0,1,1,4907,NA,NA,45,NA,NA,0,NA,"C:/Data/corr_sacc/asc/JITT2.asc",0,0,5,NA,396.4,245.8,787,45,40,4,NA
"4697",2,76,2,88,6932488,6932634,245.8,756.7,18,146,19,NA,2,NA,NA,NA,NA,NA,NA,NA,0,0,1,1,5089,NA,NA,45,NA,NA,0,NA,"C:/Data/corr_sacc/asc/JITT2.asc",0,0,NA,12,286.8,511.2,760.4,45,NA,1,NA
"4698",2,76,2,88,6932664,6932869,511.2,692.6,19,205,29,1,2,14,14,77,12,"very",2,NA,0,0,0,1,5265,0,3,45,1,NA,0,NA,"C:/Data/corr_sacc/asc/JITT2.asc",0,0,NA,11,245.8,501.1,756.7,45,NA,12,NA
"4699",2,76,2,88,6932885,6932991,501.1,690.6,20,106,15,1,2,14,14,76,11,"very",1,1,0,0,0,1,5486,0,3,45,1,NA,0,NA,"C:/Data/corr_sacc/asc/JITT2.asc",0,0,12,18,511.2,618,692.6,45,33,11,NA
"4700",2,76,2,88,6933016,6933342,618,692.3,21,326,24,1,2,15,15,83,18,"professional",3,7,0,0,0,1,5617,0,4,45,0,NA,0,NA,"C:/Data/corr_sacc/asc/JITT2.asc",0,0,11,19,501.1,652.4,690.6,45,34,18,NA
"4701",2,76,2,88,6933364,6933532,652.4,690.7,22,168,21,1,2,15,15,84,19,"professional",4,1,0,0,0,1,5965,0,4,45,0,NA,0,NA,"C:/Data/corr_sacc/asc/JITT2.asc",0,0,18,33,618,888.6,692.3,45,27,19,NA
"4702",2,76,2,88,6933567,6933726,888.6,756.6,23,159,34,1,2,17,17,98,33,"the",0,14,0,0,0,1,6168,0,6,45,0,NA,0,NA,"C:/Data/corr_sacc/asc/JITT2.asc",0,0,19,37,652.4,963.9,690.7,45,26,33,NA
"4703",2,76,2,88,6933750,6933866,963.9,754.8,24,116,23,1,2,18,18,102,37,"outside.",0,4,0,0,0,1,6351,0,7,45,0,NA,0,NA,"C:/Data/corr_sacc/asc/JITT2.asc",NA,0,33,NA,888.6,NA,756.6,45,12,37,NA
"4704",2,76,2,88,NA,NA,NA,NA,NA,NA,NA,1,1,1,NA,NA,NA,"The",NA,NA,NA,NA,NA,NA,NA,NA,1,NA,NA,NA,NA,NA,"C:/Data/corr_sacc/asc/JITT2.asc",NA,0,37,NA,963.9,NA,754.8,45,8,NA,NA
"4705",2,76,2,88,NA,NA,NA,NA,NA,NA,NA,1,1,3,NA,NA,NA,"built",NA,NA,NA,NA,NA,NA,NA,NA,3,NA,NA,NA,NA,NA,"C:/Data/corr_sacc/asc/JITT2.asc",NA,NA,NA,NA,NA,NA,NA,NA,NA,NA,NA
"4706",2,76,2,88,NA,NA,NA,NA,NA,NA,NA,1,1,8,NA,NA,NA,"windows",NA,NA,NA,NA,NA,NA,NA,NA,8,NA,NA,NA,NA,NA,"C:/Data/corr_sacc/asc/JITT2.asc",NA,NA,NA,NA,NA,NA,NA,NA,NA,NA,NA
"4707",2,76,2,88,NA,NA,NA,NA,NA,NA,NA,1,2,16,NA,NA,NA,"from",NA,NA,NA,NA,NA,NA,NA,NA,5,NA,NA,NA,NA,NA,"C:/Data/corr_sacc/asc/JITT2.asc",0,NA,NA,NA,NA,NA,NA,NA,NA,NA,NA
"4708",2,8,3,89,6936673,6936881,351.9,453,1,208,26,1,1,3,3,9,9,"house",1,NA,0,0,0,1,733,0,3,65,0,NA,0,NA,"C:/Data/corr_sacc/asc/JITT2.asc",0,0,NA,18,NA,521,NA,NA,NA,9,NA
"4709",2,8,3,89,6936908,6937123,521,476.6,2,215,26,1,1,4,4,18,18,"near",4,9,0,0,0,1,968,0,4,65,0,NA,0,NA,"C:/Data/corr_sacc/asc/JITT2.asc",0,0,9,25,351.9,639.8,453,65,56,18,NA
"4710",2,8,3,89,6937150,6937289,639.8,475.9,3,139,26,1,1,6,6,25,25,"top",2,7,0,0,0,1,1210,0,6,65,0,NA,0,NA,"C:/Data/corr_sacc/asc/JITT2.asc",0,0,18,34,521,801.8,476.6,65,47,25,NA
"4711",2,8,3,89,6937314,6937539,801.8,498.1,4,225,24,1,1,9,9,34,34,"hill",0,9,0,0,0,1,1374,0,9,65,0,NA,0,NA,"C:/Data/corr_sacc/asc/JITT2.asc",0,0,25,44,639.8,986,475.9,65,40,34,NA
"4712",2,8,3,89,6937576,6937808,986,504.9,5,232,36,1,1,11,11,44,44,"believed",1,10,0,0,0,1,1636,0,11,65,0,NA,0,NA,"C:/Data/corr_sacc/asc/JITT2.asc",0,0,34,57,801.8,1216.7,498.1,65,31,44,NA
"4713",2,8,3,89,6937843,6938024,1216.7,495.2,6,181,34,1,1,13,13,57,57,"be",2,13,0,0,0,1,1903,0,13,65,0,NA,0,NA,"C:/Data/corr_sacc/asc/JITT2.asc",0,0,44,54,986,1157.2,504.9,65,21,57,NA
"4714",2,8,3,89,6938046,6938142,1157.2,488.6,7,96,21,1,1,12,12,54,54,"to",2,3,0,0,0,1,2106,0,12,65,1,NA,0,NA,"C:/Data/corr_sacc/asc/JITT2.asc",1,0,57,12,1216.7,414.1,495.2,65,8,54,NA
"4715",2,8,3,89,6938204,6938292,414.1,675.1,8,88,61,1,2,17,17,77,12,"whole",2,42,0,0,0,1,2264,0,3,66,0,NA,1,"undersweep","C:/Data/corr_sacc/asc/JITT2.asc",0,0,54,6,1157.2,298.1,488.6,65,11,12,1
"4716",2,8,3,89,6938318,6938434,298.1,681.1,9,116,25,1,2,15,15,71,6,"because",6,6,0,0,0,1,2378,0,1,66,1,NA,0,NA,"C:/Data/corr_sacc/asc/JITT2.asc",0,1,12,16,414.1,473.8,675.1,66,54,6,NA
"4717",2,8,3,89,6938463,6938656,473.8,685.5,10,193,28,1,2,18,18,81,16,"family",0,10,0,0,0,1,2523,0,4,66,0,NA,0,NA,"C:/Data/corr_sacc/asc/JITT2.asc",0,0,6,35,298.1,818,681.1,66,60,16,NA
"4718",2,8,3,89,6938705,6938827,818,684.3,11,122,48,1,2,20,20,100,35,"under",3,19,0,0,0,1,2765,0,6,66,0,NA,0,NA,"C:/Data/corr_sacc/asc/JITT2.asc",0,0,16,30,473.8,735.1,685.5,66,50,35,NA
"4719",2,8,3,89,6938850,6939130,735.1,685.9,12,280,22,1,2,19,19,95,30,"vanished",7,5,0,0,0,1,2910,0,5,66,1,NA,0,NA,"C:/Data/corr_sacc/asc/JITT2.asc",0,0,35,40,818,905.4,684.3,66,31,30,NA
"4720",2,8,3,89,6939156,6939205,905.4,686.8,13,49,25,1,2,21,21,105,40,"strange",2,10,0,0,0,1,3216,0,7,66,0,NA,0,NA,"C:/Data/corr_sacc/asc/JITT2.asc",0,0,30,47,735.1,1036.7,685.9,66,36,40,NA
"4721",2,8,3,89,6939251,6939290,1036.7,1166.3,14,39,45,1,2,22,NA,112,47,"circumstances",1,7,0,1,0,1,3311,NA,8,66,0,NA,0,NA,"C:/Data/corr_sacc/asc/JITT2.asc",0,0,40,48,905.4,1063.1,686.8,66,26,47,NA
"4722",2,8,3,89,6939316,6939354,1063.1,1222.5,15,38,25,1,2,22,NA,113,48,"circumstances",2,1,0,1,0,1,3376,NA,8,66,0,NA,0,NA,"C:/Data/corr_sacc/asc/JITT2.asc",0,0,47,58,1036.7,1232.9,1166.3,66,19,48,NA
"4723",2,8,3,89,6940020,6940157,1232.9,712.7,16,137,665,1,2,22,22,123,58,"circumstances",12,10,1,0,0,1,4080,0,8,66,NA,NA,0,NA,"C:/Data/corr_sacc/asc/JITT2.asc",0,0,48,64,1063.1,1343.4,1222.5,66,18,58,NA
"4724",2,8,3,89,6940181,6940250,1343.4,703,17,69,23,1,2,23,23,129,64,"there.",4,6,0,0,0,1,4241,0,9,66,0,NA,0,NA,"C:/Data/corr_sacc/asc/JITT2.asc",NA,0,58,NA,1232.9,NA,712.7,66,8,64,NA
"4725",2,8,3,89,NA,NA,NA,NA,NA,NA,NA,1,1,1,NA,NA,NA,"The",NA,NA,NA,NA,NA,NA,NA,NA,1,NA,NA,NA,NA,NA,"C:/Data/corr_sacc/asc/JITT2.asc",NA,0,64,NA,1343.4,NA,703,66,2,NA,NA
"4726",2,8,3,89,NA,NA,NA,NA,NA,NA,NA,1,1,2,NA,NA,NA,"old",NA,NA,NA,NA,NA,NA,NA,NA,2,NA,NA,NA,NA,NA,"C:/Data/corr_sacc/asc/JITT2.asc",NA,NA,NA,NA,NA,NA,NA,NA,NA,NA,NA
"4727",2,8,3,89,NA,NA,NA,NA,NA,NA,NA,1,1,5,NA,NA,NA,"the",NA,NA,NA,NA,NA,NA,NA,NA,5,NA,NA,NA,NA,NA,"C:/Data/corr_sacc/asc/JITT2.asc",NA,NA,NA,NA,NA,NA,NA,NA,NA,NA,NA
"4728",2,8,3,89,NA,NA,NA,NA,NA,NA,NA,1,1,7,NA,NA,NA,"of",NA,NA,NA,NA,NA,NA,NA,NA,7,NA,NA,NA,NA,NA,"C:/Data/corr_sacc/asc/JITT2.asc",NA,NA,NA,NA,NA,NA,NA,NA,NA,NA,NA
"4729",2,8,3,89,NA,NA,NA,NA,NA,NA,NA,1,1,8,NA,NA,NA,"the",NA,NA,NA,NA,NA,NA,NA,NA,8,NA,NA,NA,NA,NA,"C:/Data/corr_sacc/asc/JITT2.asc",NA,NA,NA,NA,NA,NA,NA,NA,NA,NA,NA
"4730",2,8,3,89,NA,NA,NA,NA,NA,NA,NA,1,1,10,NA,NA,NA,"was",NA,NA,NA,NA,NA,NA,NA,NA,10,NA,NA,NA,NA,NA,"C:/Data/corr_sacc/asc/JITT2.asc",NA,NA,NA,NA,NA,NA,NA,NA,NA,NA,NA
"4731",2,8,3,89,NA,NA,NA,NA,NA,NA,NA,1,1,14,NA,NA,NA,"haunted",NA,NA,NA,NA,NA,NA,NA,NA,14,NA,NA,NA,NA,NA,"C:/Data/corr_sacc/asc/JITT2.asc",NA,NA,NA,NA,NA,NA,NA,NA,NA,NA,NA
"4732",2,8,3,89,NA,NA,NA,NA,NA,NA,NA,1,2,16,NA,NA,NA,"a",NA,NA,NA,NA,NA,NA,NA,NA,2,NA,NA,NA,NA,NA,"C:/Data/corr_sacc/asc/JITT2.asc",0,NA,NA,NA,NA,NA,NA,NA,NA,NA,NA
"4733",2,28,2,90,6960473,6960760,382,578.7,1,287,27,1,1,2,2,9,9,"sub-tropical",5,NA,0,0,0,1,2265,0,2,65,0,NA,0,NA,"C:/Data/corr_sacc/asc/JITT2.asc",0,0,NA,18,NA,548.1,NA,NA,NA,9,NA
"4734",2,28,2,90,6960788,6960915,548.1,539.5,2,127,27,1,1,3,3,18,18,"flowers",1,9,0,0,0,1,2580,0,3,65,0,NA,0,NA,"C:/Data/corr_sacc/asc/JITT2.asc",0,0,9,29,382,732.4,578.7,65,56,18,NA
"4735",2,28,2,90,6961042,6961149,732.4,567,3,107,126,1,1,5,5,29,29,"plants",0,11,1,0,0,1,2834,0,5,65,NA,NA,0,NA,"C:/Data/corr_sacc/asc/JITT2.asc",0,0,18,35,548.1,845.7,539.5,65,47,29,NA
"4736",2,28,2,90,6961174,6961375,845.7,570.1,4,201,24,1,1,5,5,35,35,"plants",6,6,0,0,0,1,2966,0,5,65,0,NA,0,NA,"C:/Data/corr_sacc/asc/JITT2.asc",0,0,29,42,732.4,976.9,567,65,36,35,NA
"4737",2,28,2,90,6961402,6961621,976.9,580.5,5,219,26,1,1,7,7,42,42,"our",3,7,0,0,0,1,3194,0,7,65,0,NA,0,NA,"C:/Data/corr_sacc/asc/JITT2.asc",0,0,35,56,845.7,1223.8,570.1,65,30,42,NA
"4738",2,28,2,90,6961658,6961772,1223.8,579.1,6,114,36,1,1,10,10,56,56,"taken",1,14,0,0,0,1,3450,0,10,65,0,NA,0,NA,"C:/Data/corr_sacc/asc/JITT2.asc",0,0,42,61,976.9,1312.2,580.5,65,23,56,NA
"4739",2,28,2,90,6961796,6961987,1312.2,571.9,7,191,23,1,1,11,11,61,61,"from",0,5,0,0,0,1,3588,0,11,65,0,NA,0,NA,"C:/Data/corr_sacc/asc/JITT2.asc",1,0,56,11,1223.8,423.1,579.1,65,9,61,NA
"4740",2,28,2,90,6962053,6962157,423.1,761.1,8,104,65,1,2,13,13,76,11,"but",1,50,0,0,0,1,3845,0,2,70,0,NA,1,"undersweep","C:/Data/corr_sacc/asc/JITT2.asc",0,0,61,5,1312.2,311.8,571.9,65,4,11,1
"4741",2,28,2,90,6962282,6962436,311.8,728.1,9,154,124,1,2,12,12,70,5,"overseas,",5,6,1,0,0,1,4074,0,1,70,NA,NA,0,NA,"C:/Data/corr_sacc/asc/JITT2.asc",0,1,11,11,423.1,412.3,761.1,70,59,5,NA
"4742",2,28,2,90,6962464,6962733,412.3,790.2,10,269,27,1,2,13,13,76,11,"but",1,6,0,0,0,1,4256,0,2,70,0,NA,0,NA,"C:/Data/corr_sacc/asc/JITT2.asc",0,0,5,24,311.8,649.9,728.1,70,65,11,NA
"4743",2,28,2,90,6962761,6962970,649.9,759.7,11,209,27,1,2,16,16,89,24,"not",2,13,0,0,0,1,4553,0,5,70,0,NA,0,NA,"C:/Data/corr_sacc/asc/JITT2.asc",0,0,11,34,412.3,834.1,790.2,70,59,24,NA
"4744",2,28,2,90,6962998,6963326,834.1,749.1,12,328,27,1,2,19,19,99,34,"fare",0,10,0,0,0,1,4790,0,8,70,0,NA,0,NA,"C:/Data/corr_sacc/asc/JITT2.asc",0,0,24,43,649.9,985.5,759.7,70,46,34,NA
"4745",2,28,2,90,6963353,6963516,985.5,745,13,163,26,1,2,21,21,108,43,"well",0,9,0,0,0,1,5145,0,10,70,0,NA,0,NA,"C:/Data/corr_sacc/asc/JITT2.asc",0,0,34,37,834.1,876.5,749.1,70,36,43,NA
"4746",2,28,2,90,6963540,6963646,876.5,732.3,14,106,23,1,2,19,19,102,37,"fare",3,6,0,0,0,1,5332,0,8,70,1,NA,0,NA,"C:/Data/corr_sacc/asc/JITT2.asc",0,0,43,50,985.5,1111.7,745,70,27,37,NA
"4747",2,28,2,90,6963682,6963906,1111.7,733.1,15,224,35,1,2,22,22,115,50,"in",2,13,0,0,0,1,5474,0,11,70,0,NA,0,NA,"C:/Data/corr_sacc/asc/JITT2.asc",0,0,37,58,876.5,1255.4,732.3,70,33,50,NA
"4748",2,28,2,90,6963931,6964265,1255.4,738.3,16,334,24,1,2,24,24,123,58,"colder",3,8,0,0,0,1,5723,0,13,70,0,NA,0,NA,"C:/Data/corr_sacc/asc/JITT2.asc",0,0,50,62,1111.7,1326,733.1,70,20,58,NA
"4749",2,28,2,90,6964284,6964367,1326,750.5,17,83,18,1,2,25,25,127,62,"climate.",0,4,0,0,0,1,6076,0,14,70,0,NA,0,NA,"C:/Data/corr_sacc/asc/JITT2.asc",0,0,58,47,1255.4,1058.4,738.3,70,12,62,NA
"4750",2,28,2,90,6964411,6964581,1058.4,715.9,18,170,43,1,2,21,21,112,47,"well",4,15,0,0,0,1,6203,0,10,70,1,NA,0,NA,"C:/Data/corr_sacc/asc/JITT2.asc",0,0,62,20,1326,578.8,750.5,70,8,47,NA
"4751",2,28,2,90,6964629,6964707,578.8,540.2,19,78,47,1,1,3,3,20,20,"flowers",3,27,0,0,0,1,6421,0,3,65,1,NA,0,NA,"C:/Data/corr_sacc/asc/JITT2.asc",0,0,47,11,1058.4,424.1,715.9,70,23,20,NA
"4752",2,28,2,90,6964735,6964776,424.1,486,20,41,27,1,1,2,2,11,11,"sub-tropical",7,9,0,0,0,1,6527,0,2,65,1,NA,0,NA,"C:/Data/corr_sacc/asc/JITT2.asc",NA,0,20,NA,578.8,NA,540.2,65,45,11,NA
"4753",2,28,2,90,NA,NA,NA,NA,NA,NA,NA,1,1,1,NA,NA,NA,"The",NA,NA,NA,NA,NA,NA,NA,NA,1,NA,NA,NA,NA,NA,"C:/Data/corr_sacc/asc/JITT2.asc",NA,0,11,NA,424.1,NA,486,65,54,NA,NA
"4754",2,28,2,90,NA,NA,NA,NA,NA,NA,NA,1,1,4,NA,NA,NA,"and",NA,NA,NA,NA,NA,NA,NA,NA,4,NA,NA,NA,NA,NA,"C:/Data/corr_sacc/asc/JITT2.asc",NA,NA,NA,NA,NA,NA,NA,NA,NA,NA,NA
"4755",2,28,2,90,NA,NA,NA,NA,NA,NA,NA,1,1,6,NA,NA,NA,"in",NA,NA,NA,NA,NA,NA,NA,NA,6,NA,NA,NA,NA,NA,"C:/Data/corr_sacc/asc/JITT2.asc",NA,NA,NA,NA,NA,NA,NA,NA,NA,NA,NA
"4756",2,28,2,90,NA,NA,NA,NA,NA,NA,NA,1,1,8,NA,NA,NA,"garden",NA,NA,NA,NA,NA,NA,NA,NA,8,NA,NA,NA,NA,NA,"C:/Data/corr_sacc/asc/JITT2.asc",NA,NA,NA,NA,NA,NA,NA,NA,NA,NA,NA
"4757",2,28,2,90,NA,NA,NA,NA,NA,NA,NA,1,1,9,NA,NA,NA,"were",NA,NA,NA,NA,NA,NA,NA,NA,9,NA,NA,NA,NA,NA,"C:/Data/corr_sacc/asc/JITT2.asc",NA,NA,NA,NA,NA,NA,NA,NA,NA,NA,NA
"4758",2,28,2,90,NA,NA,NA,NA,NA,NA,NA,1,2,14,NA,NA,NA,"they",NA,NA,NA,NA,NA,NA,NA,NA,3,NA,NA,NA,NA,NA,"C:/Data/corr_sacc/asc/JITT2.asc",NA,NA,NA,NA,NA,NA,NA,NA,NA,NA,NA
"4759",2,28,2,90,NA,NA,NA,NA,NA,NA,NA,1,2,15,NA,NA,NA,"do",NA,NA,NA,NA,NA,NA,NA,NA,4,NA,NA,NA,NA,NA,"C:/Data/corr_sacc/asc/JITT2.asc",NA,NA,NA,NA,NA,NA,NA,NA,NA,NA,NA
"4760",2,28,2,90,NA,NA,NA,NA,NA,NA,NA,1,2,17,NA,NA,NA,"seem",NA,NA,NA,NA,NA,NA,NA,NA,6,NA,NA,NA,NA,NA,"C:/Data/corr_sacc/asc/JITT2.asc",NA,NA,NA,NA,NA,NA,NA,NA,NA,NA,NA
"4761",2,28,2,90,NA,NA,NA,NA,NA,NA,NA,1,2,18,NA,NA,NA,"to",NA,NA,NA,NA,NA,NA,NA,NA,7,NA,NA,NA,NA,NA,"C:/Data/corr_sacc/asc/JITT2.asc",NA,NA,NA,NA,NA,NA,NA,NA,NA,NA,NA
"4762",2,28,2,90,NA,NA,NA,NA,NA,NA,NA,1,2,20,NA,NA,NA,"too",NA,NA,NA,NA,NA,NA,NA,NA,9,NA,NA,NA,NA,NA,"C:/Data/corr_sacc/asc/JITT2.asc",NA,NA,NA,NA,NA,NA,NA,NA,NA,NA,NA
"4763",2,28,2,90,NA,NA,NA,NA,NA,NA,NA,1,2,23,NA,NA,NA,"the",NA,NA,NA,NA,NA,NA,NA,NA,12,NA,NA,NA,NA,NA,"C:/Data/corr_sacc/asc/JITT2.asc",0,NA,NA,NA,NA,NA,NA,NA,NA,NA,NA
